# Exported by SketchfabDownloader
o model_0
v 0.015467320568859577 -0.0012713251635432243 0.017237992957234383
v 0.016946638002991676 0.007250933442264795 0.028434092178940773
v 0.01333710364997387 0.004835175350308418 0.03681159391999245
v 0.01386965811252594 0.010807466693222523 0.04749877750873566
v 0.01067433226853609 0.002083894796669483 0.032113928347826004
v 0.01333710364997387 0.004835175350308418 0.03681159391999245
v 0.007301488425582647 0.003627296071499586 0.03544143959879875
v 0.01386965811252594 0.010807466693222523 0.04749877750873566
v 0.007301488425582647 0.003627296071499586 0.03544143959879875
v 0.01386965811252594 0.010807466693222523 0.04749877750873566
v 0.0052896165288984776 0.008123290725052357 0.03321005031466484
v 0.011384404264390469 0.012485076673328876 0.03747709468007088
v 0.01386965811252594 0.010807466693222523 0.04749877750873566
v 0.0052896165288984776 0.008123290725052357 0.03321005031466484
v 0.011384404264390469 0.012485076673328876 0.03747709468007088
v 0.007123970426619053 0.012619285844266415 0.0292561836540699
v 0.0052896165288984776 0.008123290725052357 0.03321005031466484
v 0.00014159170677885413 0.008190395310521126 0.023384103551506996
v 0.0052896165288984776 0.008123290725052357 0.03321005031466484
v 0.002390154404565692 0.0032917740754783154 0.023266661912202835
v 0.007301488425582647 0.003627296071499586 0.03544143959879875
v 0.0147572485730052 0.012149554677307606 0.029569361358880997
v 0.01386965811252594 0.010807466693222523 0.04749877750873566
v 0.011384404264390469 0.012485076673328876 0.03747709468007088
v 0.01386965811252594 0.010807466693222523 0.04749877750873566
v 0.016946638002991676 0.007250933442264795 0.028434092178940773
v 0.0147572485730052 0.012149554677307606 0.029569361358880997
v 0.016946638002991676 0.007250933442264795 0.028434092178940773
v 0.0171833299100399 0.004566757474094629 0.01042637974023819
v 0.015467320568859577 -0.0012713251635432243 0.017237992957234383
v 0.0171833299100399 0.004566757474094629 0.01042637974023819
v 0.0147572485730052 0.012149554677307606 0.029569361358880997
v 0.016946638002991676 0.007250933442264795 0.028434092178940773
v 0.0171833299100399 0.004566757474094629 0.01042637974023819
v 0.011739441193640232 0.010471944697201252 -0.0017092520138248801
v 0.015171457082033157 0.004768070764839649 -0.006720093544572592
v 0.01067433226853609 0.012082450091838837 0.01226629875600338
v 0.0147572485730052 0.012149554677307606 0.029569361358880997
v 0.0171833299100399 0.004566757474094629 0.01042637974023819
v 0.011384404264390469 0.012485076673328876 0.03747709468007088
v 0.007123970426619053 0.012619285844266415 0.0292561836540699
v 0.0147572485730052 0.012149554677307606 0.029569361358880997
v 0.01067433226853609 0.012082450091838837 0.01226629875600338
v 0.011739441193640232 0.010471944697201252 -0.0017092520138248801
v 0.0171833299100399 0.004566757474094629 0.01042637974023819
v 0.01067433226853609 0.012082450091838837 0.01226629875600338
v 0.007301488425582647 0.003627296071499586 0.03544143959879875
v 0.002390154404565692 0.0032917740754783154 0.023266661912202835
v 0.0038102990947663784 0.0010102244559675455 0.023501545190811157
v 0.0038102990947663784 0.0010102244559675455 0.023501545190811157
v 0.007301488425582647 0.003627296071499586 0.03544143959879875
v 0.01067433226853609 0.002083894796669483 0.032113928347826004
v 0.015467320568859577 -0.0012713251635432243 0.017237992957234383
v 0.012331168167293072 -0.007512034382671118 -0.003705759299919009
v 0.0171833299100399 0.004566757474094629 0.01042637974023819
v 0.01239034067839384 -0.007310721091926098 -0.0037449065130203962
v 0.015171457082033157 0.004768070764839649 -0.006720093544572592
v 0.0171833299100399 0.004566757474094629 0.01042637974023819
v 0.01239034067839384 -0.007310721091926098 -0.0037449065130203962
v 0.006591415964066982 0.013021912425756454 -0.006563504692167044
v 0.015171457082033157 0.004768070764839649 -0.006720093544572592
v 0.011739441193640232 0.010471944697201252 -0.0017092520138248801
v -0.005361469462513924 -0.0005331768188625574 0.008429872803390026
v 0.0038102990947663784 0.0010102244559675455 0.023501545190811157
v 0.002390154404565692 0.0032917740754783154 0.023266661912202835
v 0.0008516641100868583 0.011948241852223873 0.008703903295099735
v -0.002639525104314089 0.011411406099796295 -0.004332114476710558
v 0.007952388375997543 0.013357434421777725 0.001265935250557959
v 0.006591415964066982 0.013021912425756454 -0.006563504692167044
v 0.0008516641100868583 0.011948241852223873 0.008703903295099735
v 0.007952388375997543 0.013357434421777725 0.001265935250557959
v 0.01067433226853609 0.012082450091838837 0.01226629875600338
v 0.007952388375997543 0.013357434421777725 0.001265935250557959
v 0.01067433226853609 0.012082450091838837 0.01226629875600338
v 0.011739441193640232 0.010471944697201252 -0.0017092520138248801
v 0.007952388375997543 0.013357434421777725 0.001265935250557959
v 0.006591415964066982 0.013021912425756454 -0.006563504692167044
v 0.011739441193640232 0.010471944697201252 -0.0017092520138248801
v 0.0008516641100868583 0.011948241852223873 0.008703903295099735
v 0.007123970426619053 0.012619285844266415 0.0292561836540699
v 0.01067433226853609 0.012082450091838837 0.01226629875600338
v -0.008024240843951702 -0.003150248434394598 -0.00037824720493517816
v -0.008260931819677353 0.006110158748924732 -0.0021398712415248156
v -0.005361469462513924 -0.0005331768188625574 0.008429872803390026
v 0.00014159170677885413 0.008190395310521126 0.023384103551506996
v 0.0052896165288984776 0.008123290725052357 0.03321005031466484
v 0.002390154404565692 0.0032917740754783154 0.023266661912202835
v 0.00014159170677885413 0.008190395310521126 0.023384103551506996
v -0.005361469462513924 -0.0005331768188625574 0.008429872803390026
v 0.007123970426619053 0.012619285844266415 0.0292561836540699
v 0.00014159170677885413 0.008190395310521126 0.023384103551506996
v 0.0008516641100868583 0.011948241852223873 0.008703903295099735
v -0.008260931819677353 0.006110158748924732 -0.0021398712415248156
v -0.002639525104314089 0.011411406099796295 -0.004332114476710558
v 0.00955005083233118 -0.005029171705245972 0.013323272578418255
v 0.015467320568859577 -0.0012713251635432243 0.017237992957234383
v 0.01067433226853609 0.002083894796669483 0.032113928347826004
v 0.01333710364997387 0.004835175350308418 0.03681159391999245
v 0.01215364970266819 -0.007579138968139887 -0.003666612086817622
v 0.00955005083233118 -0.005029171705245972 0.013323272578418255
v 0.00014159170677885413 -0.011471194215118885 -0.00041739438893273473
v 0.00955005083233118 -0.005029171705245972 0.013323272578418255
v 0.0038102990947663784 0.0010102244559675455 0.023501545190811157
v 0.01067433226853609 0.002083894796669483 0.032113928347826004
v 0.00955005083233118 -0.005029171705245972 0.013323272578418255
v 0.01215364970266819 -0.007579138968139887 -0.003666612086817622
v 0.015467320568859577 -0.0012713251635432243 0.017237992957234383
v 0.012331168167293072 -0.007512034382671118 -0.003705759299919009
v 0.0038102990947663784 0.0010102244559675455 0.023501545190811157
v -0.005361469462513924 -0.0005331768188625574 0.008429872803390026
v 0.0015617364551872015 -0.005901528988033533 0.011131029576063156
v 0.00014159170677885413 -0.011471194215118885 -0.00041739438893273473
v -0.008024240843951702 -0.003150248434394598 -0.00037824720493517816
v 0.0038102990947663784 0.0010102244559675455 0.023501545190811157
v 0.0015617364551872015 -0.005901528988033533 0.011131029576063156
v 0.00955005083233118 -0.005029171705245972 0.013323272578418255
v 0.00014159170677885413 -0.011471194215118885 -0.00041739438893273473
v -0.018556982278823853 -0.023885507136583328 0.017237992957234383
v -0.02394169755280018 -0.02475786581635475 0.025928670540452003
v -0.022935761138796806 -0.0236170906573534 0.02029147371649742
v -0.017787735909223557 -0.01596718840301037 0.008938786573708057
v -0.00926686730235815 -0.010598836466670036 -0.0011611911468207836
v -0.011160394176840782 -0.007847556844353676 -0.0007697191904298961
v -0.023054106160998344 -0.021067123860120773 0.017042256891727448
v -0.022935761138796806 -0.0236170906573534 0.02029147371649742
v -0.02394169755280018 -0.02475786581635475 0.025928670540452003
v -0.022935761138796806 -0.0236170906573534 0.02029147371649742
v -0.018556982278823853 -0.023885507136583328 0.017237992957234383
v -0.023054106160998344 -0.021067123860120773 0.017042256891727448
v -0.018320290371775627 -0.021201331168413162 0.013675597496330738
v -0.021456444635987282 -0.019993452355265617 0.024284489452838898
v -0.021988997235894203 -0.017577694728970528 0.018020937219262123
v -0.019977126270532608 -0.015631666406989098 0.016924815252423286
v -0.021988997235894203 -0.017577694728970528 0.018020937219262123
v -0.02394169755280018 -0.02475786581635475 0.025928670540452003
v -0.021456444635987282 -0.019993452355265617 0.024284489452838898
v -0.02394169755280018 -0.02475786581635475 0.025928670540452003
v -0.023054106160998344 -0.021067123860120773 0.017042256891727448
v -0.021988997235894203 -0.017577694728970528 0.018020937219262123
v -0.018320290371775627 -0.021201331168413162 0.013675597496330738
v -0.023054106160998344 -0.021067123860120773 0.017042256891727448
v -0.017787735909223557 -0.01596718840301037 0.008938786573708057
v -0.023054106160998344 -0.021067123860120773 0.017042256891727448
v -0.017787735909223557 -0.01596718840301037 0.008938786573708057
v -0.01755104586482048 -0.013283012434840202 0.010113202035427094
v -0.011160394176840782 -0.007847556844353676 -0.0007697191904298961
v -0.017787735909223557 -0.01596718840301037 0.008938786573708057
v -0.01755104586482048 -0.013283012434840202 0.010113202035427094
v -0.01755104586482048 -0.013283012434840202 0.010113202035427094
v -0.021988997235894203 -0.017577694728970528 0.018020937219262123
v -0.023054106160998344 -0.021067123860120773 0.017042256891727448
v -0.021988997235894203 -0.017577694728970528 0.018020937219262123
v -0.019977126270532608 -0.015631666406989098 0.016924815252423286
v -0.01755104586482048 -0.013283012434840202 0.010113202035427094
v -0.02394169755280018 -0.02475786581635475 0.025928670540452003
v -0.020036298781633377 -0.0236170906573534 0.024284489452838898
v -0.018556982278823853 -0.023885507136583328 0.017237992957234383
v -0.01749187335371971 -0.023214463144540787 0.02123100683093071
v -0.018852844834327698 -0.021201331168413162 0.02361898683011532
v -0.021456444635987282 -0.019993452355265617 0.024284489452838898
v -0.018497807905077934 -0.01744348555803299 0.021544184535741806
v -0.02394169755280018 -0.02475786581635475 0.025928670540452003
v -0.020036298781633377 -0.0236170906573534 0.024284489452838898
v -0.021456444635987282 -0.019993452355265617 0.024284489452838898
v -0.018852844834327698 -0.021201331168413162 0.02361898683011532
v -0.015184137970209122 -0.012880386784672737 0.014654277823865414
v -0.019977126270532608 -0.015631666406989098 0.016924815252423286
v -0.018497807905077934 -0.01744348555803299 0.021544184535741806
v -0.021456444635987282 -0.019993452355265617 0.024284489452838898
v -0.019977126270532608 -0.015631666406989098 0.016924815252423286
v -0.015184137970209122 -0.012880386784672737 0.014654277823865414
v -0.007905895821750164 -0.005633111111819744 0.002910117618739605
v -0.019977126270532608 -0.015631666406989098 0.016924815252423286
v -0.01755104586482048 -0.013283012434840202 0.010113202035427094
v -0.007905895821750164 -0.005633111111819744 0.002910117618739605
v -0.011160394176840782 -0.007847556844353676 -0.0007697191904298961
v -0.007018304895609617 -0.012410655617713928 -0.0007305719773285091
v -0.018320290371775627 -0.021201331168413162 0.013675597496330738
v -0.012935575097799301 -0.018450051546096802 0.008860492147505283
v -0.018556982278823853 -0.023885507136583328 0.017237992957234383
v -0.018320290371775627 -0.021201331168413162 0.013675597496330738
v -0.007018304895609617 -0.012410655617713928 -0.0007305719773285091
v -0.017787735909223557 -0.01596718840301037 0.008938786573708057
v -0.00926686730235815 -0.010598836466670036 -0.0011611911468207836
v -0.012817229144275188 -0.020328974351286888 0.014262805692851543
v -0.018556982278823853 -0.023885507136583328 0.017237992957234383
v -0.01749187335371971 -0.023214463144540787 0.02123100683093071
v -0.012817229144275188 -0.020328974351286888 0.014262805692851543
v -0.018556982278823853 -0.023885507136583328 0.017237992957234383
v -0.012935575097799301 -0.018450051546096802 0.008860492147505283
v -0.012817229144275188 -0.020328974351286888 0.014262805692851543
v -0.007018304895609617 -0.012410655617713928 -0.0007305719773285091
v -0.012935575097799301 -0.018450051546096802 0.008860492147505283
v -0.003586288308724761 -0.010733045637607574 0.0026360871270298958
v -0.005420641973614693 -0.0077804517932236195 0.0033015895169228315
v -0.009326040744781494 -0.014960622414946556 0.011170176789164543
v -0.01269888412207365 -0.016101397573947906 0.01622016541659832
v -0.018497807905077934 -0.01744348555803299 0.021544184535741806
v -0.01269888412207365 -0.016101397573947906 0.01622016541659832
v -0.015184137970209122 -0.012880386784672737 0.014654277823865414
v -0.005420641973614693 -0.0077804517932236195 0.0033015895169228315
v -0.007905895821750164 -0.005633111111819744 0.002910117618739605
v -0.018852844834327698 -0.021201331168413162 0.02361898683011532
v -0.01269888412207365 -0.016101397573947906 0.01622016541659832
v -0.01388233806937933 -0.018986886367201805 0.017316287383437157
v -0.020036298781633377 -0.0236170906573534 0.024284489452838898
v -0.01749187335371971 -0.023214463144540787 0.02123100683093071
v -0.018852844834327698 -0.021201331168413162 0.02361898683011532
v -0.01388233806937933 -0.018986886367201805 0.017316287383437157
v -0.01388233806937933 -0.018986886367201805 0.017316287383437157
v -0.01749187335371971 -0.023214463144540787 0.02123100683093071
v -0.012817229144275188 -0.020328974351286888 0.014262805692851543
v -0.012817229144275188 -0.020328974351286888 0.014262805692851543
v -0.009326040744781494 -0.014960622414946556 0.011170176789164543
v -0.003586288308724761 -0.010733045637607574 0.0026360871270298958
v -0.007018304895609617 -0.012410655617713928 -0.0007305719773285091
v -0.003586288308724761 -0.010733045637607574 0.0026360871270298958
v -0.012817229144275188 -0.020328974351286888 0.014262805692851543
v -0.01388233806937933 -0.018986886367201805 0.017316287383437157
v -0.01269888412207365 -0.016101397573947906 0.01622016541659832
v -0.012817229144275188 -0.020328974351286888 0.014262805692851543
v -0.009326040744781494 -0.014960622414946556 0.011170176789164543
v -0.01269888412207365 -0.016101397573947906 0.01622016541659832
v -0.018852844834327698 -0.021201331168413162 0.02361898683011532
v -0.018497807905077934 -0.01744348555803299 0.021544184535741806
v -0.019444571807980537 -0.037709012627601624 0.021974803879857063
v -0.023409143090248108 -0.05267329514026642 0.03309261053800583
v -0.022876588627696037 -0.056833770126104355 0.04338832199573517
v -0.026071913540363312 -0.06951650232076645 0.05446698144078255
v -0.019622089341282845 -0.050995685160160065 0.03849492222070694
v -0.022876588627696037 -0.056833770126104355 0.04338832199573517
v -0.017906080931425095 -0.05428380146622658 0.041979022324085236
v -0.026071913540363312 -0.06951650232076645 0.05446698144078255
v -0.017906080931425095 -0.05428380146622658 0.041979022324085236
v -0.026071913540363312 -0.06951650232076645 0.05446698144078255
v -0.015657519921660423 -0.05576009675860405 0.038299188017845154
v -0.021456444635987282 -0.06287316232919693 0.042370494455099106
v -0.026071913540363312 -0.06951650232076645 0.05446698144078255
v -0.015657519921660423 -0.05576009675860405 0.038299188017845154
v -0.021456444635987282 -0.06287316232919693 0.042370494455099106
v -0.01595338247716427 -0.0562969334423542 0.03270113840699196
v -0.015657519921660423 -0.05576009675860405 0.038299188017845154
v -0.009030177257955074 -0.04784177988767624 0.026789909228682518
v -0.015657519921660423 -0.05576009675860405 0.038299188017845154
v -0.010864530690014362 -0.04428524523973465 0.02780773676931858
v -0.017906080931425095 -0.05428380146622658 0.041979022324085236
v -0.021929824724793434 -0.056967977434396744 0.033288344740867615
v -0.026071913540363312 -0.06951650232076645 0.05446698144078255
v -0.021456444635987282 -0.06287316232919693 0.042370494455099106
v -0.026071913540363312 -0.06951650232076645 0.05446698144078255
v -0.023409143090248108 -0.05267329514026642 0.03309261053800583
v -0.021929824724793434 -0.056967977434396744 0.033288344740867615
v -0.023409143090248108 -0.05267329514026642 0.03309261053800583
v -0.018852844834327698 -0.03703796863555908 0.01273606438189745
v -0.019444571807980537 -0.037709012627601624 0.021974803879857063
v -0.018852844834327698 -0.03703796863555908 0.01273606438189745
v -0.021929824724793434 -0.056967977434396744 0.033288344740867615
v -0.023409143090248108 -0.05267329514026642 0.03309261053800583
v -0.018852844834327698 -0.03703796863555908 0.01273606438189745
v -0.01133791171014309 -0.03166961669921875 -0.0028445208445191383
v -0.01269888412207365 -0.023952612653374672 -0.007307301741093397
v -0.01417820155620575 -0.043412886559963226 0.013088389299809933
v -0.021929824724793434 -0.056967977434396744 0.033288344740867615
v -0.018852844834327698 -0.03703796863555908 0.01273606438189745
v -0.021456444635987282 -0.06287316232919693 0.042370494455099106
v -0.01595338247716427 -0.0562969334423542 0.03270113840699196
v -0.021929824724793434 -0.056967977434396744 0.033288344740867615
v -0.01417820155620575 -0.043412886559963226 0.013088389299809933
v -0.01133791171014309 -0.03166961669921875 -0.0028445208445191383
v -0.018852844834327698 -0.03703796863555908 0.01273606438189745
v -0.01417820155620575 -0.043412886559963226 0.013088389299809933
v -0.017906080931425095 -0.05428380146622658 0.041979022324085236
v -0.010864530690014362 -0.04428524523973465 0.02780773676931858
v -0.012047984637320042 -0.04287605360150337 0.02859068103134632
v -0.012047984637320042 -0.04287605360150337 0.02859068103134632
v -0.017906080931425095 -0.05428380146622658 0.041979022324085236
v -0.019622089341282845 -0.050995685160160065 0.03849492222070694
v -0.019444571807980537 -0.037709012627601624 0.021974803879857063
v -0.01157460268586874 -0.016772441565990448 -0.0010437496239319444
v -0.018852844834327698 -0.03703796863555908 0.01273606438189745
v -0.01157460268586874 -0.016906650736927986 -0.0011611911468207836
v -0.01269888412207365 -0.023952612653374672 -0.007307301741093397
v -0.018852844834327698 -0.03703796863555908 0.01273606438189745
v -0.01157460268586874 -0.016906650736927986 -0.0011611911468207836
v -0.005953196436166763 -0.029320964589715004 -0.0091472202911973
v -0.01269888412207365 -0.023952612653374672 -0.007307301741093397
v -0.01133791171014309 -0.03166961669921875 -0.0028445208445191383
v -0.0009826895548030734 -0.0293880682438612 0.011287618428468704
v -0.012047984637320042 -0.04287605360150337 0.02859068103134632
v -0.010864530690014362 -0.04428524523973465 0.02780773676931858
v -0.005598159972578287 -0.039520833641290665 0.008860492147505283
v 0.0005558006232604384 -0.028851233422756195 -0.0062894742004573345
v -0.009089349769055843 -0.035695880651474 -0.00006506960198748857
v -0.005953196436166763 -0.029320964589715004 -0.0091472202911973
v -0.005598159972578287 -0.039520833641290665 0.008860492147505283
v -0.009089349769055843 -0.035695880651474 -0.00006506960198748857
v -0.01417820155620575 -0.043412886559963226 0.013088389299809933
v -0.009089349769055843 -0.035695880651474 -0.00006506960198748857
v -0.01417820155620575 -0.043412886559963226 0.013088389299809933
v -0.01133791171014309 -0.03166961669921875 -0.0028445208445191383
v -0.009089349769055843 -0.035695880651474 -0.00006506960198748857
v -0.005953196436166763 -0.029320964589715004 -0.0091472202911973
v -0.01133791171014309 -0.03166961669921875 -0.0028445208445191383
v -0.005598159972578287 -0.039520833641290665 0.008860492147505283
v -0.01595338247716427 -0.0562969334423542 0.03270113840699196
v -0.01417820155620575 -0.043412886559963226 0.013088389299809933
v 0.003396090120077133 -0.020463183522224426 0.0015791128389537334
v 0.004224508069455624 -0.025965744629502296 -0.002570490352809429
v -0.0009826895548030734 -0.0293880682438612 0.011287618428468704
v -0.009030177257955074 -0.04784177988767624 0.026789909228682518
v -0.015657519921660423 -0.05576009675860405 0.038299188017845154
v -0.010864530690014362 -0.04428524523973465 0.02780773676931858
v -0.009030177257955074 -0.04784177988767624 0.026789909228682518
v -0.0009826895548030734 -0.0293880682438612 0.011287618428468704
v -0.01595338247716427 -0.0562969334423542 0.03270113840699196
v -0.009030177257955074 -0.04784177988767624 0.026789909228682518
v -0.005598159972578287 -0.039520833641290665 0.008860492147505283
v 0.004224508069455624 -0.025965744629502296 -0.002570490352809429
v 0.0005558006232604384 -0.028851233422756195 -0.0062894742004573345
v -0.013941510580480099 -0.03133409470319748 0.018216673284769058
v -0.019444571807980537 -0.037709012627601624 0.021974803879857063
v -0.019622089341282845 -0.050995685160160065 0.03849492222070694
v -0.022876588627696037 -0.056833770126104355 0.04338832199573517
v -0.011456257663667202 -0.016772441565990448 -0.0009654551977291703
v -0.013941510580480099 -0.03133409470319748 0.018216673284769058
v -0.003053734079003334 -0.015027727000415325 0.0035364727955311537
v -0.013941510580480099 -0.03133409470319748 0.018216673284769058
v -0.012047984637320042 -0.04287605360150337 0.02859068103134632
v -0.019622089341282845 -0.050995685160160065 0.03849492222070694
v -0.013941510580480099 -0.03133409470319748 0.018216673284769058
v -0.011456257663667202 -0.016772441565990448 -0.0009654551977291703
v -0.019444571807980537 -0.037709012627601624 0.021974803879857063
v -0.01157460268586874 -0.016772441565990448 -0.0010437496239319444
v -0.012047984637320042 -0.04287605360150337 0.02859068103134632
v -0.0009826895548030734 -0.0293880682438612 0.011287618428468704
v -0.007136650383472443 -0.02811308577656746 0.015750398859381676
v -0.003053734079003334 -0.015027727000415325 0.0035364727955311537
v 0.003396090120077133 -0.020463183522224426 0.0015791128389537334
v -0.012047984637320042 -0.04287605360150337 0.02859068103134632
v -0.007136650383472443 -0.02811308577656746 0.015750398859381676
v -0.013941510580480099 -0.03133409470319748 0.018216673284769058
v -0.003053734079003334 -0.015027727000415325 0.0035364727955311537
v -0.029681449756026268 -0.020731601864099503 0.014771719463169575
v -0.03938577324151993 -0.024824969470500946 0.02111356519162655
v -0.04258109629154205 -0.0293880682438612 0.025341462343931198
v -0.050924450159072876 -0.03361564502120018 0.0313701331615448
v -0.03855735436081886 -0.028180189430713654 0.021974803879857063
v -0.04258109629154205 -0.0293880682438612 0.025341462343931198
v -0.04056922718882561 -0.03039463423192501 0.02279689535498619
v -0.050924450159072876 -0.03361564502120018 0.0313701331615448
v -0.04056922718882561 -0.03039463423192501 0.02279689535498619
v -0.050924450159072876 -0.03361564502120018 0.0313701331615448
v -0.04092426225543022 -0.029790695756673813 0.020369768142700195
v -0.04577642306685448 -0.02992490492761135 0.02440193109214306
v -0.050924450159072876 -0.03361564502120018 0.0313701331615448
v -0.04092426225543022 -0.029790695756673813 0.020369768142700195
v -0.04577642306685448 -0.02992490492761135 0.02440193109214306
v -0.040746744722127914 -0.027442041784524918 0.018099231645464897
v -0.04092426225543022 -0.029790695756673813 0.020369768142700195
v -0.03488864749670029 -0.02683810144662857 0.01285350602120161
v -0.04092426225543022 -0.029790695756673813 0.020369768142700195
v -0.03317263722419739 -0.026435475796461105 0.013988775201141834
v -0.04056922718882561 -0.03039463423192501 0.02279689535498619
v -0.04169350862503052 -0.02569732628762722 0.020643798634409904
v -0.050924450159072876 -0.03361564502120018 0.0313701331615448
v -0.04577642306685448 -0.02992490492761135 0.02440193109214306
v -0.050924450159072876 -0.03361564502120018 0.0313701331615448
v -0.03938577324151993 -0.024824969470500946 0.02111356519162655
v -0.04169350862503052 -0.02569732628762722 0.020643798634409904
v -0.03938577324151993 -0.024824969470500946 0.02111356519162655
v -0.02849799580872059 -0.01710796356201172 0.01054382137954235
v -0.029681449756026268 -0.020731601864099503 0.014771719463169575
v -0.02849799580872059 -0.01710796356201172 0.01054382137954235
v -0.04169350862503052 -0.02569732628762722 0.020643798634409904
v -0.03938577324151993 -0.024824969470500946 0.02111356519162655
v -0.02849799580872059 -0.01710796356201172 0.01054382137954235
v -0.023527488112449646 -0.01308169960975647 0.0009527576039545238
v -0.018912017345428467 -0.010330419056117535 -0.00045654160203412175
v -0.03169332072138786 -0.019322408363223076 0.008938786573708057
v -0.04169350862503052 -0.02569732628762722 0.020643798634409904
v -0.02849799580872059 -0.01710796356201172 0.01054382137954235
v -0.04577642306685448 -0.02992490492761135 0.02440193109214306
v -0.040746744722127914 -0.027442041784524918 0.018099231645464897
v -0.04169350862503052 -0.02569732628762722 0.020643798634409904
v -0.03169332072138786 -0.019322408363223076 0.008938786573708057
v -0.023527488112449646 -0.01308169960975647 0.0009527576039545238
v -0.02849799580872059 -0.01710796356201172 0.01054382137954235
v -0.03169332072138786 -0.019322408363223076 0.008938786573708057
v -0.04056922718882561 -0.03039463423192501 0.02279689535498619
v -0.03317263722419739 -0.026435475796461105 0.013988775201141834
v -0.03252173960208893 -0.026234161108732224 0.014771719463169575
v -0.03252173960208893 -0.026234161108732224 0.014771719463169575
v -0.04056922718882561 -0.03039463423192501 0.02279689535498619
v -0.03855735436081886 -0.028180189430713654 0.021974803879857063
v -0.029681449756026268 -0.020731601864099503 0.014771719463169575
v -0.01530248299241066 -0.012746177613735199 0.0017357015749439597
v -0.02849799580872059 -0.01710796356201172 0.01054382137954235
v -0.015361655503511429 -0.01267907302826643 0.0016965543618425727
v -0.018912017345428467 -0.010330419056117535 -0.00045654160203412175
v -0.02849799580872059 -0.01710796356201172 0.01054382137954235
v -0.015361655503511429 -0.01267907302826643 0.0016965543618425727
v -0.021219752728939056 -0.012209342792630196 -0.0038232007063925266
v -0.018912017345428467 -0.010330419056117535 -0.00045654160203412175
v -0.023527488112449646 -0.01308169960975647 0.0009527576039545238
v -0.022521551698446274 -0.02214079350233078 0.003027559258043766
v -0.03252173960208893 -0.026234161108732224 0.014771719463169575
v -0.03317263722419739 -0.026435475796461105 0.013988775201141834
v -0.02843882329761982 -0.020261870697140694 0.003810503287240863
v -0.020628025755286217 -0.015564562752842903 -0.005115058273077011
v -0.025835223495960236 -0.015229040756821632 0.0013050823472440243
v -0.021219752728939056 -0.012209342792630196 -0.0038232007063925266
v -0.02843882329761982 -0.020261870697140694 0.003810503287240863
v -0.025835223495960236 -0.015229040756821632 0.0013050823472440243
v -0.03169332072138786 -0.019322408363223076 0.008938786573708057
v -0.025835223495960236 -0.015229040756821632 0.0013050823472440243
v -0.03169332072138786 -0.019322408363223076 0.008938786573708057
v -0.023527488112449646 -0.01308169960975647 0.0009527576039545238
v -0.025835223495960236 -0.015229040756821632 0.0013050823472440243
v -0.021219752728939056 -0.012209342792630196 -0.0038232007063925266
v -0.023527488112449646 -0.01308169960975647 0.0009527576039545238
v -0.02843882329761982 -0.020261870697140694 0.003810503287240863
v -0.040746744722127914 -0.027442041784524918 0.018099231645464897
v -0.03169332072138786 -0.019322408363223076 0.008938786573708057
v -0.016308419406414032 -0.019188199192285538 -0.0028445208445191383
v -0.018971189856529236 -0.01811452955007553 -0.004958469420671463
v -0.022521551698446274 -0.02214079350233078 0.003027559258043766
v -0.03488864749670029 -0.02683810144662857 0.01285350602120161
v -0.04092426225543022 -0.029790695756673813 0.020369768142700195
v -0.03317263722419739 -0.026435475796461105 0.013988775201141834
v -0.03488864749670029 -0.02683810144662857 0.01285350602120161
v -0.022521551698446274 -0.02214079350233078 0.003027559258043766
v -0.040746744722127914 -0.027442041784524918 0.018099231645464897
v -0.03488864749670029 -0.02683810144662857 0.01285350602120161
v -0.02843882329761982 -0.020261870697140694 0.003810503287240863
v -0.018971189856529236 -0.01811452955007553 -0.004958469420671463
v -0.020628025755286217 -0.015564562752842903 -0.005115058273077011
v -0.025302669033408165 -0.02066449634730816 0.010974440723657608
v -0.029681449756026268 -0.020731601864099503 0.014771719463169575
v -0.03855735436081886 -0.028180189430713654 0.021974803879857063
v -0.04258109629154205 -0.0293880682438612 0.025341462343931198
v -0.01530248299241066 -0.012813282199203968 0.0017357015749439597
v -0.025302669033408165 -0.02066449634730816 0.010974440723657608
v -0.014000684022903442 -0.017376381903886795 0.00044384400825947523
v -0.025302669033408165 -0.02066449634730816 0.010974440723657608
v -0.03252173960208893 -0.026234161108732224 0.014771719463169575
v -0.03855735436081886 -0.028180189430713654 0.021974803879857063
v -0.025302669033408165 -0.02066449634730816 0.010974440723657608
v -0.01530248299241066 -0.012813282199203968 0.0017357015749439597
v -0.029681449756026268 -0.020731601864099503 0.014771719463169575
v -0.01530248299241066 -0.012746177613735199 0.0017357015749439597
v -0.03252173960208893 -0.026234161108732224 0.014771719463169575
v -0.022521551698446274 -0.02214079350233078 0.003027559258043766
v -0.02269907109439373 -0.02180527150630951 0.00729460408911109
v -0.014000684022903442 -0.017376381903886795 0.00044384400825947523
v -0.016308419406414032 -0.019188199192285538 -0.0028445208445191383
v -0.03252173960208893 -0.026234161108732224 0.014771719463169575
v -0.02269907109439373 -0.02180527150630951 0.00729460408911109
v -0.025302669033408165 -0.02066449634730816 0.010974440723657608
v -0.014000684022903442 -0.017376381903886795 0.00044384400825947523
v -0.03932660073041916 0.005908845458179712 0.02083953469991684
v -0.049326784908771515 0.002419416792690754 0.031174395233392715
v -0.049385957419872284 0.0017483728006482124 0.040139105170965195
v -0.057315099984407425 -0.0009358032257296145 0.05031737685203552
v -0.0445929691195488 0.001681268448010087 0.035911206156015396
v -0.049385957419872284 0.0017483728006482124 0.040139105170965195
v -0.04500717669725418 -0.0008686988148838282 0.03939530625939369
v -0.057315099984407425 -0.0009358032257296145 0.05031737685203552
v -0.04500717669725418 -0.0008686988148838282 0.03939530625939369
v -0.057315099984407425 -0.0009358032257296145 0.05031737685203552
v -0.0455397330224514 -0.004291023127734661 0.03692903369665146
v -0.05293631926178932 -0.003150248434394598 0.04029569402337074
v -0.057315099984407425 -0.0009358032257296145 0.05031737685203552
v -0.0455397330224514 -0.004291023127734661 0.03692903369665146
v -0.05293631926178932 -0.003150248434394598 0.04029569402337074
v -0.04743326082825661 -0.005633111111819744 0.03238796070218086
v -0.0455397330224514 -0.004291023127734661 0.03692903369665146
v -0.038971561938524246 -0.007109407801181078 0.027494559064507484
v -0.0455397330224514 -0.004291023127734661 0.03692903369665146
v -0.037373900413513184 -0.0034186660777777433 0.027612000703811646
v -0.04500717669725418 -0.0008686988148838282 0.03939530625939369
v -0.05133865773677826 -0.001204220810905099 0.032113928347826004
v -0.057315099984407425 -0.0009358032257296145 0.05031737685203552
v -0.05293631926178932 -0.003150248434394598 0.04029569402337074
v -0.057315099984407425 -0.0009358032257296145 0.05031737685203552
v -0.049326784908771515 0.002419416792690754 0.031174395233392715
v -0.05133865773677826 -0.001204220810905099 0.032113928347826004
v -0.049326784908771515 0.002419416792690754 0.031174395233392715
v -0.040746744722127914 0.0038286091294139624 0.013323272578418255
v -0.03932660073041916 0.005908845458179712 0.02083953469991684
v -0.040746744722127914 0.0038286091294139624 0.013323272578418255
v -0.05133865773677826 -0.001204220810905099 0.032113928347826004
v -0.049326784908771515 0.002419416792690754 0.031174395233392715
v -0.040746744722127914 0.0038286091294139624 0.013323272578418255
v -0.03624961897730827 -0.002210786798968911 0.001070199185051024
v -0.03287677466869354 0.0024865211453288794 -0.003705759299919009
v -0.04222606122493744 -0.0034857704304158688 0.015084897167980671
v -0.05133865773677826 -0.001204220810905099 0.032113928347826004
v -0.040746744722127914 0.0038286091294139624 0.013323272578418255
v -0.05293631926178932 -0.003150248434394598 0.04029569402337074
v -0.04743326082825661 -0.005633111111819744 0.03238796070218086
v -0.05133865773677826 -0.001204220810905099 0.032113928347826004
v -0.04222606122493744 -0.0034857704304158688 0.015084897167980671
v -0.03624961897730827 -0.002210786798968911 0.001070199185051024
v -0.040746744722127914 0.0038286091294139624 0.013323272578418255
v -0.04222606122493744 -0.0034857704304158688 0.015084897167980671
v -0.04500717669725418 -0.0008686988148838282 0.03939530625939369
v -0.037373900413513184 -0.0034186660777777433 0.027612000703811646
v -0.03690052032470703 -0.0014726384542882442 0.02792517840862274
v -0.03690052032470703 -0.0014726384542882442 0.02792517840862274
v -0.04500717669725418 -0.0008686988148838282 0.03939530625939369
v -0.0445929691195488 0.001681268448010087 0.035911206156015396
v -0.03932660073041916 0.005908845458179712 0.02083953469991684
v -0.025776050984859467 0.007250933442264795 0.0006004328024573624
v -0.040746744722127914 0.0038286091294139624 0.013323272578418255
v -0.025894396007061005 0.0071838293224573135 0.0005221383762545884
v -0.03287677466869354 0.0024865211453288794 -0.003705759299919009
v -0.040746744722127914 0.0038286091294139624 0.013323272578418255
v -0.025894396007061005 0.0071838293224573135 0.0005221383762545884
v -0.03305429220199585 -0.006304155103862286 -0.003588317660614848
v -0.03287677466869354 0.0024865211453288794 -0.003705759299919009
v -0.03624961897730827 -0.002210786798968911 0.001070199185051024
v -0.03690052032470703 -0.0014726384542882442 0.02792517840862274
v -0.037373900413513184 -0.0034186660777777433 0.027612000703811646
v -0.025184324011206627 -0.005700215697288513 0.013714744709432125
v -0.038971561938524246 -0.007109407801181078 0.027494559064507484
v -0.03548037260770798 -0.00871991366147995 0.012383740395307541
v -0.03707803785800934 -0.005700215697288513 0.004162827972322702
v -0.028142958879470825 -0.010397523641586304 -0.00037824720493517816
v -0.03305429220199585 -0.006304155103862286 -0.003588317660614848
v -0.03548037260770798 -0.00871991366147995 0.012383740395307541
v -0.04222606122493744 -0.0034857704304158688 0.015084897167980671
v -0.03707803785800934 -0.005700215697288513 0.004162827972322702
v -0.03707803785800934 -0.005700215697288513 0.004162827972322702
v -0.03624961897730827 -0.002210786798968911 0.001070199185051024
v -0.04222606122493744 -0.0034857704304158688 0.015084897167980671
v -0.03707803785800934 -0.005700215697288513 0.004162827972322702
v -0.03624961897730827 -0.002210786798968911 0.001070199185051024
v -0.03305429220199585 -0.006304155103862286 -0.003588317660614848
v -0.03548037260770798 -0.00871991366147995 0.012383740395307541
v -0.04222606122493744 -0.0034857704304158688 0.015084897167980671
v -0.04743326082825661 -0.005633111111819744 0.03238796070218086
v -0.01879367232322693 -0.005834424402564764 0.005337243899703026
v -0.025184324011206627 -0.005700215697288513 0.013714744709432125
v -0.023113278672099113 -0.010733045637607574 0.002792675979435444
v -0.038971561938524246 -0.007109407801181078 0.027494559064507484
v -0.037373900413513184 -0.0034186660777777433 0.027612000703811646
v -0.0455397330224514 -0.004291023127734661 0.03692903369665146
v -0.038971561938524246 -0.007109407801181078 0.027494559064507484
v -0.04743326082825661 -0.005633111111819744 0.03238796070218086
v -0.038971561938524246 -0.007109407801181078 0.027494559064507484
v -0.03548037260770798 -0.00871991366147995 0.012383740395307541
v -0.023113278672099113 -0.010733045637607574 0.002792675979435444
v -0.028142958879470825 -0.010397523641586304 -0.00037824720493517816
v -0.0325809121131897 0.004633862059563398 0.017746906727552414
v -0.03932660073041916 0.005908845458179712 0.02083953469991684
v -0.0445929691195488 0.001681268448010087 0.035911206156015396
v -0.049385957419872284 0.0017483728006482124 0.040139105170965195
v -0.02565770596265793 0.007250933442264795 0.0006787272286601365
v -0.0325809121131897 0.004633862059563398 0.017746906727552414
v -0.018438635393977165 0.0027549387887120247 0.005337243899703026
v -0.0325809121131897 0.004633862059563398 0.017746906727552414
v -0.03690052032470703 -0.0014726384542882442 0.02792517840862274
v -0.0445929691195488 0.001681268448010087 0.035911206156015396
v -0.0325809121131897 0.004633862059563398 0.017746906727552414
v -0.02565770596265793 0.007250933442264795 0.0006787272286601365
v -0.03932660073041916 0.005908845458179712 0.02083953469991684
v -0.025776050984859467 0.007250933442264795 0.0006004328024573624
v -0.026900332421064377 0.0007418068125844002 0.016298459842801094
v -0.025184324011206627 -0.005700215697288513 0.013714744709432125
v -0.018438635393977165 0.0027549387887120247 0.005337243899703026
v -0.01879367232322693 -0.005834424402564764 0.005337243899703026
v -0.0325809121131897 0.004633862059563398 0.017746906727552414
v -0.03690052032470703 -0.0014726384542882442 0.02792517840862274
v -0.026900332421064377 0.0007418068125844002 0.016298459842801094
v -0.026900332421064377 0.0007418068125844002 0.016298459842801094
v -0.025184324011206627 -0.005700215697288513 0.013714744709432125
v -0.03690052032470703 -0.0014726384542882442 0.02792517840862274
v -0.0325809121131897 0.004633862059563398 0.017746906727552414
v -0.026900332421064377 0.0007418068125844002 0.016298459842801094
v -0.018438635393977165 0.0027549387887120247 0.005337243899703026
v -0.03642713651061058 0.033086128532886505 0.015202338807284832
v -0.04335034266114235 0.03865579143166542 0.035519734025001526
v -0.044770486652851105 0.035837408155202866 0.027103086933493614
v -0.04962264746427536 0.04160838574171066 0.046715833246707916
v -0.0394449457526207 0.03603872284293175 0.031174395233392715
v -0.039563290774822235 0.03509926050901413 0.035402294248342514
v -0.04335034266114235 0.03865579143166542 0.035519734025001526
v -0.04962264746427536 0.04160838574171066 0.046715833246707916
v -0.039563290774822235 0.03509926050901413 0.035402294248342514
v -0.04104260727763176 0.03120720386505127 0.034619349986314774
v -0.04962264746427536 0.04160838574171066 0.046715833246707916
v -0.04743326082825661 0.03496504947543144 0.03806430473923683
v -0.04104260727763176 0.03120720386505127 0.034619349986314774
v -0.04962264746427536 0.04160838574171066 0.046715833246707916
v -0.04743326082825661 0.03496504947543144 0.03806430473923683
v -0.04104260727763176 0.03120720386505127 0.034619349986314774
v -0.0438237227499485 0.02865723706781864 0.03125268965959549
v -0.03666382655501366 0.02375861629843712 0.026476731523871422
v -0.04104260727763176 0.03120720386505127 0.034619349986314774
v -0.039563290774822235 0.03509926050901413 0.035402294248342514
v -0.03459278494119644 0.02684541791677475 0.02491084486246109
v -0.047078222036361694 0.03328743949532509 0.02964765578508377
v -0.04743326082825661 0.03496504947543144 0.03806430473923683
v -0.04962264746427536 0.04160838574171066 0.046715833246707916
v -0.04962264746427536 0.04160838574171066 0.046715833246707916
v -0.047078222036361694 0.03328743949532509 0.02964765578508377
v -0.044770486652851105 0.035837408155202866 0.027103086933493614
v -0.044770486652851105 0.035837408155202866 0.027103086933493614
v -0.03642713651061058 0.033086128532886505 0.015202338807284832
v -0.0394449457526207 0.02865723706781864 0.009369405917823315
v -0.0394449457526207 0.02865723706781864 0.009369405917823315
v -0.044770486652851105 0.035837408155202866 0.027103086933493614
v -0.047078222036361694 0.03328743949532509 0.02964765578508377
v -0.0394449457526207 0.02865723706781864 0.009369405917823315
v -0.035006992518901825 0.019463934004306793 -0.006446063052862883
v -0.03808397427201271 0.017719220370054245 0.00020896080241072923
v -0.04157516360282898 0.02295336313545704 0.014106216840445995
v -0.0394449457526207 0.02865723706781864 0.009369405917823315
v -0.047078222036361694 0.03328743949532509 0.02964765578508377
v -0.04743326082825661 0.03496504947543144 0.03806430473923683
v -0.047078222036361694 0.03328743949532509 0.02964765578508377
v -0.0438237227499485 0.02865723706781864 0.03125268965959549
v -0.04157516360282898 0.02295336313545704 0.014106216840445995
v -0.03808397427201271 0.017719220370054245 0.00020896080241072923
v -0.04157516360282898 0.02295336313545704 0.014106216840445995
v -0.0394449457526207 0.02865723706781864 0.009369405917823315
v -0.039563290774822235 0.03509926050901413 0.035402294248342514
v -0.033823538571596146 0.02865723706781864 0.024362783879041672
v -0.03459278494119644 0.02684541791677475 0.02491084486246109
v -0.033823538571596146 0.02865723706781864 0.024362783879041672
v -0.0394449457526207 0.03603872284293175 0.031174395233392715
v -0.039563290774822235 0.03509926050901413 0.035402294248342514
v -0.03642713651061058 0.033086128532886505 0.015202338807284832
v -0.0394449457526207 0.02865723706781864 0.009369405917823315
v -0.02666364051401615 0.024027032777667046 -0.005193352699279785
v -0.026841159909963608 0.02395992912352085 -0.005232499912381172
v -0.035006992518901825 0.019463934004306793 -0.006446063052862883
v -0.026841159909963608 0.02395992912352085 -0.005232499912381172
v -0.0394449457526207 0.02865723706781864 0.009369405917823315
v -0.03630879148840904 0.011545615270733833 -0.0026879319921135902
v -0.03808397427201271 0.017719220370054245 0.00020896080241072923
v -0.035006992518901825 0.019463934004306793 -0.006446063052862883
v -0.033823538571596146 0.02865723706781864 0.024362783879041672
v -0.02553936094045639 0.017115280032157898 0.011913973838090897
v -0.03459278494119644 0.02684541791677475 0.02491084486246109
v -0.03666382655501366 0.02375861629843712 0.026476731523871422
v -0.031574975699186325 0.008123290725052357 0.0013050823472440243
v -0.03879404440522194 0.01584029756486416 0.004515152890235186
v -0.036190446466207504 0.015907401219010353 0.013010094873607159
v -0.036190446466207504 0.015907401219010353 0.013010094873607159
v -0.04157516360282898 0.02295336313545704 0.014106216840445995
v -0.03879404440522194 0.01584029756486416 0.004515152890235186
v -0.03879404440522194 0.01584029756486416 0.004515152890235186
v -0.03808397427201271 0.017719220370054245 0.00020896080241072923
v -0.04157516360282898 0.02295336313545704 0.014106216840445995
v -0.03879404440522194 0.01584029756486416 0.004515152890235186
v -0.03808397427201271 0.017719220370054245 0.00020896080241072923
v -0.03630879148840904 0.011545615270733833 -0.0026879319921135902
v -0.036190446466207504 0.015907401219010353 0.013010094873607159
v -0.04157516360282898 0.02295336313545704 0.014106216840445995
v -0.0438237227499485 0.02865723706781864 0.03125268965959549
v -0.020805543288588524 0.012619285844266415 0.0036539144348353148
v -0.02553936094045639 0.017115280032157898 0.011913973838090897
v -0.02613108791410923 0.008056186139583588 0.003771356074139476
v -0.03666382655501366 0.02375861629843712 0.026476731523871422
v -0.03459278494119644 0.02684541791677475 0.02491084486246109
v -0.04104260727763176 0.03120720386505127 0.034619349986314774
v -0.03666382655501366 0.02375861629843712 0.026476731523871422
v -0.0438237227499485 0.02865723706781864 0.03125268965959549
v -0.03666382655501366 0.02375861629843712 0.026476731523871422
v -0.036190446466207504 0.015907401219010353 0.013010094873607159
v -0.02613108791410923 0.008056186139583588 0.003771356074139476
v -0.031574975699186325 0.008123290725052357 0.0013050823472440243
v -0.031574975699186325 0.008123290725052357 0.0013050823472440243
v -0.03879404440522194 0.01584029756486416 0.004515152890235186
v -0.03630879148840904 0.011545615270733833 -0.0026879319921135902
v -0.030569039285182953 0.02946249023079872 0.012188004329800606
v -0.0394449457526207 0.03603872284293175 0.031174395233392715
v -0.03642713651061058 0.033086128532886505 0.015202338807284832
v -0.04335034266114235 0.03865579143166542 0.035519734025001526
v -0.026545295491814613 0.02395992912352085 -0.005115058273077011
v -0.019326226785779 0.020269187167286873 0.00009151919948635623
v -0.030569039285182953 0.02946249023079872 0.012188004329800606
v -0.030569039285182953 0.02946249023079872 0.012188004329800606
v -0.0394449457526207 0.03603872284293175 0.031174395233392715
v -0.033823538571596146 0.02865723706781864 0.024362783879041672
v -0.030569039285182953 0.02946249023079872 0.012188004329800606
v -0.03642713651061058 0.033086128532886505 0.015202338807284832
v -0.026545295491814613 0.02395992912352085 -0.005115058273077011
v -0.02666364051401615 0.024027032777667046 -0.005193352699279785
v -0.025835223495960236 0.024295451119542122 0.011835679411888123
v -0.019326226785779 0.020269187167286873 0.00009151919948635623
v -0.02553936094045639 0.017115280032157898 0.011913973838090897
v -0.020805543288588524 0.012619285844266415 0.0036539144348353148
v -0.030569039285182953 0.02946249023079872 0.012188004329800606
v -0.025835223495960236 0.024295451119542122 0.011835679411888123
v -0.033823538571596146 0.02865723706781864 0.024362783879041672
v -0.025835223495960236 0.024295451119542122 0.011835679411888123
v -0.033823538571596146 0.02865723706781864 0.024362783879041672
v -0.02553936094045639 0.017115280032157898 0.011913973838090897
v -0.030569039285182953 0.02946249023079872 0.012188004329800606
v -0.019326226785779 0.020269187167286873 0.00009151919948635623
v -0.025835223495960236 0.024295451119542122 0.011835679411888123
v -0.013763993047177792 0.012417972087860107 0.021309301257133484
v -0.020213816314935684 0.01859157718718052 0.03191819414496422
v -0.024060042575001717 0.017383698374032974 0.038925543427467346
v -0.029858967289328575 0.021946797147393227 0.04890807718038559
v -0.022344034165143967 0.01456531323492527 0.03391470015048981
v -0.024060042575001717 0.017383698374032974 0.038925543427467346
v -0.025361841544508934 0.01463241782039404 0.036028649657964706
v -0.029858967289328575 0.021946797147393227 0.04890807718038559
v -0.025361841544508934 0.01463241782039404 0.036028649657964706
v -0.029858967289328575 0.021946797147393227 0.04890807718038559
v -0.02666364051401615 0.015773192048072815 0.03324919939041138
v -0.027432886883616447 0.020470499992370605 0.0387689545750618
v -0.029858967289328575 0.021946797147393227 0.04890807718038559
v -0.02666364051401615 0.015773192048072815 0.03324919939041138
v -0.027432886883616447 0.020470499992370605 0.0387689545750618
v -0.025835223495960236 0.017920533195137978 0.029843391850590706
v -0.02666364051401615 0.015773192048072815 0.03324919939041138
v -0.024770114570856094 0.012686390429735184 0.022601159289479256
v -0.02666364051401615 0.015773192048072815 0.03324919939041138
v -0.022403206676244736 0.011075884103775024 0.023266661912202835
v -0.025361841544508934 0.01463241782039404 0.036028649657964706
v -0.022994933649897575 0.020269187167286873 0.032231371849775314
v -0.029858967289328575 0.021946797147393227 0.04890807718038559
v -0.027432886883616447 0.020470499992370605 0.0387689545750618
v -0.029858967289328575 0.021946797147393227 0.04890807718038559
v -0.020213816314935684 0.01859157718718052 0.03191819414496422
v -0.022994933649897575 0.020269187167286873 0.032231371849775314
v -0.020213816314935684 0.01859157718718052 0.03191819414496422
v -0.012284675613045692 0.014766626060009003 0.015124044381082058
v -0.013763993047177792 0.012417972087860107 0.021309301257133484
v -0.012284675613045692 0.014766626060009003 0.015124044381082058
v -0.022994933649897575 0.020269187167286873 0.032231371849775314
v -0.020213816314935684 0.01859157718718052 0.03191819414496422
v -0.012284675613045692 0.014766626060009003 0.015124044381082058
v -0.011456257663667202 0.013961373828351498 0.002048879163339734
v -0.006485750898718834 0.011746928095817566 -0.001552663161419332
v -0.017787735909223557 0.016444236040115356 0.014850013889372349
v -0.022994933649897575 0.020269187167286873 0.032231371849775314
v -0.012284675613045692 0.014766626060009003 0.015124044381082058
v -0.027432886883616447 0.020470499992370605 0.0387689545750618
v -0.025835223495960236 0.017920533195137978 0.029843391850590706
v -0.022994933649897575 0.020269187167286873 0.032231371849775314
v -0.017787735909223557 0.016444236040115356 0.014850013889372349
v -0.011456257663667202 0.013961373828351498 0.002048879163339734
v -0.012284675613045692 0.014766626060009003 0.015124044381082058
v -0.017787735909223557 0.016444236040115356 0.014850013889372349
v -0.025361841544508934 0.01463241782039404 0.036028649657964706
v -0.022403206676244736 0.011075884103775024 0.023266661912202835
v -0.021219752728939056 0.010539049282670021 0.0239713117480278
v -0.021219752728939056 0.010539049282670021 0.0239713117480278
v -0.025361841544508934 0.01463241782039404 0.036028649657964706
v -0.022344034165143967 0.01456531323492527 0.03391470015048981
v -0.013763993047177792 0.012417972087860107 0.021309301257133484
v -0.004828914999961853 0.005439114756882191 0.0009527576039545238
v -0.012284675613045692 0.014766626060009003 0.015124044381082058
v -0.004888087976723909 0.00550621934235096 0.0009136103908531368
v -0.006485750898718834 0.011746928095817566 -0.001552663161419332
v -0.012284675613045692 0.014766626060009003 0.015124044381082058
v -0.004888087976723909 0.00550621934235096 0.0009136103908531368
v -0.012284675613045692 0.012820598669350147 -0.004018936771899462
v -0.006485750898718834 0.011746928095817566 -0.001552663161419332
v -0.011456257663667202 0.013961373828351498 0.002048879163339734
v -0.018320290371775627 0.004566757474094629 0.007372898515313864
v -0.021219752728939056 0.010539049282670021 0.0239713117480278
v -0.022403206676244736 0.011075884103775024 0.023266661912202835
v -0.019977126270532608 0.012552181258797646 0.008860492147505283
v -0.016071727499365807 0.009264065884053707 -0.004332114476710558
v -0.014947446994483471 0.014498208649456501 0.003732208861038089
v -0.012284675613045692 0.012820598669350147 -0.004018936771899462
v -0.019977126270532608 0.012552181258797646 0.008860492147505283
v -0.014947446994483471 0.014498208649456501 0.003732208861038089
v -0.017787735909223557 0.016444236040115356 0.014850013889372349
v -0.014947446994483471 0.014498208649456501 0.003732208861038089
v -0.017787735909223557 0.016444236040115356 0.014850013889372349
v -0.011456257663667202 0.013961373828351498 0.002048879163339734
v -0.014947446994483471 0.014498208649456501 0.003732208861038089
v -0.012284675613045692 0.012820598669350147 -0.004018936771899462
v -0.011456257663667202 0.013961373828351498 0.002048879163339734
v -0.019977126270532608 0.012552181258797646 0.008860492147505283
v -0.025835223495960236 0.017920533195137978 0.029843391850590706
v -0.017787735909223557 0.016444236040115356 0.014850013889372349
v -0.015065792016685009 0.0011444331612437963 -0.001552663161419332
v -0.017373528331518173 0.005170697346329689 -0.003627464873716235
v -0.018320290371775627 0.004566757474094629 0.007372898515313864
v -0.024770114570856094 0.012686390429735184 0.022601159289479256
v -0.02666364051401615 0.015773192048072815 0.03324919939041138
v -0.022403206676244736 0.011075884103775024 0.023266661912202835
v -0.024770114570856094 0.012686390429735184 0.022601159289479256
v -0.018320290371775627 0.004566757474094629 0.007372898515313864
v -0.025835223495960236 0.017920533195137978 0.029843391850590706
v -0.024770114570856094 0.012686390429735184 0.022601159289479256
v -0.019977126270532608 0.012552181258797646 0.008860492147505283
v -0.017373528331518173 0.005170697346329689 -0.003627464873716235
v -0.016071727499365807 0.009264065884053707 -0.004332114476710558
v -0.01329061109572649 0.008123290725052357 0.016181018203496933
v -0.013763993047177792 0.012417972087860107 0.021309301257133484
v -0.022344034165143967 0.01456531323492527 0.03391470015048981
v -0.024060042575001717 0.017383698374032974 0.038925543427467346
v -0.004888087976723909 0.00530490605160594 0.0009527576039545238
v -0.01329061109572649 0.008123290725052357 0.016181018203496933
v -0.009385213255882263 -0.00006344600114971399 0.0009136103908531368
v -0.01329061109572649 0.008123290725052357 0.016181018203496933
v -0.021219752728939056 0.010539049282670021 0.0239713117480278
v -0.022344034165143967 0.01456531323492527 0.03391470015048981
v -0.01329061109572649 0.008123290725052357 0.016181018203496933
v -0.004888087976723909 0.00530490605160594 0.0009527576039545238
v -0.013763993047177792 0.012417972087860107 0.021309301257133484
v -0.004828914999961853 0.005439114756882191 0.0009527576039545238
v -0.021219752728939056 0.010539049282670021 0.0239713117480278
v -0.018320290371775627 0.004566757474094629 0.007372898515313864
v -0.015124964527785778 0.00470096617937088 0.011953121051192284
v -0.009385213255882263 -0.00006344600114971399 0.0009136103908531368
v -0.015065792016685009 0.0011444331612437963 -0.001552663161419332
v -0.021219752728939056 0.010539049282670021 0.0239713117480278
v -0.015124964527785778 0.00470096617937088 0.011953121051192284
v -0.01329061109572649 0.008123290725052357 0.016181018203496933
v -0.009385213255882263 -0.00006344600114971399 0.0009136103908531368
v -0.0009826895548030734 0.039528150111436844 0.023814722895622253
v 0.00043745519360527396 0.052009567618370056 0.034071289002895355
v -0.0029945613350719213 0.05697529390454292 0.04068716615438461
v -0.002639525104314089 0.06784620881080627 0.05031737685203552
v -0.004059670027345419 0.05241219326853752 0.03555888310074806
v -0.0029945613350719213 0.05697529390454292 0.04068716615438461
v -0.005302296485751867 0.055901624262332916 0.03728136047720909
v -0.002639525104314089 0.06784620881080627 0.05031737685203552
v -0.005302296485751867 0.055901624262332916 0.03728136047720909
v -0.002639525104314089 0.06784620881080627 0.05031737685203552
v -0.004178015515208244 0.056841086596250534 0.034071289002895355
v -0.001337725785560906 0.06173970550298691 0.03998251631855965
v -0.002639525104314089 0.06784620881080627 0.05031737685203552
v -0.004178015515208244 0.056841086596250534 0.034071289002895355
v -0.001337725785560906 0.06173970550298691 0.03998251631855965
v -0.0014560711570084095 0.05630424991250038 0.030743775889277458
v -0.004178015515208244 0.056841086596250534 0.034071289002895355
v -0.004355533514171839 0.0503319576382637 0.023031778633594513
v -0.004178015515208244 0.056841086596250534 0.034071289002895355
v -0.005124778486788273 0.04737936332821846 0.024167047813534737
v -0.005302296485751867 0.055901624262332916 0.03728136047720909
v 0.0010291822254657745 0.05563320592045784 0.03391470015048981
v -0.002639525104314089 0.06784620881080627 0.05031737685203552
v -0.001337725785560906 0.06173970550298691 0.03998251631855965
v -0.002639525104314089 0.06784620881080627 0.05031737685203552
v 0.00043745519360527396 0.052009567618370056 0.034071289002895355
v 0.0010291822254657745 0.05563320592045784 0.03391470015048981
v 0.00043745519360527396 0.052009567618370056 0.034071289002895355
v 0.0025676724035292864 0.03764922544360161 0.01766861230134964
v -0.0009826895548030734 0.039528150111436844 0.023814722895622253
v 0.0025676724035292864 0.03764922544360161 0.01766861230134964
v 0.0010291822254657745 0.05563320592045784 0.03391470015048981
v 0.00043745519360527396 0.052009567618370056 0.034071289002895355
v 0.0025676724035292864 0.03764922544360161 0.01766861230134964
v 0.0045203715562820435 0.03254929184913635 0.00392794469371438
v 0.004697889555245638 0.025637539103627205 0.001031051971949637
v 0.002390154404565692 0.04355441406369209 0.016376754269003868
v 0.0010291822254657745 0.05563320592045784 0.03391470015048981
v 0.0025676724035292864 0.03764922544360161 0.01766861230134964
v -0.001337725785560906 0.06173970550298691 0.03998251631855965
v -0.0014560711570084095 0.05630424991250038 0.030743775889277458
v 0.0010291822254657745 0.05563320592045784 0.03391470015048981
v 0.002390154404565692 0.04355441406369209 0.016376754269003868
v 0.0045203715562820435 0.03254929184913635 0.00392794469371438
v 0.0025676724035292864 0.03764922544360161 0.01766861230134964
v 0.002390154404565692 0.04355441406369209 0.016376754269003868
v -0.005302296485751867 0.055901624262332916 0.03728136047720909
v -0.005124778486788273 0.04737936332821846 0.024167047813534737
v -0.005420641973614693 0.046171486377716064 0.025106580927968025
v -0.005420641973614693 0.046171486377716064 0.025106580927968025
v -0.005302296485751867 0.055901624262332916 0.03728136047720909
v -0.004059670027345419 0.05241219326853752 0.03555888310074806
v -0.0009826895548030734 0.039528150111436844 0.023814722895622253
v -0.0006868261261843145 0.021409962326288223 0.0036930616479367018
v 0.0025676724035292864 0.03764922544360161 0.01766861230134964
v -0.0006276533822529018 0.021477065980434418 0.0036539144348353148
v 0.004697889555245638 0.025637539103627205 0.001031051971949637
v 0.0025676724035292864 0.03764922544360161 0.01766861230134964
v -0.0006276533822529018 0.021477065980434418 0.0036539144348353148
v 0.004342853557318449 0.030938787385821342 -0.0027270792052149773
v 0.004697889555245638 0.025637539103627205 0.001031051971949637
v 0.0045203715562820435 0.03254929184913635 0.00392794469371438
v -0.006663268897682428 0.035367678850889206 0.00784266460686922
v -0.005420641973614693 0.046171486377716064 0.025106580927968025
v -0.005124778486788273 0.04737936332821846 0.024167047813534737
v -0.00056848069652915 0.04174259677529335 0.009408553130924702
v 0.00020076440705452114 0.032415084540843964 -0.003979789558798075
v 0.003632781095802784 0.0365755558013916 0.00502406619489193
v 0.004342853557318449 0.030938787385821342 -0.0027270792052149773
v -0.00056848069652915 0.04174259677529335 0.009408553130924702
v 0.003632781095802784 0.0365755558013916 0.00502406619489193
v 0.002390154404565692 0.04355441406369209 0.016376754269003868
v 0.003632781095802784 0.0365755558013916 0.00502406619489193
v 0.002390154404565692 0.04355441406369209 0.016376754269003868
v 0.0045203715562820435 0.03254929184913635 0.00392794469371438
v 0.003632781095802784 0.0365755558013916 0.00502406619489193
v 0.004342853557318449 0.030938787385821342 -0.0027270792052149773
v 0.0045203715562820435 0.03254929184913635 0.00392794469371438
v -0.00056848069652915 0.04174259677529335 0.009408553130924702
v -0.0014560711570084095 0.05630424991250038 0.030743775889277458
v 0.002390154404565692 0.04355441406369209 0.016376754269003868
v -0.007018304895609617 0.027851983904838562 -0.0011220440501347184
v -0.003882151795551181 0.031609829515218735 -0.003588317660614848
v -0.006663268897682428 0.035367678850889206 0.00784266460686922
v -0.004355533514171839 0.0503319576382637 0.023031778633594513
v -0.004178015515208244 0.056841086596250534 0.034071289002895355
v -0.005124778486788273 0.04737936332821846 0.024167047813534737
v -0.004355533514171839 0.0503319576382637 0.023031778633594513
v -0.006663268897682428 0.035367678850889206 0.00784266460686922
v -0.0014560711570084095 0.05630424991250038 0.030743775889277458
v -0.004355533514171839 0.0503319576382637 0.023031778633594513
v -0.00056848069652915 0.04174259677529335 0.009408553130924702
v -0.003882151795551181 0.031609829515218735 -0.003588317660614848
v 0.00020076440705452114 0.032415084540843964 -0.003979789558798075
v -0.0036454610526561737 0.03523346781730652 0.018294967710971832
v -0.0009826895548030734 0.039528150111436844 0.023814722895622253
v -0.004059670027345419 0.05241219326853752 0.03555888310074806
v -0.0029945613350719213 0.05697529390454292 0.04068716615438461
v -0.0008051714976318181 0.021409962326288223 0.0036930616479367018
v -0.0036454610526561737 0.03523346781730652 0.018294967710971832
v -0.006781614385545254 0.022684944793581963 0.0025186454877257347
v -0.0036454610526561737 0.03523346781730652 0.018294967710971832
v -0.005420641973614693 0.046171486377716064 0.025106580927968025
v -0.004059670027345419 0.05241219326853752 0.03555888310074806
v -0.0036454610526561737 0.03523346781730652 0.018294967710971832
v -0.0008051714976318181 0.021409962326288223 0.0036930616479367018
v -0.0009826895548030734 0.039528150111436844 0.023814722895622253
v -0.0006868261261843145 0.021409962326288223 0.0036930616479367018
v -0.005420641973614693 0.046171486377716064 0.025106580927968025
v -0.006663268897682428 0.035367678850889206 0.00784266460686922
v -0.006426577921956778 0.03382427617907524 0.013323272578418255
v -0.006781614385545254 0.022684944793581963 0.0025186454877257347
v -0.007018304895609617 0.027851983904838562 -0.0011220440501347184
v -0.005420641973614693 0.046171486377716064 0.025106580927968025
v -0.006426577921956778 0.03382427617907524 0.013323272578418255
v -0.0036454610526561737 0.03523346781730652 0.018294967710971832
v -0.006781614385545254 0.022684944793581963 0.0025186454877257347
v 0.0098459143191576 0.032750606536865234 0.020604651421308517
v 0.015467320568859577 0.03684397414326668 0.03324919939041138
v 0.016473256051540375 0.04368862137198448 0.03931701183319092
v 0.020970381796360016 0.04838592931628227 0.05063055455684662
v 0.015112284570932388 0.04254784807562828 0.03352322801947594
v 0.016473256051540375 0.04368862137198448 0.03931701183319092
v 0.017420019954442978 0.04529912769794464 0.03583291172981262
v 0.020970381796360016 0.04838592931628227 0.05063055455684662
v 0.017420019954442978 0.04529912769794464 0.03583291172981262
v 0.020970381796360016 0.04838592931628227 0.05063055455684662
v 0.02008279226720333 0.04368862137198448 0.03411043435335159
v 0.021147899329662323 0.04301757737994194 0.04096119478344917
v 0.020970381796360016 0.04838592931628227 0.05063055455684662
v 0.02008279226720333 0.04368862137198448 0.03411043435335159
v 0.021147899329662323 0.04301757737994194 0.04096119478344917
v 0.02138459123671055 0.03966235741972923 0.03203563392162323
v 0.02008279226720333 0.04368862137198448 0.03411043435335159
v 0.020260309800505638 0.039729464799165726 0.023384103551506996
v 0.02008279226720333 0.04368862137198448 0.03411043435335159
v 0.017005810514092445 0.039997879415750504 0.02295348420739174
v 0.017420019954442978 0.04529912769794464 0.03583291172981262
v 0.018840165808796883 0.03724659979343414 0.03465849533677101
v 0.020970381796360016 0.04838592931628227 0.05063055455684662
v 0.021147899329662323 0.04301757737994194 0.04096119478344917
v 0.020970381796360016 0.04838592931628227 0.05063055455684662
v 0.015467320568859577 0.03684397414326668 0.03324919939041138
v 0.018840165808796883 0.03724659979343414 0.03465849533677101
v 0.015467320568859577 0.03684397414326668 0.03324919939041138
v 0.011443577706813812 0.026778314262628555 0.016141870990395546
v 0.0098459143191576 0.032750606536865234 0.020604651421308517
v 0.011443577706813812 0.026778314262628555 0.016141870990395546
v 0.018840165808796883 0.03724659979343414 0.03465849533677101
v 0.015467320568859577 0.03684397414326668 0.03324919939041138
v 0.011443577706813812 0.026778314262628555 0.016141870990395546
v 0.01446138508617878 0.020269187167286873 0.004476005677133799
v 0.009727569296956062 0.017383698374032974 -0.00026080559473484755
v 0.017656709998846054 0.02845592424273491 0.01739458180963993
v 0.018840165808796883 0.03724659979343414 0.03465849533677101
v 0.011443577706813812 0.026778314262628555 0.016141870990395546
v 0.021147899329662323 0.04301757737994194 0.04096119478344917
v 0.02138459123671055 0.03966235741972923 0.03203563392162323
v 0.018840165808796883 0.03724659979343414 0.03465849533677101
v 0.017656709998846054 0.02845592424273491 0.01739458180963993
v 0.01446138508617878 0.020269187167286873 0.004476005677133799
v 0.011443577706813812 0.026778314262628555 0.016141870990395546
v 0.017656709998846054 0.02845592424273491 0.01739458180963993
v 0.017420019954442978 0.04529912769794464 0.03583291172981262
v 0.017005810514092445 0.039997879415750504 0.02295348420739174
v 0.015348975546658039 0.04013209044933319 0.023110073059797287
v 0.015348975546658039 0.04013209044933319 0.023110073059797287
v 0.017420019954442978 0.04529912769794464 0.03583291172981262
v 0.015112284570932388 0.04254784807562828 0.03352322801947594
v 0.0098459143191576 0.032750606536865234 0.020604651421308517
v 0.0045203715562820435 0.023020466789603233 -0.0010828968370333314
v 0.011443577706813812 0.026778314262628555 0.016141870990395546
v 0.0045795440673828125 0.022886259481310844 -0.0010437496239319444
v 0.009727569296956062 0.017383698374032974 -0.00026080559473484755
v 0.011443577706813812 0.026778314262628555 0.016141870990395546
v 0.0045795440673828125 0.022886259481310844 -0.0010437496239319444
v 0.0167099479585886 0.018658680841326714 -0.0010828968370333314
v 0.009727569296956062 0.017383698374032974 -0.00026080559473484755
v 0.01446138508617878 0.020269187167286873 0.004476005677133799
v 0.015171457082033157 0.03496504947543144 0.005963599309325218
v 0.015348975546658039 0.04013209044933319 0.023110073059797287
v 0.017005810514092445 0.039997879415750504 0.02295348420739174
v 0.019964445382356644 0.029999325051903725 0.010896146297454834
v 0.01889933831989765 0.023691510781645775 -0.002374754287302494
v 0.017538364976644516 0.022684944793581963 0.006668248679488897
v 0.0167099479585886 0.018658680841326714 -0.0010828968370333314
v 0.019964445382356644 0.029999325051903725 0.010896146297454834
v 0.017538364976644516 0.022684944793581963 0.006668248679488897
v 0.017656709998846054 0.02845592424273491 0.01739458180963993
v 0.017538364976644516 0.022684944793581963 0.006668248679488897
v 0.017656709998846054 0.02845592424273491 0.01739458180963993
v 0.01446138508617878 0.020269187167286873 0.004476005677133799
v 0.017538364976644516 0.022684944793581963 0.006668248679488897
v 0.0167099479585886 0.018658680841326714 -0.0010828968370333314
v 0.01446138508617878 0.020269187167286873 0.004476005677133799
v 0.019964445382356644 0.029999325051903725 0.010896146297454834
v 0.02138459123671055 0.03966235741972923 0.03203563392162323
v 0.017656709998846054 0.02845592424273491 0.01739458180963993
v 0.01333710364997387 0.03134141489863396 -0.003627464873716235
v 0.018070919439196587 0.028254611417651176 -0.003314287168905139
v 0.015171457082033157 0.03496504947543144 0.005963599309325218
v 0.020260309800505638 0.039729464799165726 0.023384103551506996
v 0.017005810514092445 0.039997879415750504 0.02295348420739174
v 0.020260309800505638 0.039729464799165726 0.023384103551506996
v 0.02008279226720333 0.04368862137198448 0.03411043435335159
v 0.017005810514092445 0.039997879415750504 0.02295348420739174
v 0.020260309800505638 0.039729464799165726 0.023384103551506996
v 0.015171457082033157 0.03496504947543144 0.005963599309325218
v 0.02138459123671055 0.03966235741972923 0.03203563392162323
v 0.020260309800505638 0.039729464799165726 0.023384103551506996
v 0.019964445382356644 0.029999325051903725 0.010896146297454834
v 0.018070919439196587 0.028254611417651176 -0.003314287168905139
v 0.01889933831989765 0.023691510781645775 -0.002374754287302494
v 0.009076669812202454 0.03348875418305397 0.01430195290595293
v 0.0098459143191576 0.032750606536865234 0.020604651421308517
v 0.015112284570932388 0.04254784807562828 0.03352322801947594
v 0.016473256051540375 0.04368862137198448 0.03931701183319092
v 0.0045203715562820435 0.02315467596054077 -0.0011220440501347184
v 0.009076669812202454 0.03348875418305397 0.01430195290595293
v 0.006532243452966213 0.0302677433937788 -0.0028445208445191383
v 0.009076669812202454 0.03348875418305397 0.01430195290595293
v 0.015348975546658039 0.04013209044933319 0.023110073059797287
v 0.015112284570932388 0.04254784807562828 0.03352322801947594
v 0.009076669812202454 0.03348875418305397 0.01430195290595293
v 0.0045203715562820435 0.02315467596054077 -0.0011220440501347184
v 0.0098459143191576 0.032750606536865234 0.020604651421308517
v 0.0045203715562820435 0.023020466789603233 -0.0010828968370333314
v 0.015348975546658039 0.04013209044933319 0.023110073059797287
v 0.015171457082033157 0.03496504947543144 0.005963599309325218
v 0.01067433226853609 0.03530057147145271 0.009486847557127476
v 0.006532243452966213 0.0302677433937788 -0.0028445208445191383
v 0.01333710364997387 0.03134141489863396 -0.003627464873716235
v 0.015348975546658039 0.04013209044933319 0.023110073059797287
v 0.01067433226853609 0.03530057147145271 0.009486847557127476
v 0.009076669812202454 0.03348875418305397 0.01430195290595293
v 0.006532243452966213 0.0302677433937788 -0.0028445208445191383
v 0.028485314920544624 0.011075884103775024 0.022444570437073708
v 0.03783460333943367 0.011277197860181332 0.02953021414577961
v 0.03848550096154213 0.01537056639790535 0.035793766379356384
v 0.04588208720088005 0.01631002686917782 0.04284026101231575
v 0.03517182916402817 0.016712654381990433 0.03230966627597809
v 0.03848550096154213 0.01537056639790535 0.035793766379356384
v 0.03718370199203491 0.019531039521098137 0.03387555107474327
v 0.04588208720088005 0.01631002686917782 0.04284026101231575
v 0.03718370199203491 0.019531039521098137 0.03387555107474327
v 0.04588208720088005 0.01631002686917782 0.04284026101231575
v 0.03978729993104935 0.02040339633822441 0.03086121752858162
v 0.04416608065366745 0.016377132385969162 0.03438446670770645
v 0.04588208720088005 0.01631002686917782 0.04284026101231575
v 0.03978729993104935 0.02040339633822441 0.03086121752858162
v 0.04416608065366745 0.016377132385969162 0.03438446670770645
v 0.04185834527015686 0.018188951537013054 0.027220528572797775
v 0.03978729993104935 0.02040339633822441 0.03086121752858162
v 0.036947011947631836 0.022550737485289574 0.022366276010870934
v 0.03978729993104935 0.02040339633822441 0.03086121752858162
v 0.03345582261681557 0.02120864950120449 0.02373642846941948
v 0.03718370199203491 0.019531039521098137 0.03387555107474327
v 0.041621655225753784 0.012753494083881378 0.02898215316236019
v 0.04588208720088005 0.01631002686917782 0.04284026101231575
v 0.04416608065366745 0.016377132385969162 0.03438446670770645
v 0.04588208720088005 0.01631002686917782 0.04284026101231575
v 0.03783460333943367 0.011277197860181332 0.02953021414577961
v 0.041621655225753784 0.012753494083881378 0.02898215316236019
v 0.03783460333943367 0.011277197860181332 0.02953021414577961
v 0.030733877792954445 0.008391708135604858 0.01633760705590248
v 0.028485314920544624 0.011075884103775024 0.022444570437073708
v 0.030733877792954445 0.008391708135604858 0.01633760705590248
v 0.041621655225753784 0.012753494083881378 0.02898215316236019
v 0.03783460333943367 0.011277197860181332 0.02953021414577961
v 0.030733877792954445 0.008391708135604858 0.01633760705590248
v 0.031384777277708054 0.010069318115711212 0.004828330595046282
v 0.02588171698153019 0.0071838293224573135 0.002792675979435444
v 0.03659197315573692 0.012954807840287685 0.015006602741777897
v 0.041621655225753784 0.012753494083881378 0.02898215316236019
v 0.030733877792954445 0.008391708135604858 0.01633760705590248
v 0.04416608065366745 0.016377132385969162 0.03438446670770645
v 0.04185834527015686 0.018188951537013054 0.027220528572797775
v 0.041621655225753784 0.012753494083881378 0.02898215316236019
v 0.03659197315573692 0.012954807840287685 0.015006602741777897
v 0.031384777277708054 0.010069318115711212 0.004828330595046282
v 0.030733877792954445 0.008391708135604858 0.01633760705590248
v 0.03659197315573692 0.012954807840287685 0.015006602741777897
v 0.03718370199203491 0.019531039521098137 0.03387555107474327
v 0.03345582261681557 0.02120864950120449 0.02373642846941948
v 0.031858157366514206 0.020336290821433067 0.02463681437075138
v 0.031858157366514206 0.020336290821433067 0.02463681437075138
v 0.03718370199203491 0.019531039521098137 0.03387555107474327
v 0.03517182916402817 0.016712654381990433 0.03230966627597809
v 0.028485314920544624 0.011075884103775024 0.022444570437073708
v 0.01795257441699505 0.010404840111732483 0.007138015236705542
v 0.030733877792954445 0.008391708135604858 0.01633760705590248
v 0.018070919439196587 0.010337736457586288 0.0070597208105027676
v 0.02588171698153019 0.0071838293224573135 0.002792675979435444
v 0.030733877792954445 0.008391708135604858 0.01633760705590248
v 0.018070919439196587 0.010337736457586288 0.0070597208105027676
v 0.03179898485541344 0.012887703254818916 -0.00037824720493517816
v 0.02588171698153019 0.0071838293224573135 0.002792675979435444
v 0.031384777277708054 0.010069318115711212 0.004828330595046282
v 0.031858157366514206 0.020336290821433067 0.02463681437075138
v 0.03345582261681557 0.02120864950120449 0.02373642846941948
v 0.026355097070336342 0.024630973115563393 0.011718237772583961
v 0.036947011947631836 0.022550737485289574 0.022366276010870934
v 0.035408519208431244 0.019531039521098137 0.010465526953339577
v 0.0343434140086174 0.013156120665371418 0.00580701045691967
v 0.031207259744405746 0.020000768825411797 -0.00006506960198748857
v 0.03179898485541344 0.012887703254818916 -0.00037824720493517816
v 0.035408519208431244 0.019531039521098137 0.010465526953339577
v 0.03659197315573692 0.012954807840287685 0.015006602741777897
v 0.0343434140086174 0.013156120665371418 0.00580701045691967
v 0.0343434140086174 0.013156120665371418 0.00580701045691967
v 0.031384777277708054 0.010069318115711212 0.004828330595046282
v 0.03659197315573692 0.012954807840287685 0.015006602741777897
v 0.0343434140086174 0.013156120665371418 0.00580701045691967
v 0.031384777277708054 0.010069318115711212 0.004828330595046282
v 0.03179898485541344 0.012887703254818916 -0.00037824720493517816
v 0.035408519208431244 0.019531039521098137 0.010465526953339577
v 0.03659197315573692 0.012954807840287685 0.015006602741777897
v 0.04185834527015686 0.018188951537013054 0.027220528572797775
v 0.02191714569926262 0.02536912076175213 0.00502406619489193
v 0.026355097070336342 0.024630973115563393 0.011718237772583961
v 0.028011932969093323 0.024698076769709587 0.0016965543618425727
v 0.03345582261681557 0.02120864950120449 0.02373642846941948
v 0.036947011947631836 0.022550737485289574 0.022366276010870934
v 0.03978729993104935 0.02040339633822441 0.03086121752858162
v 0.04185834527015686 0.018188951537013054 0.027220528572797775
v 0.035408519208431244 0.019531039521098137 0.010465526953339577
v 0.036947011947631836 0.022550737485289574 0.022366276010870934
v 0.028011932969093323 0.024698076769709587 0.0016965543618425727
v 0.031207259744405746 0.020000768825411797 -0.00006506960198748857
v 0.026355097070336342 0.024630973115563393 0.011718237772583961
v 0.036947011947631836 0.022550737485289574 0.022366276010870934
v 0.028011932969093323 0.024698076769709587 0.0016965543618425727
v 0.024639088660478592 0.01490083523094654 0.019156206399202347
v 0.03517182916402817 0.016712654381990433 0.03230966627597809
v 0.028485314920544624 0.011075884103775024 0.022444570437073708
v 0.03848550096154213 0.01537056639790535 0.035793766379356384
v 0.01789340190589428 0.010539049282670021 0.007138015236705542
v 0.015999875962734222 0.019933665171265602 0.008234136737883091
v 0.024639088660478592 0.01490083523094654 0.019156206399202347
v 0.024639088660478592 0.01490083523094654 0.019156206399202347
v 0.03517182916402817 0.016712654381990433 0.03230966627597809
v 0.031858157366514206 0.020336290821433067 0.02463681437075138
v 0.024639088660478592 0.01490083523094654 0.019156206399202347
v 0.028485314920544624 0.011075884103775024 0.022444570437073708
v 0.01789340190589428 0.010539049282670021 0.007138015236705542
v 0.01795257441699505 0.010404840111732483 0.007138015236705542
v 0.023337289690971375 0.02040339633822441 0.016181018203496933
v 0.015999875962734222 0.019933665171265602 0.008234136737883091
v 0.026355097070336342 0.024630973115563393 0.011718237772583961
v 0.02191714569926262 0.02536912076175213 0.00502406619489193
v 0.024639088660478592 0.01490083523094654 0.019156206399202347
v 0.023337289690971375 0.02040339633822441 0.016181018203496933
v 0.031858157366514206 0.020336290821433067 0.02463681437075138
v 0.023337289690971375 0.02040339633822441 0.016181018203496933
v 0.031858157366514206 0.020336290821433067 0.02463681437075138
v 0.026355097070336342 0.024630973115563393 0.011718237772583961
v 0.024639088660478592 0.01490083523094654 0.019156206399202347
v 0.015999875962734222 0.019933665171265602 0.008234136737883091
v 0.023337289690971375 0.02040339633822441 0.016181018203496933
v 0.03955060988664627 -0.002210786798968911 0.03336663916707039
v 0.04688802361488342 -0.010800150223076344 0.04969102144241333
v 0.05600062012672424 -0.009659375064074993 0.05654178187251091
v 0.06381141394376755 -0.016034293919801712 0.07098709791898727
v 0.05333784967660904 -0.007042303681373596 0.04886893182992935
v 0.05600062012672424 -0.009659375064074993 0.05654178187251091
v 0.05688821151852608 -0.009189644828438759 0.05137434974312782
v 0.06381141394376755 -0.016034293919801712 0.07098709791898727
v 0.05688821151852608 -0.009189644828438759 0.05137434974312782
v 0.06381141394376755 -0.016034293919801712 0.07098709791898727
v 0.05440295860171318 -0.01341722160577774 0.049221254885196686
v 0.055290546268224716 -0.017040859907865524 0.05877317115664482
v 0.06381141394376755 -0.016034293919801712 0.07098709791898727
v 0.05440295860171318 -0.01341722160577774 0.049221254885196686
v 0.055290546268224716 -0.017040859907865524 0.05877317115664482
v 0.04925493150949478 -0.017040859907865524 0.04714645445346832
v 0.05440295860171318 -0.01341722160577774 0.049221254885196686
v 0.047243062406778336 -0.013350117020308971 0.035284850746393204
v 0.05440295860171318 -0.01341722160577774 0.049221254885196686
v 0.04765726998448372 -0.008451496250927448 0.03477593883872032
v 0.05688821151852608 -0.009189644828438759 0.05137434974312782
v 0.047361407428979874 -0.01569877192378044 0.05141349881887436
v 0.06381141394376755 -0.016034293919801712 0.07098709791898727
v 0.055290546268224716 -0.017040859907865524 0.05877317115664482
v 0.06381141394376755 -0.016034293919801712 0.07098709791898727
v 0.04688802361488342 -0.010800150223076344 0.04969102144241333
v 0.047361407428979874 -0.01569877192378044 0.05141349881887436
v 0.04688802361488342 -0.010800150223076344 0.04969102144241333
v 0.03150312229990959 -0.006840990390628576 0.028355797752738
v 0.03955060988664627 -0.002210786798968911 0.03336663916707039
v 0.03150312229990959 -0.006840990390628576 0.028355797752738
v 0.047361407428979874 -0.01569877192378044 0.05141349881887436
v 0.04688802361488342 -0.010800150223076344 0.04969102144241333
v 0.03150312229990959 -0.006840990390628576 0.028355797752738
v 0.020911209285259247 -0.012008029036223888 0.013558155857026577
v 0.016887465491890907 -0.005834424402564764 0.007803517393767834
v 0.03321913257241249 -0.014759309589862823 0.029491066932678223
v 0.047361407428979874 -0.01569877192378044 0.05141349881887436
v 0.03150312229990959 -0.006840990390628576 0.028355797752738
v 0.055290546268224716 -0.017040859907865524 0.05877317115664482
v 0.04925493150949478 -0.017040859907865524 0.04714645445346832
v 0.047361407428979874 -0.01569877192378044 0.05141349881887436
v 0.03321913257241249 -0.014759309589862823 0.029491066932678223
v 0.020911209285259247 -0.012008029036223888 0.013558155857026577
v 0.03150312229990959 -0.006840990390628576 0.028355797752738
v 0.03321913257241249 -0.014759309589862823 0.029491066932678223
v 0.05688821151852608 -0.009189644828438759 0.05137434974312782
v 0.04765726998448372 -0.008451496250927448 0.03477593883872032
v 0.04801230505108833 -0.006169946398586035 0.03504996746778488
v 0.04801230505108833 -0.006169946398586035 0.03504996746778488
v 0.05688821151852608 -0.009189644828438759 0.05137434974312782
v 0.05333784967660904 -0.007042303681373596 0.04886893182992935
v 0.03955060988664627 -0.002210786798968911 0.03336663916707039
v 0.02351480908691883 0.004969384055584669 0.005728716030716896
v 0.03150312229990959 -0.006840990390628576 0.028355797752738
v 0.023396462202072144 0.004768070764839649 0.005767863243818283
v 0.016887465491890907 -0.005834424402564764 0.007803517393767834
v 0.03150312229990959 -0.006840990390628576 0.028355797752738
v 0.023396462202072144 0.004768070764839649 0.005767863243818283
v 0.017538364976644516 -0.014625100418925285 0.006081040948629379
v 0.016887465491890907 -0.005834424402564764 0.007803517393767834
v 0.020911209285259247 -0.012008029036223888 0.013558155857026577
v 0.03783460333943367 -0.004626545123755932 0.012462034821510315
v 0.04801230505108833 -0.006169946398586035 0.03504996746778488
v 0.04765726998448372 -0.008451496250927448 0.03477593883872032
v 0.03783460333943367 -0.004626545123755932 0.012462034821510315
v 0.047243062406778336 -0.013350117020308971 0.035284850746393204
v 0.04765726998448372 -0.008451496250927448 0.03477593883872032
v 0.05440295860171318 -0.01341722160577774 0.049221254885196686
v 0.033100783824920654 -0.015497458167374134 0.020134884864091873
v 0.022686390206217766 -0.014356683008372784 0.003184148110449314
v 0.023988189175724983 -0.015363248996436596 0.015867840498685837
v 0.017538364976644516 -0.014625100418925285 0.006081040948629379
v 0.033100783824920654 -0.015497458167374134 0.020134884864091873
v 0.023988189175724983 -0.015363248996436596 0.015867840498685837
v 0.03321913257241249 -0.014759309589862823 0.029491066932678223
v 0.023988189175724983 -0.015363248996436596 0.015867840498685837
v 0.03321913257241249 -0.014759309589862823 0.029491066932678223
v 0.020911209285259247 -0.012008029036223888 0.013558155857026577
v 0.023988189175724983 -0.015363248996436596 0.015867840498685837
v 0.017538364976644516 -0.014625100418925285 0.006081040948629379
v 0.020911209285259247 -0.012008029036223888 0.013558155857026577
v 0.033100783824920654 -0.015497458167374134 0.020134884864091873
v 0.04925493150949478 -0.017040859907865524 0.04714645445346832
v 0.03321913257241249 -0.014759309589862823 0.029491066932678223
v 0.03150312229990959 -0.001808160450309515 0.00013066640531178564
v 0.027716070413589478 -0.010330419056117535 0.00099190475884825
v 0.03783460333943367 -0.004626545123755932 0.012462034821510315
v 0.047243062406778336 -0.013350117020308971 0.035284850746393204
v 0.04925493150949478 -0.017040859907865524 0.04714645445346832
v 0.047243062406778336 -0.013350117020308971 0.035284850746393204
v 0.033100783824920654 -0.015497458167374134 0.020134884864091873
v 0.027716070413589478 -0.010330419056117535 0.00099190475884825
v 0.022686390206217766 -0.014356683008372784 0.003184148110449314
v 0.038781363517045975 0.0008760155760683119 0.024558519944548607
v 0.03955060988664627 -0.002210786798968911 0.03336663916707039
v 0.05333784967660904 -0.007042303681373596 0.04886893182992935
v 0.05600062012672424 -0.009659375064074993 0.05654178187251091
v 0.02363315410912037 0.004969384055584669 0.005650421604514122
v 0.038781363517045975 0.0008760155760683119 0.024558519944548607
v 0.03108891472220421 0.0069154114462435246 0.0017357015749439597
v 0.038781363517045975 0.0008760155760683119 0.024558519944548607
v 0.04801230505108833 -0.006169946398586035 0.03504996746778488
v 0.05333784967660904 -0.007042303681373596 0.04886893182992935
v 0.038781363517045975 0.0008760155760683119 0.024558519944548607
v 0.02363315410912037 0.004969384055584669 0.005650421604514122
v 0.03955060988664627 -0.002210786798968911 0.03336663916707039
v 0.02351480908691883 0.004969384055584669 0.005728716030716896
v 0.04801230505108833 -0.006169946398586035 0.03504996746778488
v 0.03783460333943367 -0.004626545123755932 0.012462034821510315
v 0.0394914373755455 0.0009431199869140983 0.017433729022741318
v 0.03108891472220421 0.0069154114462435246 0.0017357015749439597
v 0.03150312229990959 -0.001808160450309515 0.00013066640531178564
v 0.038781363517045975 0.0008760155760683119 0.024558519944548607
v 0.04801230505108833 -0.006169946398586035 0.03504996746778488
v 0.0394914373755455 0.0009431199869140983 0.017433729022741318
v 0.038781363517045975 0.0008760155760683119 0.024558519944548607
v 0.03108891472220421 0.0069154114462435246 0.0017357015749439597
v 0.0394914373755455 0.0009431199869140983 0.017433729022741318
v 0.01126605924218893 -0.012544864788651466 0.002675234340131283
v 0.01244951318949461 -0.013685639016330242 0.006472512613981962
v 0.013100412674248219 -0.0130145950242877 0.0018139960011467338
v 0.01724250242114067 -0.015900084748864174 0.010074054822325706
v 0.018307611346244812 -0.01697375439107418 0.01582869328558445
v 0.01724250242114067 -0.015900084748864174 0.010074054822325706
v 0.01244951318949461 -0.013685639016330242 0.006472512613981962
v 0.022272180765867233 -0.02328156866133213 0.022718600928783417
v 0.018307611346244812 -0.01697375439107418 0.01582869328558445
v 0.01724250242114067 -0.015900084748864174 0.010074054822325706
v 0.011976131238043308 -0.01583297923207283 -0.0017483992269262671
v 0.009431705810129642 -0.01227644644677639 -0.003666612086817622
v 0.013100412674248219 -0.0130145950242877 0.0018139960011467338
v 0.021029554307460785 -0.024690760299563408 0.009956613183021545
v 0.011976131238043308 -0.01583297923207283 -0.0017483992269262671
v 0.014638903550803661 -0.025160491466522217 0.0069422791711986065
v 0.01724250242114067 -0.015900084748864174 0.010074054822325706
v 0.021029554307460785 -0.024690760299563408 0.009956613183021545
v 0.013100412674248219 -0.0130145950242877 0.0018139960011467338
v 0.021029554307460785 -0.024690760299563408 0.009956613183021545
v 0.020437827333807945 -0.029455173760652542 0.018138378858566284
v 0.024047361686825752 -0.027576249092817307 0.018373262137174606
v 0.021029554307460785 -0.024690760299563408 0.009956613183021545
v 0.01724250242114067 -0.015900084748864174 0.010074054822325706
v 0.024047361686825752 -0.027576249092817307 0.018373262137174606
v 0.009431705810129642 -0.01227644644677639 -0.003666612086817622
v 0.006532243452966213 -0.012410655617713928 -0.005193352699279785
v 0.008544115349650383 -0.015296144410967827 -0.004410408902913332
v 0.009431705810129642 -0.01227644644677639 -0.003666612086817622
v 0.011976131238043308 -0.01583297923207283 -0.0017483992269262671
v 0.008544115349650383 -0.015296144410967827 -0.004410408902913332
v 0.01126605924218893 -0.012544864788651466 0.002675234340131283
v 0.008189079351723194 -0.012880386784672737 0.0026360871270298958
v 0.009431705810129642 -0.01227644644677639 -0.003666612086817622
v 0.006532243452966213 -0.012410655617713928 -0.005193352699279785
v 0.013100412674248219 -0.0130145950242877 0.0018139960011467338
v 0.01126605924218893 -0.012544864788651466 0.002675234340131283
v 0.009431705810129642 -0.01227644644677639 -0.003666612086817622
v 0.011976131238043308 -0.01583297923207283 -0.0017483992269262671
v 0.011443577706813812 -0.021067123860120773 0.0013833767734467983
v 0.008544115349650383 -0.015296144410967827 -0.004410408902913332
v 0.011976131238043308 -0.01583297923207283 -0.0017483992269262671
v 0.011443577706813812 -0.021067123860120773 0.0013833767734467983
v 0.014638903550803661 -0.025160491466522217 0.0069422791711986065
v 0.008544115349650383 -0.019590826705098152 0.0025186454877257347
v 0.008544115349650383 -0.015296144410967827 -0.004410408902913332
v 0.011443577706813812 -0.021067123860120773 0.0013833767734467983
v 0.008544115349650383 -0.019590826705098152 0.0025186454877257347
v 0.008544115349650383 -0.015296144410967827 -0.004410408902913332
v 0.006532243452966213 -0.012410655617713928 -0.005193352699279785
v 0.006532243452966213 -0.012410655617713928 -0.005193352699279785
v 0.0070056249387562275 -0.014088265597820282 0.0004046967951580882
v 0.008189079351723194 -0.012880386784672737 0.0026360871270298958
v 0.006532243452966213 -0.012410655617713928 -0.005193352699279785
v 0.0070056249387562275 -0.014088265597820282 0.0004046967951580882
v 0.008544115349650383 -0.019590826705098152 0.0025186454877257347
v 0.01244951318949461 -0.013685639016330242 0.006472512613981962
v 0.01126605924218893 -0.012544864788651466 0.002675234340131283
v 0.008189079351723194 -0.012880386784672737 0.0026360871270298958
v 0.008484942838549614 -0.015161936171352863 0.004867477808147669
v 0.0070056249387562275 -0.014088265597820282 0.0004046967951580882
v 0.008189079351723194 -0.012880386784672737 0.0026360871270298958
v 0.011088540777564049 -0.01777900755405426 0.012422887608408928
v 0.016354911029338837 -0.024690760299563408 0.020604651421308517
v 0.018307611346244812 -0.01697375439107418 0.01582869328558445
v 0.022272180765867233 -0.02328156866133213 0.022718600928783417
v 0.016354911029338837 -0.024690760299563408 0.020604651421308517
v 0.024875780567526817 -0.03119988739490509 0.027846883982419968
v 0.022272180765867233 -0.02328156866133213 0.022718600928783417
v 0.024875780567526817 -0.03119988739490509 0.027846883982419968
v 0.022272180765867233 -0.02328156866133213 0.022718600928783417
v 0.024047361686825752 -0.027576249092817307 0.018373262137174606
v 0.020437827333807945 -0.029455173760652542 0.018138378858566284
v 0.0167099479585886 -0.02730783261358738 0.014067069627344608
v 0.014638903550803661 -0.025160491466522217 0.0069422791711986065
v 0.014638903550803661 -0.025160491466522217 0.0069422791711986065
v 0.011443577706813812 -0.021067123860120773 0.0013833767734467983
v 0.008544115349650383 -0.019590826705098152 0.0025186454877257347
v 0.014638903550803661 -0.025160491466522217 0.0069422791711986065
v 0.0167099479585886 -0.02730783261358738 0.014067069627344608
v 0.008544115349650383 -0.019590826705098152 0.0025186454877257347
v 0.016354911029338837 -0.024690760299563408 0.020604651421308517
v 0.024875780567526817 -0.03119988739490509 0.027846883982419968
v 0.020437827333807945 -0.029455173760652542 0.018138378858566284
v 0.016354911029338837 -0.024690760299563408 0.020604651421308517
v 0.0167099479585886 -0.02730783261358738 0.014067069627344608
v 0.020437827333807945 -0.029455173760652542 0.018138378858566284
v 0.010082605294883251 -0.01972503587603569 0.012383740395307541
v 0.0167099479585886 -0.02730783261358738 0.014067069627344608
v 0.008544115349650383 -0.019590826705098152 0.0025186454877257347
v 0.0167099479585886 -0.02730783261358738 0.014067069627344608
v 0.016354911029338837 -0.024690760299563408 0.020604651421308517
v 0.010082605294883251 -0.01972503587603569 0.012383740395307541
v 0.008544115349650383 -0.019590826705098152 0.0025186454877257347
v 0.0070056249387562275 -0.014088265597820282 0.0004046967951580882
v 0.008484942838549614 -0.015161936171352863 0.004867477808147669
v 0.024875780567526817 -0.03119988739490509 0.027846883982419968
v 0.020437827333807945 -0.029455173760652542 0.018138378858566284
v 0.024047361686825752 -0.027576249092817307 0.018373262137174606
v 0.008544115349650383 -0.019590826705098152 0.0025186454877257347
v 0.008484942838549614 -0.015161936171352863 0.004867477808147669
v 0.010082605294883251 -0.01972503587603569 0.012383740395307541
v 0.011088540777564049 -0.01777900755405426 0.012422887608408928
v 0.01244951318949461 -0.013685639016330242 0.006472512613981962
v 0.008484942838549614 -0.015161936171352863 0.004867477808147669
v 0.010082605294883251 -0.01972503587603569 0.012383740395307541
v 0.008484942838549614 -0.015161936171352863 0.004867477808147669
v 0.011088540777564049 -0.01777900755405426 0.012422887608408928
v 0.011976131238043308 -0.01583297923207283 -0.0017483992269262671
v 0.013100412674248219 -0.0130145950242877 0.0018139960011467338
v 0.021029554307460785 -0.024690760299563408 0.009956613183021545
v 0.011088540777564049 -0.01777900755405426 0.012422887608408928
v 0.016354911029338837 -0.024690760299563408 0.020604651421308517
v 0.010082605294883251 -0.01972503587603569 0.012383740395307541
v 0.018307611346244812 -0.01697375439107418 0.01582869328558445
v 0.01244951318949461 -0.013685639016330242 0.006472512613981962
v 0.011088540777564049 -0.01777900755405426 0.012422887608408928
v 0.022272180765867233 -0.02328156866133213 0.022718600928783417
v 0.01724250242114067 -0.015900084748864174 0.010074054822325706
v 0.024047361686825752 -0.027576249092817307 0.018373262137174606
v 0.020437827333807945 -0.029455173760652542 0.018138378858566284
v 0.014638903550803661 -0.025160491466522217 0.0069422791711986065
v 0.021029554307460785 -0.024690760299563408 0.009956613183021545
v 0.01244951318949461 -0.013685639016330242 0.006472512613981962
v 0.008484942838549614 -0.015161936171352863 0.004867477808147669
v 0.008189079351723194 -0.012880386784672737 0.0026360871270298958
v 0.00020076440705452114 0.01926262117922306 0.008312431164085865
v 0.001384218456223607 0.016242923215031624 0.006159335374832153
v 0.00025993710733018816 0.017383698374032974 0.005454685539007187
v 0.00020076440705452114 0.01926262117922306 0.008312431164085865
v 0.001384218456223607 0.016242923215031624 0.006159335374832153
v 0.0020942906849086285 0.019866561517119408 0.013205830939114094
v 0.0017984273144975305 0.02315467596054077 0.016846520826220512
v 0.0020942906849086285 0.019866561517119408 0.013205830939114094
v 0.00020076440705452114 0.01926262117922306 0.008312431164085865
v 0.0017984273144975305 0.02315467596054077 0.016846520826220512
v 0.0020942906849086285 0.019866561517119408 0.013205830939114094
v 0.0009700094815343618 0.024362554773688316 0.025106580927968025
v 0.000674145994707942 0.01926262117922306 0.026163553819060326
v -0.00033178989542648196 0.012887703254818916 0.005572127178311348
v 0.001384218456223607 0.016242923215031624 0.006159335374832153
v -0.0002726172097027302 0.013558747246861458 0.0016965543618425727
v 0.000674145994707942 0.01537056639790535 0.019547678530216217
v -0.003586288308724761 0.014296895824372768 0.0156721044331789
v -0.00033178989542648196 0.012887703254818916 0.005572127178311348
v 0.0020942906849086285 0.019866561517119408 0.013205830939114094
v 0.001384218456223607 0.016242923215031624 0.006159335374832153
v 0.000674145994707942 0.01537056639790535 0.019547678530216217
v 0.000674145994707942 0.01537056639790535 0.019547678530216217
v 0.000674145994707942 0.01926262117922306 0.026163553819060326
v -0.002639525104314089 0.01892709918320179 0.02557634562253952
v 0.000674145994707942 0.01537056639790535 0.019547678530216217
v 0.000674145994707942 0.01926262117922306 0.026163553819060326
v 0.0020942906849086285 0.019866561517119408 0.013205830939114094
v -0.0002726172097027302 0.013558747246861458 0.0016965543618425727
v -0.0021661436185240746 0.011948241852223873 0.0025969399139285088
v -0.0021661436185240746 0.013021912425756454 -0.00014336399908643216
v -0.0002726172097027302 0.013558747246861458 0.0016965543618425727
v -0.0021661436185240746 0.011948241852223873 0.0025969399139285088
v -0.00033178989542648196 0.012887703254818916 0.005572127178311348
v 0.00025993710733018816 0.017383698374032974 0.005454685539007187
v -0.0002726172097027302 0.013558747246861458 0.0016965543618425727
v -0.0019886253867298365 0.017853429540991783 0.0043585640378296375
v -0.0021661436185240746 0.013021912425756454 -0.00014336399908643216
v 0.001384218456223607 0.016242923215031624 0.006159335374832153
v -0.0002726172097027302 0.013558747246861458 0.0016965543618425727
v 0.00025993710733018816 0.017383698374032974 0.005454685539007187
v -0.00033178989542648196 0.012887703254818916 0.005572127178311348
v -0.0021661436185240746 0.011948241852223873 0.0025969399139285088
v -0.003349597565829754 0.012887703254818916 0.009604289196431637
v -0.00033178989542648196 0.012887703254818916 0.005572127178311348
v -0.003586288308724761 0.014296895824372768 0.0156721044331789
v -0.003349597565829754 0.012887703254818916 0.009604289196431637
v -0.004828914999961853 0.014833730645477772 0.008077547885477543
v -0.003349597565829754 0.012887703254818916 0.009604289196431637
v -0.0021661436185240746 0.011948241852223873 0.0025969399139285088
v -0.004828914999961853 0.014833730645477772 0.008077547885477543
v -0.0021661436185240746 0.013021912425756454 -0.00014336399908643216
v -0.0021661436185240746 0.011948241852223873 0.0025969399139285088
v -0.0021661436185240746 0.013021912425756454 -0.00014336399908643216
v -0.0019886253867298365 0.017853429540991783 0.0043585640378296375
v -0.0031129068229347467 0.015974504873156548 0.0034973255824297667
v -0.0021661436185240746 0.013021912425756454 -0.00014336399908643216
v -0.004828914999961853 0.014833730645477772 0.008077547885477543
v -0.0031129068229347467 0.015974504873156548 0.0034973255824297667
v 0.00020076440705452114 0.01926262117922306 0.008312431164085865
v -0.0019886253867298365 0.017853429540991783 0.0043585640378296375
v 0.00025993710733018816 0.017383698374032974 0.005454685539007187
v -0.003053734079003334 0.018323158845305443 0.006746543105691671
v -0.0019886253867298365 0.017853429540991783 0.0043585640378296375
v -0.0031129068229347467 0.015974504873156548 0.0034973255824297667
v -0.003231252310797572 0.02181258797645569 0.012696917168796062
v 0.0017984273144975305 0.02315467596054077 0.016846520826220512
v -0.003527115797623992 0.023423094302415848 0.02240542322397232
v 0.0009700094815343618 0.024362554773688316 0.025106580927968025
v -0.003527115797623992 0.023423094302415848 0.02240542322397232
v 0.0009700094815343618 0.024362554773688316 0.025106580927968025
v -0.001278553158044815 0.024027032777667046 0.03281857818365097
v -0.001278553158044815 0.024027032777667046 0.03281857818365097
v 0.000674145994707942 0.01926262117922306 0.026163553819060326
v 0.0009700094815343618 0.024362554773688316 0.025106580927968025
v -0.002639525104314089 0.01892709918320179 0.02557634562253952
v -0.003586288308724761 0.014296895824372768 0.0156721044331789
v -0.003822979284450412 0.017853429540991783 0.020996123552322388
v -0.003586288308724761 0.014296895824372768 0.0156721044331789
v -0.004828914999961853 0.014833730645477772 0.008077547885477543
v -0.003349597565829754 0.012887703254818916 0.009604289196431637
v -0.003586288308724761 0.014296895824372768 0.0156721044331789
v -0.004828914999961853 0.014833730645477772 0.008077547885477543
v -0.003822979284450412 0.017853429540991783 0.020996123552322388
v -0.003527115797623992 0.023423094302415848 0.02240542322397232
v -0.002639525104314089 0.01892709918320179 0.02557634562253952
v -0.001278553158044815 0.024027032777667046 0.03281857818365097
v -0.003527115797623992 0.023423094302415848 0.02240542322397232
v -0.002639525104314089 0.01892709918320179 0.02557634562253952
v -0.003822979284450412 0.017853429540991783 0.020996123552322388
v -0.004769742488861084 0.021141543984413147 0.013284125365316868
v -0.004828914999961853 0.014833730645477772 0.008077547885477543
v -0.003822979284450412 0.017853429540991783 0.020996123552322388
v -0.003822979284450412 0.017853429540991783 0.020996123552322388
v -0.004769742488861084 0.021141543984413147 0.013284125365316868
v -0.003527115797623992 0.023423094302415848 0.02240542322397232
v -0.004828914999961853 0.014833730645477772 0.008077547885477543
v -0.003053734079003334 0.018323158845305443 0.006746543105691671
v -0.0031129068229347467 0.015974504873156548 0.0034973255824297667
v -0.001278553158044815 0.024027032777667046 0.03281857818365097
v 0.000674145994707942 0.01926262117922306 0.026163553819060326
v -0.002639525104314089 0.01892709918320179 0.02557634562253952
v -0.004828914999961853 0.014833730645477772 0.008077547885477543
v -0.004769742488861084 0.021141543984413147 0.013284125365316868
v -0.003053734079003334 0.018323158845305443 0.006746543105691671
v -0.003231252310797572 0.02181258797645569 0.012696917168796062
v -0.003053734079003334 0.018323158845305443 0.006746543105691671
v 0.00020076440705452114 0.01926262117922306 0.008312431164085865
v -0.004769742488861084 0.021141543984413147 0.013284125365316868
v -0.003231252310797572 0.02181258797645569 0.012696917168796062
v -0.003053734079003334 0.018323158845305443 0.006746543105691671
v -0.00033178989542648196 0.012887703254818916 0.005572127178311348
v 0.000674145994707942 0.01537056639790535 0.019547678530216217
v 0.001384218456223607 0.016242923215031624 0.006159335374832153
v -0.003231252310797572 0.02181258797645569 0.012696917168796062
v -0.004769742488861084 0.021141543984413147 0.013284125365316868
v -0.003527115797623992 0.023423094302415848 0.02240542322397232
v 0.0017984273144975305 0.02315467596054077 0.016846520826220512
v -0.003231252310797572 0.02181258797645569 0.012696917168796062
v 0.00020076440705452114 0.01926262117922306 0.008312431164085865
v -0.002639525104314089 0.01892709918320179 0.02557634562253952
v -0.003586288308724761 0.014296895824372768 0.0156721044331789
v 0.000674145994707942 0.01537056639790535 0.019547678530216217
v 0.00020076440705452114 0.01926262117922306 0.008312431164085865
v -0.003053734079003334 0.018323158845305443 0.006746543105691671
v -0.0019886253867298365 0.017853429540991783 0.0043585640378296375
v 0.034639276564121246 0.035636093467473984 0.01860814541578293
v 0.032509058713912964 0.03402559086680412 0.016455048695206642
v 0.03605942055583 0.035032156854867935 0.017746906727552414
v 0.03209485113620758 0.03087168186903 0.012227151542901993
v 0.028544487431645393 0.02865723706781864 0.009721730835735798
v 0.03209485113620758 0.03087168186903 0.012227151542901993
v 0.032509058713912964 0.03402559086680412 0.016455048695206642
v 0.025408335030078888 0.026577001437544823 0.002205468015745282
v 0.028544487431645393 0.02865723706781864 0.009721730835735798
v 0.03209485113620758 0.03087168186903 0.012227151542901993
v 0.03801212087273598 0.03832026943564415 0.017042256891727448
v 0.03824881091713905 0.0389242097735405 0.020956976339221
v 0.03605942055583 0.035032156854867935 0.017746906727552414
v 0.03375168517231941 0.032750606536865234 0.004710888955742121
v 0.03801212087273598 0.03832026943564415 0.017042256891727448
v 0.033041611313819885 0.037783436477184296 0.007568634580820799
v 0.03209485113620758 0.03087168186903 0.012227151542901993
v 0.03375168517231941 0.032750606536865234 0.004710888955742121
v 0.03605942055583 0.035032156854867935 0.017746906727552414
v 0.03375168517231941 0.032750606536865234 0.004710888955742121
v 0.027775242924690247 0.03221376985311508 -0.00026080559473484755
v 0.029195386916399002 0.02912696823477745 -0.00041739438893273473
v 0.03375168517231941 0.032750606536865234 0.004710888955742121
v 0.03209485113620758 0.03087168186903 0.012227151542901993
v 0.029195386916399002 0.02912696823477745 -0.00041739438893273473
v 0.03824881091713905 0.0389242097735405 0.020956976339221
v 0.038071293383836746 0.0412057600915432 0.022327128797769547
v 0.03836715593934059 0.04107155278325081 0.01939108967781067
v 0.03824881091713905 0.0389242097735405 0.020956976339221
v 0.03801212087273598 0.03832026943564415 0.017042256891727448
v 0.03836715593934059 0.04107155278325081 0.01939108967781067
v 0.034639276564121246 0.035636093467473984 0.01860814541578293
v 0.03327830508351326 0.037582121789455414 0.019547678530216217
v 0.03824881091713905 0.0389242097735405 0.020956976339221
v 0.038071293383836746 0.0412057600915432 0.022327128797769547
v 0.03605942055583 0.035032156854867935 0.017746906727552414
v 0.034639276564121246 0.035636093467473984 0.01860814541578293
v 0.03824881091713905 0.0389242097735405 0.020956976339221
v 0.03801212087273598 0.03832026943564415 0.017042256891727448
v 0.03558604046702385 0.03979656845331192 0.012931800447404385
v 0.03836715593934059 0.04107155278325081 0.01939108967781067
v 0.03801212087273598 0.03832026943564415 0.017042256891727448
v 0.03558604046702385 0.03979656845331192 0.012931800447404385
v 0.033041611313819885 0.037783436477184296 0.007568634580820799
v 0.033514995127916336 0.04046761244535446 0.014810866676270962
v 0.03836715593934059 0.04107155278325081 0.01939108967781067
v 0.03558604046702385 0.03979656845331192 0.012931800447404385
v 0.033514995127916336 0.04046761244535446 0.014810866676270962
v 0.03836715593934059 0.04107155278325081 0.01939108967781067
v 0.038071293383836746 0.0412057600915432 0.022327128797769547
v 0.038071293383836746 0.0412057600915432 0.022327128797769547
v 0.0343434140086174 0.03959525376558304 0.01966511830687523
v 0.03327830508351326 0.037582121789455414 0.019547678530216217
v 0.038071293383836746 0.0412057600915432 0.022327128797769547
v 0.0343434140086174 0.03959525376558304 0.01966511830687523
v 0.033514995127916336 0.04046761244535446 0.014810866676270962
v 0.032509058713912964 0.03402559086680412 0.016455048695206642
v 0.034639276564121246 0.035636093467473984 0.01860814541578293
v 0.03327830508351326 0.037582121789455414 0.019547678530216217
v 0.031858157366514206 0.037582121789455414 0.017316287383437157
v 0.0343434140086174 0.03959525376558304 0.01966511830687523
v 0.03327830508351326 0.037582121789455414 0.019547678530216217
v 0.027716070413589478 0.03449532017111778 0.01273606438189745
v 0.024284053593873978 0.031475622206926346 0.004006239119917154
v 0.028544487431645393 0.02865723706781864 0.009721730835735798
v 0.025408335030078888 0.026577001437544823 0.002205468015745282
v 0.024284053593873978 0.031475622206926346 0.004006239119917154
v 0.02292308211326599 0.026778314262628555 -0.005467383190989494
v 0.025408335030078888 0.026577001437544823 0.002205468015745282
v 0.02292308211326599 0.026778314262628555 -0.005467383190989494
v 0.025408335030078888 0.026577001437544823 0.002205468015745282
v 0.029195386916399002 0.02912696823477745 -0.00041739438893273473
v 0.027775242924690247 0.03221376985311508 -0.00026080559473484755
v 0.028958696871995926 0.03489794582128525 0.0036147672217339277
v 0.033041611313819885 0.037783436477184296 0.007568634580820799
v 0.033041611313819885 0.037783436477184296 0.007568634580820799
v 0.03558604046702385 0.03979656845331192 0.012931800447404385
v 0.033514995127916336 0.04046761244535446 0.014810866676270962
v 0.033041611313819885 0.037783436477184296 0.007568634580820799
v 0.028958696871995926 0.03489794582128525 0.0036147672217339277
v 0.033514995127916336 0.04046761244535446 0.014810866676270962
v 0.024284053593873978 0.031475622206926346 0.004006239119917154
v 0.02292308211326599 0.026778314262628555 -0.005467383190989494
v 0.027775242924690247 0.03221376985311508 -0.00026080559473484755
v 0.024284053593873978 0.031475622206926346 0.004006239119917154
v 0.028958696871995926 0.03489794582128525 0.0036147672217339277
v 0.027775242924690247 0.03221376985311508 -0.00026080559473484755
v 0.027301860973238945 0.035971615463495255 0.011796532198786736
v 0.028958696871995926 0.03489794582128525 0.0036147672217339277
v 0.033514995127916336 0.04046761244535446 0.014810866676270962
v 0.028958696871995926 0.03489794582128525 0.0036147672217339277
v 0.024284053593873978 0.031475622206926346 0.004006239119917154
v 0.027301860973238945 0.035971615463495255 0.011796532198786736
v 0.033514995127916336 0.04046761244535446 0.014810866676270962
v 0.0343434140086174 0.03959525376558304 0.01966511830687523
v 0.031858157366514206 0.037582121789455414 0.017316287383437157
v 0.02292308211326599 0.026778314262628555 -0.005467383190989494
v 0.027775242924690247 0.03221376985311508 -0.00026080559473484755
v 0.029195386916399002 0.02912696823477745 -0.00041739438893273473
v 0.033514995127916336 0.04046761244535446 0.014810866676270962
v 0.031858157366514206 0.037582121789455414 0.017316287383437157
v 0.027301860973238945 0.035971615463495255 0.011796532198786736
v 0.027716070413589478 0.03449532017111778 0.01273606438189745
v 0.032509058713912964 0.03402559086680412 0.016455048695206642
v 0.031858157366514206 0.037582121789455414 0.017316287383437157
v 0.027301860973238945 0.035971615463495255 0.011796532198786736
v 0.031858157366514206 0.037582121789455414 0.017316287383437157
v 0.027716070413589478 0.03449532017111778 0.01273606438189745
v 0.03801212087273598 0.03832026943564415 0.017042256891727448
v 0.03605942055583 0.035032156854867935 0.017746906727552414
v 0.03375168517231941 0.032750606536865234 0.004710888955742121
v 0.027716070413589478 0.03449532017111778 0.01273606438189745
v 0.024284053593873978 0.031475622206926346 0.004006239119917154
v 0.027301860973238945 0.035971615463495255 0.011796532198786736
v 0.028544487431645393 0.02865723706781864 0.009721730835735798
v 0.032509058713912964 0.03402559086680412 0.016455048695206642
v 0.027716070413589478 0.03449532017111778 0.01273606438189745
v 0.025408335030078888 0.026577001437544823 0.002205468015745282
v 0.03209485113620758 0.03087168186903 0.012227151542901993
v 0.029195386916399002 0.02912696823477745 -0.00041739438893273473
v 0.027775242924690247 0.03221376985311508 -0.00026080559473484755
v 0.033041611313819885 0.037783436477184296 0.007568634580820799
v 0.03375168517231941 0.032750606536865234 0.004710888955742121
v 0.032509058713912964 0.03402559086680412 0.016455048695206642
v 0.031858157366514206 0.037582121789455414 0.017316287383437157
v 0.03327830508351326 0.037582121789455414 0.019547678530216217
v -0.01216632965952158 0.03818606212735176 0.022327128797769547
v -0.017136836424469948 0.04040050879120827 0.03152672201395035
v -0.014888274483382702 0.036642659455537796 0.027103086933493614
v -0.01530248299241066 0.03006642870604992 0.013479861430823803
v -0.01358647458255291 0.028053296729922295 -0.0009263079846277833
v -0.01690014638006687 0.025838851928710938 -0.0005739831831306219
v -0.015657519921660423 0.03328743949532509 0.02424534223973751
v -0.014888274483382702 0.036642659455537796 0.027103086933493614
v -0.017136836424469948 0.04040050879120827 0.03152672201395035
v -0.014888274483382702 0.036642659455537796 0.027103086933493614
v -0.01216632965952158 0.03818606212735176 0.022327128797769547
v -0.015657519921660423 0.03328743949532509 0.02424534223973751
v -0.012817229144275188 0.03483084216713905 0.018921323120594025
v -0.020687198266386986 0.03979656845331192 0.02651587873697281
v -0.019622089341282845 0.03382427617907524 0.022366276010870934
v -0.020687198266386986 0.03409269452095032 0.01939108967781067
v -0.019622089341282845 0.03382427617907524 0.022366276010870934
v -0.017136836424469948 0.04040050879120827 0.03152672201395035
v -0.020687198266386986 0.03979656845331192 0.02651587873697281
v -0.017136836424469948 0.04040050879120827 0.03152672201395035
v -0.015657519921660423 0.03328743949532509 0.02424534223973751
v -0.019622089341282845 0.03382427617907524 0.022366276010870934
v -0.012817229144275188 0.03483084216713905 0.018921323120594025
v -0.015657519921660423 0.03328743949532509 0.02424534223973751
v -0.01530248299241066 0.03006642870604992 0.013479861430823803
v -0.015657519921660423 0.03328743949532509 0.02424534223973751
v -0.01530248299241066 0.03006642870604992 0.013479861430823803
v -0.01873449981212616 0.030334847047924995 0.012696917168796062
v -0.01690014638006687 0.025838851928710938 -0.0005739831831306219
v -0.01873449981212616 0.030334847047924995 0.012696917168796062
v -0.019622089341282845 0.03382427617907524 0.022366276010870934
v -0.015657519921660423 0.03328743949532509 0.02424534223973751
v -0.019622089341282845 0.03382427617907524 0.022366276010870934
v -0.020687198266386986 0.03409269452095032 0.01939108967781067
v -0.01873449981212616 0.030334847047924995 0.012696917168796062
v -0.017136836424469948 0.04040050879120827 0.03152672201395035
v -0.016781801357865334 0.042145222425460815 0.027220528572797775
v -0.01216632965952158 0.03818606212735176 0.022327128797769547
v -0.014947446994483471 0.041943907737731934 0.02346239797770977
v -0.01873449981212616 0.04187680408358574 0.024832550436258316
v -0.020687198266386986 0.03979656845331192 0.02651587873697281
v -0.021278925240039825 0.03946104645729065 0.021661626175045967
v -0.017136836424469948 0.04040050879120827 0.03152672201395035
v -0.016781801357865334 0.042145222425460815 0.027220528572797775
v -0.020687198266386986 0.03979656845331192 0.02651587873697281
v -0.01873449981212616 0.04187680408358574 0.024832550436258316
v -0.021456444635987282 0.035636093467473984 0.013284125365316868
v -0.020687198266386986 0.03409269452095032 0.01939108967781067
v -0.021278925240039825 0.03946104645729065 0.021661626175045967
v -0.020687198266386986 0.03979656845331192 0.02651587873697281
v -0.020687198266386986 0.03409269452095032 0.01939108967781067
v -0.021456444635987282 0.035636093467473984 0.013284125365316868
v -0.020864717662334442 0.03073747269809246 -0.0019441351760178804
v -0.020687198266386986 0.03409269452095032 0.01939108967781067
v -0.01873449981212616 0.030334847047924995 0.012696917168796062
v -0.020864717662334442 0.03073747269809246 -0.0019441351760178804
v -0.01690014638006687 0.025838851928710938 -0.0005739831831306219
v -0.011633775196969509 0.03087168186903 -0.001513515948317945
v -0.012817229144275188 0.03483084216713905 0.018921323120594025
v -0.011929638683795929 0.03496504947543144 0.011013587936758995
v -0.01216632965952158 0.03818606212735176 0.022327128797769547
v -0.012817229144275188 0.03483084216713905 0.018921323120594025
v -0.011633775196969509 0.03087168186903 -0.001513515948317945
v -0.01530248299241066 0.03006642870604992 0.013479861430823803
v -0.01358647458255291 0.028053296729922295 -0.0009263079846277833
v -0.013172266073524952 0.039729464799165726 0.014771719463169575
v -0.01216632965952158 0.03818606212735176 0.022327128797769547
v -0.014947446994483471 0.041943907737731934 0.02346239797770977
v -0.013172266073524952 0.039729464799165726 0.014771719463169575
v -0.01216632965952158 0.03818606212735176 0.022327128797769547
v -0.011929638683795929 0.03496504947543144 0.011013587936758995
v -0.013172266073524952 0.039729464799165726 0.014771719463169575
v -0.011633775196969509 0.03087168186903 -0.001513515948317945
v -0.011929638683795929 0.03496504947543144 0.011013587936758995
v -0.01476992852985859 0.035837408155202866 -0.0029228152707219124
v -0.018497807905077934 0.03382427617907524 -0.002609637565910816
v -0.016308419406414032 0.03872289881110191 0.007999253459274769
v -0.01861615478992462 0.039997879415750504 0.013832186348736286
v -0.021278925240039825 0.03946104645729065 0.021661626175045967
v -0.01861615478992462 0.039997879415750504 0.013832186348736286
v -0.021456444635987282 0.035636093467473984 0.013284125365316868
v -0.018497807905077934 0.03382427617907524 -0.002609637565910816
v -0.020864717662334442 0.03073747269809246 -0.0019441351760178804
v -0.01873449981212616 0.04187680408358574 0.024832550436258316
v -0.01861615478992462 0.039997879415750504 0.013832186348736286
v -0.01648593693971634 0.040668923407793045 0.016650784760713577
v -0.016781801357865334 0.042145222425460815 0.027220528572797775
v -0.014947446994483471 0.041943907737731934 0.02346239797770977
v -0.01873449981212616 0.04187680408358574 0.024832550436258316
v -0.01648593693971634 0.040668923407793045 0.016650784760713577
v -0.01648593693971634 0.040668923407793045 0.016650784760713577
v -0.014947446994483471 0.041943907737731934 0.02346239797770977
v -0.013172266073524952 0.039729464799165726 0.014771719463169575
v -0.013172266073524952 0.039729464799165726 0.014771719463169575
v -0.016308419406414032 0.03872289881110191 0.007999253459274769
v -0.01476992852985859 0.035837408155202866 -0.0029228152707219124
v -0.011633775196969509 0.03087168186903 -0.001513515948317945
v -0.01476992852985859 0.035837408155202866 -0.0029228152707219124
v -0.013172266073524952 0.039729464799165726 0.014771719463169575
v -0.01648593693971634 0.040668923407793045 0.016650784760713577
v -0.01861615478992462 0.039997879415750504 0.013832186348736286
v -0.013172266073524952 0.039729464799165726 0.014771719463169575
v -0.016308419406414032 0.03872289881110191 0.007999253459274769
v -0.01861615478992462 0.039997879415750504 0.013832186348736286
v -0.01873449981212616 0.04187680408358574 0.024832550436258316
v -0.021278925240039825 0.03946104645729065 0.021661626175045967
v -0.012817229144275188 -0.020328974351286888 0.014262805692851543
v -0.012817229144275188 -0.020328974351286888 0.014262805692851543
v -0.013172266073524952 0.039729464799165726 0.014771719463169575
v -0.013172266073524952 0.039729464799165726 0.014771719463169575
vn 0.7935867309570312 -0.5849680304527283 0.16742929816246033
vn 0.7935867309570312 -0.5849680304527283 0.16742929816246033
vn 0.7935867309570312 -0.5849680304527283 0.16742929816246033
vn 0.7887104749679565 -0.6038116216659546 0.11553031951189041
vn -0.07541196793317795 -0.9822524785995483 0.17173540592193604
vn -0.07541196793317795 -0.9822524785995483 0.17173540592193604
vn -0.07541196793317795 -0.9822524785995483 0.17173540592193604
vn -0.08101790398359299 -0.9825494885444641 0.16742929816246033
vn -0.9749260544776917 -0.14658311009407043 0.16742929816246033
vn -0.9749260544776917 -0.14658311009407043 0.16742929816246033
vn -0.9749260544776917 -0.14658311009407043 0.16742929816246033
vn -0.7088887095451355 0.6861987113952637 0.16312000155448914
vn -0.7088887095451355 0.6861987113952637 0.16312000155448914
vn -0.7088887095451355 0.6861987113952637 0.16312000155448914
vn -0.7625412940979004 0.6174128651618958 0.19321508705615997
vn -0.7625412940979004 0.6174128651618958 0.19321508705615997
vn -0.7625412940979004 0.6174128651618958 0.19321508705615997
vn -0.7735406756401062 0.6123942136764526 0.16312000155448914
vn -0.9747632741928101 -0.2097645252943039 0.0763898640871048
vn -0.9747632741928101 -0.2097645252943039 0.0763898640871048
vn -0.9747632741928101 -0.2097645252943039 0.0763898640871048
vn 0.3239735960960388 0.9287192225456238 0.18033768236637115
vn 0.3239735960960388 0.9287192225456238 0.18033768236637115
vn 0.3239735960960388 0.9287192225456238 0.18033768236637115
vn 0.9351052045822144 0.3189207911491394 0.15449213981628418
vn 0.9351052045822144 0.3189207911491394 0.15449213981628418
vn 0.9351052045822144 0.3189207911491394 0.15449213981628418
vn 0.9426607489585876 -0.31899333000183105 0.0981530249118805
vn 0.9426607489585876 -0.31899333000183105 0.0981530249118805
vn 0.9426607489585876 -0.31899333000183105 0.0981530249118805
vn 0.9284439086914062 0.35444170236587524 0.1111890971660614
vn 0.9284439086914062 0.35444170236587524 0.1111890971660614
vn 0.9284439086914062 0.35444170236587524 0.1111890971660614
vn 0.8589231967926025 0.5104203224182129 0.04149730131030083
vn 0.8589231967926025 0.5104203224182129 0.04149730131030083
vn 0.8589231967926025 0.5104203224182129 0.04149730131030083
vn 0.7794641256332397 0.6222917437553406 0.07203252613544464
vn 0.7794641256332397 0.6222917437553406 0.07203252613544464
vn 0.7794641256332397 0.6222917437553406 0.07203252613544464
vn 0.11676342785358429 0.9905440807342529 0.07203252613544464
vn 0.11676342785358429 0.9905440807342529 0.07203252613544464
vn 0.11676342785358429 0.9905440807342529 0.07203252613544464
vn 0.11676342785358429 0.9905440807342529 0.07203252613544464
vn 0.7886805534362793 0.5972520709037781 0.1458524912595749
vn 0.7886805534362793 0.5972520709037781 0.1458524912595749
vn 0.7886805534362793 0.5972520709037781 0.1458524912595749
vn -0.8889519572257996 -0.4508265554904938 0.08074574917554855
vn -0.8889519572257996 -0.4508265554904938 0.08074574917554855
vn -0.8889519572257996 -0.4508265554904938 0.08074574917554855
vn -0.27395179867744446 -0.9579709768295288 0.08510008454322815
vn -0.27395179867744446 -0.9579709768295288 0.08510008454322815
vn -0.27395179867744446 -0.9579709768295288 0.08510008454322815
vn 0.9179922342300415 -0.3965924084186554 0.002184694167226553
vn 0.9179922342300415 -0.3965924084186554 -0.002184694167226553
vn 0.9179922342300415 -0.3965924084186554 0.002184694167226553
vn 0.9179922342300415 -0.3965924084186554 0.002184694167226553
vn 0.9500364065170288 -0.3047148287296295 0.06767380982637405
vn 0.9500364065170288 -0.3047148287296295 0.06767380982637405
vn 0.9500364065170288 -0.3047148287296295 0.06767380982637405
vn 0.7384083271026611 0.6743503212928772 0.002184694167226553
vn 0.7384083271026611 0.6743503212928772 0.002184694167226553
vn 0.7384083271026611 0.6743503212928772 0.002184694167226553
vn -0.8902056217193604 -0.44066619873046875 0.11553031951189041
vn -0.8902056217193604 -0.44066619873046875 0.11553031951189041
vn -0.8902056217193604 -0.44066619873046875 0.11553031951189041
vn -0.14482861757278442 0.9831895232200623 0.1111890971660614
vn -0.14482861757278442 0.9831895232200623 0.1111890971660614
vn -0.14482861757278442 0.9831895232200623 0.1111890971660614
vn -0.12796127796173096 0.9912378191947937 0.03276457265019417
vn -0.054723553359508514 0.9828610420227051 0.1760382205247879
vn -0.054723553359508514 0.9828610420227051 0.1760382205247879
vn -0.054723553359508514 0.9828610420227051 0.1760382205247879
vn 0.6230067610740662 0.7708485722541809 0.1328723281621933
vn 0.6230067610740662 0.7708485722541809 0.1328723281621933
vn 0.6230067610740662 0.7708485722541809 0.1328723281621933
vn 0.5891167521476746 0.8044289946556091 0.0763898640871048
vn 0.5891167521476746 0.8044289946556091 0.0763898640871048
vn 0.5891167521476746 0.8044289946556091 0.0763898640871048
vn 0.04528717324137688 0.9987804889678955 0.01966099627315998
vn 0.04528717324137688 0.9987804889678955 0.01966099627315998
vn 0.04528717324137688 0.9987804889678955 0.01966099627315998
vn -0.9986006617546082 0.05283859372138977 -0.002184694167226553
vn -0.9986006617546082 0.05283859372138977 -0.002184694167226553
vn -0.9986006617546082 0.05283859372138977 0.002184694167226553
vn -0.9910481572151184 0.090495765209198 0.0981530249118805
vn -0.9123803377151489 -0.3963027000427246 0.10250037163496017
vn -0.9123803377151489 -0.3963027000427246 0.10250037163496017
vn -0.9123803377151489 -0.3963027000427246 0.10250037163496017
vn -0.903365433216095 -0.4063331186771393 0.1372016966342926
vn -0.6130720376968384 0.7808802723884583 0.11986933648586273
vn -0.6130720376968384 0.7808802723884583 0.11986933648586273
vn -0.6130720376968384 0.7808802723884583 0.11986933648586273
vn -0.6459943652153015 0.7633390426635742 0.002184694167226553
vn -0.6459943652153015 0.7633390426635742 -0.002184694167226553
vn 0.242995485663414 -0.9676639437675476 0.06767380982637405
vn 0.242995485663414 -0.9676639437675476 0.06767380982637405
vn 0.242995485663414 -0.9676639437675476 0.06767380982637405
vn 0.242995485663414 -0.9676639437675476 0.06767380982637405
vn 0.2612491250038147 -0.9652689099311829 0.002184694167226553
vn 0.2612491250038147 -0.9652689099311829 0.002184694167226553
vn 0.2612491250038147 -0.9652689099311829 0.002184694167226553
vn -0.4104118347167969 -0.9118976593017578 -0.002184694167226553
vn -0.4104118347167969 -0.9118976593017578 -0.002184694167226553
vn -0.4104118347167969 -0.9118976593017578 -0.002184694167226553
vn 0.34189045429229736 -0.935046374797821 0.09380380809307098
vn 0.34189045429229736 -0.935046374797821 0.09380380809307098
vn 0.34189045429229736 -0.935046374797821 0.09380380809307098
vn 0.34189045429229736 -0.935046374797821 0.09380380809307098
vn -0.7710290551185608 -0.6310880780220032 0.08510008454322815
vn -0.7580334544181824 -0.6513921618461609 0.03276457265019417
vn -0.7580334544181824 -0.6513921618461609 0.03276457265019417
vn -0.7580334544181824 -0.6513921618461609 0.03276457265019417
vn -0.7580334544181824 -0.6513921618461609 0.03276457265019417
vn -0.18385392427444458 -0.9750746488571167 0.1242060661315918
vn -0.18385392427444458 -0.9750746488571167 0.1242060661315918
vn -0.18385392427444458 -0.9750746488571167 0.1242060661315918
vn -0.150320366024971 -0.9828467965126038 0.10684575140476227
vn 0.5974469780921936 -0.2000686228275299 0.7765498161315918
vn 0.5974469780921936 -0.2000686228275299 0.7765498161315918
vn 0.5974469780921936 -0.2000686228275299 0.7765498161315918
vn 0.7631933689117432 -0.6458710432052612 0.01966099627315998
vn 0.7631933689117432 -0.6458710432052612 0.01966099627315998
vn 0.7631933689117432 -0.6458710432052612 0.01966099627315998
vn 0.3221997320652008 -0.9134455323219299 0.24860523641109467
vn 0.3221997320652008 -0.9134455323219299 0.24860523641109467
vn 0.3221997320652008 -0.9134455323219299 0.24860523641109467
vn 0.7937721014022827 -0.4270857870578766 0.43303996324539185
vn 0.7937721014022827 -0.4270857870578766 0.43303996324539185
vn 0.7937721014022827 -0.4270857870578766 0.43303996324539185
vn 0.7937721014022827 -0.4270857870578766 0.43303996324539185
vn -0.6454580426216125 -0.5547497868537903 -0.5250110030174255
vn -0.647507905960083 -0.5488020181655884 -0.528724730014801
vn -0.6454580426216125 -0.5547497868537903 -0.5250110030174255
vn -0.4889257252216339 -0.811590313911438 -0.3198012113571167
vn -0.49037402868270874 -0.809071958065033 -0.3239381015300751
vn -0.4889257252216339 -0.811590313911438 -0.3198012113571167
vn -0.1654137223958969 -0.9671123027801514 -0.19321508705615997
vn -0.1654137223958969 -0.9671123027801514 -0.19321508705615997
vn -0.1654137223958969 -0.9671123027801514 -0.19321508705615997
vn 0.8266587853431702 -0.5027023553848267 0.25283506512641907
vn 0.8266587853431702 -0.5027023553848267 0.25283506512641907
vn 0.8266587853431702 -0.5027023553848267 0.25283506512641907
vn 0.23548680543899536 -0.905613362789154 -0.3527185618877411
vn 0.23548680543899536 -0.905613362789154 -0.3527185618877411
vn 0.23548680543899536 -0.905613362789154 -0.3527185618877411
vn 0.2262147068977356 -0.9111132025718689 -0.34452807903289795
vn 0.2262147068977356 -0.9111132025718689 -0.34452807903289795
vn 0.2262147068977356 -0.9111132025718689 -0.34452807903289795
vn 0.10918661952018738 -0.904049813747406 -0.41324591636657715
vn 0.10918661952018738 -0.904049813747406 -0.41324591636657715
vn 0.10168914496898651 -0.9049238562583923 -0.41324591636657715
vn -0.3259305953979492 -0.7153412103652954 -0.6181069612503052
vn -0.3259305953979492 -0.7153412103652954 -0.6181069612503052
vn -0.3259305953979492 -0.7153412103652954 -0.6181069612503052
vn 0.3180849254131317 0.3247458040714264 0.8907088041305542
vn 0.3180849254131317 0.3247458040714264 0.8907088041305542
vn 0.3180849254131317 0.3247458040714264 0.8907088041305542
vn 0.3180849254131317 0.3247458040714264 0.8907088041305542
vn -0.9055951237678528 0.4241376221179962 -0.002184694167226553
vn -0.9055951237678528 0.4241376221179962 -0.002184694167226553
vn -0.9055951237678528 0.4241376221179962 0.002184694167226553
vn -0.8898186683654785 0.371126651763916 0.26549527049064636
vn -0.8898186683654785 0.371126651763916 0.26549527049064636
vn -0.8898186683654785 0.371126651763916 0.26549527049064636
vn -0.8898186683654785 0.371126651763916 0.26549527049064636
vn -0.7564160823822021 -0.31638386845588684 -0.5724822878837585
vn -0.7564160823822021 -0.31638386845588684 -0.5724822878837585
vn -0.7564160823822021 -0.31638386845588684 -0.5724822878837585
vn -0.7564160823822021 -0.31638386845588684 -0.5724822878837585
vn -0.6675411462783813 -0.36577674746513367 -0.6485338807106018
vn -0.6675411462783813 -0.36577674746513367 -0.6485338807106018
vn -0.6675411462783813 -0.36577674746513367 -0.6485338807106018
vn -0.4018953740596771 -0.6155103445053101 -0.677958071231842
vn -0.4018953740596771 -0.6155103445053101 -0.677958071231842
vn -0.4018953740596771 -0.6155103445053101 -0.677958071231842
vn -0.4018953740596771 -0.6155103445053101 -0.677958071231842
vn 0.8583641052246094 -0.12029667943716049 0.4987381398677826
vn 0.8583641052246094 -0.12029667943716049 0.4987381398677826
vn 0.8583641052246094 -0.12029667943716049 0.4987381398677826
vn 0.8728814125061035 -0.15008409321308136 0.4642767012119293
vn 0.8565494418144226 -0.42923736572265625 0.2864931523799896
vn 0.8565494418144226 -0.42923736572265625 0.2864931523799896
vn 0.8565494418144226 -0.42923736572265625 0.2864931523799896
vn 0.8565494418144226 -0.42923736572265625 0.2864931523799896
vn 0.37731650471687317 0.5456166863441467 0.7482877969741821
vn 0.37731650471687317 0.5456166863441467 0.7482877969741821
vn 0.37731650471687317 0.5456166863441467 0.7482877969741821
vn 0.6543141603469849 0.3944459557533264 0.6452018022537231
vn 0.6543141603469849 0.3944459557533264 0.6452018022537231
vn 0.6543141603469849 0.3944459557533264 0.6452018022537231
vn 0.645463764667511 0.4139995574951172 0.641857385635376
vn 0.645463764667511 0.4139995574951172 0.641857385635376
vn 0.6543141603469849 0.3944459557533264 0.6452018022537231
vn -0.6285360455513 0.777777373790741 -0.002184694167226553
vn -0.6285360455513 0.777777373790741 -0.002184694167226553
vn -0.6285360455513 0.777777373790741 0.002184694167226553
vn -0.6285360455513 0.777777373790741 -0.002184694167226553
vn -0.827866792678833 0.44892242550849915 -0.3363112509250641
vn -0.827866792678833 0.44892242550849915 -0.3363112509250641
vn -0.827866792678833 0.44892242550849915 -0.3363112509250641
vn -0.8345520496368408 0.4425988495349884 -0.3280687630176544
vn -0.8345520496368408 0.4425988495349884 -0.3280687630176544
vn -0.46569570899009705 0.8267329335212708 0.31565824151039124
vn -0.46569570899009705 0.8267329335212708 0.31565824151039124
vn -0.46569570899009705 0.8267329335212708 0.31565824151039124
vn -0.45176228880882263 0.817680835723877 0.3568037748336792
vn -0.45176228880882263 0.817680835723877 0.3568037748336792
vn -0.45176228880882263 0.817680835723877 0.3568037748336792
vn -0.45176228880882263 0.817680835723877 0.3568037748336792
vn -0.2477779984474182 0.8724717497825623 0.42118772864341736
vn -0.2477779984474182 0.8724717497825623 0.42118772864341736
vn -0.2477779984474182 0.8724717497825623 0.42118772864341736
vn -0.22213618457317352 0.8812390565872192 0.417220801115036
vn -0.22213618457317352 0.8812390565872192 0.417220801115036
vn -0.22213618457317352 0.8812390565872192 0.417220801115036
vn 0.5199063420295715 0.5931970477104187 0.6146662831306458
vn 0.5199063420295715 0.5931970477104187 0.6146662831306458
vn 0.5199063420295715 0.5931970477104187 0.6146662831306458
vn -0.29999861121177673 0.8744775056838989 0.3811691105365753
vn -0.29999861121177673 0.8744775056838989 0.3811691105365753
vn -0.29999861121177673 0.8744775056838989 0.3811691105365753
vn -0.29999861121177673 0.8744775056838989 0.3811691105365753
vn -0.786505401134491 0.6161876320838928 -0.04149730131030083
vn -0.786505401134491 0.6161876320838928 -0.04149730131030083
vn -0.786505401134491 0.6161876320838928 -0.04149730131030083
vn -0.896954357624054 0.38888683915138245 0.2103329300880432
vn -0.896954357624054 0.38888683915138245 0.2103329300880432
vn -0.896954357624054 0.38888683915138245 0.2103329300880432
vn -0.8879755139350891 0.4132597744464874 0.2017817199230194
vn -0.14774055778980255 0.6763313412666321 0.7216291427612305
vn -0.14774055778980255 0.6763313412666321 0.7216291427612305
vn -0.14774055778980255 0.6763313412666321 0.7216291427612305
vn -0.14035582542419434 0.6681790947914124 0.7306414246559143
vn 0.8484916687011719 -0.022627273574471474 0.528724730014801
vn 0.8484916687011719 -0.022627273574471474 0.528724730014801
vn 0.8484916687011719 -0.022627273574471474 0.528724730014801
vn 0.7570861577987671 -0.6517032980918884 -0.04586252197623253
vn 0.7570861577987671 -0.6517032980918884 -0.04586252197623253
vn 0.7570861577987671 -0.6517032980918884 -0.04586252197623253
vn 0.7792107462882996 -0.6220893859863281 0.0763898640871048
vn 0.7792107462882996 -0.6220893859863281 0.0763898640871048
vn 0.7792107462882996 -0.6220893859863281 0.0763898640871048
vn 0.7825018167495728 -0.6226444840431213 0.002184694167226553
vn 0.8642159700393677 0.09032726287841797 0.4949462115764618
vn 0.8642159700393677 0.09032726287841797 0.4949462115764618
vn 0.8642159700393677 0.09032726287841797 0.4949462115764618
vn -0.19097784161567688 -0.8270293474197388 -0.528724730014801
vn -0.19097784161567688 -0.8270293474197388 -0.528724730014801
vn -0.19097784161567688 -0.8270293474197388 -0.528724730014801
vn -0.8740496635437012 -0.32527101039886475 -0.36088213324546814
vn -0.8740496635437012 -0.32527101039886475 -0.36088213324546814
vn -0.8740496635437012 -0.32527101039886475 -0.36088213324546814
vn -0.9744431972503662 0.22462347149848938 -0.002184694167226553
vn -0.9744431972503662 0.22462347149848938 -0.002184694167226553
vn -0.9744431972503662 0.22462347149848938 -0.002184694167226553
vn -0.8414342999458313 -0.31787076592445374 -0.43697428703308105
vn -0.8414342999458313 -0.31787076592445374 -0.43697428703308105
vn -0.8414342999458313 -0.31787076592445374 -0.43697428703308105
vn -0.7410721182823181 -0.43221691250801086 -0.5138099193572998
vn -0.7410721182823181 -0.43221691250801086 -0.5138099193572998
vn -0.7410721182823181 -0.43221691250801086 -0.5138099193572998
vn -0.6401167511940002 -0.5042667388916016 -0.5796254277229309
vn -0.6401167511940002 -0.5042667388916016 -0.5796254277229309
vn -0.6401167511940002 -0.5042667388916016 -0.5796254277229309
vn 0.04154357314109802 -0.8336074948310852 -0.5507928133010864
vn 0.04154357314109802 -0.8336074948310852 -0.5507928133010864
vn 0.04154357314109802 -0.8336074948310852 -0.5507928133010864
vn 0.04154357314109802 -0.8336074948310852 -0.5507928133010864
vn -0.6776710152626038 -0.5297210216522217 -0.5100564956665039
vn -0.6776710152626038 -0.5297210216522217 -0.5100564956665039
vn -0.6776710152626038 -0.5297210216522217 -0.5100564956665039
vn 0.7542377710342407 0.30170515179634094 0.5831804275512695
vn 0.7542377710342407 0.30170515179634094 0.5831804275512695
vn 0.7542377710342407 0.30170515179634094 0.5831804275512695
vn 0.08275792002677917 0.7393064498901367 0.6682642698287964
vn 0.08275792002677917 0.7393064498901367 0.6682642698287964
vn 0.08275792002677917 0.7393064498901367 0.6682642698287964
vn -0.9447644352912903 0.315306693315506 -0.08945280313491821
vn -0.9447644352912903 0.315306693315506 -0.08945280313491821
vn -0.9447644352912903 0.315306693315506 -0.08945280313491821
vn -0.9447644352912903 0.315306693315506 -0.08945280313491821
vn -0.9602774977684021 0.26121464371681213 -0.0981530249118805
vn -0.9602774977684021 0.26121464371681213 -0.0981530249118805
vn -0.9602774977684021 0.26121464371681213 -0.0981530249118805
vn -0.5661624670028687 -0.4914906620979309 -0.661737859249115
vn -0.5661624670028687 -0.4914906620979309 -0.661737859249115
vn -0.5661624670028687 -0.4914906620979309 -0.661737859249115
vn 0.7232281565666199 0.23737062513828278 0.6485338807106018
vn 0.7232281565666199 0.23737062513828278 0.6485338807106018
vn 0.7232281565666199 0.23737062513828278 0.6485338807106018
vn 0.28390252590179443 -0.8346356153488159 -0.4719987213611603
vn 0.28390252590179443 -0.8346356153488159 -0.4719987213611603
vn 0.28390252590179443 -0.8346356153488159 -0.4719987213611603
vn 0.2746596336364746 -0.835543155670166 -0.4758462607860565
vn 0.17811155319213867 -0.8797063231468201 -0.4409002661705017
vn 0.17811155319213867 -0.8797063231468201 -0.4409002661705017
vn 0.17811155319213867 -0.8797063231468201 -0.4409002661705017
vn -0.4804602861404419 -0.6612968444824219 -0.5760593414306641
vn -0.4804602861404419 -0.6612968444824219 -0.5760593414306641
vn -0.4804602861404419 -0.6612968444824219 -0.5760593414306641
vn -0.44325369596481323 -0.6621018052101135 -0.6042742133140564
vn -0.44325369596481323 -0.6621018052101135 -0.6042742133140564
vn -0.44325369596481323 -0.6621018052101135 -0.6042742133140564
vn 0.11299622058868408 -0.8341715931892395 -0.5398051738739014
vn 0.11299622058868408 -0.8341715931892395 -0.5398051738739014
vn 0.11299622058868408 -0.8341715931892395 -0.5398051738739014
vn 0.9358293414115906 -0.10544264316558838 0.3363112509250641
vn 0.9358293414115906 -0.10544264316558838 0.3363112509250641
vn 0.9358293414115906 -0.10544264316558838 0.3363112509250641
vn 0.9352419972419739 -0.14278143644332886 0.3239381015300751
vn 0.770307183265686 0.22332358360290527 0.5972883701324463
vn 0.770307183265686 0.22332358360290527 0.5972883701324463
vn 0.770307183265686 0.22332358360290527 0.5972883701324463
vn 0.7466026544570923 0.20850738883018494 0.6317508816719055
vn 0.6918942332267761 -0.6932290196418762 -0.2017817199230194
vn 0.6918942332267761 -0.6932290196418762 -0.2017817199230194
vn 0.6918942332267761 -0.6932290196418762 -0.2017817199230194
vn 0.714196503162384 -0.6715035438537598 -0.1975002884864807
vn 0.714196503162384 -0.6715035438537598 -0.1975002884864807
vn -0.4355611801147461 0.7091466188430786 0.5544344186782837
vn -0.4355611801147461 0.7091466188430786 0.5544344186782837
vn -0.4355611801147461 0.7091466188430786 0.5544344186782837
vn -0.4355611801147461 0.7091466188430786 0.5544344186782837
vn -0.4290003478527069 0.748081386089325 0.5062933564186096
vn -0.4290003478527069 0.748081386089325 0.5062933564186096
vn -0.4290003478527069 0.748081386089325 0.5062933564186096
vn 0.21348148584365845 0.671675980091095 0.7094202041625977
vn 0.21348148584365845 0.671675980091095 0.7094202041625977
vn 0.21348148584365845 0.671675980091095 0.7094202041625977
vn -0.4981907308101654 0.7171551585197449 0.48733407258987427
vn -0.4981907308101654 0.7171551585197449 0.48733407258987427
vn -0.4981907308101654 0.7171551585197449 0.48733407258987427
vn -0.4981907308101654 0.7171551585197449 0.48733407258987427
vn 0.5913218855857849 0.41097941994667053 0.6938546895980835
vn 0.5858258008956909 0.4489259421825409 0.67473965883255
vn 0.5858258008956909 0.4489259421825409 0.67473965883255
vn 0.5858258008956909 0.4489259421825409 0.67473965883255
vn 0.5858258008956909 0.4489259421825409 0.67473965883255
vn -0.043308403342962265 0.6619589924812317 0.7482877969741821
vn -0.043308403342962265 0.6619589924812317 0.7482877969741821
vn -0.043308403342962265 0.6619589924812317 0.7482877969741821
vn -0.060193441808223724 0.6928163170814514 0.7185974717140198
vn 0.29908639192581177 0.5230604410171509 0.7980946898460388
vn 0.29908639192581177 0.5230604410171509 0.7980946898460388
vn 0.29908639192581177 0.5230604410171509 0.7980946898460388
vn 0.31851130723953247 0.51146399974823 0.7980946898460388
vn 0.6605958342552185 -0.35456472635269165 0.661737859249115
vn 0.6605958342552185 -0.35456472635269165 0.661737859249115
vn 0.6605958342552185 -0.35456472635269165 0.661737859249115
vn 0.6632004380226135 -0.36184170842170715 0.6551609039306641
vn 0.09238797426223755 -0.9585006833076477 -0.26970529556274414
vn 0.09238797426223755 -0.9585006833076477 -0.26970529556274414
vn 0.09238797426223755 -0.9585006833076477 -0.26970529556274414
vn -0.5345430374145508 -0.5131668448448181 -0.6715083718299866
vn -0.5345430374145508 -0.5131668448448181 -0.6715083718299866
vn -0.5345430374145508 -0.5131668448448181 -0.6715083718299866
vn -0.5078732967376709 -0.5892632603645325 -0.6283578276634216
vn -0.5078732967376709 -0.5892632603645325 -0.6283578276634216
vn -0.5078732967376709 -0.5892632603645325 -0.6283578276634216
vn -0.5078732967376709 -0.5892632603645325 -0.6283578276634216
vn 0.18948113918304443 -0.944116473197937 -0.26970529556274414
vn 0.18948113918304443 -0.944116473197937 -0.26970529556274414
vn 0.18948113918304443 -0.944116473197937 -0.26970529556274414
vn -0.8114258646965027 0.4721106290817261 -0.34452807903289795
vn -0.8114258646965027 0.4721106290817261 -0.34452807903289795
vn -0.8114258646965027 0.4721106290817261 -0.34452807903289795
vn -0.3847920000553131 0.86734938621521 0.31565824151039124
vn -0.3847920000553131 0.86734938621521 0.31565824151039124
vn -0.3847920000553131 0.86734938621521 0.31565824151039124
vn 0.12193482369184494 0.7397533059120178 0.661737859249115
vn 0.12193482369184494 0.7397533059120178 0.661737859249115
vn 0.12193482369184494 0.7397533059120178 0.661737859249115
vn -0.39060816168785095 0.8875293135643005 0.24437066912651062
vn -0.39060816168785095 0.8875293135643005 0.24437066912651062
vn -0.39060816168785095 0.8875293135643005 0.24437066912651062
vn -0.49081510305404663 0.8652133941650391 0.10250037163496017
vn -0.49081510305404663 0.8652133941650391 0.10250037163496017
vn -0.49081510305404663 0.8652133941650391 0.10250037163496017
vn -0.5492739677429199 0.835639476776123 -0.002184694167226553
vn -0.5492739677429199 0.835639476776123 -0.002184694167226553
vn -0.5492739677429199 0.835639476776123 -0.002184694167226553
vn -0.8028472065925598 0.3207949995994568 -0.5025205612182617
vn -0.8028472065925598 0.3207949995994568 -0.5025205612182617
vn -0.8028472065925598 0.3207949995994568 -0.5025205612182617
vn -0.8028472065925598 0.3207949995994568 -0.5025205612182617
vn -0.5742622017860413 0.8186684846878052 0.002184694167226553
vn -0.5742622017860413 0.8186684846878052 0.002184694167226553
vn -0.5742622017860413 0.8186684846878052 0.002184694167226553
vn 0.38257911801338196 -0.9186943173408508 -0.0981530249118805
vn 0.38257911801338196 -0.9186943173408508 -0.0981530249118805
vn 0.38257911801338196 -0.9186943173408508 -0.0981530249118805
vn 0.7297245264053345 -0.4909912347793579 0.4758462607860565
vn 0.7297245264053345 -0.4909912347793579 0.4758462607860565
vn 0.7297245264053345 -0.4909912347793579 0.4758462607860565
vn 0.20480838418006897 0.7182052135467529 0.6650074124336243
vn 0.20480838418006897 0.7182052135467529 0.6650074124336243
vn 0.20480838418006897 0.7182052135467529 0.6650074124336243
vn 0.20480838418006897 0.7182052135467529 0.6650074124336243
vn 0.1554388552904129 0.7705729007720947 0.6181069612503052
vn 0.1554388552904129 0.7705729007720947 0.6181069612503052
vn 0.1554388552904129 0.7705729007720947 0.6181069612503052
vn -0.5390493273735046 0.8330658078193665 -0.1242060661315918
vn -0.5390493273735046 0.8330658078193665 -0.1242060661315918
vn -0.5390493273735046 0.8330658078193665 -0.1242060661315918
vn 0.3226388692855835 -0.9440997838973999 -0.06767380982637405
vn 0.3226388692855835 -0.9440997838973999 -0.06767380982637405
vn 0.3226388692855835 -0.9440997838973999 -0.06767380982637405
vn -0.7721998691558838 0.09420108050107956 -0.6283578276634216
vn -0.7721998691558838 0.09420108050107956 -0.6283578276634216
vn -0.7721998691558838 0.09420108050107956 -0.6283578276634216
vn -0.7702246904373169 0.10918044298887253 -0.6283578276634216
vn -0.818543016910553 0.1502990424633026 -0.5544344186782837
vn -0.818543016910553 0.1502990424633026 -0.5544344186782837
vn -0.818543016910553 0.1502990424633026 -0.5544344186782837
vn -0.6868016719818115 0.7161538004875183 -0.1242060661315918
vn -0.6868016719818115 0.7161538004875183 -0.1242060661315918
vn -0.6868016719818115 0.7161538004875183 -0.1242060661315918
vn -0.6778390407562256 0.7005336880683899 -0.22312943637371063
vn -0.6778390407562256 0.7005336880683899 -0.22312943637371063
vn -0.6778390407562256 0.7005336880683899 -0.22312943637371063
vn -0.7954103350639343 0.2528827488422394 -0.5507928133010864
vn -0.7954103350639343 0.2528827488422394 -0.5507928133010864
vn -0.7954103350639343 0.2528827488422394 -0.5507928133010864
vn 0.0018883721204474568 -0.8956190943717957 -0.44481781125068665
vn 0.0018883721204474568 -0.8956190943717957 -0.44481781125068665
vn 0.0018883721204474568 -0.8956190943717957 -0.44481781125068665
vn -0.03021167777478695 -0.8892004489898682 -0.456519216299057
vn 0.31899333000183105 -0.9426607489585876 -0.0981530249118805
vn 0.31899333000183105 -0.9426607489585876 -0.0981530249118805
vn 0.31899333000183105 -0.9426607489585876 -0.0981530249118805
vn 0.2918241024017334 -0.9518610835075378 -0.09380380809307098
vn -0.5915777087211609 -0.3887520432472229 -0.7063339352607727
vn -0.5915777087211609 -0.3887520432472229 -0.7063339352607727
vn -0.5915777087211609 -0.3887520432472229 -0.7063339352607727
vn -0.566780149936676 -0.41365939378738403 -0.7124928832054138
vn -0.566780149936676 -0.41365939378738403 -0.7124928832054138
vn 0.651945948600769 -0.0451689139008522 0.7569189071655273
vn 0.651945948600769 -0.0451689139008522 0.7569189071655273
vn 0.651945948600769 -0.0451689139008522 0.7569189071655273
vn 0.651945948600769 -0.0451689139008522 0.7569189071655273
vn 0.6857817769050598 -0.015068487264215946 0.7276512384414673
vn 0.6857817769050598 -0.015068487264215946 0.7276512384414673
vn 0.6857817769050598 -0.015068487264215946 0.7276512384414673
vn 0.6833220720291138 -0.6073097586631775 0.405272513628006
vn 0.6833220720291138 -0.6073097586631775 0.405272513628006
vn 0.6833220720291138 -0.6073097586631775 0.405272513628006
vn 0.6540386080741882 0.060271330177783966 0.7540562748908997
vn 0.6540386080741882 0.060271330177783966 0.7540562748908997
vn 0.6540386080741882 0.060271330177783966 0.7540562748908997
vn 0.6540386080741882 0.060271330177783966 0.7540562748908997
vn 0.4744371175765991 -0.8720898628234863 0.11986933648586273
vn 0.5156280994415283 -0.8553390502929688 0.05022686347365379
vn 0.5156280994415283 -0.8553390502929688 0.05022686347365379
vn 0.5156280994415283 -0.8553390502929688 0.05022686347365379
vn 0.5156280994415283 -0.8553390502929688 0.05022686347365379
vn 0.6623181700706482 -0.44764894247055054 0.6007870435714722
vn 0.6623181700706482 -0.44764894247055054 0.6007870435714722
vn 0.6623181700706482 -0.44764894247055054 0.6007870435714722
vn 0.6865831017494202 -0.40946128964424133 0.6007870435714722
vn -0.26121464371681213 0.9602774977684021 0.0981530249118805
vn -0.26121464371681213 0.9602774977684021 0.0981530249118805
vn -0.26121464371681213 0.9602774977684021 0.0981530249118805
vn -0.24275855720043182 0.966720461845398 0.08074574917554855
vn 0.49818944931030273 0.6696525812149048 0.5507928133010864
vn 0.49818944931030273 0.6696525812149048 0.5507928133010864
vn 0.49818944931030273 0.6696525812149048 0.5507928133010864
vn 0.49450773000717163 0.6633032560348511 0.5616858005523682
vn 0.5586413145065308 -0.5453016757965088 0.6249527335166931
vn 0.5586413145065308 -0.5453016757965088 0.6249527335166931
vn 0.5586413145065308 -0.5453016757965088 0.6249527335166931
vn -0.0622621588408947 -0.9824123382568359 0.1760382205247879
vn -0.0622621588408947 -0.9824123382568359 0.1760382205247879
vn -0.0622621588408947 -0.9824123382568359 0.1760382205247879
vn -0.00942978635430336 -0.9592785835266113 0.28230419754981995
vn -0.00942978635430336 -0.9592785835266113 0.28230419754981995
vn -0.00942978635430336 -0.9592785835266113 0.28230419754981995
vn -0.0018859864212572575 -0.9593231081962585 0.28230419754981995
vn 0.6696736216545105 -0.5061311721801758 0.5434780716896057
vn 0.6696736216545105 -0.5061311721801758 0.5434780716896057
vn 0.6696736216545105 -0.5061311721801758 0.5434780716896057
vn -0.8485447764396667 -0.4601134657859802 -0.2612801790237427
vn -0.8485447764396667 -0.4601134657859802 -0.2612801790237427
vn -0.8485447764396667 -0.4601134657859802 -0.2612801790237427
vn -0.8650820851325989 0.40582478046417236 -0.2948545813560486
vn -0.8650820851325989 0.40582478046417236 -0.2948545813560486
vn -0.8650820851325989 0.40582478046417236 -0.2948545813560486
vn -0.4641534090042114 0.8743748068809509 -0.1415284425020218
vn -0.4641534090042114 0.8743748068809509 -0.1415284425020218
vn -0.4641534090042114 0.8743748068809509 -0.1415284425020218
vn -0.8490155339241028 0.3741486668586731 -0.37307560443878174
vn -0.8490155339241028 0.3741486668586731 -0.37307560443878174
vn -0.8490155339241028 0.3741486668586731 -0.37307560443878174
vn -0.8811489939689636 0.19862499833106995 -0.42909738421440125
vn -0.8811489939689636 0.19862499833106995 -0.42909738421440125
vn -0.8811489939689636 0.19862499833106995 -0.42909738421440125
vn -0.8726971745491028 0.06792493909597397 -0.4835140109062195
vn -0.8726971745491028 0.06792493909597397 -0.4835140109062195
vn -0.8726971745491028 0.06792493909597397 -0.4835140109062195
vn -0.7083507180213928 -0.6469494700431824 -0.28230419754981995
vn -0.7083507180213928 -0.6469494700431824 -0.28230419754981995
vn -0.7083507180213928 -0.6469494700431824 -0.28230419754981995
vn -0.7083507180213928 -0.6469494700431824 -0.28230419754981995
vn -0.9205626249313354 0.10168801248073578 -0.37712597846984863
vn -0.9205626249313354 0.10168801248073578 -0.37712597846984863
vn -0.9205626249313354 0.10168801248073578 -0.37712597846984863
vn 0.7805797457695007 -0.2667139172554016 0.5652954578399658
vn 0.7805797457695007 -0.2667139172554016 0.5652954578399658
vn 0.7805797457695007 -0.2667139172554016 0.5652954578399658
vn 0.7079867124557495 0.5218477845191956 0.4758462607860565
vn 0.7079867124557495 0.5218477845191956 0.4758462607860565
vn 0.7079867124557495 0.5218477845191956 0.4758462607860565
vn -0.36474162340164185 0.9126192927360535 -0.18463370203971863
vn -0.36474162340164185 0.9126192927360535 -0.18463370203971863
vn -0.36474162340164185 0.9126192927360535 -0.18463370203971863
vn -0.36474162340164185 0.9126192927360535 -0.18463370203971863
vn -0.42487743496894836 0.8667247891426086 -0.2612801790237427
vn -0.42487743496894836 0.8667247891426086 -0.2612801790237427
vn -0.42487743496894836 0.8667247891426086 -0.2612801790237427
vn -0.8198822736740112 0.007553692441433668 -0.5724822878837585
vn -0.8198822736740112 0.007553692441433668 -0.5724822878837585
vn -0.8198822736740112 0.007553692441433668 -0.5724822878837585
vn 0.6984647512435913 -0.2724885642528534 0.661737859249115
vn 0.6984647512435913 -0.2724885642528534 0.661737859249115
vn 0.6984647512435913 -0.2724885642528534 0.661737859249115
vn 0.6869372725486755 -0.3074953258037567 0.6584556698799133
vn -0.5385340452194214 -0.8170194029808044 -0.2060592919588089
vn -0.5385340452194214 -0.8170194029808044 -0.2060592919588089
vn -0.5385340452194214 -0.8170194029808044 -0.2060592919588089
vn -0.5393037796020508 -0.8083987236022949 -0.23588760197162628
vn -0.647517204284668 -0.7462263107299805 -0.15449213981628418
vn -0.647517204284668 -0.7462263107299805 -0.15449213981628418
vn -0.647517204284668 -0.7462263107299805 -0.15449213981628418
vn -0.904740035533905 -0.14291439950466156 -0.401274174451828
vn -0.904740035533905 -0.14291439950466156 -0.401274174451828
vn -0.904740035533905 -0.14291439950466156 -0.401274174451828
vn -0.8729710578918457 -0.19122153520584106 -0.4487268626689911
vn -0.8729710578918457 -0.19122153520584106 -0.4487268626689911
vn -0.8729710578918457 -0.19122153520584106 -0.4487268626689911
vn -0.6564578413963318 -0.6978428959846497 -0.2864931523799896
vn -0.6564578413963318 -0.6978428959846497 -0.2864931523799896
vn -0.6564578413963318 -0.6978428959846497 -0.2864931523799896
vn 0.553851842880249 -0.7135289311408997 0.42909738421440125
vn 0.553851842880249 -0.7135289311408997 0.42909738421440125
vn 0.553851842880249 -0.7135289311408997 0.42909738421440125
vn 0.5123915672302246 -0.739262044429779 0.43697428703308105
vn 0.7258806824684143 -0.3220828175544739 0.607749879360199
vn 0.7258806824684143 -0.3220828175544739 0.607749879360199
vn 0.7258806824684143 -0.3220828175544739 0.607749879360199
vn -0.1355002075433731 -0.9906592965126038 0.0152922747656703
vn -0.1355002075433731 -0.9906592965126038 0.0152922747656703
vn -0.1355002075433731 -0.9906592965126038 0.0152922747656703
vn -0.09801355004310608 -0.9903329610824585 0.0981530249118805
vn -0.09801355004310608 -0.9903329610824585 0.0981530249118805
vn 0.3266368508338928 0.8735401630401611 0.36088213324546814
vn 0.3266368508338928 0.8735401630401611 0.36088213324546814
vn 0.3266368508338928 0.8735401630401611 0.36088213324546814
vn 0.3266368508338928 0.8735401630401611 0.36088213324546814
vn 0.3606051504611969 0.8902914524078369 0.2781098484992981
vn 0.3606051504611969 0.8902914524078369 0.2781098484992981
vn 0.3606051504611969 0.8902914524078369 0.2781098484992981
vn 0.7389113306999207 0.39829838275909424 0.5434780716896057
vn 0.7389113306999207 0.39829838275909424 0.5434780716896057
vn 0.7389113306999207 0.39829838275909424 0.5434780716896057
vn 0.2914498448371887 0.9213995337486267 0.25706008076667786
vn 0.2914498448371887 0.9213995337486267 0.25706008076667786
vn 0.2914498448371887 0.9213995337486267 0.25706008076667786
vn 0.2914498448371887 0.9213995337486267 0.25706008076667786
vn 0.793556272983551 -0.030141741037368774 0.607749879360199
vn 0.793556272983551 -0.030141741037368774 0.607749879360199
vn 0.793556272983551 -0.030141741037368774 0.607749879360199
vn 0.793556272983551 -0.030141741037368774 0.607749879360199
vn 0.5529620051383972 0.5915975570678711 0.5867242813110352
vn 0.5529620051383972 0.5915975570678711 0.5867242813110352
vn 0.5529620051383972 0.5915975570678711 0.5867242813110352
vn 0.7621917724609375 -0.05271007493138313 0.6452018022537231
vn 0.7621917724609375 -0.05271007493138313 0.6452018022537231
vn 0.7621917724609375 -0.05271007493138313 0.6452018022537231
vn 0.5653032660484314 0.6173080801963806 0.5471406579017639
vn 0.5653032660484314 0.6173080801963806 0.5471406579017639
vn 0.5653032660484314 0.6173080801963806 0.5471406579017639
vn -0.5972236394882202 -0.6399516463279724 -0.4835140109062195
vn -0.5972236394882202 -0.6399516463279724 -0.4835140109062195
vn -0.5972236394882202 -0.6399516463279724 -0.4835140109062195
vn -0.6135914325714111 -0.6242753863334656 -0.4835140109062195
vn -0.958899199962616 0.1950688362121582 -0.2060592919588089
vn -0.958899199962616 0.1950688362121582 -0.2060592919588089
vn -0.958899199962616 0.1950688362121582 -0.2060592919588089
vn -0.958899199962616 0.1950688362121582 -0.2060592919588089
vn -0.2449682354927063 0.7636996507644653 0.5972883701324463
vn -0.2449682354927063 0.7636996507644653 0.5972883701324463
vn -0.2449682354927063 0.7636996507644653 0.5972883701324463
vn 0.5119328498840332 0.3672807216644287 0.7765498161315918
vn 0.5119328498840332 0.3672807216644287 0.7765498161315918
vn 0.5119328498840332 0.3672807216644287 0.7765498161315918
vn 0.4196779429912567 0.4023697078227997 0.8136147856712341
vn 0.4196779429912567 0.4023697078227997 0.8136147856712341
vn 0.4196779429912567 0.4023697078227997 0.8136147856712341
vn 0.4196779429912567 0.4023697078227997 0.8136147856712341
vn -0.23655778169631958 0.8427660465240479 0.4835140109062195
vn -0.23655778169631958 0.8427660465240479 0.4835140109062195
vn -0.23655778169631958 0.8427660465240479 0.4835140109062195
vn 0.7150270938873291 -0.5912282466888428 0.37307560443878174
vn 0.7150270938873291 -0.5912282466888428 0.37307560443878174
vn 0.7150270938873291 -0.5912282466888428 0.37307560443878174
vn 0.176441952586174 -0.9668394923210144 -0.18463370203971863
vn 0.176441952586174 -0.9668394923210144 -0.18463370203971863
vn 0.176441952586174 -0.9668394923210144 -0.18463370203971863
vn -0.33654558658599854 -0.7939799427986145 -0.5062933564186096
vn -0.33654558658599854 -0.7939799427986145 -0.5062933564186096
vn -0.33654558658599854 -0.7939799427986145 -0.5062933564186096
vn 0.2555220425128937 -0.9426845908164978 -0.21460255980491638
vn 0.2555220425128937 -0.9426845908164978 -0.21460255980491638
vn 0.2555220425128937 -0.9426845908164978 -0.21460255980491638
vn 0.40310218930244446 -0.9041450619697571 -0.1415284425020218
vn 0.40310218930244446 -0.9041450619697571 -0.1415284425020218
vn 0.40310218930244446 -0.9041450619697571 -0.1415284425020218
vn 0.5281621217727661 -0.8418323397636414 -0.1111890971660614
vn 0.5281621217727661 -0.8418323397636414 -0.1111890971660614
vn 0.5281621217727661 -0.8418323397636414 -0.1111890971660614
vn 0.8110873699188232 -0.3798346519470215 0.44481781125068665
vn 0.8110873699188232 -0.3798346519470215 0.44481781125068665
vn 0.8110873699188232 -0.3798346519470215 0.44481781125068665
vn 0.8110873699188232 -0.3798346519470215 0.44481781125068665
vn 0.45267486572265625 -0.8871773481369019 -0.08945280313491821
vn 0.45267486572265625 -0.8871773481369019 -0.08945280313491821
vn 0.45267486572265625 -0.8871773481369019 -0.08945280313491821
vn -0.43401017785072327 0.8422365188598633 0.3198012113571167
vn -0.43401017785072327 0.8422365188598633 0.3198012113571167
vn -0.43401017785072327 0.8422365188598633 0.3198012113571167
vn -0.8673721551895142 0.4404642581939697 -0.23163928091526031
vn -0.8673721551895142 0.4404642581939697 -0.23163928091526031
vn -0.8673721551895142 0.4404642581939697 -0.23163928091526031
vn -0.35920974612236023 -0.7228866815567017 -0.590256929397583
vn -0.35920974612236023 -0.7228866815567017 -0.590256929397583
vn -0.35920974612236023 -0.7228866815567017 -0.590256929397583
vn -0.35920974612236023 -0.7228866815567017 -0.590256929397583
vn -0.26491907238960266 -0.7542365789413452 -0.6007870435714722
vn -0.26491907238960266 -0.7542365789413452 -0.6007870435714722
vn -0.26491907238960266 -0.7542365789413452 -0.6007870435714722
vn 0.6230067610740662 -0.7708485722541809 -0.1328723281621933
vn 0.6230067610740662 -0.7708485722541809 -0.1328723281621933
vn 0.6230067610740662 -0.7708485722541809 -0.1328723281621933
vn -0.48171812295913696 0.7790549993515015 0.401274174451828
vn -0.48171812295913696 0.7790549993515015 0.401274174451828
vn -0.48171812295913696 0.7790549993515015 0.401274174451828
vn -0.44912198185920715 0.7879659533500671 0.42118772864341736
vn 0.8185824155807495 -0.15008455514907837 0.5544344186782837
vn 0.8185824155807495 -0.15008455514907837 0.5544344186782837
vn 0.8185824155807495 -0.15008455514907837 0.5544344186782837
vn 0.7623446583747864 -0.28059086203575134 0.5831804275512695
vn 0.7623446583747864 -0.28059086203575134 0.5831804275512695
vn 0.7623446583747864 -0.28059086203575134 0.5831804275512695
vn 0.6127427816390991 -0.7804608345031738 0.1242060661315918
vn 0.6127427816390991 -0.7804608345031738 0.1242060661315918
vn 0.6250342726707458 -0.7768505215644836 0.0763898640871048
vn 0.6713299751281738 -0.7380625605583191 0.06767380982637405
vn 0.6713299751281738 -0.7380625605583191 0.06767380982637405
vn 0.6713299751281738 -0.7380625605583191 0.06767380982637405
vn 0.8247809410095215 -0.31714242696762085 0.46814218163490295
vn 0.8247809410095215 -0.31714242696762085 0.46814218163490295
vn 0.8247809410095215 -0.31714242696762085 0.46814218163490295
vn 0.005657009780406952 0.8198975920677185 0.5724822878837585
vn 0.005657009780406952 0.8198975920677185 0.5724822878837585
vn 0.005657009780406952 0.8198975920677185 0.5724822878837585
vn 0.03015119582414627 0.7962056994438171 0.6042742133140564
vn -0.41774827241897583 0.8190464973449707 0.3932546079158783
vn -0.41774827241897583 0.8190464973449707 0.3932546079158783
vn -0.41774827241897583 0.8190464973449707 0.3932546079158783
vn 0.6241114735603333 0.29218393564224243 0.7246471047401428
vn 0.6241114735603333 0.29218393564224243 0.7246471047401428
vn 0.6241114735603333 0.29218393564224243 0.7246471047401428
vn 0.6144174933433533 0.32574352622032166 0.7185974717140198
vn 0.6144174933433533 0.32574352622032166 0.7185974717140198
vn 0.8269219398498535 -0.15751336514949799 0.5398051738739014
vn 0.8269219398498535 -0.15751336514949799 0.5398051738739014
vn 0.8269219398498535 -0.15751336514949799 0.5398051738739014
vn -0.9056468605995178 -0.04903758317232132 -0.42118772864341736
vn -0.9056468605995178 -0.04903758317232132 -0.42118772864341736
vn -0.9056468605995178 -0.04903758317232132 -0.42118772864341736
vn -0.9056468605995178 -0.04903758317232132 -0.42118772864341736
vn -0.8726924061775208 -0.030223028734326363 -0.48733407258987427
vn -0.8726924061775208 -0.030223028734326363 -0.48733407258987427
vn -0.8726924061775208 -0.030223028734326363 -0.48733407258987427
vn -0.8419774770736694 0.5296862721443176 -0.10250037163496017
vn -0.8419774770736694 0.5296862721443176 -0.10250037163496017
vn -0.8419774770736694 0.5296862721443176 -0.10250037163496017
vn -0.8585558533668518 -0.1017594262957573 -0.5025205612182617
vn -0.8585558533668518 -0.1017594262957573 -0.5025205612182617
vn -0.8585558533668518 -0.1017594262957573 -0.5025205612182617
vn -0.8585558533668518 -0.1017594262957573 -0.5025205612182617
vn -0.6219823360443115 0.7565858364105225 0.2017817199230194
vn -0.6219823360443115 0.7565858364105225 0.2017817199230194
vn -0.6219823360443115 0.7565858364105225 0.2017817199230194
vn -0.6219823360443115 0.7565858364105225 0.2017817199230194
vn -0.9440890550613403 0.28650957345962524 -0.16312000155448914
vn -0.9440890550613403 0.28650957345962524 -0.16312000155448914
vn -0.9440890550613403 0.28650957345962524 -0.16312000155448914
vn -0.6281905174255371 0.7427785396575928 0.23163928091526031
vn -0.6281905174255371 0.7427785396575928 0.23163928091526031
vn -0.6281905174255371 0.7427785396575928 0.23163928091526031
vn -0.9439265727996826 0.27930840849876404 -0.1760382205247879
vn -0.9439265727996826 0.27930840849876404 -0.1760382205247879
vn -0.9439265727996826 0.27930840849876404 -0.1760382205247879
vn 0.8814700245857239 0.01509259082376957 0.4719987213611603
vn 0.8814700245857239 0.01509259082376957 0.4719987213611603
vn 0.8814700245857239 0.01509259082376957 0.4719987213611603
vn 0.8814700245857239 -0.01509259082376957 0.4719987213611603
vn 0.32146650552749634 -0.764998197555542 0.5580654144287109
vn 0.32146650552749634 -0.764998197555542 0.5580654144287109
vn 0.32146650552749634 -0.764998197555542 0.5580654144287109
vn 0.31791988015174866 -0.7638298273086548 0.5616858005523682
vn -0.8113874197006226 -0.5671156644821167 0.1415284425020218
vn -0.8113874197006226 -0.5671156644821167 0.1415284425020218
vn -0.8113874197006226 -0.5671156644821167 0.1415284425020218
vn -0.9512902498245239 0.2171257883310318 -0.21886809170246124
vn -0.9512902498245239 0.2171257883310318 -0.21886809170246124
vn -0.9512902498245239 0.2171257883310318 -0.21886809170246124
vn -0.9757878184318542 0.13544408977031708 -0.17173540592193604
vn -0.9757878184318542 0.13544408977031708 -0.17173540592193604
vn -0.9757878184318542 0.13544408977031708 -0.17173540592193604
vn -0.9757878184318542 0.13544408977031708 -0.17173540592193604
vn -0.7580334544181824 -0.6513921618461609 0.03276457265019417
vn -0.7580334544181824 -0.6513921618461609 0.03276457265019417
vn -0.7580334544181824 -0.6513921618461609 0.03276457265019417
vn -0.18586064875125885 0.9597998857498169 -0.2103329300880432
vn -0.18586064875125885 0.9597998857498169 -0.2103329300880432
vn -0.18586064875125885 0.9597998857498169 -0.2103329300880432
vn 0.5994459986686707 0.794899582862854 0.09380380809307098
vn 0.5994459986686707 0.794899582862854 0.09380380809307098
vn 0.5994459986686707 0.794899582862854 0.09380380809307098
vn 0.9122720956802368 0.27537858486175537 0.30319350957870483
vn 0.9122720956802368 0.27537858486175537 0.30319350957870483
vn 0.9122720956802368 0.27537858486175537 0.30319350957870483
vn 0.5987265110015869 0.8009505867958069 -0.002184694167226553
vn 0.5987265110015869 0.8009505867958069 -0.002184694167226553
vn 0.5987265110015869 0.8009505867958069 -0.002184694167226553
vn 0.466418594121933 0.880871057510376 -0.08074574917554855
vn 0.466418594121933 0.880871057510376 -0.08074574917554855
vn 0.466418594121933 0.880871057510376 -0.08074574917554855
vn 0.36132892966270447 0.9216350317001343 -0.1415284425020218
vn 0.36132892966270447 0.9216350317001343 -0.1415284425020218
vn 0.36132892966270447 0.9216350317001343 -0.1415284425020218
vn -0.37429141998291016 0.8641762733459473 -0.3363112509250641
vn -0.37429141998291016 0.8641762733459473 -0.3363112509250641
vn -0.37429141998291016 0.8641762733459473 -0.3363112509250641
vn -0.37429141998291016 0.8641762733459473 -0.3363112509250641
vn 0.3649425804615021 0.9278908967971802 -0.0763898640871048
vn 0.3649425804615021 0.9278908967971802 -0.0763898640871048
vn 0.3649425804615021 0.9278908967971802 -0.0763898640871048
vn -0.566756010055542 -0.8108727931976318 0.1458524912595749
vn -0.566756010055542 -0.8108727931976318 0.1458524912595749
vn -0.566756010055542 -0.8108727931976318 0.1458524912595749
vn 0.18907418847084045 -0.8889194130897522 0.417220801115036
vn 0.18907418847084045 -0.8889194130897522 0.417220801115036
vn 0.18907418847084045 -0.8889194130897522 0.417220801115036
vn 0.935489296913147 0.19473186135292053 0.2948545813560486
vn 0.935489296913147 0.19473186135292053 0.2948545813560486
vn 0.935489296913147 0.19473186135292053 0.2948545813560486
vn 0.935489296913147 0.19473186135292053 0.2948545813560486
vn 0.9361734390258789 0.26809456944465637 0.22738653421401978
vn 0.9361734390258789 0.26809456944465637 0.22738653421401978
vn 0.9361734390258789 0.26809456944465637 0.22738653421401978
vn 0.32935142517089844 0.9061124920845032 -0.26549527049064636
vn 0.32935142517089844 0.9061124920845032 -0.26549527049064636
vn 0.32935142517089844 0.9061124920845032 -0.26549527049064636
vn -0.5944474339485168 -0.7687582969665527 0.23588760197162628
vn -0.5944474339485168 -0.7687582969665527 0.23588760197162628
vn -0.5944474339485168 -0.7687582969665527 0.23588760197162628
vn -0.5817487239837646 0.7268956303596497 -0.3649536371231079
vn -0.5817487239837646 0.7268956303596497 -0.3649536371231079
vn -0.5817487239837646 0.7268956303596497 -0.3649536371231079
vn -0.5682976841926575 0.7333841919898987 -0.37307560443878174
vn -0.5291033983230591 0.7956823110580444 -0.2948545813560486
vn -0.5291033983230591 0.7956823110580444 -0.2948545813560486
vn -0.5291033983230591 0.7956823110580444 -0.2948545813560486
vn 0.15407653152942657 0.9752131104469299 -0.15880759060382843
vn 0.15407653152942657 0.9752131104469299 -0.15880759060382843
vn 0.15407653152942657 0.9752131104469299 -0.15880759060382843
vn 0.1186511218547821 0.9675408005714417 -0.22312943637371063
vn 0.1186511218547821 0.9675408005714417 -0.22312943637371063
vn 0.1186511218547821 0.9675408005714417 -0.22312943637371063
vn -0.4302252531051636 0.8256604075431824 -0.3649536371231079
vn -0.4302252531051636 0.8256604075431824 -0.3649536371231079
vn -0.4302252531051636 0.8256604075431824 -0.3649536371231079
vn -0.8799856901168823 -0.468086838722229 -0.08074574917554855
vn -0.8799856901168823 -0.468086838722229 -0.08074574917554855
vn -0.8799856901168823 -0.468086838722229 -0.08074574917554855
vn -0.897088348865509 -0.4344106614589691 -0.08074574917554855
vn -0.6209478974342346 -0.7648076415061951 0.17173540592193604
vn -0.6209478974342346 -0.7648076415061951 0.17173540592193604
vn -0.6209478974342346 -0.7648076415061951 0.17173540592193604
vn -0.6329972743988037 -0.7462265491485596 0.2060592919588089
vn -0.8967607617378235 0.31836050748825073 -0.30735430121421814
vn -0.8967607617378235 0.31836050748825073 -0.30735430121421814
vn -0.8967607617378235 0.31836050748825073 -0.30735430121421814
vn -0.9046242237091064 0.28638237714767456 -0.31565824151039124
vn -0.9046242237091064 0.28638237714767456 -0.31565824151039124
vn 0.6045193076133728 -0.5925170183181763 0.5324283838272095
vn 0.6045193076133728 -0.5925170183181763 0.5324283838272095
vn 0.6045193076133728 -0.5925170183181763 0.5324283838272095
vn 0.6045193076133728 -0.5925170183181763 0.5324283838272095
vn 0.6351221203804016 -0.6084325909614563 0.4758462607860565
vn 0.6351221203804016 -0.6084325909614563 0.4758462607860565
vn 0.6351221203804016 -0.6084325909614563 0.4758462607860565
vn 0.04524103179574013 -0.9112941026687622 0.40926313400268555
vn 0.04524103179574013 -0.9112941026687622 0.40926313400268555
vn 0.04524103179574013 -0.9112941026687622 0.40926313400268555
vn 0.6820301413536072 -0.5383893847465515 0.4949462115764618
vn 0.6820301413536072 -0.5383893847465515 0.4949462115764618
vn 0.6820301413536072 -0.5383893847465515 0.4949462115764618
vn 0.6820301413536072 -0.5383893847465515 0.4949462115764618
vn -0.40575093030929565 -0.8636834621429443 0.2990269064903259
vn -0.3711143732070923 -0.8885567784309387 0.26970529556274414
vn -0.3711143732070923 -0.8885567784309387 0.26970529556274414
vn -0.3711143732070923 -0.8885567784309387 0.26970529556274414
vn -0.3711143732070923 -0.8885567784309387 0.26970529556274414
vn 0.22905093431472778 -0.8025976419448853 0.5507928133010864
vn 0.22905093431472778 -0.8025976419448853 0.5507928133010864
vn 0.22905093431472778 -0.8025976419448853 0.5507928133010864
vn 0.2723011076450348 -0.8087717294692993 0.5212872624397278
vn 0.4168734848499298 -0.6090508103370667 0.67473965883255
vn 0.4168734848499298 -0.6090508103370667 0.67473965883255
vn 0.4168734848499298 -0.6090508103370667 0.67473965883255
vn 0.40073302388191223 -0.616267740726471 0.677958071231842
vn -0.631106436252594 -0.503290593624115 0.590256929397583
vn -0.631106436252594 -0.503290593624115 0.590256929397583
vn -0.631106436252594 -0.503290593624115 0.590256929397583
vn -0.6369587779045105 -0.5000381469726562 0.5867242813110352
vn -0.8971278071403503 0.4032864570617676 -0.18033768236637115
vn -0.8971278071403503 0.4032864570617676 -0.18033768236637115
vn -0.8971278071403503 0.4032864570617676 -0.18033768236637115
vn -0.3190402686595917 0.803546130657196 -0.5025205612182617
vn -0.3190402686595917 0.803546130657196 -0.5025205612182617
vn -0.3190402686595917 0.803546130657196 -0.5025205612182617
vn -0.40528735518455505 0.7875210046768188 -0.4642767012119293
vn -0.40528735518455505 0.7875210046768188 -0.4642767012119293
vn -0.40528735518455505 0.7875210046768188 -0.4642767012119293
vn -0.40528735518455505 0.7875210046768188 -0.4642767012119293
vn -0.9201337695121765 0.31882473826408386 -0.22738653421401978
vn -0.9201337695121765 0.31882473826408386 -0.22738653421401978
vn -0.9201337695121765 0.31882473826408386 -0.22738653421401978
vn 0.8329854607582092 0.5230807662010193 -0.18033768236637115
vn 0.8329854607582092 0.5230807662010193 -0.18033768236637115
vn 0.8329854607582092 0.5230807662010193 -0.18033768236637115
vn 0.9352419972419739 -0.14278143644332886 0.3239381015300751
vn 0.9352419972419739 -0.14278143644332886 0.3239381015300751
vn 0.9352419972419739 -0.14278143644332886 0.3239381015300751
vn 0.6633137464523315 -0.5182906985282898 0.5398051738739014
vn 0.6633137464523315 -0.5182906985282898 0.5398051738739014
vn 0.6633137464523315 -0.5182906985282898 0.5398051738739014
vn 0.9590911269187927 -0.14292363822460175 0.24437066912651062
vn 0.9590911269187927 -0.14292363822460175 0.24437066912651062
vn 0.9590911269187927 -0.14292363822460175 0.24437066912651062
vn 0.9904146194458008 -0.03773314133286476 0.1328723281621933
vn 0.9904146194458008 -0.03773314133286476 0.1328723281621933
vn 0.9904146194458008 -0.03773314133286476 0.1328723281621933
vn 0.9981130957603455 0.04525691270828247 0.04149730131030083
vn 0.9981130957603455 0.04525691270828247 0.04149730131030083
vn 0.9981130957603455 0.04525691270828247 0.04149730131030083
vn 0.6702007055282593 0.6368210911750793 -0.3811691105365753
vn 0.6702007055282593 0.6368210911750793 -0.3811691105365753
vn 0.6702007055282593 0.6368210911750793 -0.3811691105365753
vn 0.6702007055282593 0.6368210911750793 -0.3811691105365753
vn 0.9902952909469604 0.0528445728123188 0.12854042649269104
vn 0.9902952909469604 0.0528445728123188 0.12854042649269104
vn 0.9902952909469604 0.0528445728123188 0.12854042649269104
vn -0.9829126596450806 0.1466958224773407 -0.1111890971660614
vn -0.9829126596450806 0.1466958224773407 -0.1111890971660614
vn -0.9829126596450806 0.1466958224773407 -0.1111890971660614
vn -0.8031847476959229 -0.4644446074962616 0.37307560443878174
vn -0.8031847476959229 -0.4644446074962616 0.37307560443878174
vn -0.8031847476959229 -0.4644446074962616 0.37307560443878174
vn 0.6149840950965881 -0.5816481113433838 0.5324283838272095
vn 0.6149840950965881 -0.5816481113433838 0.5324283838272095
vn 0.6149840950965881 -0.5816481113433838 0.5324283838272095
vn 0.6149840950965881 -0.5816481113433838 0.5324283838272095
vn 0.6774667501449585 -0.5509485602378845 0.48733407258987427
vn 0.6774667501449585 -0.5509485602378845 0.48733407258987427
vn 0.6774667501449585 -0.5509485602378845 0.48733407258987427
vn 0.9981130957603455 0.04525691270828247 -0.04149730131030083
vn 0.9981130957603455 0.04525691270828247 -0.04149730131030083
vn 0.9981130957603455 0.04525691270828247 -0.04149730131030083
vn -0.9807829260826111 0.19508986175060272 -0.002184694167226553
vn -0.9807829260826111 0.19508986175060272 -0.002184694167226553
vn -0.9807829260826111 0.19508986175060272 -0.002184694167226553
vn 0.40473946928977966 0.7639757990837097 -0.5025205612182617
vn 0.40473946928977966 0.7639757990837097 -0.5025205612182617
vn 0.40473946928977966 0.7639757990837097 -0.5025205612182617
vn 0.41581007838249207 0.7504007816314697 -0.5138099193572998
vn 0.5056898593902588 0.7551189064979553 -0.417220801115036
vn 0.5056898593902588 0.7551189064979553 -0.417220801115036
vn 0.5056898593902588 0.7551189064979553 -0.417220801115036
vn 0.9727190732955933 0.23197589814662933 0.002184694167226553
vn 0.9727190732955933 0.23197589814662933 0.002184694167226553
vn 0.9727190732955933 0.23197589814662933 0.002184694167226553
vn 0.9668405652046204 0.2392018884420395 -0.08945280313491821
vn 0.9668405652046204 0.2392018884420395 -0.08945280313491821
vn 0.9668405652046204 0.2392018884420395 -0.08945280313491821
vn 0.6051461696624756 0.6705770492553711 -0.42909738421440125
vn 0.6051461696624756 0.6705770492553711 -0.42909738421440125
vn 0.6051461696624756 0.6705770492553711 -0.42909738421440125
vn -0.8189167976379395 0.45899417996406555 -0.34452807903289795
vn -0.8189167976379395 0.45899417996406555 -0.34452807903289795
vn -0.8189167976379395 0.45899417996406555 -0.34452807903289795
vn -0.8040374517440796 0.48164641857147217 -0.34862664341926575
vn -0.9750802516937256 0.20983274281024933 -0.07203252613544464
vn -0.9750802516937256 0.20983274281024933 -0.07203252613544464
vn -0.9750802516937256 0.20983274281024933 -0.07203252613544464
vn -0.9744431972503662 0.22462347149848938 -0.002184694167226553
vn -0.18729224801063538 0.8108786344528198 -0.5544344186782837
vn -0.18729224801063538 0.8108786344528198 -0.5544344186782837
vn -0.18729224801063538 0.8108786344528198 -0.5544344186782837
vn -0.22017894685268402 0.7949605584144592 -0.5652954578399658
vn -0.22017894685268402 0.7949605584144592 -0.5652954578399658
vn -0.284873902797699 -0.6840492486953735 0.6715083718299866
vn -0.284873902797699 -0.6840492486953735 0.6715083718299866
vn -0.284873902797699 -0.6840492486953735 0.6715083718299866
vn -0.284873902797699 -0.6840492486953735 0.6715083718299866
vn -0.2728137969970703 -0.7226203680038452 0.6351318359375
vn -0.2728137969970703 -0.7226203680038452 0.6351318359375
vn -0.2728137969970703 -0.7226203680038452 0.6351318359375
vn -0.8889305591583252 -0.3396112024784088 0.30735430121421814
vn -0.8889305591583252 -0.3396112024784088 0.30735430121421814
vn -0.8889305591583252 -0.3396112024784088 0.30735430121421814
vn -0.17376986145973206 -0.7322842478752136 0.6584556698799133
vn -0.17376986145973206 -0.7322842478752136 0.6584556698799133
vn -0.17376986145973206 -0.7322842478752136 0.6584556698799133
vn -0.17376986145973206 -0.7322842478752136 0.6584556698799133
vn -0.9988545179367065 0.03018219955265522 0.03713129088282585
vn -0.9988834857940674 -0.011329312808811665 0.04586252197623253
vn -0.9988834857940674 -0.011329312808811665 0.04586252197623253
vn -0.9988834857940674 -0.011329312808811665 0.04586252197623253
vn -0.9988834857940674 -0.011329312808811665 0.04586252197623253
vn -0.7251402735710144 -0.4411594867706299 0.528724730014801
vn -0.7251402735710144 -0.4411594867706299 0.528724730014801
vn -0.7251402735710144 -0.4411594867706299 0.528724730014801
vn -0.703309178352356 -0.47929075360298157 0.5250110030174255
vn -0.8326318264007568 -0.29591742157936096 0.46814218163490295
vn -0.8326318264007568 -0.29591742157936096 0.46814218163490295
vn -0.8326318264007568 -0.29591742157936096 0.46814218163490295
vn -0.8503949046134949 -0.2747229337692261 0.4487268626689911
vn -0.7940815091133118 0.6011927723884583 0.08945280313491821
vn -0.7940815091133118 0.6011927723884583 0.08945280313491821
vn -0.7940815091133118 0.6011927723884583 0.08945280313491821
vn -0.7964062690734863 0.604758083820343 0.002184694167226553
vn 0.3715650141239166 0.8896357417106628 -0.26549527049064636
vn 0.3715650141239166 0.8896357417106628 -0.26549527049064636
vn 0.3715650141239166 0.8896357417106628 -0.26549527049064636
vn 0.9592552781105042 0.25377580523490906 -0.1242060661315918
vn 0.9592552781105042 0.25377580523490906 -0.1242060661315918
vn 0.9592552781105042 0.25377580523490906 -0.1242060661315918
vn 0.9284439086914062 0.35444170236587524 -0.1111890971660614
vn 0.9284439086914062 0.35444170236587524 -0.1111890971660614
vn 0.9284439086914062 0.35444170236587524 -0.1111890971660614
vn 0.9284439086914062 0.35444170236587524 -0.1111890971660614
vn 0.2915147542953491 0.8825218081474304 -0.3690181374549866
vn 0.2915147542953491 0.8825218081474304 -0.3690181374549866
vn 0.2915147542953491 0.8825218081474304 -0.3690181374549866
vn 0.6388911008834839 -0.6682276725769043 0.3811691105365753
vn 0.6388911008834839 -0.6682276725769043 0.3811691105365753
vn 0.6388911008834839 -0.6682276725769043 0.3811691105365753
vn -0.1591365486383438 -0.7939963340759277 0.5867242813110352
vn -0.1591365486383438 -0.7939963340759277 0.5867242813110352
vn -0.1591365486383438 -0.7939963340759277 0.5867242813110352
vn -0.6872122883796692 -0.542174756526947 0.4835140109062195
vn -0.6872122883796692 -0.542174756526947 0.4835140109062195
vn -0.6872122883796692 -0.542174756526947 0.4835140109062195
vn -0.1258724331855774 -0.8417360186576843 0.5250110030174255
vn -0.1258724331855774 -0.8417360186576843 0.5250110030174255
vn -0.1258724331855774 -0.8417360186576843 0.5250110030174255
vn 0.030172891914844513 -0.8640385866165161 0.5025205612182617
vn 0.030172891914844513 -0.8640385866165161 0.5025205612182617
vn 0.030172891914844513 -0.8640385866165161 0.5025205612182617
vn 0.1556968241930008 -0.8878259062767029 0.43303996324539185
vn 0.1556968241930008 -0.8878259062767029 0.43303996324539185
vn 0.1556968241930008 -0.8878259062767029 0.43303996324539185
vn 0.7945298552513123 -0.5595349669456482 0.23588760197162628
vn 0.7945298552513123 -0.5595349669456482 0.23588760197162628
vn 0.7945298552513123 -0.5595349669456482 0.23588760197162628
vn 0.7945298552513123 -0.5595349669456482 0.23588760197162628
vn 0.12784191966056824 -0.8505873084068298 0.5100564956665039
vn 0.12784191966056824 -0.8505873084068298 0.5100564956665039
vn 0.12784191966056824 -0.8505873084068298 0.5100564956665039
vn 0.06035603582859039 0.9208551645278931 -0.3852050006389618
vn 0.06035603582859039 0.9208551645278931 -0.3852050006389618
vn 0.06035603582859039 0.9208551645278931 -0.3852050006389618
vn -0.6875537037849426 0.7075745463371277 -0.16312000155448914
vn -0.6875537037849426 0.7075745463371277 -0.16312000155448914
vn -0.6875537037849426 0.7075745463371277 -0.16312000155448914
vn -0.7552428841590881 -0.5151333808898926 0.405272513628006
vn -0.7552428841590881 -0.5151333808898926 0.405272513628006
vn -0.7552428841590881 -0.5151333808898926 0.405272513628006
vn -0.7552428841590881 -0.5151333808898926 0.405272513628006
vn -0.6937867999076843 -0.5898200869560242 0.41324591636657715
vn -0.6937867999076843 -0.5898200869560242 0.41324591636657715
vn -0.6937867999076843 -0.5898200869560242 0.41324591636657715
vn 0.20409712195396423 -0.9208648204803467 0.33219319581985474
vn 0.20409712195396423 -0.9208648204803467 0.33219319581985474
vn 0.20409712195396423 -0.9208648204803467 0.33219319581985474
vn 0.06413727253675461 0.9520868062973022 -0.2990269064903259
vn 0.06413727253675461 0.9520868062973022 -0.2990269064903259
vn 0.06413727253675461 0.9520868062973022 -0.2990269064903259
vn 0.9284462332725525 -0.3615875542163849 0.08510008454322815
vn 0.9284462332725525 -0.3615875542163849 0.08510008454322815
vn 0.9284462332725525 -0.3615875542163849 0.08510008454322815
vn 0.9186943173408508 -0.38257911801338196 0.0981530249118805
vn 0.881500780582428 -0.41613656282424927 0.22312943637371063
vn 0.881500780582428 -0.41613656282424927 0.22312943637371063
vn 0.881500780582428 -0.41613656282424927 0.22312943637371063
vn 0.3488280177116394 -0.8248976469039917 0.44481781125068665
vn 0.3488280177116394 -0.8248976469039917 0.44481781125068665
vn 0.3488280177116394 -0.8248976469039917 0.44481781125068665
vn 0.3906550407409668 -0.8323097229003906 0.3932546079158783
vn 0.3906550407409668 -0.8323097229003906 0.3932546079158783
vn 0.3906550407409668 -0.8323097229003906 0.3932546079158783
vn 0.8429167866706848 -0.5099002122879028 0.17173540592193604
vn 0.8429167866706848 -0.5099002122879028 0.17173540592193604
vn 0.8429167866706848 -0.5099002122879028 0.17173540592193604
vn 0.5208666920661926 0.763811469078064 -0.3811691105365753
vn 0.5208666920661926 0.763811469078064 -0.3811691105365753
vn 0.5208666920661926 0.763811469078064 -0.3811691105365753
vn 0.5520905256271362 0.7476775050163269 -0.3690181374549866
vn 0.11484447866678238 0.936193585395813 -0.33219319581985474
vn 0.11484447866678238 0.936193585395813 -0.33219319581985474
vn 0.11484447866678238 0.936193585395813 -0.33219319581985474
vn 0.11490726470947266 0.9511666297912598 -0.2864931523799896
vn 0.11490726470947266 0.9511666297912598 -0.2864931523799896
vn 0.11490726470947266 0.9511666297912598 -0.2864931523799896
vn 0.9825757741928101 0.120476134121418 -0.1415284425020218
vn 0.9825757741928101 0.120476134121418 -0.1415284425020218
vn 0.9825757741928101 0.120476134121418 -0.1415284425020218
vn 0.9750717282295227 0.15042273700237274 -0.16312000155448914
vn 0.9750717282295227 0.15042273700237274 -0.16312000155448914
vn -0.9365767240524292 0.3078822195529938 0.16742929816246033
vn -0.9365767240524292 0.3078822195529938 0.16742929816246033
vn -0.9365767240524292 0.3078822195529938 0.16742929816246033
vn -0.9365767240524292 0.3078822195529938 0.16742929816246033
vn -0.9515868425369263 0.2865648865699768 0.1111890971660614
vn -0.9515868425369263 0.2865648865699768 0.1111890971660614
vn -0.9515868425369263 0.2865648865699768 0.1111890971660614
vn -0.5712693333625793 0.7933545708656311 -0.2103329300880432
vn -0.5712693333625793 0.7933545708656311 -0.2103329300880432
vn -0.5712693333625793 0.7933545708656311 -0.2103329300880432
vn -0.9674566984176636 0.2097550481557846 0.1415284425020218
vn -0.9674566984176636 0.2097550481557846 0.1415284425020218
vn -0.9674566984176636 0.2097550481557846 0.1415284425020218
vn -0.9668431282043457 0.20962202548980713 0.1458524912595749
vn -0.1504257470369339 0.9449228644371033 -0.29067665338516235
vn -0.1764170229434967 0.9280344247817993 -0.3280687630176544
vn -0.1764170229434967 0.9280344247817993 -0.3280687630176544
vn -0.1764170229434967 0.9280344247817993 -0.3280687630176544
vn -0.1764170229434967 0.9280344247817993 -0.3280687630176544
vn -0.7337769269943237 0.6764339208602905 0.0633138045668602
vn -0.7337769269943237 0.6764339208602905 0.0633138045668602
vn -0.7337769269943237 0.6764339208602905 0.0633138045668602
vn -0.7571357488632202 0.6451659798622131 -0.10250037163496017
vn -0.3868556022644043 -0.7555083632469177 0.528724730014801
vn -0.3868556022644043 -0.7555083632469177 0.528724730014801
vn -0.3868556022644043 -0.7555083632469177 0.528724730014801
vn -0.41010427474975586 -0.7404960989952087 0.5324283838272095
vn -0.700025737285614 0.10514887422323227 0.7063339352607727
vn -0.700025737285614 0.10514887422323227 0.7063339352607727
vn -0.700025737285614 0.10514887422323227 0.7063339352607727
vn -0.6919783353805542 0.11627502739429474 0.7124928832054138
vn 0.03962792083621025 0.9521046876907349 0.30319350957870483
vn 0.03962792083621025 0.9521046876907349 0.30319350957870483
vn 0.03962792083621025 0.9521046876907349 0.30319350957870483
vn 0.7229213118553162 0.678868293762207 -0.12854042649269104
vn 0.7229213118553162 0.678868293762207 -0.12854042649269104
vn 0.7229213118553162 0.678868293762207 -0.12854042649269104
vn 0.6909050345420837 0.7229422330856323 -0.002184694167226553
vn 0.6909050345420837 0.7229422330856323 0.002184694167226553
vn 0.6909050345420837 0.7229422330856323 0.002184694167226553
vn 0.687483012676239 0.7221714854240417 -0.0763898640871048
vn -0.0923604890704155 0.9750660061836243 0.2017817199230194
vn -0.0923604890704155 0.9750660061836243 0.2017817199230194
vn -0.0923604890704155 0.9750660061836243 0.2017817199230194
vn 0.9202006459236145 -0.3474321663379669 -0.18033768236637115
vn 0.9202006459236145 -0.3474321663379669 -0.18033768236637115
vn 0.9202006459236145 -0.3474321663379669 -0.18033768236637115
vn 0.38257911801338196 -0.9186943173408508 0.0981530249118805
vn 0.38257911801338196 -0.9186943173408508 0.0981530249118805
vn 0.38257911801338196 -0.9186943173408508 0.0981530249118805
vn -0.22415700554847717 -0.9191396832466125 0.3239381015300751
vn -0.22415700554847717 -0.9191396832466125 0.3239381015300751
vn -0.22415700554847717 -0.9191396832466125 0.3239381015300751
vn 0.363346129655838 -0.9277594089508057 0.08510008454322815
vn 0.363346129655838 -0.9277594089508057 0.08510008454322815
vn 0.363346129655838 -0.9277594089508057 0.08510008454322815
vn 0.49448683857917786 -0.866546630859375 -0.06767380982637405
vn 0.49448683857917786 -0.866546630859375 -0.06767380982637405
vn 0.49448683857917786 -0.866546630859375 -0.06767380982637405
vn 0.5676597952842712 -0.7948006391525269 -0.21460255980491638
vn 0.5676597952842712 -0.7948006391525269 -0.21460255980491638
vn 0.5676597952842712 -0.7948006391525269 -0.21460255980491638
vn 0.9278301000595093 -0.14293937385082245 -0.34452807903289795
vn 0.9278301000595093 -0.14293937385082245 -0.34452807903289795
vn 0.9278301000595093 -0.14293937385082245 -0.34452807903289795
vn 0.9278301000595093 -0.14293937385082245 -0.34452807903289795
vn 0.5987265110015869 -0.8009505867958069 -0.002184694167226553
vn 0.5987265110015869 -0.8009505867958069 -0.002184694167226553
vn 0.5987265110015869 -0.8009505867958069 -0.002184694167226553
vn -0.3342706561088562 0.9043093323707581 0.26549527049064636
vn -0.3342706561088562 0.9043093323707581 0.26549527049064636
vn -0.3342706561088562 0.9043093323707581 0.26549527049064636
vn -0.8118389844894409 0.30975106358528137 0.4949462115764618
vn -0.8118389844894409 0.30975106358528137 0.4949462115764618
vn -0.8118389844894409 0.30975106358528137 0.4949462115764618
vn -0.3342706561088562 -0.9043093323707581 0.26549527049064636
vn -0.3342706561088562 -0.9043093323707581 0.26549527049064636
vn -0.3342706561088562 -0.9043093323707581 0.26549527049064636
vn -0.3342706561088562 -0.9043093323707581 0.26549527049064636
vn -0.27727803587913513 -0.9437135457992554 0.18033768236637115
vn -0.27727803587913513 -0.9437135457992554 0.18033768236637115
vn -0.27727803587913513 -0.9437135457992554 0.18033768236637115
vn 0.5383549928665161 -0.7615365982055664 -0.36088213324546814
vn 0.5383549928665161 -0.7615365982055664 -0.36088213324546814
vn 0.5383549928665161 -0.7615365982055664 -0.36088213324546814
vn -0.23857858777046204 0.8806724548339844 0.40926313400268555
vn -0.23857858777046204 0.8806724548339844 0.40926313400268555
vn -0.23857858777046204 0.8806724548339844 0.40926313400268555
vn -0.21127335727214813 0.896582841873169 0.3892335295677185
vn 0.9273155331611633 0.11303550750017166 -0.3568037748336792
vn 0.9273155331611633 0.11303550750017166 -0.3568037748336792
vn 0.9273155331611633 0.11303550750017166 -0.3568037748336792
vn 0.9192950129508972 0.09801428020000458 -0.3811691105365753
vn 0.9662773609161377 0.015103965997695923 -0.25706008076667786
vn 0.9662773609161377 0.015103965997695923 -0.25706008076667786
vn 0.9662773609161377 0.015103965997695923 -0.25706008076667786
vn 0.7413521409034729 -0.6439750790596008 -0.18892620503902435
vn 0.7413521409034729 -0.6439750790596008 -0.18892620503902435
vn 0.7413521409034729 -0.6439750790596008 -0.18892620503902435
vn 0.7410451769828796 -0.613045871257782 -0.27391019463539124
vn 0.7410451769828796 -0.613045871257782 -0.27391019463539124
vn 0.7410451769828796 -0.613045871257782 -0.27391019463539124
vn 0.9279676079750061 -0.07539872080087662 -0.3649536371231079
vn 0.9279676079750061 -0.07539872080087662 -0.3649536371231079
vn 0.9279676079750061 -0.07539872080087662 -0.3649536371231079
vn 0.11676342785358429 0.9905440807342529 0.07203252613544464
vn 0.11676342785358429 0.9905440807342529 0.07203252613544464
vn 0.11676342785358429 0.9905440807342529 0.07203252613544464
vn -0.23899120092391968 0.9210953116416931 0.30735430121421814
vn -0.23899120092391968 0.9210953116416931 0.30735430121421814
vn -0.23899120092391968 0.9210953116416931 0.30735430121421814
vn 0.7714864611625671 0.5838519334793091 -0.25283506512641907
vn 0.7714864611625671 0.5838519334793091 -0.25283506512641907
vn 0.7714864611625671 0.5838519334793091 -0.25283506512641907
vn 0.7494896054267883 0.6135639548301697 -0.24860523641109467
vn 0.7494896054267883 0.6135639548301697 -0.24860523641109467
vn 0.15972043573856354 0.9831010103225708 0.08945280313491821
vn 0.15972043573856354 0.9831010103225708 0.08945280313491821
vn 0.15972043573856354 0.9831010103225708 0.08945280313491821
vn -0.7473717331886292 -0.2158747911453247 0.6283578276634216
vn -0.7473717331886292 -0.2158747911453247 0.6283578276634216
vn -0.7473717331886292 -0.2158747911453247 0.6283578276634216
vn -0.7473717331886292 -0.2158747911453247 0.6283578276634216
vn -0.8109064102172852 -0.23452945053577423 0.5361219048500061
vn -0.8109064102172852 -0.23452945053577423 0.5361219048500061
vn -0.8109064102172852 -0.23452945053577423 0.5361219048500061
vn -0.7316697835922241 0.4347675144672394 0.5250110030174255
vn -0.7316697835922241 0.4347675144672394 0.5250110030174255
vn -0.7316697835922241 0.4347675144672394 0.5250110030174255
vn -0.7816921472549438 -0.30592310428619385 0.5434780716896057
vn -0.7816921472549438 -0.30592310428619385 0.5434780716896057
vn -0.7816921472549438 -0.30592310428619385 0.5434780716896057
vn -0.7816921472549438 -0.30592310428619385 0.5434780716896057
vn -0.49150651693344116 0.7708278298377991 0.405272513628006
vn -0.49150651693344116 0.7708278298377991 0.405272513628006
vn -0.49150651693344116 0.7708278298377991 0.405272513628006
vn -0.49150651693344116 0.7708278298377991 0.405272513628006
vn -0.6862676739692688 0.20793098211288452 0.6969945430755615
vn -0.6862676739692688 0.20793098211288452 0.6969945430755615
vn -0.6862676739692688 0.20793098211288452 0.6969945430755615
vn -0.4336993098258972 0.7813764214515686 0.4487268626689911
vn -0.4336993098258972 0.7813764214515686 0.4487268626689911
vn -0.4336993098258972 0.7813764214515686 0.4487268626689911
vn -0.7231478691101074 0.1866074800491333 0.6650074124336243
vn -0.7231478691101074 0.1866074800491333 0.6650074124336243
vn -0.7231478691101074 0.1866074800491333 0.6650074124336243
vn -0.5057154297828674 0.645380437374115 0.5724822878837585
vn -0.5057154297828674 0.645380437374115 0.5724822878837585
vn -0.5057154297828674 0.645380437374115 0.5724822878837585
vn -0.5035344362258911 0.6564770936965942 0.5616858005523682
vn 0.420097678899765 0.8884977698326111 0.18463370203971863
vn 0.420097678899765 0.8884977698326111 0.18463370203971863
vn 0.420097678899765 0.8884977698326111 0.18463370203971863
vn 0.43727242946624756 0.8881230354309082 0.1415284425020218
vn 0.864111065864563 -0.30379441380500793 -0.401274174451828
vn 0.864111065864563 -0.30379441380500793 -0.401274174451828
vn 0.864111065864563 -0.30379441380500793 -0.401274174451828
vn 0.564852237701416 -0.7498282194137573 -0.34452807903289795
vn 0.564852237701416 -0.7498282194137573 -0.34452807903289795
vn 0.564852237701416 -0.7498282194137573 -0.34452807903289795
vn 0.6287333965301514 -0.7088169455528259 -0.3198012113571167
vn 0.6287333965301514 -0.7088169455528259 -0.3198012113571167
vn 0.6287333965301514 -0.7088169455528259 -0.3198012113571167
vn 0.6287333965301514 -0.7088169455528259 -0.3198012113571167
vn 0.8423380851745605 -0.2530550956726074 -0.4758462607860565
vn 0.8423380851745605 -0.2530550956726074 -0.4758462607860565
vn 0.8423380851745605 -0.2530550956726074 -0.4758462607860565
vn -0.5203587412834167 -0.7405924201011658 0.42514660954475403
vn -0.5203587412834167 -0.7405924201011658 0.42514660954475403
vn -0.5203587412834167 -0.7405924201011658 0.42514660954475403
vn -0.7577454447746277 0.14976449310779572 0.6351318359375
vn -0.7577454447746277 0.14976449310779572 0.6351318359375
vn -0.7577454447746277 0.14976449310779572 0.6351318359375
vn -0.6454274654388428 0.5136773586273193 0.5652954578399658
vn -0.6454274654388428 0.5136773586273193 0.5652954578399658
vn -0.6454274654388428 0.5136773586273193 0.5652954578399658
vn -0.7958102822303772 0.13521361351013184 0.590256929397583
vn -0.7958102822303772 0.13521361351013184 0.590256929397583
vn -0.7958102822303772 0.13521361351013184 0.590256929397583
vn -0.8198390007019043 0.01131375040858984 0.5724822878837585
vn -0.8198390007019043 0.01131375040858984 0.5724822878837585
vn -0.8198390007019043 0.01131375040858984 0.5724822878837585
vn -0.8346905708312988 -0.10909637063741684 0.5398051738739014
vn -0.8346905708312988 -0.10909637063741684 0.5398051738739014
vn -0.8346905708312988 -0.10909637063741684 0.5398051738739014
vn -0.3115960955619812 -0.9345666766166687 0.17173540592193604
vn -0.3115960955619812 -0.9345666766166687 0.17173540592193604
vn -0.3115960955619812 -0.9345666766166687 0.17173540592193604
vn -0.3115960955619812 -0.9345666766166687 0.17173540592193604
vn -0.7951083183288574 -0.08281092345714569 0.6007870435714722
vn -0.7951083183288574 -0.08281092345714569 0.6007870435714722
vn -0.7951083183288574 -0.08281092345714569 0.6007870435714722
vn 0.8735111951828003 -0.0829504132270813 -0.4796847105026245
vn 0.8735111951828003 -0.0829504132270813 -0.4796847105026245
vn 0.8735111951828003 -0.0829504132270813 -0.4796847105026245
vn 0.5898502469062805 0.7880908846855164 -0.1760382205247879
vn 0.5898502469062805 0.7880908846855164 -0.1760382205247879
vn 0.5898502469062805 0.7880908846855164 -0.1760382205247879
vn -0.644295334815979 0.563046932220459 0.5175535082817078
vn -0.644295334815979 0.563046932220459 0.5175535082817078
vn -0.644295334815979 0.563046932220459 0.5175535082817078
vn -0.644295334815979 0.563046932220459 0.5175535082817078
vn -0.6868789792060852 0.5102309584617615 0.5175535082817078
vn -0.6868789792060852 0.5102309584617615 0.5175535082817078
vn -0.6868789792060852 0.5102309584617615 0.5175535082817078
vn -0.8809518814086914 -0.15022654831409454 0.4487268626689911
vn -0.8809518814086914 -0.15022654831409454 0.4487268626689911
vn -0.8809518814086914 -0.15022654831409454 0.4487268626689911
vn 0.903505802154541 -0.0980001911520958 -0.417220801115036
vn 0.903505802154541 -0.0980001911520958 -0.417220801115036
vn 0.903505802154541 -0.0980001911520958 -0.417220801115036
vn 0.903505802154541 -0.0980001911520958 -0.417220801115036
vn 0.8804610371589661 -0.1279788315296173 -0.456519216299057
vn 0.8804610371589661 -0.1279788315296173 -0.456519216299057
vn 0.8804610371589661 -0.1279788315296173 -0.456519216299057
vn 0.028307650238275528 -0.9981074929237366 -0.05459024757146835
vn 0.028307650238275528 -0.9981074929237366 -0.05459024757146835
vn 0.028307650238275528 -0.9981074929237366 -0.05459024757146835
vn 0.005660851951688528 -0.9982447624206543 -0.058952588587999344
vn -0.05281035229563713 -0.9980669021606445 0.03276457265019417
vn -0.05281035229563713 -0.9980669021606445 0.03276457265019417
vn -0.05281035229563713 -0.9980669021606445 0.03276457265019417
vn -0.7701897621154785 -0.3338252604007721 0.5434780716896057
vn -0.7701897621154785 -0.3338252604007721 0.5434780716896057
vn -0.7701897621154785 -0.3338252604007721 0.5434780716896057
vn -0.7889766097068787 -0.3691784143447876 0.4911448359489441
vn -0.7889766097068787 -0.3691784143447876 0.4911448359489441
vn -0.7889766097068787 -0.3691784143447876 0.4911448359489441
vn -0.22462347149848938 -0.9744431972503662 0.002184694167226553
vn -0.22462347149848938 -0.9744431972503662 0.002184694167226553
vn -0.22462347149848938 -0.9744431972503662 0.002184694167226553
vn 0.7795788049697876 -0.3933984935283661 -0.48733407258987427
vn 0.7795788049697876 -0.3933984935283661 -0.48733407258987427
vn 0.7795788049697876 -0.3933984935283661 -0.48733407258987427
vn 0.7703580856323242 -0.4200606644153595 -0.4796847105026245
vn 0.48172691464424133 -0.8092181086540222 -0.3363112509250641
vn 0.48172691464424133 -0.8092181086540222 -0.3363112509250641
vn 0.48172691464424133 -0.8092181086540222 -0.3363112509250641
vn 0.49453699588775635 -0.7961737513542175 -0.34862664341926575
vn 0.49453699588775635 -0.7961737513542175 -0.34862664341926575
vn -0.047116998583078384 0.9434780478477478 0.3280687630176544
vn -0.047116998583078384 0.9434780478477478 0.3280687630176544
vn -0.047116998583078384 0.9434780478477478 0.3280687630176544
vn -0.047116998583078384 0.9434780478477478 0.3280687630176544
vn -0.09037499129772186 0.9512587189674377 0.2948545813560486
vn -0.09037499129772186 0.9512587189674377 0.2948545813560486
vn -0.09037499129772186 0.9512587189674377 0.2948545813560486
vn 0.7472764849662781 0.6073194742202759 -0.26970529556274414
vn 0.7472764849662781 0.6073194742202759 -0.26970529556274414
vn 0.7472764849662781 0.6073194742202759 -0.26970529556274414
vn -0.170803964138031 0.9276171922683716 0.33219319581985474
vn -0.170803964138031 0.9276171922683716 0.33219319581985474
vn -0.170803964138031 0.9276171922683716 0.33219319581985474
vn -0.170803964138031 0.9276171922683716 0.33219319581985474
vn 0.9114777445793152 0.09048420935869217 -0.401274174451828
vn 0.8970699310302734 0.12048202753067017 -0.42514660954475403
vn 0.8970699310302734 0.12048202753067017 -0.42514660954475403
vn 0.8970699310302734 0.12048202753067017 -0.42514660954475403
vn 0.8970699310302734 0.12048202753067017 -0.42514660954475403
vn 0.5598878860473633 0.8264684677124023 0.058952588587999344
vn 0.5598878860473633 0.8264684677124023 0.058952588587999344
vn 0.5598878860473633 0.8264684677124023 0.058952588587999344
vn 0.5053998231887817 0.8577714562416077 0.09380380809307098
vn 0.5053998231887817 0.8577714562416077 0.09380380809307098
vn 0.5053998231887817 0.8577714562416077 0.09380380809307098
vn 0.3346306383609772 0.9273563027381897 0.16742929816246033
vn 0.3346306383609772 0.9273563027381897 0.16742929816246033
vn 0.3346306383609772 0.9273563027381897 0.16742929816246033
vn 0.30608972907066345 0.9371640682220459 0.16742929816246033
vn 0.3542024493217468 0.9290450215339661 0.10684575140476227
vn 0.3542024493217468 0.9290450215339661 0.10684575140476227
vn 0.3542024493217468 0.9290450215339661 0.10684575140476227
vn 0.8746224045753479 0.4708380103111267 -0.11553031951189041
vn 0.8746224045753479 0.4708380103111267 -0.11553031951189041
vn 0.8746224045753479 0.4708380103111267 -0.11553031951189041
vn 0.8093411922454834 0.31020501255989075 -0.4987381398677826
vn 0.8093411922454834 0.31020501255989075 -0.4987381398677826
vn 0.8093411922454834 0.31020501255989075 -0.4987381398677826
vn 0.38774552941322327 -0.5658419728279114 -0.7276512384414673
vn 0.38774552941322327 -0.5658419728279114 -0.7276512384414673
vn 0.38774552941322327 -0.5658419728279114 -0.7276512384414673
vn 0.8717643618583679 0.3815235495567322 -0.30735430121421814
vn 0.8717643618583679 0.3815235495567322 -0.30735430121421814
vn 0.8717643618583679 0.3815235495567322 -0.30735430121421814
vn 0.45239686965942383 -0.7860903143882751 -0.42118772864341736
vn 0.45239686965942383 -0.7860903143882751 -0.42118772864341736
vn 0.45239686965942383 -0.7860903143882751 -0.42118772864341736
vn 0.9032171368598938 0.38945746421813965 -0.18033768236637115
vn 0.9032171368598938 0.38945746421813965 -0.18033768236637115
vn 0.9032171368598938 0.38945746421813965 -0.18033768236637115
vn 0.4666505753993988 0.08270943909883499 -0.8805659413337708
vn 0.4666505753993988 0.08270943909883499 -0.8805659413337708
vn 0.4666505753993988 0.08270943909883499 -0.8805659413337708
vn 0.612755537033081 0.015101317316293716 -0.790128231048584
vn 0.612755537033081 0.015101317316293716 -0.790128231048584
vn 0.612755537033081 0.015101317316293716 -0.790128231048584
vn -0.11679915338754654 0.9908472299575806 0.06767380982637405
vn -0.11679915338754654 0.9908472299575806 0.06767380982637405
vn -0.11679915338754654 0.9908472299575806 0.06767380982637405
vn -0.09609810262918472 0.9913442134857178 0.08945280313491821
vn 0.24473421275615692 0.9680522084236145 -0.05459024757146835
vn 0.24473421275615692 0.9680522084236145 -0.05459024757146835
vn 0.24473421275615692 0.9680522084236145 -0.05459024757146835
vn 0.48637279868125916 -0.4836995005607605 -0.7276512384414673
vn 0.48637279868125916 -0.4836995005607605 -0.7276512384414673
vn 0.48637279868125916 -0.4836995005607605 -0.7276512384414673
vn 0.5840169787406921 -0.4560709297657013 -0.6715083718299866
vn 0.5840169787406921 -0.4560709297657013 -0.6715083718299866
vn 0.5840169787406921 -0.4560709297657013 -0.6715083718299866
vn -0.5290532112121582 -0.7153271436691284 -0.456519216299057
vn -0.5290532112121582 -0.7153271436691284 -0.456519216299057
vn -0.5290532112121582 -0.7153271436691284 -0.456519216299057
vn -0.7096569538116455 -0.5976634621620178 -0.37307560443878174
vn -0.7096569538116455 -0.5976634621620178 -0.37307560443878174
vn -0.7096569538116455 -0.5976634621620178 -0.37307560443878174
vn -0.8748113512992859 0.4404420852661133 0.2017817199230194
vn -0.8748113512992859 0.4404420852661133 0.2017817199230194
vn -0.8748113512992859 0.4404420852661133 0.2017817199230194
vn -0.9652689099311829 -0.2612491250038147 -0.002184694167226553
vn -0.9652689099311829 -0.2612491250038147 -0.002184694167226553
vn -0.9652689099311829 -0.2612491250038147 -0.002184694167226553
vn -0.11482734233140945 0.9432797431945801 0.31150925159454346
vn -0.11482734233140945 0.9432797431945801 0.31150925159454346
vn -0.11482734233140945 0.9432797431945801 0.31150925159454346
vn -0.9118038415908813 0.21696360409259796 0.34862664341926575
vn -0.9118038415908813 0.21696360409259796 0.34862664341926575
vn -0.9118038415908813 0.21696360409259796 0.34862664341926575
vn -0.4117380678653717 0.5525923371315002 0.7246471047401428
vn -0.4117380678653717 0.5525923371315002 0.7246471047401428
vn -0.4117380678653717 0.5525923371315002 0.7246471047401428
vn -0.39269372820854187 0.5546140074729919 0.7336177229881287
vn -0.3989951014518738 0.4029901325702667 0.8236515522003174
vn -0.3989951014518738 0.4029901325702667 0.8236515522003174
vn -0.3989951014518738 0.4029901325702667 0.8236515522003174
vn 0.940263032913208 0.34044185280799866 -0.002184694167226553
vn 0.940263032913208 0.34044185280799866 -0.002184694167226553
vn 0.940263032913208 0.34044185280799866 -0.002184694167226553
vn -0.3403036594390869 -0.9202507138252258 -0.19321508705615997
vn -0.3403036594390869 -0.9202507138252258 -0.19321508705615997
vn -0.3403036594390869 -0.9202507138252258 -0.19321508705615997
vn -0.5130250453948975 -0.80304354429245 -0.30319350957870483
vn -0.5130250453948975 -0.80304354429245 -0.30319350957870483
vn -0.5130250453948975 -0.80304354429245 -0.30319350957870483
vn -0.6643484234809875 -0.7457334995269775 -0.05022686347365379
vn -0.6643484234809875 -0.7457334995269775 -0.05022686347365379
vn -0.6643484234809875 -0.7457334995269775 -0.05022686347365379
vn -0.6931787729263306 -0.6931787729263306 0.1975002884864807
vn -0.6931787729263306 -0.6931787729263306 0.1975002884864807
vn -0.6931787729263306 -0.6931787729263306 0.1975002884864807
vn -0.6715128421783447 -0.6995380520820618 0.24437066912651062
vn -0.6715128421783447 -0.6995380520820618 0.24437066912651062
vn -0.6715128421783447 -0.6995380520820618 0.24437066912651062
vn -0.7623454928398132 -0.6396837830543518 0.0981530249118805
vn -0.7623454928398132 -0.6396837830543518 0.0981530249118805
vn -0.7623454928398132 -0.6396837830543518 0.0981530249118805
vn -0.7537323832511902 -0.6165897250175476 0.22738653421401978
vn -0.7537323832511902 -0.6165897250175476 0.22738653421401978
vn -0.7537323832511902 -0.6165897250175476 0.22738653421401978
vn -0.9517355561256409 -0.15398618578910828 0.26549527049064636
vn -0.9517355561256409 -0.15398618578910828 0.26549527049064636
vn -0.9517355561256409 -0.15398618578910828 0.26549527049064636
vn 0.45549362897872925 -0.8191367387771606 -0.34862664341926575
vn 0.45549362897872925 -0.8191367387771606 -0.34862664341926575
vn 0.45549362897872925 -0.8191367387771606 -0.34862664341926575
vn -0.9834225177764893 -0.07919584214687347 0.16312000155448914
vn -0.9834225177764893 -0.07919584214687347 0.16312000155448914
vn -0.9834225177764893 -0.07919584214687347 0.16312000155448914
vn -0.46798959374427795 0.7703649401664734 0.43303996324539185
vn -0.46798959374427795 0.7703649401664734 0.43303996324539185
vn -0.46798959374427795 0.7703649401664734 0.43303996324539185
vn -0.8106909394264221 0.410739541053772 0.417220801115036
vn -0.8106909394264221 0.410739541053772 0.417220801115036
vn -0.8106909394264221 0.410739541053772 0.417220801115036
vn 0.8487244248390198 0.24598726630210876 -0.46814218163490295
vn 0.8487244248390198 0.24598726630210876 -0.46814218163490295
vn 0.8487244248390198 0.24598726630210876 -0.46814218163490295
vn -0.6467840075492859 0.323421835899353 0.6907016038894653
vn -0.6467840075492859 0.323421835899353 0.6907016038894653
vn -0.6467840075492859 0.323421835899353 0.6907016038894653
vn -0.32586798071861267 0.8101330399513245 0.48733407258987427
vn -0.32586798071861267 0.8101330399513245 0.48733407258987427
vn -0.32586798071861267 0.8101330399513245 0.48733407258987427
vn 0.8883734941482544 0.45116570591926575 -0.08510008454322815
vn 0.8883734941482544 0.45116570591926575 -0.08510008454322815
vn 0.8883734941482544 0.45116570591926575 -0.08510008454322815
vn 0.2746596336364746 -0.835543155670166 -0.4758462607860565
vn 0.2746596336364746 -0.835543155670166 -0.4758462607860565
vn 0.2746596336364746 -0.835543155670166 -0.4758462607860565
vn -0.4836825132369995 0.5728474855422974 0.661737859249115
vn -0.4836825132369995 0.5728474855422974 0.661737859249115
vn -0.4836825132369995 0.5728474855422974 0.661737859249115
vn -0.6130720376968384 0.7808802723884583 -0.11986933648586273
vn -0.6130720376968384 0.7808802723884583 -0.11986933648586273
vn -0.6130720376968384 0.7808802723884583 -0.11986933648586273
vn -0.6130720376968384 0.7808802723884583 -0.11986933648586273
vn -0.6130720376968384 0.7808802723884583 -0.11986933648586273
vn -0.6130720376968384 0.7808802723884583 -0.11986933648586273
vn -0.557918131351471 0.8205487132072449 -0.1242060661315918
vn -0.557918131351471 0.8205487132072449 -0.1242060661315918
vn -0.557918131351471 0.8205487132072449 -0.1242060661315918
vn -0.1944848746061325 0.8424065113067627 0.5025205612182617
vn -0.1944848746061325 0.8424065113067627 0.5025205612182617
vn -0.1944848746061325 0.8424065113067627 0.5025205612182617
vn -0.17043043673038483 0.8338566422462463 0.5250110030174255
vn 0.26387131214141846 0.865807294845581 0.42514660954475403
vn 0.26387131214141846 0.865807294845581 0.42514660954475403
vn 0.26387131214141846 0.865807294845581 0.42514660954475403
vn 0.9035198092460632 0.09787123650312424 0.417220801115036
vn 0.9035198092460632 0.09787123650312424 0.417220801115036
vn 0.9035198092460632 0.09787123650312424 0.417220801115036
vn 0.05653153359889984 0.8649072051048279 0.4987381398677826
vn 0.05653153359889984 0.8649072051048279 0.4987381398677826
vn 0.05653153359889984 0.8649072051048279 0.4987381398677826
vn 0.7491937875747681 -0.14974424242973328 0.6452018022537231
vn 0.7491937875747681 -0.14974424242973328 0.6452018022537231
vn 0.7491937875747681 -0.14974424242973328 0.6452018022537231
vn -0.047129567712545395 0.84282386302948 0.5361219048500061
vn -0.047129567712545395 0.84282386302948 0.5361219048500061
vn -0.047129567712545395 0.84282386302948 0.5361219048500061
vn 0.7177301645278931 0.684354305267334 0.12854042649269104
vn 0.7177301645278931 0.684354305267334 0.12854042649269104
vn 0.7177301645278931 0.684354305267334 0.12854042649269104
vn 0.6625967621803284 0.6772685647010803 0.3198012113571167
vn 0.6625967621803284 0.6772685647010803 0.3198012113571167
vn 0.6625967621803284 0.6772685647010803 0.3198012113571167
vn -0.5507429242134094 0.6334933042526245 -0.5434780716896057
vn -0.5507429242134094 0.6334933042526245 -0.5434780716896057
vn -0.5507429242134094 0.6334933042526245 -0.5434780716896057
vn -0.5512356162071228 0.639306366443634 -0.5361219048500061
vn -0.45555344223976135 0.8595430850982666 -0.23163928091526031
vn -0.45347264409065247 0.85589599609375 -0.24860523641109467
vn -0.45347264409065247 0.85589599609375 -0.24860523641109467
vn 0.8567109704017639 0.21653911471366882 0.46814218163490295
vn 0.8567109704017639 0.21653911471366882 0.46814218163490295
vn 0.8567109704017639 0.21653911471366882 0.46814218163490295
vn 0.795722484588623 0.25973600149154663 0.5471406579017639
vn 0.795722484588623 0.25973600149154663 0.5471406579017639
vn 0.795722484588623 0.25973600149154663 0.5471406579017639
vn 0.7555984258651733 -0.6143015623092651 -0.22738653421401978
vn 0.7555984258651733 -0.6143015623092651 -0.22738653421401978
vn 0.7555984258651733 -0.6143015623092651 -0.22738653421401978
vn 0.6363496780395508 -0.6563636660575867 -0.405272513628006
vn 0.6363496780395508 -0.6563636660575867 -0.405272513628006
vn 0.6363496780395508 -0.6563636660575867 -0.405272513628006
vn -0.3798165023326874 -0.22001424431800842 -0.8985171914100647
vn -0.3798165023326874 -0.22001424431800842 -0.8985171914100647
vn -0.3798165023326874 -0.22001424431800842 -0.8985171914100647
vn 0.14623691141605377 -0.6988885998725891 -0.7001210451126099
vn 0.14623691141605377 -0.6988885998725891 -0.7001210451126099
vn 0.14623691141605377 -0.6988885998725891 -0.7001210451126099
vn -0.7395808696746826 0.498145192861557 -0.45262736082077026
vn -0.7395808696746826 0.498145192861557 -0.45262736082077026
vn -0.7395808696746826 0.498145192861557 -0.45262736082077026
vn -0.3868753910064697 -0.48426005244255066 -0.7847417593002319
vn -0.3872019350528717 -0.4751547574996948 -0.790128231048584
vn -0.3868753910064697 -0.48426005244255066 -0.7847417593002319
vn -0.8973720073699951 -0.13162222504615784 -0.42118772864341736
vn -0.8973720073699951 -0.13162222504615784 -0.42118772864341736
vn -0.8973720073699951 -0.13162222504615784 -0.42118772864341736
vn -0.9039180874824524 -0.1242406815290451 -0.40926313400268555
vn -0.9058063626289368 -0.26811516284942627 -0.3280687630176544
vn -0.9058063626289368 -0.26811516284942627 -0.3280687630176544
vn -0.9058063626289368 -0.26811516284942627 -0.3280687630176544
vn -0.2228398323059082 0.7248650193214417 0.651853621006012
vn -0.2228398323059082 0.7248650193214417 0.651853621006012
vn -0.2228398323059082 0.7248650193214417 0.651853621006012
vn 0.6250342726707458 -0.7768505215644836 0.0763898640871048
vn 0.6250342726707458 -0.7768505215644836 0.0763898640871048
vn 0.6250342726707458 -0.7768505215644836 0.0763898640871048
vn 0.6691731810569763 -0.7319047451019287 -0.12854042649269104
vn 0.6691731810569763 -0.7319047451019287 -0.12854042649269104
vn 0.6691731810569763 -0.7319047451019287 -0.12854042649269104
vn 0.41116708517074585 -0.8805104494094849 -0.23588760197162628
vn 0.41116708517074585 -0.8805104494094849 -0.23588760197162628
vn 0.41116708517074585 -0.8805104494094849 -0.23588760197162628
vn 0.18956811726093292 -0.9590745568275452 -0.2103329300880432
vn 0.18956811726093292 -0.9590745568275452 -0.2103329300880432
vn 0.18956811726093292 -0.9590745568275452 -0.2103329300880432
vn 0.1522880345582962 -0.9747821688652039 -0.16312000155448914
vn 0.1522880345582962 -0.9747821688652039 -0.16312000155448914
vn 0.1522880345582962 -0.9747821688652039 -0.16312000155448914
vn 0.23711997270584106 -0.9201826453208923 -0.31150925159454346
vn 0.23711997270584106 -0.9201826453208923 -0.31150925159454346
vn 0.23711997270584106 -0.9201826453208923 -0.31150925159454346
vn 0.1466657817363739 -0.9429062008857727 -0.2990269064903259
vn 0.1466657817363739 -0.9429062008857727 -0.2990269064903259
vn 0.1466657817363739 -0.9429062008857727 -0.2990269064903259
vn -0.14824733138084412 -0.7319753170013428 -0.6650074124336243
vn -0.14824733138084412 -0.7319753170013428 -0.6650074124336243
vn -0.14824733138084412 -0.7319753170013428 -0.6650074124336243
vn 0.7009482383728027 -0.2008194774389267 0.6843559741973877
vn 0.7009482383728027 -0.2008194774389267 0.6843559741973877
vn 0.7009482383728027 -0.2008194774389267 0.6843559741973877
vn -0.06596092134714127 -0.6468408703804016 -0.7597671151161194
vn -0.06596092134714127 -0.6468408703804016 -0.7597671151161194
vn -0.06596092134714127 -0.6468408703804016 -0.7597671151161194
vn -0.7483879923820496 0.13899366557598114 -0.6485338807106018
vn -0.7483879923820496 0.13899366557598114 -0.6485338807106018
vn -0.7483879923820496 0.13899366557598114 -0.6485338807106018
vn -0.5518307089805603 -0.3040612041950226 -0.7765498161315918
vn -0.5518307089805603 -0.3040612041950226 -0.7765498161315918
vn -0.5518307089805603 -0.3040612041950226 -0.7765498161315918
vn 0.26353344321250916 0.825718104839325 0.4987381398677826
vn 0.26353344321250916 0.825718104839325 0.4987381398677826
vn 0.26353344321250916 0.825718104839325 0.4987381398677826
vn -0.740307629108429 -0.40560805797576904 -0.5361219048500061
vn -0.7376661896705627 -0.40553542971611023 -0.5398051738739014
vn -0.740307629108429 -0.40560805797576904 -0.5361219048500061
vn -0.8177704811096191 0.20934373140335083 -0.5361219048500061
vn -0.8177704811096191 0.20934373140335083 -0.5361219048500061
vn -0.8177704811096191 0.20934373140335083 -0.5361219048500061
vn 0.8198884129524231 -0.2600487172603607 0.5100564956665039
vn 0.8104822635650635 -0.2597728967666626 0.5250110030174255
vn 0.8104822635650635 -0.2597728967666626 0.5250110030174255
vn -0.8425299525260925 -0.12044381350278854 -0.5250110030174255
vn -0.8425299525260925 -0.12044381350278854 -0.5250110030174255
vn -0.8425299525260925 -0.12044381350278854 -0.5250110030174255
vn 0.04335052892565727 -0.8187702894210815 0.5724822878837585
vn 0.04335052892565727 -0.8187702894210815 0.5724822878837585
vn 0.04335052892565727 -0.8187702894210815 0.5724822878837585
vn 0.028261151164770126 -0.8092934489250183 0.5867242813110352
vn 0.10336251556873322 -0.8031629920005798 0.5867242813110352
vn 0.10336251556873322 -0.8031629920005798 0.5867242813110352
vn 0.10336251556873322 -0.8031629920005798 0.5867242813110352
vn 0.5302026271820068 -0.8478681445121765 0.002184694167226553
vn 0.5302026271820068 -0.8478681445121765 0.002184694167226553
vn 0.5302026271820068 -0.8478681445121765 0.002184694167226553
vn 0.858249306678772 -0.5107694268226624 0.05022686347365379
vn 0.858249306678772 -0.5107694268226624 0.05022686347365379
vn 0.858249306678772 -0.5107694268226624 0.05022686347365379
vn 0.8171632289886475 0.36658063530921936 -0.44481781125068665
vn 0.8171632289886475 0.36658063530921936 -0.44481781125068665
vn 0.8171632289886475 0.36658063530921936 -0.44481781125068665
vn 0.7238935828208923 -0.6851701736450195 -0.08074574917554855
vn 0.7238935828208923 -0.6851701736450195 -0.08074574917554855
vn 0.7238935828208923 -0.6851701736450195 -0.08074574917554855
vn 0.5924358367919922 0.2984713017940521 -0.7482877969741821
vn 0.5924358367919922 0.2984713017940521 -0.7482877969741821
vn 0.5924358367919922 0.2984713017940521 -0.7482877969741821
vn 0.6458710432052612 -0.7631933689117432 -0.01966099627315998
vn 0.6458710432052612 -0.7631933689117432 -0.01966099627315998
vn 0.6458710432052612 -0.7631933689117432 -0.01966099627315998
vn 0.9982519745826721 0.02264721319079399 0.05459024757146835
vn 0.9982519745826721 0.02264721319079399 0.05459024757146835
vn 0.9982519745826721 0.02264721319079399 0.05459024757146835
vn 0.995894193649292 -0.0904986634850502 0.002184694167226553
vn 0.995894193649292 -0.0904986634850502 0.002184694167226553
vn 0.995894193649292 -0.0904986634850502 0.002184694167226553
vn -0.11558894068002701 -0.48710381984710693 0.865661084651947
vn -0.11558894068002701 -0.48710381984710693 0.865661084651947
vn -0.11558894068002701 -0.48710381984710693 0.865661084651947
vn -0.10483291745185852 -0.5125391483306885 0.8522403836250305
vn 0.16989147663116455 -0.6935181021690369 0.7001210451126099
vn 0.16989147663116455 -0.6935181021690369 0.7001210451126099
vn 0.16989147663116455 -0.6935181021690369 0.7001210451126099
vn 0.8729853630065918 0.2459622621536255 -0.42118772864341736
vn 0.8729853630065918 0.2459622621536255 -0.42118772864341736
vn 0.8729853630065918 0.2459622621536255 -0.42118772864341736
vn 0.8740962147712708 0.14283905923366547 -0.4642767012119293
vn 0.8740962147712708 0.14283905923366547 -0.4642767012119293
vn 0.8740962147712708 0.14283905923366547 -0.4642767012119293
vn 0.09231667220592499 0.967385470867157 -0.23588760197162628
vn 0.09231667220592499 0.967385470867157 -0.23588760197162628
vn 0.09231667220592499 0.967385470867157 -0.23588760197162628
vn -0.06037835404276848 0.998173177242279 -0.002184694167226553
vn -0.06037835404276848 0.998173177242279 -0.002184694167226553
vn -0.06037835404276848 0.998173177242279 -0.002184694167226553
vn -0.6373297572135925 0.278259813785553 0.7185974717140198
vn -0.6373297572135925 0.278259813785553 0.7185974717140198
vn -0.6373297572135925 0.278259813785553 0.7185974717140198
vn -0.521932065486908 0.8184887170791626 0.2401314377784729
vn -0.521932065486908 0.8184887170791626 0.2401314377784729
vn -0.521932065486908 0.8184887170791626 0.2401314377784729
vn -0.31965506076812744 -0.5737767815589905 0.7540562748908997
vn -0.31965506076812744 -0.5737767815589905 0.7540562748908997
vn -0.31965506076812744 -0.5737767815589905 0.7540562748908997
vn -0.7803438901901245 0.3722049295902252 0.5025205612182617
vn -0.7803438901901245 0.3722049295902252 0.5025205612182617
vn -0.7803438901901245 0.3722049295902252 0.5025205612182617
vn -0.827079176902771 -0.3385029435157776 0.4487268626689911
vn -0.827079176902771 -0.3385029435157776 0.4487268626689911
vn -0.827079176902771 -0.3385029435157776 0.4487268626689911
vn -0.8268669843673706 -0.34913885593414307 0.4409002661705017
vn -0.9062446355819702 -0.3146824240684509 0.28230419754981995
vn -0.9062446355819702 -0.3146824240684509 0.28230419754981995
vn -0.9062446355819702 -0.3146824240684509 0.28230419754981995
vn 0.4672403931617737 -0.8646368384361267 -0.18463370203971863
vn 0.4672403931617737 -0.8646368384361267 -0.18463370203971863
vn 0.4672403931617737 -0.8646368384361267 -0.18463370203971863
vn -0.037765923887491226 0.8264882564544678 -0.5616858005523682
vn -0.037765923887491226 0.8264882564544678 -0.5616858005523682
vn -0.037765923887491226 0.8264882564544678 -0.5616858005523682
vn -0.030194716528058052 0.9367752075195312 -0.34862664341926575
vn -0.030194716528058052 0.9367752075195312 -0.34862664341926575
vn -0.030194716528058052 0.9367752075195312 -0.34862664341926575
vn -0.33424481749534607 0.8895180821418762 -0.31150925159454346
vn -0.33424481749534607 0.8895180821418762 -0.31150925159454346
vn -0.33424481749534607 0.8895180821418762 -0.31150925159454346
vn -0.5348007082939148 0.7804180383682251 -0.3239381015300751
vn -0.5348007082939148 0.7804180383682251 -0.3239381015300751
vn -0.5348007082939148 0.7804180383682251 -0.3239381015300751
vn -0.5678638219833374 0.7475500106811523 -0.34452807903289795
vn -0.5678638219833374 0.7475500106811523 -0.34452807903289795
vn -0.5678638219833374 0.7475500106811523 -0.34452807903289795
vn -0.5030539631843567 0.8360822200775146 -0.21886809170246124
vn -0.5030539631843567 0.8360822200775146 -0.21886809170246124
vn -0.5030539631843567 0.8360822200775146 -0.21886809170246124
vn -0.5815157890319824 0.7811112403869629 -0.22738653421401978
vn -0.5815157890319824 0.7811112403869629 -0.22738653421401978
vn -0.5815157890319824 0.7811112403869629 -0.22738653421401978
vn -0.7403364777565002 0.631066620349884 0.23163928091526031
vn -0.7403364777565002 0.631066620349884 0.23163928091526031
vn -0.7403364777565002 0.631066620349884 0.23163928091526031
vn 0.5353943705558777 0.27640143036842346 -0.7980946898460388
vn 0.5353943705558777 0.27640143036842346 -0.7980946898460388
vn 0.5353943705558777 0.27640143036842346 -0.7980946898460388
vn -0.6556296348571777 0.6676371693611145 0.3527185618877411
vn -0.6556296348571777 0.6676371693611145 0.3527185618877411
vn -0.6556296348571777 0.6676371693611145 0.3527185618877411
vn -0.6063252687454224 -0.28481483459472656 0.7424622178077698
vn -0.6063252687454224 -0.28481483459472656 0.7424622178077698
vn -0.6063252687454224 -0.28481483459472656 0.7424622178077698
vn -0.7798638939857483 0.14984123408794403 0.607749879360199
vn -0.7798638939857483 0.14984123408794403 0.607749879360199
vn -0.7798638939857483 0.14984123408794403 0.607749879360199
vn 0.8478681445121765 -0.5302026271820068 0.002184694167226553
vn 0.8478681445121765 -0.5302026271820068 0.002184694167226553
vn 0.8478681445121765 -0.5302026271820068 0.002184694167226553
vn -0.928932249546051 -0.030174190178513527 0.3690181374549866
vn -0.928932249546051 -0.030174190178513527 0.3690181374549866
vn -0.928932249546051 -0.030174190178513527 0.3690181374549866
vn -0.5830041170120239 -0.43289875984191895 0.6875353455543518
vn -0.5830041170120239 -0.43289875984191895 0.6875353455543518
vn -0.5830041170120239 -0.43289875984191895 0.6875353455543518
vn 0.54916912317276 -0.8354799747467041 -0.01966099627315998
vn 0.54916912317276 -0.8354799747467041 -0.01966099627315998
vn 0.54916912317276 -0.8354799747467041 -0.01966099627315998
vn 0.5455145835876465 0.46541640162467957 -0.6969945430755615
vn 0.5455145835876465 0.46541640162467957 -0.6969945430755615
vn 0.5455145835876465 0.46541640162467957 -0.6969945430755615
vn -0.8117689490318298 -0.27049872279167175 0.5175535082817078
vn -0.8117689490318298 -0.27049872279167175 0.5175535082817078
vn -0.8117689490318298 -0.27049872279167175 0.5175535082817078
vn 0.8724004030227661 -0.03772261366248131 0.48733407258987427
vn 0.8724004030227661 -0.03772261366248131 0.48733407258987427
vn 0.8724004030227661 -0.03772261366248131 0.48733407258987427
vn 0.55919349193573 -0.8101316094398499 0.1760382205247879
vn 0.55919349193573 -0.8101316094398499 0.1760382205247879
vn 0.55919349193573 -0.8101316094398499 0.1760382205247879
vn 0.2650853991508484 -0.6596903800964355 0.7032341957092285
vn 0.2650853991508484 -0.6596903800964355 0.7032341957092285
vn 0.2650853991508484 -0.6596903800964355 0.7032341957092285
vn 0.827068030834198 -0.46226149797439575 0.3198012113571167
vn 0.827068030834198 -0.46226149797439575 0.3198012113571167
vn 0.827068030834198 -0.46226149797439575 0.3198012113571167
vn 0.827068030834198 -0.46226149797439575 0.3198012113571167
vn -0.8904687762260437 -0.35353511571884155 0.2864931523799896
vn -0.8904687762260437 -0.35353511571884155 0.2864931523799896
vn -0.8904687762260437 -0.35353511571884155 0.2864931523799896
vn -0.6764368414878845 -0.49705609679222107 0.5434780716896057
vn -0.6764368414878845 -0.49705609679222107 0.5434780716896057
vn -0.6764368414878845 -0.49705609679222107 0.5434780716896057
vn -0.3830568790435791 -0.698655903339386 0.6042742133140564
vn -0.3830568790435791 -0.698655903339386 0.6042742133140564
vn -0.3830568790435791 -0.698655903339386 0.6042742133140564
vn 0.7462062239646912 -0.631614089012146 0.2103329300880432
vn 0.7462062239646912 -0.631614089012146 0.2103329300880432
vn 0.7462062239646912 -0.631614089012146 0.2103329300880432
vn -0.1353425830602646 -0.9509665369987488 0.2781098484992981
vn -0.1353425830602646 -0.9509665369987488 0.2781098484992981
vn -0.1353425830602646 -0.9509665369987488 0.2781098484992981
vn -0.14104892313480377 -0.9424324631690979 0.30319350957870483
vn -0.26809534430503845 -0.9130488634109497 0.30735430121421814
vn -0.26809534430503845 -0.9130488634109497 0.30735430121421814
vn -0.26809534430503845 -0.9130488634109497 0.30735430121421814
vn -0.709004819393158 -0.6769828796386719 0.1975002884864807
vn -0.709004819393158 -0.6769828796386719 0.1975002884864807
vn -0.709004819393158 -0.6769828796386719 0.1975002884864807
vn 0.7853159308433533 0.5397708415985107 0.30319350957870483
vn 0.7853159308433533 0.5397708415985107 0.30319350957870483
vn 0.7853159308433533 0.5397708415985107 0.30319350957870483
vn 0.7853159308433533 0.5397708415985107 0.30319350957870483
vn -0.7071051001548767 0.7071051001548767 -0.002184694167226553
vn -0.7071051001548767 0.7071051001548767 -0.002184694167226553
vn -0.7071051001548767 0.7071051001548767 -0.002184694167226553
vn -0.5222254991531372 0.7938781380653381 0.31150925159454346
vn -0.5222254991531372 0.7938781380653381 0.31150925159454346
vn -0.5222254991531372 0.7938781380653381 0.31150925159454346
vn -0.5222254991531372 0.7938781380653381 0.31150925159454346
vn -0.9827966094017029 -0.16158293187618256 0.08945280313491821
vn -0.9827966094017029 -0.16158293187618256 0.08945280313491821
vn -0.9827966094017029 -0.16158293187618256 0.08945280313491821
vn -0.9827966094017029 -0.16158293187618256 0.08945280313491821
vn -0.9603874683380127 -0.2755610942840576 0.04149730131030083
vn -0.9603874683380127 -0.2755610942840576 0.04149730131030083
vn -0.9603874683380127 -0.2755610942840576 0.04149730131030083
vn -0.7937623262405396 -0.600951075553894 0.09380380809307098
vn -0.7937623262405396 -0.600951075553894 0.09380380809307098
vn -0.7937623262405396 -0.600951075553894 0.09380380809307098
vn -0.7937623262405396 -0.600951075553894 0.09380380809307098
vn 0.9667372107505798 -0.2466563880443573 0.06767380982637405
vn 0.9667372107505798 -0.2466563880443573 0.06767380982637405
vn 0.9667372107505798 -0.2466563880443573 0.06767380982637405
vn 0.9521937966346741 -0.282806932926178 0.11553031951189041
vn 0.8040395975112915 -0.5729750990867615 0.15880759060382843
vn 0.8040395975112915 -0.5729750990867615 0.15880759060382843
vn 0.8040395975112915 -0.5729750990867615 0.15880759060382843
vn 0.8040395975112915 -0.5729750990867615 0.15880759060382843
vn 0.8009505867958069 0.5987265110015869 0.002184694167226553
vn 0.8009505867958069 0.5987265110015869 0.002184694167226553
vn 0.8009505867958069 0.5987265110015869 0.002184694167226553
vn 0.9504226446151733 0.3044472634792328 -0.0633138045668602
vn 0.9504226446151733 0.3044472634792328 -0.0633138045668602
vn 0.9504226446151733 0.3044472634792328 -0.0633138045668602
vn 0.9426607489585876 0.31899333000183105 -0.0981530249118805
vn 0.9426607489585876 0.31899333000183105 -0.0981530249118805
vn 0.9504226446151733 0.3044472634792328 -0.0633138045668602
vn -0.408990740776062 0.8592205047607422 -0.30735430121421814
vn -0.408990740776062 0.8592205047607422 -0.30735430121421814
vn -0.408990740776062 0.8592205047607422 -0.30735430121421814
vn -0.408990740776062 0.8592205047607422 -0.30735430121421814
vn -0.8042924404144287 0.5507512092590332 -0.22312943637371063
vn -0.8042924404144287 0.5507512092590332 -0.22312943637371063
vn -0.8042924404144287 0.5507512092590332 -0.22312943637371063
vn -0.8042924404144287 0.5507512092590332 -0.22312943637371063
vn -0.8042924404144287 0.5507512092590332 -0.22312943637371063
vn -0.10177125036716461 0.9827384352684021 -0.15449213981628418
vn -0.10177125036716461 0.9827384352684021 -0.15449213981628418
vn -0.10177125036716461 0.9827384352684021 -0.15449213981628418
vn -0.056608639657497406 0.9911744594573975 -0.11986933648586273
vn -0.056608639657497406 0.9911744594573975 -0.11986933648586273
vn -0.056608639657497406 0.9911744594573975 -0.11986933648586273
vn -0.056608639657497406 0.9911744594573975 -0.11986933648586273
vn 0.15782472491264343 0.9675148725509644 -0.1975002884864807
vn 0.15782472491264343 0.9675148725509644 -0.1975002884864807
vn 0.15782472491264343 0.9675148725509644 -0.1975002884864807
vn 0.17092280089855194 0.9596867561340332 -0.22312943637371063
vn 0.17092280089855194 0.9596867561340332 -0.22312943637371063
vn 0.17092280089855194 0.9596867561340332 -0.22312943637371063
vn 0.8489671349525452 0.49015140533447266 -0.1975002884864807
vn 0.8489671349525452 0.49015140533447266 -0.1975002884864807
vn 0.8489671349525452 0.49015140533447266 -0.1975002884864807
vn 0.08293437212705612 0.9671911597251892 -0.2401314377784729
vn 0.08293437212705612 0.9671911597251892 -0.2401314377784729
vn 0.08293437212705612 0.9671911597251892 -0.2401314377784729
vn 0.08293437212705612 0.9671911597251892 -0.2401314377784729
vn -0.5829359889030457 0.8036273717880249 -0.11986933648586273
vn -0.5829359889030457 0.8036273717880249 -0.11986933648586273
vn -0.5829359889030457 0.8036273717880249 -0.11986933648586273
vn 0 0 1
vn 0 0 1
vn -2.0682311115474694e-13 0 -1
vn -2.0682311115474694e-13 0 -1
vt 0.09028562158346176 0.4639761745929718
vt 0.06912173330783844 0.2761707901954651
vt 0.13847233355045319 0.18473131954669952
vt 0.13751576840877533 0.016151048243045807
vt 0.1577230989933014 0.26367446780204773
vt 0.13847233355045319 0.18473131954669952
vt 0.19431151449680328 0.22029778361320496
vt 0.13751576840877533 0.016151048243045807
vt 0.3301430344581604 0.5659894943237305
vt 0.28769567608833313 0.7721788883209229
vt 0.28195634484291077 0.5409968495368958
vt 0.2424982339143753 0.6373627185821533
vt 0.28769567608833313 0.7721788883209229
vt 0.28195634484291077 0.5409968495368958
vt 0.2424982339143753 0.6373627185821533
vt 0.22420401871204376 0.5140816569328308
vt 0.28195634484291077 0.5409968495368958
vt 0.2550530731678009 0.3936843276023865
vt 0.28195634484291077 0.5409968495368958
vt 0.3059898912906647 0.3840717673301697
vt 0.3301430344581604 0.5659894943237305
vt 0.41097235679626465 0.2579069435596466
vt 0.4225706458091736 0.017112303525209427
vt 0.38693878054618835 0.15192845463752747
vt 0.4225706458091736 0.017112303525209427
vt 0.46107217669487 0.27905455231666565
vt 0.41097235679626465 0.2579069435596466
vt 0.46107217669487 0.27905455231666565
vt 0.4648984372615814 0.5361905694007874
vt 0.5294662117958069 0.4582086503505707
vt 0.4648984372615814 0.5361905694007874
vt 0.41097235679626465 0.2579069435596466
vt 0.46107217669487 0.27905455231666565
vt 0.4648984372615814 0.5361905694007874
vt 0.38215598464012146 0.6999645233154297
vt 0.441821426153183 0.7750626802444458
vt 0.3705576956272125 0.504469096660614
vt 0.41097235679626465 0.2579069435596466
vt 0.4648984372615814 0.5361905694007874
vt 0.5978602766990662 0.7808302044868469
vt 0.6171110272407532 0.6546653509140015
vt 0.5477604269981384 0.6825417876243591
vt 0.5420210957527161 0.4340570867061615
vt 0.38215598464012146 0.6999645233154297
vt 0.4648984372615814 0.5361905694007874
vt 0.3705576956272125 0.504469096660614
vt 0.3301430344581604 0.5659894943237305
vt 0.3059898912906647 0.3840717673301697
vt 0.3320561647415161 0.3850330412387848
vt 0.21451884508132935 0.4004131257534027
vt 0.19431151449680328 0.22029778361320496
vt 0.1577230989933014 0.26367446780204773
vt 0.09028562158346176 0.4639761745929718
vt 0.08454626053571701 0.7712176442146301
vt 0.014239099808037281 0.5294617414474487
vt 0.08167658001184464 0.7712176442146301
vt 0.441821426153183 0.7750626802444458
vt 0.4648984372615814 0.5361905694007874
vt 0.5612718462944031 0.7692950963973999
vt 0.3301430344581604 0.7712176442146301
vt 0.441821426153183 0.7750626802444458
vt 0.38215598464012146 0.6999645233154297
vt 0.2857825756072998 0.14616091549396515
vt 0.3320561647415161 0.3850330412387848
vt 0.3059898912906647 0.3840717673301697
vt 0.6238069534301758 0.35319143533706665
vt 0.624763548374176 0.1634635329246521
vt 0.5401079654693604 0.2771320641040802
vt 0.5332924723625183 0.16538603603839874
vt 0.6238069534301758 0.35319143533706665
vt 0.5401079654693604 0.2771320641040802
vt 0.5420210957527161 0.4340570867061615
vt 0.33779552578926086 0.6575491428375244
vt 0.3705576956272125 0.504469096660614
vt 0.38215598464012146 0.6999645233154297
vt 0.33779552578926086 0.6575491428375244
vt 0.3301430344581604 0.7712176442146301
vt 0.38215598464012146 0.6999645233154297
vt 0.6238069534301758 0.35319143533706665
vt 0.6171110272407532 0.6546653509140015
vt 0.5420210957527161 0.4340570867061615
vt 0.2838694453239441 0.011344768106937408
vt 0.19335496425628662 0.019996071234345436
vt 0.2857825756072998 0.14616091549396515
vt 0.2550530731678009 0.3936843276023865
vt 0.28195634484291077 0.5409968495368958
vt 0.3059898912906647 0.3840717673301697
vt 0.2550530731678009 0.3936843276023865
vt 0.2857825756072998 0.14616091549396515
vt 0.6171110272407532 0.6546653509140015
vt 0.6815592646598816 0.5448418259620667
vt 0.6238069534301758 0.35319143533706665
vt 0.7018861770629883 0.16634729504585266
vt 0.624763548374176 0.1634635329246521
vt 0.14229856431484222 0.5438805818557739
vt 0.09028562158346176 0.4639761745929718
vt 0.1577230989933014 0.26367446780204773
vt 0.13847233355045319 0.18473131954669952
vt 0.08550281822681427 0.7712176442146301
vt 0.14229856431484222 0.5438805818557739
vt 0.20782293379306793 0.7731401324272156
vt 0.14229856431484222 0.5438805818557739
vt 0.21451884508132935 0.4004131257534027
vt 0.1577230989933014 0.26367446780204773
vt 0.14229856431484222 0.5438805818557739
vt 0.08550281822681427 0.7712176442146301
vt 0.09028562158346176 0.4639761745929718
vt 0.08454626053571701 0.7712176442146301
vt 0.3320561647415161 0.3850330412387848
vt 0.2857825756072998 0.14616091549396515
vt 0.36768803000450134 0.18761508166790009
vt 0.3955478370189667 0.0084610003978014
vt 0.2838694453239441 0.011344768106937408
vt 0.21451884508132935 0.4004131257534027
vt 0.21356229484081268 0.5968698263168335
vt 0.14229856431484222 0.5438805818557739
vt 0.20782293379306793 0.7731401324272156
vt 0.34556758403778076 0.8279317617416382
vt 0.4677681028842926 0.8240867257118225
vt 0.4023633301258087 0.8540058135986328
vt 0.21738852560520172 0.8954599499702454
vt 0.03253331035375595 0.8732309341430664
vt 0.03157674893736839 0.9137238264083862
vt 0.8838717341423035 0.37349796295166016
vt 0.8810020089149475 0.4244445264339447
vt 0.8425005078315735 0.48704633116722107
vt 0.4023633301258087 0.8540058135986328
vt 0.34556758403778076 0.8279317617416382
vt 0.3619486689567566 0.8934172987937927
vt 0.2964242994785309 0.8559283018112183
vt 0.8029228448867798 0.42636704444885254
vt 0.8414243459701538 0.3551139533519745
vt 0.8240867257118225 0.3205087184906006
vt 0.8414243459701538 0.3551139533519745
vt 0.8425005078315735 0.48704633116722107
vt 0.8029228448867798 0.42636704444885254
vt 0.8425005078315735 0.48704633116722107
vt 0.8838717341423035 0.37349796295166016
vt 0.8414243459701538 0.3551139533519745
vt 0.2964242994785309 0.8559283018112183
vt 0.3619486689567566 0.8934172987937927
vt 0.21738852560520172 0.8954599499702454
vt 0.8838717341423035 0.37349796295166016
vt 0.8829151391983032 0.2327941209077835
vt 0.8472833037376404 0.2270265817642212
vt 0.860794723033905 0.050876419991254807
vt 0.8829151391983032 0.2327941209077835
vt 0.8472833037376404 0.2270265817642212
vt 0.8472833037376404 0.2270265817642212
vt 0.8414243459701538 0.3551139533519745
vt 0.8838717341423035 0.37349796295166016
vt 0.8414243459701538 0.3551139533519745
vt 0.8240867257118225 0.3205087184906006
vt 0.8472833037376404 0.2270265817642212
vt 0.4677681028842926 0.8240867257118225
vt 0.4244837760925293 0.7923652529716492
vt 0.34556758403778076 0.8279317617416382
vt 0.3753404915332794 0.7856364846229553
vt 0.9069487452507019 0.5198491811752319
vt 0.8760996460914612 0.4995426535606384
vt 0.8722734451293945 0.5621444582939148
vt 0.9098184108734131 0.43706101179122925
vt 0.9242863655090332 0.48993009328842163
vt 0.8760996460914612 0.4995426535606384
vt 0.9069487452507019 0.5198491811752319
vt 0.7884548306465149 0.2521393895149231
vt 0.8240867257118225 0.3205087184906006
vt 0.7808023691177368 0.36761027574539185
vt 0.8029228448867798 0.42636704444885254
vt 0.8240867257118225 0.3205087184906006
vt 0.7884548306465149 0.2521393895149231
vt 0.8029228448867798 0.04510888457298279
vt 0.8240867257118225 0.3205087184906006
vt 0.8472833037376404 0.2270265817642212
vt 0.8029228448867798 0.04510888457298279
vt 0.860794723033905 0.050876419991254807
vt 0.03253331035375595 0.8395869731903076
vt 0.2964242994785309 0.8559283018112183
vt 0.19909432530403137 0.8318969011306763
vt 0.34556758403778076 0.8279317617416382
vt 0.2964242994785309 0.8559283018112183
vt 0.03253331035375595 0.8395869731903076
vt 0.21738852560520172 0.8954599499702454
vt 0.03253331035375595 0.8732309341430664
vt 0.2579227685928345 0.7875589728355408
vt 0.34556758403778076 0.8279317617416382
vt 0.3753404915332794 0.7856364846229553
vt 0.2579227685928345 0.7875589728355408
vt 0.34556758403778076 0.8279317617416382
vt 0.19909432530403137 0.8318969011306763
vt 0.2579227685928345 0.7875589728355408
vt 0.03253331035375595 0.8395869731903076
vt 0.19909432530403137 0.8318969011306763
vt 0.9416240453720093 0.8751534223556519
vt 0.9012093544006348 0.8741921782493591
vt 0.9290691614151001 0.7326472401618958
vt 0.9079052805900574 0.6575491428375244
vt 0.8722734451293945 0.5621444582939148
vt 0.9079052805900574 0.6575491428375244
vt 0.860794723033905 0.676774263381958
vt 0.9012093544006348 0.8741921782493591
vt 0.862707793712616 0.8761147260665894
vt 0.9069487452507019 0.5198491811752319
vt 0.9079052805900574 0.6575491428375244
vt 0.9300257563591003 0.6228237152099609
vt 0.9242863655090332 0.48993009328842163
vt 0.9473633766174316 0.5371518135070801
vt 0.9069487452507019 0.5198491811752319
vt 0.9300257563591003 0.6228237152099609
vt 0.9300257563591003 0.6228237152099609
vt 0.9473633766174316 0.5371518135070801
vt 0.9656575918197632 0.6508203148841858
vt 0.9656575918197632 0.6508203148841858
vt 0.9290691614151001 0.7326472401618958
vt 0.9416240453720093 0.8751534223556519
vt 0.03253331035375595 0.8395869731903076
vt 0.029663629829883575 0.7875589728355408
vt 0.2579227685928345 0.7875589728355408
vt 0.9300257563591003 0.6228237152099609
vt 0.9079052805900574 0.6575491428375244
vt 0.9656575918197632 0.6508203148841858
vt 0.9290691614151001 0.7326472401618958
vt 0.9079052805900574 0.6575491428375244
vt 0.9069487452507019 0.5198491811752319
vt 0.8722734451293945 0.5621444582939148
vt 0.09028562158346176 0.4639761745929718
vt 0.06912173330783844 0.2761707901954651
vt 0.13847233355045319 0.18473131954669952
vt 0.13751576840877533 0.016151048243045807
vt 0.1577230989933014 0.26367446780204773
vt 0.13847233355045319 0.18473131954669952
vt 0.19431151449680328 0.22029778361320496
vt 0.13751576840877533 0.016151048243045807
vt 0.3301430344581604 0.5659894943237305
vt 0.28769567608833313 0.7721788883209229
vt 0.28195634484291077 0.5409968495368958
vt 0.2424982339143753 0.6373627185821533
vt 0.28769567608833313 0.7721788883209229
vt 0.28195634484291077 0.5409968495368958
vt 0.2424982339143753 0.6373627185821533
vt 0.22420401871204376 0.5140816569328308
vt 0.28195634484291077 0.5409968495368958
vt 0.2550530731678009 0.3936843276023865
vt 0.28195634484291077 0.5409968495368958
vt 0.3059898912906647 0.3840717673301697
vt 0.3301430344581604 0.5659894943237305
vt 0.41097235679626465 0.2579069435596466
vt 0.4225706458091736 0.017112303525209427
vt 0.38693878054618835 0.15192845463752747
vt 0.4225706458091736 0.017112303525209427
vt 0.46107217669487 0.27905455231666565
vt 0.41097235679626465 0.2579069435596466
vt 0.46107217669487 0.27905455231666565
vt 0.4648984372615814 0.5361905694007874
vt 0.5294662117958069 0.4582086503505707
vt 0.4648984372615814 0.5361905694007874
vt 0.41097235679626465 0.2579069435596466
vt 0.46107217669487 0.27905455231666565
vt 0.4648984372615814 0.5361905694007874
vt 0.38215598464012146 0.6999645233154297
vt 0.441821426153183 0.7750626802444458
vt 0.3705576956272125 0.504469096660614
vt 0.41097235679626465 0.2579069435596466
vt 0.4648984372615814 0.5361905694007874
vt 0.5978602766990662 0.7808302044868469
vt 0.6171110272407532 0.6546653509140015
vt 0.5477604269981384 0.6825417876243591
vt 0.5420210957527161 0.4340570867061615
vt 0.38215598464012146 0.6999645233154297
vt 0.4648984372615814 0.5361905694007874
vt 0.3705576956272125 0.504469096660614
vt 0.3301430344581604 0.5659894943237305
vt 0.3059898912906647 0.3840717673301697
vt 0.3320561647415161 0.3850330412387848
vt 0.21451884508132935 0.4004131257534027
vt 0.19431151449680328 0.22029778361320496
vt 0.1577230989933014 0.26367446780204773
vt 0.09028562158346176 0.4639761745929718
vt 0.08454626053571701 0.7712176442146301
vt 0.014239099808037281 0.5294617414474487
vt 0.08167658001184464 0.7712176442146301
vt 0.441821426153183 0.7750626802444458
vt 0.4648984372615814 0.5361905694007874
vt 0.5612718462944031 0.7692950963973999
vt 0.3301430344581604 0.7712176442146301
vt 0.441821426153183 0.7750626802444458
vt 0.38215598464012146 0.6999645233154297
vt 0.2857825756072998 0.14616091549396515
vt 0.3320561647415161 0.3850330412387848
vt 0.3059898912906647 0.3840717673301697
vt 0.6238069534301758 0.35319143533706665
vt 0.624763548374176 0.1634635329246521
vt 0.5401079654693604 0.2771320641040802
vt 0.5332924723625183 0.16538603603839874
vt 0.6238069534301758 0.35319143533706665
vt 0.5401079654693604 0.2771320641040802
vt 0.5420210957527161 0.4340570867061615
vt 0.33779552578926086 0.6575491428375244
vt 0.3705576956272125 0.504469096660614
vt 0.38215598464012146 0.6999645233154297
vt 0.33779552578926086 0.6575491428375244
vt 0.3301430344581604 0.7712176442146301
vt 0.38215598464012146 0.6999645233154297
vt 0.6238069534301758 0.35319143533706665
vt 0.6171110272407532 0.6546653509140015
vt 0.5420210957527161 0.4340570867061615
vt 0.2838694453239441 0.011344768106937408
vt 0.19335496425628662 0.019996071234345436
vt 0.2857825756072998 0.14616091549396515
vt 0.2550530731678009 0.3936843276023865
vt 0.28195634484291077 0.5409968495368958
vt 0.3059898912906647 0.3840717673301697
vt 0.2550530731678009 0.3936843276023865
vt 0.2857825756072998 0.14616091549396515
vt 0.6171110272407532 0.6546653509140015
vt 0.6815592646598816 0.5448418259620667
vt 0.6238069534301758 0.35319143533706665
vt 0.7018861770629883 0.16634729504585266
vt 0.624763548374176 0.1634635329246521
vt 0.14229856431484222 0.5438805818557739
vt 0.09028562158346176 0.4639761745929718
vt 0.1577230989933014 0.26367446780204773
vt 0.13847233355045319 0.18473131954669952
vt 0.08550281822681427 0.7712176442146301
vt 0.14229856431484222 0.5438805818557739
vt 0.20782293379306793 0.7731401324272156
vt 0.14229856431484222 0.5438805818557739
vt 0.21451884508132935 0.4004131257534027
vt 0.1577230989933014 0.26367446780204773
vt 0.14229856431484222 0.5438805818557739
vt 0.08550281822681427 0.7712176442146301
vt 0.09028562158346176 0.4639761745929718
vt 0.08454626053571701 0.7712176442146301
vt 0.3320561647415161 0.3850330412387848
vt 0.2857825756072998 0.14616091549396515
vt 0.36768803000450134 0.18761508166790009
vt 0.3955478370189667 0.0084610003978014
vt 0.2838694453239441 0.011344768106937408
vt 0.21451884508132935 0.4004131257534027
vt 0.21356229484081268 0.5968698263168335
vt 0.14229856431484222 0.5438805818557739
vt 0.20782293379306793 0.7731401324272156
vt 0.09028562158346176 0.4639761745929718
vt 0.06912173330783844 0.2761707901954651
vt 0.13847233355045319 0.18473131954669952
vt 0.13751576840877533 0.016151048243045807
vt 0.1577230989933014 0.26367446780204773
vt 0.13847233355045319 0.18473131954669952
vt 0.19431151449680328 0.22029778361320496
vt 0.13751576840877533 0.016151048243045807
vt 0.3301430344581604 0.5659894943237305
vt 0.28769567608833313 0.7721788883209229
vt 0.28195634484291077 0.5409968495368958
vt 0.2424982339143753 0.6373627185821533
vt 0.28769567608833313 0.7721788883209229
vt 0.28195634484291077 0.5409968495368958
vt 0.2424982339143753 0.6373627185821533
vt 0.22420401871204376 0.5140816569328308
vt 0.28195634484291077 0.5409968495368958
vt 0.2550530731678009 0.3936843276023865
vt 0.28195634484291077 0.5409968495368958
vt 0.3059898912906647 0.3840717673301697
vt 0.3301430344581604 0.5659894943237305
vt 0.41097235679626465 0.2579069435596466
vt 0.4225706458091736 0.017112303525209427
vt 0.38693878054618835 0.15192845463752747
vt 0.4225706458091736 0.017112303525209427
vt 0.46107217669487 0.27905455231666565
vt 0.41097235679626465 0.2579069435596466
vt 0.46107217669487 0.27905455231666565
vt 0.4648984372615814 0.5361905694007874
vt 0.5294662117958069 0.4582086503505707
vt 0.4648984372615814 0.5361905694007874
vt 0.41097235679626465 0.2579069435596466
vt 0.46107217669487 0.27905455231666565
vt 0.4648984372615814 0.5361905694007874
vt 0.38215598464012146 0.6999645233154297
vt 0.441821426153183 0.7750626802444458
vt 0.3705576956272125 0.504469096660614
vt 0.41097235679626465 0.2579069435596466
vt 0.4648984372615814 0.5361905694007874
vt 0.5978602766990662 0.7808302044868469
vt 0.6171110272407532 0.6546653509140015
vt 0.5477604269981384 0.6825417876243591
vt 0.5420210957527161 0.4340570867061615
vt 0.38215598464012146 0.6999645233154297
vt 0.4648984372615814 0.5361905694007874
vt 0.3705576956272125 0.504469096660614
vt 0.3301430344581604 0.5659894943237305
vt 0.3059898912906647 0.3840717673301697
vt 0.3320561647415161 0.3850330412387848
vt 0.21451884508132935 0.4004131257534027
vt 0.19431151449680328 0.22029778361320496
vt 0.1577230989933014 0.26367446780204773
vt 0.09028562158346176 0.4639761745929718
vt 0.08454626053571701 0.7712176442146301
vt 0.014239099808037281 0.5294617414474487
vt 0.08167658001184464 0.7712176442146301
vt 0.441821426153183 0.7750626802444458
vt 0.4648984372615814 0.5361905694007874
vt 0.5612718462944031 0.7692950963973999
vt 0.3301430344581604 0.7712176442146301
vt 0.441821426153183 0.7750626802444458
vt 0.38215598464012146 0.6999645233154297
vt 0.2857825756072998 0.14616091549396515
vt 0.3320561647415161 0.3850330412387848
vt 0.3059898912906647 0.3840717673301697
vt 0.6238069534301758 0.35319143533706665
vt 0.624763548374176 0.1634635329246521
vt 0.5401079654693604 0.2771320641040802
vt 0.5332924723625183 0.16538603603839874
vt 0.6238069534301758 0.35319143533706665
vt 0.5401079654693604 0.2771320641040802
vt 0.5420210957527161 0.4340570867061615
vt 0.33779552578926086 0.6575491428375244
vt 0.3705576956272125 0.504469096660614
vt 0.38215598464012146 0.6999645233154297
vt 0.33779552578926086 0.6575491428375244
vt 0.3301430344581604 0.7712176442146301
vt 0.38215598464012146 0.6999645233154297
vt 0.6238069534301758 0.35319143533706665
vt 0.6171110272407532 0.6546653509140015
vt 0.5420210957527161 0.4340570867061615
vt 0.2838694453239441 0.011344768106937408
vt 0.19335496425628662 0.019996071234345436
vt 0.2857825756072998 0.14616091549396515
vt 0.2550530731678009 0.3936843276023865
vt 0.28195634484291077 0.5409968495368958
vt 0.3059898912906647 0.3840717673301697
vt 0.2550530731678009 0.3936843276023865
vt 0.2857825756072998 0.14616091549396515
vt 0.6171110272407532 0.6546653509140015
vt 0.6815592646598816 0.5448418259620667
vt 0.6238069534301758 0.35319143533706665
vt 0.7018861770629883 0.16634729504585266
vt 0.624763548374176 0.1634635329246521
vt 0.14229856431484222 0.5438805818557739
vt 0.09028562158346176 0.4639761745929718
vt 0.1577230989933014 0.26367446780204773
vt 0.13847233355045319 0.18473131954669952
vt 0.08550281822681427 0.7712176442146301
vt 0.14229856431484222 0.5438805818557739
vt 0.20782293379306793 0.7731401324272156
vt 0.14229856431484222 0.5438805818557739
vt 0.21451884508132935 0.4004131257534027
vt 0.1577230989933014 0.26367446780204773
vt 0.14229856431484222 0.5438805818557739
vt 0.08550281822681427 0.7712176442146301
vt 0.09028562158346176 0.4639761745929718
vt 0.08454626053571701 0.7712176442146301
vt 0.3320561647415161 0.3850330412387848
vt 0.2857825756072998 0.14616091549396515
vt 0.36768803000450134 0.18761508166790009
vt 0.3955478370189667 0.0084610003978014
vt 0.2838694453239441 0.011344768106937408
vt 0.21451884508132935 0.4004131257534027
vt 0.21356229484081268 0.5968698263168335
vt 0.14229856431484222 0.5438805818557739
vt 0.20782293379306793 0.7731401324272156
vt 0.09028562158346176 0.4639761745929718
vt 0.06912173330783844 0.2761707901954651
vt 0.13847233355045319 0.18473131954669952
vt 0.13751576840877533 0.016151048243045807
vt 0.1577230989933014 0.26367446780204773
vt 0.13847233355045319 0.18473131954669952
vt 0.19431151449680328 0.22029778361320496
vt 0.13751576840877533 0.016151048243045807
vt 0.3301430344581604 0.5659894943237305
vt 0.28769567608833313 0.7721788883209229
vt 0.28195634484291077 0.5409968495368958
vt 0.2424982339143753 0.6373627185821533
vt 0.28769567608833313 0.7721788883209229
vt 0.28195634484291077 0.5409968495368958
vt 0.2424982339143753 0.6373627185821533
vt 0.22420401871204376 0.5140816569328308
vt 0.28195634484291077 0.5409968495368958
vt 0.2550530731678009 0.3936843276023865
vt 0.28195634484291077 0.5409968495368958
vt 0.3059898912906647 0.3840717673301697
vt 0.3301430344581604 0.5659894943237305
vt 0.41097235679626465 0.2579069435596466
vt 0.4225706458091736 0.017112303525209427
vt 0.38693878054618835 0.15192845463752747
vt 0.4225706458091736 0.017112303525209427
vt 0.46107217669487 0.27905455231666565
vt 0.41097235679626465 0.2579069435596466
vt 0.46107217669487 0.27905455231666565
vt 0.4648984372615814 0.5361905694007874
vt 0.5294662117958069 0.4582086503505707
vt 0.4648984372615814 0.5361905694007874
vt 0.41097235679626465 0.2579069435596466
vt 0.46107217669487 0.27905455231666565
vt 0.4648984372615814 0.5361905694007874
vt 0.38215598464012146 0.6999645233154297
vt 0.441821426153183 0.7750626802444458
vt 0.3705576956272125 0.504469096660614
vt 0.41097235679626465 0.2579069435596466
vt 0.4648984372615814 0.5361905694007874
vt 0.5978602766990662 0.7808302044868469
vt 0.6171110272407532 0.6546653509140015
vt 0.5477604269981384 0.6825417876243591
vt 0.5420210957527161 0.4340570867061615
vt 0.38215598464012146 0.6999645233154297
vt 0.4648984372615814 0.5361905694007874
vt 0.3705576956272125 0.504469096660614
vt 0.3301430344581604 0.5659894943237305
vt 0.3059898912906647 0.3840717673301697
vt 0.3320561647415161 0.3850330412387848
vt 0.21451884508132935 0.4004131257534027
vt 0.19431151449680328 0.22029778361320496
vt 0.1577230989933014 0.26367446780204773
vt 0.09028562158346176 0.4639761745929718
vt 0.08454626053571701 0.7712176442146301
vt 0.014239099808037281 0.5294617414474487
vt 0.08167658001184464 0.7712176442146301
vt 0.441821426153183 0.7750626802444458
vt 0.4648984372615814 0.5361905694007874
vt 0.5612718462944031 0.7692950963973999
vt 0.3301430344581604 0.7712176442146301
vt 0.441821426153183 0.7750626802444458
vt 0.38215598464012146 0.6999645233154297
vt 0.3320561647415161 0.3850330412387848
vt 0.3059898912906647 0.3840717673301697
vt 0.2857825756072998 0.14616091549396515
vt 0.2550530731678009 0.3936843276023865
vt 0.6238069534301758 0.35319143533706665
vt 0.5401079654693604 0.2771320641040802
vt 0.624763548374176 0.1634635329246521
vt 0.5332924723625183 0.16538603603839874
vt 0.6238069534301758 0.35319143533706665
vt 0.5420210957527161 0.4340570867061615
vt 0.5401079654693604 0.2771320641040802
vt 0.33779552578926086 0.6575491428375244
vt 0.38215598464012146 0.6999645233154297
vt 0.3705576956272125 0.504469096660614
vt 0.33779552578926086 0.6575491428375244
vt 0.38215598464012146 0.6999645233154297
vt 0.3301430344581604 0.7712176442146301
vt 0.6238069534301758 0.35319143533706665
vt 0.5420210957527161 0.4340570867061615
vt 0.6171110272407532 0.6546653509140015
vt 0.2838694453239441 0.011344768106937408
vt 0.2857825756072998 0.14616091549396515
vt 0.19335496425628662 0.019996071234345436
vt 0.2550530731678009 0.3936843276023865
vt 0.3059898912906647 0.3840717673301697
vt 0.28195634484291077 0.5409968495368958
vt 0.2550530731678009 0.3936843276023865
vt 0.6171110272407532 0.6546653509140015
vt 0.6815592646598816 0.5448418259620667
vt 0.6238069534301758 0.35319143533706665
vt 0.7018861770629883 0.16634729504585266
vt 0.624763548374176 0.1634635329246521
vt 0.14229856431484222 0.5438805818557739
vt 0.09028562158346176 0.4639761745929718
vt 0.1577230989933014 0.26367446780204773
vt 0.13847233355045319 0.18473131954669952
vt 0.08550281822681427 0.7712176442146301
vt 0.14229856431484222 0.5438805818557739
vt 0.20782293379306793 0.7731401324272156
vt 0.14229856431484222 0.5438805818557739
vt 0.21451884508132935 0.4004131257534027
vt 0.1577230989933014 0.26367446780204773
vt 0.14229856431484222 0.5438805818557739
vt 0.08550281822681427 0.7712176442146301
vt 0.09028562158346176 0.4639761745929718
vt 0.08454626053571701 0.7712176442146301
vt 0.36768803000450134 0.18761508166790009
vt 0.2857825756072998 0.14616091549396515
vt 0.3955478370189667 0.0084610003978014
vt 0.2838694453239441 0.011344768106937408
vt 0.14229856431484222 0.5438805818557739
vt 0.21451884508132935 0.4004131257534027
vt 0.21356229484081268 0.5968698263168335
vt 0.36768803000450134 0.18761508166790009
vt 0.2857825756072998 0.14616091549396515
vt 0.3320561647415161 0.3850330412387848
vt 0.14229856431484222 0.5438805818557739
vt 0.21356229484081268 0.5968698263168335
vt 0.20782293379306793 0.7731401324272156
vt 0.09028562158346176 0.4639761745929718
vt 0.13847233355045319 0.18473131954669952
vt 0.06912173330783844 0.2761707901954651
vt 0.13751576840877533 0.016151048243045807
vt 0.1577230989933014 0.26367446780204773
vt 0.19431151449680328 0.22029778361320496
vt 0.13847233355045319 0.18473131954669952
vt 0.13751576840877533 0.016151048243045807
vt 0.3301430344581604 0.5659894943237305
vt 0.28195634484291077 0.5409968495368958
vt 0.28769567608833313 0.7721788883209229
vt 0.2424982339143753 0.6373627185821533
vt 0.28195634484291077 0.5409968495368958
vt 0.28769567608833313 0.7721788883209229
vt 0.2424982339143753 0.6373627185821533
vt 0.28195634484291077 0.5409968495368958
vt 0.22420401871204376 0.5140816569328308
vt 0.2550530731678009 0.3936843276023865
vt 0.28195634484291077 0.5409968495368958
vt 0.3301430344581604 0.5659894943237305
vt 0.3059898912906647 0.3840717673301697
vt 0.41097235679626465 0.2579069435596466
vt 0.38693878054618835 0.15192845463752747
vt 0.4225706458091736 0.017112303525209427
vt 0.4225706458091736 0.017112303525209427
vt 0.41097235679626465 0.2579069435596466
vt 0.46107217669487 0.27905455231666565
vt 0.46107217669487 0.27905455231666565
vt 0.5294662117958069 0.4582086503505707
vt 0.4648984372615814 0.5361905694007874
vt 0.4648984372615814 0.5361905694007874
vt 0.46107217669487 0.27905455231666565
vt 0.41097235679626465 0.2579069435596466
vt 0.4648984372615814 0.5361905694007874
vt 0.441821426153183 0.7750626802444458
vt 0.38215598464012146 0.6999645233154297
vt 0.3705576956272125 0.504469096660614
vt 0.4648984372615814 0.5361905694007874
vt 0.41097235679626465 0.2579069435596466
vt 0.5978602766990662 0.7808302044868469
vt 0.5477604269981384 0.6825417876243591
vt 0.6171110272407532 0.6546653509140015
vt 0.5420210957527161 0.4340570867061615
vt 0.38215598464012146 0.6999645233154297
vt 0.3705576956272125 0.504469096660614
vt 0.4648984372615814 0.5361905694007874
vt 0.3301430344581604 0.5659894943237305
vt 0.3320561647415161 0.3850330412387848
vt 0.3059898912906647 0.3840717673301697
vt 0.21451884508132935 0.4004131257534027
vt 0.1577230989933014 0.26367446780204773
vt 0.19431151449680328 0.22029778361320496
vt 0.09028562158346176 0.4639761745929718
vt 0.014239099808037281 0.5294617414474487
vt 0.08454626053571701 0.7712176442146301
vt 0.08167658001184464 0.7712176442146301
vt 0.441821426153183 0.7750626802444458
vt 0.5612718462944031 0.7692950963973999
vt 0.4648984372615814 0.5361905694007874
vt 0.3301430344581604 0.7712176442146301
vt 0.38215598464012146 0.6999645233154297
vt 0.441821426153183 0.7750626802444458
vt 0.3320561647415161 0.3850330412387848
vt 0.2857825756072998 0.14616091549396515
vt 0.3059898912906647 0.3840717673301697
vt 0.2550530731678009 0.3936843276023865
vt 0.624763548374176 0.1634635329246521
vt 0.5401079654693604 0.2771320641040802
vt 0.6238069534301758 0.35319143533706665
vt 0.6238069534301758 0.35319143533706665
vt 0.5420210957527161 0.4340570867061615
vt 0.5401079654693604 0.2771320641040802
vt 0.33779552578926086 0.6575491428375244
vt 0.38215598464012146 0.6999645233154297
vt 0.3705576956272125 0.504469096660614
vt 0.33779552578926086 0.6575491428375244
vt 0.38215598464012146 0.6999645233154297
vt 0.3301430344581604 0.7712176442146301
vt 0.6238069534301758 0.35319143533706665
vt 0.5420210957527161 0.4340570867061615
vt 0.6171110272407532 0.6546653509140015
vt 0.2838694453239441 0.011344768106937408
vt 0.2857825756072998 0.14616091549396515
vt 0.19335496425628662 0.019996071234345436
vt 0.2550530731678009 0.3936843276023865
vt 0.3059898912906647 0.3840717673301697
vt 0.28195634484291077 0.5409968495368958
vt 0.2550530731678009 0.3936843276023865
vt 0.6171110272407532 0.6546653509140015
vt 0.6815592646598816 0.5448418259620667
vt 0.6238069534301758 0.35319143533706665
vt 0.7018861770629883 0.16634729504585266
vt 0.624763548374176 0.1634635329246521
vt 0.624763548374176 0.1634635329246521
vt 0.5401079654693604 0.2771320641040802
vt 0.5332924723625183 0.16538603603839874
vt 0.14229856431484222 0.5438805818557739
vt 0.1577230989933014 0.26367446780204773
vt 0.09028562158346176 0.4639761745929718
vt 0.13847233355045319 0.18473131954669952
vt 0.08550281822681427 0.7712176442146301
vt 0.20782293379306793 0.7731401324272156
vt 0.14229856431484222 0.5438805818557739
vt 0.14229856431484222 0.5438805818557739
vt 0.1577230989933014 0.26367446780204773
vt 0.21451884508132935 0.4004131257534027
vt 0.14229856431484222 0.5438805818557739
vt 0.09028562158346176 0.4639761745929718
vt 0.08550281822681427 0.7712176442146301
vt 0.08454626053571701 0.7712176442146301
vt 0.36768803000450134 0.18761508166790009
vt 0.3955478370189667 0.0084610003978014
vt 0.2857825756072998 0.14616091549396515
vt 0.2838694453239441 0.011344768106937408
vt 0.14229856431484222 0.5438805818557739
vt 0.21356229484081268 0.5968698263168335
vt 0.21451884508132935 0.4004131257534027
vt 0.36768803000450134 0.18761508166790009
vt 0.3320561647415161 0.3850330412387848
vt 0.2857825756072998 0.14616091549396515
vt 0.14229856431484222 0.5438805818557739
vt 0.20782293379306793 0.7731401324272156
vt 0.21356229484081268 0.5968698263168335
vt 0.09028562158346176 0.4639761745929718
vt 0.06912173330783844 0.2761707901954651
vt 0.13847233355045319 0.18473131954669952
vt 0.13751576840877533 0.016151048243045807
vt 0.1577230989933014 0.26367446780204773
vt 0.13847233355045319 0.18473131954669952
vt 0.19431151449680328 0.22029778361320496
vt 0.13751576840877533 0.016151048243045807
vt 0.3301430344581604 0.5659894943237305
vt 0.28769567608833313 0.7721788883209229
vt 0.28195634484291077 0.5409968495368958
vt 0.2424982339143753 0.6373627185821533
vt 0.28769567608833313 0.7721788883209229
vt 0.28195634484291077 0.5409968495368958
vt 0.2424982339143753 0.6373627185821533
vt 0.22420401871204376 0.5140816569328308
vt 0.28195634484291077 0.5409968495368958
vt 0.2550530731678009 0.3936843276023865
vt 0.28195634484291077 0.5409968495368958
vt 0.3059898912906647 0.3840717673301697
vt 0.3301430344581604 0.5659894943237305
vt 0.41097235679626465 0.2579069435596466
vt 0.4225706458091736 0.017112303525209427
vt 0.38693878054618835 0.15192845463752747
vt 0.4225706458091736 0.017112303525209427
vt 0.46107217669487 0.27905455231666565
vt 0.41097235679626465 0.2579069435596466
vt 0.46107217669487 0.27905455231666565
vt 0.4648984372615814 0.5361905694007874
vt 0.5294662117958069 0.4582086503505707
vt 0.4648984372615814 0.5361905694007874
vt 0.41097235679626465 0.2579069435596466
vt 0.46107217669487 0.27905455231666565
vt 0.4648984372615814 0.5361905694007874
vt 0.38215598464012146 0.6999645233154297
vt 0.441821426153183 0.7750626802444458
vt 0.3705576956272125 0.504469096660614
vt 0.41097235679626465 0.2579069435596466
vt 0.4648984372615814 0.5361905694007874
vt 0.5978602766990662 0.7808302044868469
vt 0.6171110272407532 0.6546653509140015
vt 0.5477604269981384 0.6825417876243591
vt 0.5420210957527161 0.4340570867061615
vt 0.38215598464012146 0.6999645233154297
vt 0.4648984372615814 0.5361905694007874
vt 0.3705576956272125 0.504469096660614
vt 0.3301430344581604 0.5659894943237305
vt 0.3059898912906647 0.3840717673301697
vt 0.3320561647415161 0.3850330412387848
vt 0.21451884508132935 0.4004131257534027
vt 0.19431151449680328 0.22029778361320496
vt 0.1577230989933014 0.26367446780204773
vt 0.09028562158346176 0.4639761745929718
vt 0.08454626053571701 0.7712176442146301
vt 0.014239099808037281 0.5294617414474487
vt 0.08167658001184464 0.7712176442146301
vt 0.441821426153183 0.7750626802444458
vt 0.4648984372615814 0.5361905694007874
vt 0.5612718462944031 0.7692950963973999
vt 0.3301430344581604 0.7712176442146301
vt 0.441821426153183 0.7750626802444458
vt 0.38215598464012146 0.6999645233154297
vt 0.2857825756072998 0.14616091549396515
vt 0.3320561647415161 0.3850330412387848
vt 0.3059898912906647 0.3840717673301697
vt 0.6238069534301758 0.35319143533706665
vt 0.624763548374176 0.1634635329246521
vt 0.5401079654693604 0.2771320641040802
vt 0.5332924723625183 0.16538603603839874
vt 0.6238069534301758 0.35319143533706665
vt 0.5401079654693604 0.2771320641040802
vt 0.5420210957527161 0.4340570867061615
vt 0.33779552578926086 0.6575491428375244
vt 0.3705576956272125 0.504469096660614
vt 0.38215598464012146 0.6999645233154297
vt 0.33779552578926086 0.6575491428375244
vt 0.3301430344581604 0.7712176442146301
vt 0.38215598464012146 0.6999645233154297
vt 0.6238069534301758 0.35319143533706665
vt 0.6171110272407532 0.6546653509140015
vt 0.5420210957527161 0.4340570867061615
vt 0.2838694453239441 0.011344768106937408
vt 0.19335496425628662 0.019996071234345436
vt 0.2857825756072998 0.14616091549396515
vt 0.2550530731678009 0.3936843276023865
vt 0.28195634484291077 0.5409968495368958
vt 0.3059898912906647 0.3840717673301697
vt 0.2550530731678009 0.3936843276023865
vt 0.2857825756072998 0.14616091549396515
vt 0.6171110272407532 0.6546653509140015
vt 0.6815592646598816 0.5448418259620667
vt 0.6238069534301758 0.35319143533706665
vt 0.7018861770629883 0.16634729504585266
vt 0.624763548374176 0.1634635329246521
vt 0.14229856431484222 0.5438805818557739
vt 0.09028562158346176 0.4639761745929718
vt 0.1577230989933014 0.26367446780204773
vt 0.13847233355045319 0.18473131954669952
vt 0.08550281822681427 0.7712176442146301
vt 0.14229856431484222 0.5438805818557739
vt 0.20782293379306793 0.7731401324272156
vt 0.14229856431484222 0.5438805818557739
vt 0.21451884508132935 0.4004131257534027
vt 0.1577230989933014 0.26367446780204773
vt 0.14229856431484222 0.5438805818557739
vt 0.08550281822681427 0.7712176442146301
vt 0.09028562158346176 0.4639761745929718
vt 0.08454626053571701 0.7712176442146301
vt 0.3320561647415161 0.3850330412387848
vt 0.2857825756072998 0.14616091549396515
vt 0.36768803000450134 0.18761508166790009
vt 0.3955478370189667 0.0084610003978014
vt 0.2838694453239441 0.011344768106937408
vt 0.21451884508132935 0.4004131257534027
vt 0.21356229484081268 0.5968698263168335
vt 0.14229856431484222 0.5438805818557739
vt 0.20782293379306793 0.7731401324272156
vt 0.09028562158346176 0.4639761745929718
vt 0.06912173330783844 0.2761707901954651
vt 0.13847233355045319 0.18473131954669952
vt 0.13751576840877533 0.016151048243045807
vt 0.1577230989933014 0.26367446780204773
vt 0.13847233355045319 0.18473131954669952
vt 0.19431151449680328 0.22029778361320496
vt 0.13751576840877533 0.016151048243045807
vt 0.3301430344581604 0.5659894943237305
vt 0.28769567608833313 0.7721788883209229
vt 0.28195634484291077 0.5409968495368958
vt 0.2424982339143753 0.6373627185821533
vt 0.28769567608833313 0.7721788883209229
vt 0.28195634484291077 0.5409968495368958
vt 0.2424982339143753 0.6373627185821533
vt 0.22420401871204376 0.5140816569328308
vt 0.28195634484291077 0.5409968495368958
vt 0.2550530731678009 0.3936843276023865
vt 0.28195634484291077 0.5409968495368958
vt 0.3059898912906647 0.3840717673301697
vt 0.3301430344581604 0.5659894943237305
vt 0.41097235679626465 0.2579069435596466
vt 0.4225706458091736 0.017112303525209427
vt 0.38693878054618835 0.15192845463752747
vt 0.4225706458091736 0.017112303525209427
vt 0.46107217669487 0.27905455231666565
vt 0.41097235679626465 0.2579069435596466
vt 0.46107217669487 0.27905455231666565
vt 0.4648984372615814 0.5361905694007874
vt 0.5294662117958069 0.4582086503505707
vt 0.4648984372615814 0.5361905694007874
vt 0.41097235679626465 0.2579069435596466
vt 0.46107217669487 0.27905455231666565
vt 0.4648984372615814 0.5361905694007874
vt 0.38215598464012146 0.6999645233154297
vt 0.441821426153183 0.7750626802444458
vt 0.3705576956272125 0.504469096660614
vt 0.41097235679626465 0.2579069435596466
vt 0.4648984372615814 0.5361905694007874
vt 0.5978602766990662 0.7808302044868469
vt 0.6171110272407532 0.6546653509140015
vt 0.5477604269981384 0.6825417876243591
vt 0.5420210957527161 0.4340570867061615
vt 0.38215598464012146 0.6999645233154297
vt 0.4648984372615814 0.5361905694007874
vt 0.3705576956272125 0.504469096660614
vt 0.3301430344581604 0.5659894943237305
vt 0.3059898912906647 0.3840717673301697
vt 0.3320561647415161 0.3850330412387848
vt 0.21451884508132935 0.4004131257534027
vt 0.19431151449680328 0.22029778361320496
vt 0.1577230989933014 0.26367446780204773
vt 0.09028562158346176 0.4639761745929718
vt 0.08454626053571701 0.7712176442146301
vt 0.014239099808037281 0.5294617414474487
vt 0.08167658001184464 0.7712176442146301
vt 0.441821426153183 0.7750626802444458
vt 0.4648984372615814 0.5361905694007874
vt 0.5612718462944031 0.7692950963973999
vt 0.3301430344581604 0.7712176442146301
vt 0.441821426153183 0.7750626802444458
vt 0.38215598464012146 0.6999645233154297
vt 0.2857825756072998 0.14616091549396515
vt 0.3320561647415161 0.3850330412387848
vt 0.3059898912906647 0.3840717673301697
vt 0.6238069534301758 0.35319143533706665
vt 0.624763548374176 0.1634635329246521
vt 0.5401079654693604 0.2771320641040802
vt 0.5332924723625183 0.16538603603839874
vt 0.6238069534301758 0.35319143533706665
vt 0.5401079654693604 0.2771320641040802
vt 0.5420210957527161 0.4340570867061615
vt 0.33779552578926086 0.6575491428375244
vt 0.3705576956272125 0.504469096660614
vt 0.38215598464012146 0.6999645233154297
vt 0.33779552578926086 0.6575491428375244
vt 0.3301430344581604 0.7712176442146301
vt 0.38215598464012146 0.6999645233154297
vt 0.6238069534301758 0.35319143533706665
vt 0.6171110272407532 0.6546653509140015
vt 0.5420210957527161 0.4340570867061615
vt 0.2838694453239441 0.011344768106937408
vt 0.19335496425628662 0.019996071234345436
vt 0.2857825756072998 0.14616091549396515
vt 0.2550530731678009 0.3936843276023865
vt 0.28195634484291077 0.5409968495368958
vt 0.3059898912906647 0.3840717673301697
vt 0.2550530731678009 0.3936843276023865
vt 0.2857825756072998 0.14616091549396515
vt 0.6171110272407532 0.6546653509140015
vt 0.6815592646598816 0.5448418259620667
vt 0.6238069534301758 0.35319143533706665
vt 0.7018861770629883 0.16634729504585266
vt 0.624763548374176 0.1634635329246521
vt 0.14229856431484222 0.5438805818557739
vt 0.09028562158346176 0.4639761745929718
vt 0.1577230989933014 0.26367446780204773
vt 0.13847233355045319 0.18473131954669952
vt 0.08550281822681427 0.7712176442146301
vt 0.14229856431484222 0.5438805818557739
vt 0.20782293379306793 0.7731401324272156
vt 0.14229856431484222 0.5438805818557739
vt 0.21451884508132935 0.4004131257534027
vt 0.1577230989933014 0.26367446780204773
vt 0.14229856431484222 0.5438805818557739
vt 0.08550281822681427 0.7712176442146301
vt 0.09028562158346176 0.4639761745929718
vt 0.08454626053571701 0.7712176442146301
vt 0.3320561647415161 0.3850330412387848
vt 0.2857825756072998 0.14616091549396515
vt 0.36768803000450134 0.18761508166790009
vt 0.3955478370189667 0.0084610003978014
vt 0.2838694453239441 0.011344768106937408
vt 0.21451884508132935 0.4004131257534027
vt 0.21356229484081268 0.5968698263168335
vt 0.14229856431484222 0.5438805818557739
vt 0.20782293379306793 0.7731401324272156
vt 0.09028562158346176 0.4639761745929718
vt 0.06912173330783844 0.2761707901954651
vt 0.13847233355045319 0.18473131954669952
vt 0.13751576840877533 0.016151048243045807
vt 0.1577230989933014 0.26367446780204773
vt 0.13847233355045319 0.18473131954669952
vt 0.19431151449680328 0.22029778361320496
vt 0.13751576840877533 0.016151048243045807
vt 0.3301430344581604 0.5659894943237305
vt 0.28769567608833313 0.7721788883209229
vt 0.28195634484291077 0.5409968495368958
vt 0.2424982339143753 0.6373627185821533
vt 0.28769567608833313 0.7721788883209229
vt 0.28195634484291077 0.5409968495368958
vt 0.2424982339143753 0.6373627185821533
vt 0.22420401871204376 0.5140816569328308
vt 0.28195634484291077 0.5409968495368958
vt 0.2550530731678009 0.3936843276023865
vt 0.28195634484291077 0.5409968495368958
vt 0.3059898912906647 0.3840717673301697
vt 0.3301430344581604 0.5659894943237305
vt 0.41097235679626465 0.2579069435596466
vt 0.4225706458091736 0.017112303525209427
vt 0.38693878054618835 0.15192845463752747
vt 0.4225706458091736 0.017112303525209427
vt 0.46107217669487 0.27905455231666565
vt 0.41097235679626465 0.2579069435596466
vt 0.46107217669487 0.27905455231666565
vt 0.4648984372615814 0.5361905694007874
vt 0.5294662117958069 0.4582086503505707
vt 0.4648984372615814 0.5361905694007874
vt 0.41097235679626465 0.2579069435596466
vt 0.46107217669487 0.27905455231666565
vt 0.4648984372615814 0.5361905694007874
vt 0.38215598464012146 0.6999645233154297
vt 0.441821426153183 0.7750626802444458
vt 0.3705576956272125 0.504469096660614
vt 0.41097235679626465 0.2579069435596466
vt 0.4648984372615814 0.5361905694007874
vt 0.5978602766990662 0.7808302044868469
vt 0.6171110272407532 0.6546653509140015
vt 0.5477604269981384 0.6825417876243591
vt 0.5420210957527161 0.4340570867061615
vt 0.38215598464012146 0.6999645233154297
vt 0.4648984372615814 0.5361905694007874
vt 0.3705576956272125 0.504469096660614
vt 0.3301430344581604 0.5659894943237305
vt 0.3059898912906647 0.3840717673301697
vt 0.3320561647415161 0.3850330412387848
vt 0.21451884508132935 0.4004131257534027
vt 0.19431151449680328 0.22029778361320496
vt 0.1577230989933014 0.26367446780204773
vt 0.09028562158346176 0.4639761745929718
vt 0.08454626053571701 0.7712176442146301
vt 0.014239099808037281 0.5294617414474487
vt 0.08167658001184464 0.7712176442146301
vt 0.441821426153183 0.7750626802444458
vt 0.4648984372615814 0.5361905694007874
vt 0.5612718462944031 0.7692950963973999
vt 0.3301430344581604 0.7712176442146301
vt 0.441821426153183 0.7750626802444458
vt 0.38215598464012146 0.6999645233154297
vt 0.2857825756072998 0.14616091549396515
vt 0.3320561647415161 0.3850330412387848
vt 0.3059898912906647 0.3840717673301697
vt 0.6238069534301758 0.35319143533706665
vt 0.624763548374176 0.1634635329246521
vt 0.5401079654693604 0.2771320641040802
vt 0.5332924723625183 0.16538603603839874
vt 0.6238069534301758 0.35319143533706665
vt 0.5401079654693604 0.2771320641040802
vt 0.5420210957527161 0.4340570867061615
vt 0.33779552578926086 0.6575491428375244
vt 0.3705576956272125 0.504469096660614
vt 0.38215598464012146 0.6999645233154297
vt 0.33779552578926086 0.6575491428375244
vt 0.3301430344581604 0.7712176442146301
vt 0.38215598464012146 0.6999645233154297
vt 0.6238069534301758 0.35319143533706665
vt 0.6171110272407532 0.6546653509140015
vt 0.5420210957527161 0.4340570867061615
vt 0.2838694453239441 0.011344768106937408
vt 0.19335496425628662 0.019996071234345436
vt 0.2857825756072998 0.14616091549396515
vt 0.2550530731678009 0.3936843276023865
vt 0.3059898912906647 0.3840717673301697
vt 0.2550530731678009 0.3936843276023865
vt 0.28195634484291077 0.5409968495368958
vt 0.3059898912906647 0.3840717673301697
vt 0.2550530731678009 0.3936843276023865
vt 0.2857825756072998 0.14616091549396515
vt 0.6171110272407532 0.6546653509140015
vt 0.6815592646598816 0.5448418259620667
vt 0.6238069534301758 0.35319143533706665
vt 0.7018861770629883 0.16634729504585266
vt 0.624763548374176 0.1634635329246521
vt 0.14229856431484222 0.5438805818557739
vt 0.09028562158346176 0.4639761745929718
vt 0.1577230989933014 0.26367446780204773
vt 0.13847233355045319 0.18473131954669952
vt 0.08550281822681427 0.7712176442146301
vt 0.14229856431484222 0.5438805818557739
vt 0.20782293379306793 0.7731401324272156
vt 0.14229856431484222 0.5438805818557739
vt 0.21451884508132935 0.4004131257534027
vt 0.1577230989933014 0.26367446780204773
vt 0.14229856431484222 0.5438805818557739
vt 0.08550281822681427 0.7712176442146301
vt 0.09028562158346176 0.4639761745929718
vt 0.08454626053571701 0.7712176442146301
vt 0.3320561647415161 0.3850330412387848
vt 0.2857825756072998 0.14616091549396515
vt 0.36768803000450134 0.18761508166790009
vt 0.3955478370189667 0.0084610003978014
vt 0.2838694453239441 0.011344768106937408
vt 0.21451884508132935 0.4004131257534027
vt 0.21356229484081268 0.5968698263168335
vt 0.14229856431484222 0.5438805818557739
vt 0.20782293379306793 0.7731401324272156
vt 0.09028562158346176 0.4639761745929718
vt 0.06912173330783844 0.2761707901954651
vt 0.13847233355045319 0.18473131954669952
vt 0.13751576840877533 0.016151048243045807
vt 0.1577230989933014 0.26367446780204773
vt 0.13847233355045319 0.18473131954669952
vt 0.19431151449680328 0.22029778361320496
vt 0.13751576840877533 0.016151048243045807
vt 0.3301430344581604 0.5659894943237305
vt 0.28769567608833313 0.7721788883209229
vt 0.28195634484291077 0.5409968495368958
vt 0.2424982339143753 0.6373627185821533
vt 0.28769567608833313 0.7721788883209229
vt 0.28195634484291077 0.5409968495368958
vt 0.2424982339143753 0.6373627185821533
vt 0.22420401871204376 0.5140816569328308
vt 0.28195634484291077 0.5409968495368958
vt 0.2550530731678009 0.3936843276023865
vt 0.28195634484291077 0.5409968495368958
vt 0.3059898912906647 0.3840717673301697
vt 0.3301430344581604 0.5659894943237305
vt 0.41097235679626465 0.2579069435596466
vt 0.4225706458091736 0.017112303525209427
vt 0.38693878054618835 0.15192845463752747
vt 0.4225706458091736 0.017112303525209427
vt 0.46107217669487 0.27905455231666565
vt 0.41097235679626465 0.2579069435596466
vt 0.46107217669487 0.27905455231666565
vt 0.4648984372615814 0.5361905694007874
vt 0.5294662117958069 0.4582086503505707
vt 0.4648984372615814 0.5361905694007874
vt 0.41097235679626465 0.2579069435596466
vt 0.46107217669487 0.27905455231666565
vt 0.4648984372615814 0.5361905694007874
vt 0.38215598464012146 0.6999645233154297
vt 0.441821426153183 0.7750626802444458
vt 0.3705576956272125 0.504469096660614
vt 0.41097235679626465 0.2579069435596466
vt 0.4648984372615814 0.5361905694007874
vt 0.5978602766990662 0.7808302044868469
vt 0.6171110272407532 0.6546653509140015
vt 0.5477604269981384 0.6825417876243591
vt 0.5420210957527161 0.4340570867061615
vt 0.38215598464012146 0.6999645233154297
vt 0.4648984372615814 0.5361905694007874
vt 0.3705576956272125 0.504469096660614
vt 0.3301430344581604 0.5659894943237305
vt 0.3059898912906647 0.3840717673301697
vt 0.3320561647415161 0.3850330412387848
vt 0.21451884508132935 0.4004131257534027
vt 0.19431151449680328 0.22029778361320496
vt 0.1577230989933014 0.26367446780204773
vt 0.09028562158346176 0.4639761745929718
vt 0.08454626053571701 0.7712176442146301
vt 0.014239099808037281 0.5294617414474487
vt 0.08167658001184464 0.7712176442146301
vt 0.441821426153183 0.7750626802444458
vt 0.4648984372615814 0.5361905694007874
vt 0.5612718462944031 0.7692950963973999
vt 0.3301430344581604 0.7712176442146301
vt 0.441821426153183 0.7750626802444458
vt 0.38215598464012146 0.6999645233154297
vt 0.3320561647415161 0.3850330412387848
vt 0.3059898912906647 0.3840717673301697
vt 0.2857825756072998 0.14616091549396515
vt 0.2550530731678009 0.3936843276023865
vt 0.6238069534301758 0.35319143533706665
vt 0.5401079654693604 0.2771320641040802
vt 0.624763548374176 0.1634635329246521
vt 0.5332924723625183 0.16538603603839874
vt 0.6238069534301758 0.35319143533706665
vt 0.5420210957527161 0.4340570867061615
vt 0.5401079654693604 0.2771320641040802
vt 0.33779552578926086 0.6575491428375244
vt 0.38215598464012146 0.6999645233154297
vt 0.3705576956272125 0.504469096660614
vt 0.33779552578926086 0.6575491428375244
vt 0.38215598464012146 0.6999645233154297
vt 0.3301430344581604 0.7712176442146301
vt 0.6238069534301758 0.35319143533706665
vt 0.5420210957527161 0.4340570867061615
vt 0.6171110272407532 0.6546653509140015
vt 0.2838694453239441 0.011344768106937408
vt 0.2857825756072998 0.14616091549396515
vt 0.19335496425628662 0.019996071234345436
vt 0.3059898912906647 0.3840717673301697
vt 0.2550530731678009 0.3936843276023865
vt 0.28195634484291077 0.5409968495368958
vt 0.6171110272407532 0.6546653509140015
vt 0.6238069534301758 0.35319143533706665
vt 0.6815592646598816 0.5448418259620667
vt 0.7018861770629883 0.16634729504585266
vt 0.624763548374176 0.1634635329246521
vt 0.2857825756072998 0.14616091549396515
vt 0.2550530731678009 0.3936843276023865
vt 0.19335496425628662 0.019996071234345436
vt 0.14229856431484222 0.5438805818557739
vt 0.1577230989933014 0.26367446780204773
vt 0.09028562158346176 0.4639761745929718
vt 0.13847233355045319 0.18473131954669952
vt 0.08550281822681427 0.7712176442146301
vt 0.20782293379306793 0.7731401324272156
vt 0.14229856431484222 0.5438805818557739
vt 0.14229856431484222 0.5438805818557739
vt 0.1577230989933014 0.26367446780204773
vt 0.21451884508132935 0.4004131257534027
vt 0.14229856431484222 0.5438805818557739
vt 0.09028562158346176 0.4639761745929718
vt 0.08550281822681427 0.7712176442146301
vt 0.08454626053571701 0.7712176442146301
vt 0.36768803000450134 0.18761508166790009
vt 0.3955478370189667 0.0084610003978014
vt 0.2857825756072998 0.14616091549396515
vt 0.2838694453239441 0.011344768106937408
vt 0.14229856431484222 0.5438805818557739
vt 0.21356229484081268 0.5968698263168335
vt 0.21451884508132935 0.4004131257534027
vt 0.36768803000450134 0.18761508166790009
vt 0.3320561647415161 0.3850330412387848
vt 0.2857825756072998 0.14616091549396515
vt 0.14229856431484222 0.5438805818557739
vt 0.20782293379306793 0.7731401324272156
vt 0.21356229484081268 0.5968698263168335
vt 0.09028562158346176 0.4639761745929718
vt 0.06912173330783844 0.2761707901954651
vt 0.13847233355045319 0.18473131954669952
vt 0.13751576840877533 0.016151048243045807
vt 0.1577230989933014 0.26367446780204773
vt 0.13847233355045319 0.18473131954669952
vt 0.19431151449680328 0.22029778361320496
vt 0.13751576840877533 0.016151048243045807
vt 0.3301430344581604 0.5659894943237305
vt 0.28769567608833313 0.7721788883209229
vt 0.28195634484291077 0.5409968495368958
vt 0.2424982339143753 0.6373627185821533
vt 0.28769567608833313 0.7721788883209229
vt 0.28195634484291077 0.5409968495368958
vt 0.2424982339143753 0.6373627185821533
vt 0.22420401871204376 0.5140816569328308
vt 0.28195634484291077 0.5409968495368958
vt 0.2550530731678009 0.3936843276023865
vt 0.28195634484291077 0.5409968495368958
vt 0.3059898912906647 0.3840717673301697
vt 0.3301430344581604 0.5659894943237305
vt 0.41097235679626465 0.2579069435596466
vt 0.4225706458091736 0.017112303525209427
vt 0.38693878054618835 0.15192845463752747
vt 0.4225706458091736 0.017112303525209427
vt 0.46107217669487 0.27905455231666565
vt 0.41097235679626465 0.2579069435596466
vt 0.46107217669487 0.27905455231666565
vt 0.4648984372615814 0.5361905694007874
vt 0.5294662117958069 0.4582086503505707
vt 0.4648984372615814 0.5361905694007874
vt 0.41097235679626465 0.2579069435596466
vt 0.46107217669487 0.27905455231666565
vt 0.4648984372615814 0.5361905694007874
vt 0.38215598464012146 0.6999645233154297
vt 0.441821426153183 0.7750626802444458
vt 0.3705576956272125 0.504469096660614
vt 0.41097235679626465 0.2579069435596466
vt 0.4648984372615814 0.5361905694007874
vt 0.5978602766990662 0.7808302044868469
vt 0.6171110272407532 0.6546653509140015
vt 0.5477604269981384 0.6825417876243591
vt 0.5420210957527161 0.4340570867061615
vt 0.38215598464012146 0.6999645233154297
vt 0.4648984372615814 0.5361905694007874
vt 0.3705576956272125 0.504469096660614
vt 0.3301430344581604 0.5659894943237305
vt 0.3059898912906647 0.3840717673301697
vt 0.3320561647415161 0.3850330412387848
vt 0.21451884508132935 0.4004131257534027
vt 0.19431151449680328 0.22029778361320496
vt 0.1577230989933014 0.26367446780204773
vt 0.09028562158346176 0.4639761745929718
vt 0.08454626053571701 0.7712176442146301
vt 0.014239099808037281 0.5294617414474487
vt 0.08167658001184464 0.7712176442146301
vt 0.441821426153183 0.7750626802444458
vt 0.4648984372615814 0.5361905694007874
vt 0.5612718462944031 0.7692950963973999
vt 0.3301430344581604 0.7712176442146301
vt 0.441821426153183 0.7750626802444458
vt 0.38215598464012146 0.6999645233154297
vt 0.2857825756072998 0.14616091549396515
vt 0.3320561647415161 0.3850330412387848
vt 0.3059898912906647 0.3840717673301697
vt 0.2857825756072998 0.14616091549396515
vt 0.2550530731678009 0.3936843276023865
vt 0.3059898912906647 0.3840717673301697
vt 0.28195634484291077 0.5409968495368958
vt 0.6238069534301758 0.35319143533706665
vt 0.624763548374176 0.1634635329246521
vt 0.5401079654693604 0.2771320641040802
vt 0.5332924723625183 0.16538603603839874
vt 0.6238069534301758 0.35319143533706665
vt 0.5401079654693604 0.2771320641040802
vt 0.5420210957527161 0.4340570867061615
vt 0.33779552578926086 0.6575491428375244
vt 0.3705576956272125 0.504469096660614
vt 0.38215598464012146 0.6999645233154297
vt 0.33779552578926086 0.6575491428375244
vt 0.3301430344581604 0.7712176442146301
vt 0.38215598464012146 0.6999645233154297
vt 0.6238069534301758 0.35319143533706665
vt 0.6171110272407532 0.6546653509140015
vt 0.5420210957527161 0.4340570867061615
vt 0.2838694453239441 0.011344768106937408
vt 0.19335496425628662 0.019996071234345436
vt 0.2857825756072998 0.14616091549396515
vt 0.2550530731678009 0.3936843276023865
vt 0.6171110272407532 0.6546653509140015
vt 0.6815592646598816 0.5448418259620667
vt 0.6238069534301758 0.35319143533706665
vt 0.7018861770629883 0.16634729504585266
vt 0.624763548374176 0.1634635329246521
vt 0.14229856431484222 0.5438805818557739
vt 0.09028562158346176 0.4639761745929718
vt 0.1577230989933014 0.26367446780204773
vt 0.13847233355045319 0.18473131954669952
vt 0.08550281822681427 0.7712176442146301
vt 0.14229856431484222 0.5438805818557739
vt 0.20782293379306793 0.7731401324272156
vt 0.14229856431484222 0.5438805818557739
vt 0.21451884508132935 0.4004131257534027
vt 0.1577230989933014 0.26367446780204773
vt 0.14229856431484222 0.5438805818557739
vt 0.08550281822681427 0.7712176442146301
vt 0.09028562158346176 0.4639761745929718
vt 0.08454626053571701 0.7712176442146301
vt 0.3320561647415161 0.3850330412387848
vt 0.2857825756072998 0.14616091549396515
vt 0.36768803000450134 0.18761508166790009
vt 0.3955478370189667 0.0084610003978014
vt 0.2838694453239441 0.011344768106937408
vt 0.14229856431484222 0.5438805818557739
vt 0.21451884508132935 0.4004131257534027
vt 0.21356229484081268 0.5968698263168335
vt 0.14229856431484222 0.5438805818557739
vt 0.20782293379306793 0.7731401324272156
vt 0.21356229484081268 0.5968698263168335
vt 0.8270759582519531 0.5198491811752319
vt 0.8395112156867981 0.5631057024002075
vt 0.805792510509491 0.5265780091285706
vt 0.8183473348617554 0.6266687512397766
vt 0.8414243459701538 0.6844642758369446
vt 0.8183473348617554 0.6266687512397766
vt 0.8395112156867981 0.5631057024002075
vt 0.8193039298057556 0.789481520652771
vt 0.8414243459701538 0.6844642758369446
vt 0.8183473348617554 0.6266687512397766
vt 0.764421284198761 0.5006240606307983
vt 0.7933571934700012 0.4591698944568634
vt 0.805792510509491 0.5265780091285706
vt 0.7672909498214722 0.29827967286109924
vt 0.7663344144821167 0.11636198312044144
vt 0.716234564781189 0.24444934725761414
vt 0.8183473348617554 0.6266687512397766
vt 0.733572244644165 0.6825417876243591
vt 0.805792510509491 0.5265780091285706
vt 0.7672909498214722 0.29827967286109924
vt 0.7171911597251892 0.3850330412387848
vt 0.7586818933486938 0.3965681195259094
vt 0.733572244644165 0.6825417876243591
vt 0.8183473348617554 0.6266687512397766
vt 0.752822995185852 0.7808302044868469
vt 0.7933571934700012 0.4591698944568634
vt 0.783672034740448 0.4254058003425598
vt 0.7586818933486938 0.454363614320755
vt 0.7933571934700012 0.4591698944568634
vt 0.764421284198761 0.5006240606307983
vt 0.7586818933486938 0.454363614320755
vt 0.12017811834812164 0.9705581068992615
vt 0.11049295216798782 0.938716471195221
vt 0.050827521830797195 0.9715193510055542
vt 0.0267939493060112 0.9464065432548523
vt 0.805792510509491 0.5265780091285706
vt 0.8270759582519531 0.5198491811752319
vt 0.7933571934700012 0.4591698944568634
vt 0.7663344144821167 0.11636198312044144
vt 0.723050057888031 0.16442479193210602
vt 0.745170533657074 0.0749078243970871
vt 0.7663344144821167 0.11636198312044144
vt 0.723050057888031 0.16442479193210602
vt 0.716234564781189 0.24444934725761414
vt 0.9560920000076294 0.13750961422920227
vt 0.9782124161720276 0.054721444845199585
vt 0.9917238354682922 0.14616091549396515
vt 0.9560920000076294 0.13750961422920227
vt 0.9782124161720276 0.054721444845199585
vt 0.9551354050636292 0.023841096088290215
vt 0.9551354050636292 0.023841096088290215
vt 0.9281126260757446 0.08163661509752274
vt 0.9002528190612793 0.09124917536973953
vt 0.9551354050636292 0.023841096088290215
vt 0.9281126260757446 0.08163661509752274
vt 0.9560920000076294 0.13750961422920227
vt 0.164419025182724 0.9695968627929688
vt 0.12017811834812164 0.9705581068992615
vt 0.11049295216798782 0.938716471195221
vt 0.904079020023346 0.12693579494953156
vt 0.9281126260757446 0.08163661509752274
vt 0.9002528190612793 0.09124917536973953
vt 0.23089994490146637 0.9281426668167114
vt 0.35513317584991455 0.923336386680603
vt 0.28482601046562195 0.9926669597625732
vt 0.3926781415939331 0.981131911277771
vt 0.35513317584991455 0.923336386680603
vt 0.4900081157684326 0.947367787361145
vt 0.3926781415939331 0.981131911277771
vt 0.7788892388343811 0.8847659826278687
vt 0.8193039298057556 0.789481520652771
vt 0.752822995185852 0.7808302044868469
vt 0.9772558808326721 0.365687757730484
vt 0.9686468243598938 0.30416738986968994
vt 0.993636965751648 0.2270265817642212
vt 0.993636965751648 0.2270265817642212
vt 0.9917238354682922 0.14616091549396515
vt 0.9560920000076294 0.13750961422920227
vt 0.993636965751648 0.2270265817642212
vt 0.9686468243598938 0.30416738986968994
vt 0.9560920000076294 0.13750961422920227
vt 0.9079052805900574 0.3455013930797577
vt 0.9493960738182068 0.47647252678871155
vt 0.9772558808326721 0.365687757730484
vt 0.9079052805900574 0.3455013930797577
vt 0.9686468243598938 0.30416738986968994
vt 0.9772558808326721 0.365687757730484
vt 0.8973830938339233 0.2222203016281128
vt 0.9686468243598938 0.30416738986968994
vt 0.9560920000076294 0.13750961422920227
vt 0.9686468243598938 0.30416738986968994
vt 0.9079052805900574 0.3455013930797577
vt 0.8973830938339233 0.2222203016281128
vt 0.9560920000076294 0.13750961422920227
vt 0.9281126260757446 0.08163661509752274
vt 0.904079020023346 0.12693579494953156
vt 0.7240065932273865 0.4985814094543457
vt 0.7171911597251892 0.3850330412387848
vt 0.7586818933486938 0.3965681195259094
vt 0.9560920000076294 0.13750961422920227
vt 0.904079020023346 0.12693579494953156
vt 0.8973830938339233 0.2222203016281128
vt 0.23089994490146637 0.9281426668167114
vt 0.164419025182724 0.9695968627929688
vt 0.14229856431484222 0.926220178604126
vt 0.2347261756658554 0.9060338139533997
vt 0.14229856431484222 0.926220178604126
vt 0.23089994490146637 0.9281426668167114
vt 0.764421284198761 0.5006240606307983
vt 0.805792510509491 0.5265780091285706
vt 0.733572244644165 0.6825417876243591
vt 0.23089994490146637 0.9281426668167114
vt 0.35513317584991455 0.923336386680603
vt 0.2347261756658554 0.9060338139533997
vt 0.28482601046562195 0.9926669597625732
vt 0.164419025182724 0.9695968627929688
vt 0.23089994490146637 0.9281426668167114
vt 0.8193039298057556 0.789481520652771
vt 0.8183473348617554 0.6266687512397766
vt 0.752822995185852 0.7808302044868469
vt 0.7171911597251892 0.3850330412387848
vt 0.716234564781189 0.24444934725761414
vt 0.7672909498214722 0.29827967286109924
vt 0.164419025182724 0.9695968627929688
vt 0.14229856431484222 0.926220178604126
vt 0.11049295216798782 0.938716471195221
vt 0.8395112156867981 0.5631057024002075
vt 0.805792510509491 0.5265780091285706
vt 0.8270759582519531 0.5198491811752319
vt 0.8395112156867981 0.5631057024002075
vt 0.805792510509491 0.5265780091285706
vt 0.8183473348617554 0.6266687512397766
vt 0.8414243459701538 0.6844642758369446
vt 0.8183473348617554 0.6266687512397766
vt 0.8395112156867981 0.5631057024002075
vt 0.8414243459701538 0.6844642758369446
vt 0.8183473348617554 0.6266687512397766
vt 0.8193039298057556 0.789481520652771
vt 0.752822995185852 0.7808302044868469
vt 0.764421284198761 0.5006240606307983
vt 0.805792510509491 0.5265780091285706
vt 0.7933571934700012 0.4591698944568634
vt 0.7672909498214722 0.29827967286109924
vt 0.716234564781189 0.24444934725761414
vt 0.7663344144821167 0.11636198312044144
vt 0.8183473348617554 0.6266687512397766
vt 0.805792510509491 0.5265780091285706
vt 0.733572244644165 0.6825417876243591
vt 0.7672909498214722 0.29827967286109924
vt 0.7586818933486938 0.3965681195259094
vt 0.7171911597251892 0.3850330412387848
vt 0.733572244644165 0.6825417876243591
vt 0.752822995185852 0.7808302044868469
vt 0.8183473348617554 0.6266687512397766
vt 0.7933571934700012 0.4591698944568634
vt 0.7586818933486938 0.454363614320755
vt 0.783672034740448 0.4254058003425598
vt 0.7933571934700012 0.4591698944568634
vt 0.7586818933486938 0.454363614320755
vt 0.764421284198761 0.5006240606307983
vt 0.12017811834812164 0.9705581068992615
vt 0.050827521830797195 0.9715193510055542
vt 0.11049295216798782 0.938716471195221
vt 0.0267939493060112 0.9464065432548523
vt 0.805792510509491 0.5265780091285706
vt 0.7933571934700012 0.4591698944568634
vt 0.8270759582519531 0.5198491811752319
vt 0.7663344144821167 0.11636198312044144
vt 0.745170533657074 0.0749078243970871
vt 0.723050057888031 0.16442479193210602
vt 0.7663344144821167 0.11636198312044144
vt 0.716234564781189 0.24444934725761414
vt 0.723050057888031 0.16442479193210602
vt 0.9560920000076294 0.13750961422920227
vt 0.9917238354682922 0.14616091549396515
vt 0.9782124161720276 0.054721444845199585
vt 0.9560920000076294 0.13750961422920227
vt 0.9551354050636292 0.023841096088290215
vt 0.9782124161720276 0.054721444845199585
vt 0.9551354050636292 0.023841096088290215
vt 0.9002528190612793 0.09124917536973953
vt 0.9281126260757446 0.08163661509752274
vt 0.9551354050636292 0.023841096088290215
vt 0.9560920000076294 0.13750961422920227
vt 0.9281126260757446 0.08163661509752274
vt 0.164419025182724 0.9695968627929688
vt 0.11049295216798782 0.938716471195221
vt 0.12017811834812164 0.9705581068992615
vt 0.904079020023346 0.12693579494953156
vt 0.9002528190612793 0.09124917536973953
vt 0.9281126260757446 0.08163661509752274
vt 0.23089994490146637 0.9281426668167114
vt 0.28482601046562195 0.9926669597625732
vt 0.35513317584991455 0.923336386680603
vt 0.3926781415939331 0.981131911277771
vt 0.35513317584991455 0.923336386680603
vt 0.3926781415939331 0.981131911277771
vt 0.4900081157684326 0.947367787361145
vt 0.7788892388343811 0.8847659826278687
vt 0.752822995185852 0.7808302044868469
vt 0.8193039298057556 0.789481520652771
vt 0.9772558808326721 0.365687757730484
vt 0.993636965751648 0.2270265817642212
vt 0.9686468243598938 0.30416738986968994
vt 0.993636965751648 0.2270265817642212
vt 0.9560920000076294 0.13750961422920227
vt 0.9917238354682922 0.14616091549396515
vt 0.993636965751648 0.2270265817642212
vt 0.9560920000076294 0.13750961422920227
vt 0.9686468243598938 0.30416738986968994
vt 0.9079052805900574 0.3455013930797577
vt 0.9772558808326721 0.365687757730484
vt 0.9493960738182068 0.47647252678871155
vt 0.9079052805900574 0.3455013930797577
vt 0.9772558808326721 0.365687757730484
vt 0.9686468243598938 0.30416738986968994
vt 0.8973830938339233 0.2222203016281128
vt 0.9560920000076294 0.13750961422920227
vt 0.9686468243598938 0.30416738986968994
vt 0.9686468243598938 0.30416738986968994
vt 0.8973830938339233 0.2222203016281128
vt 0.9079052805900574 0.3455013930797577
vt 0.9560920000076294 0.13750961422920227
vt 0.904079020023346 0.12693579494953156
vt 0.9281126260757446 0.08163661509752274
vt 0.7240065932273865 0.4985814094543457
vt 0.7586818933486938 0.3965681195259094
vt 0.7171911597251892 0.3850330412387848
vt 0.9560920000076294 0.13750961422920227
vt 0.8973830938339233 0.2222203016281128
vt 0.904079020023346 0.12693579494953156
vt 0.23089994490146637 0.9281426668167114
vt 0.14229856431484222 0.926220178604126
vt 0.164419025182724 0.9695968627929688
vt 0.2347261756658554 0.9060338139533997
vt 0.23089994490146637 0.9281426668167114
vt 0.14229856431484222 0.926220178604126
vt 0.764421284198761 0.5006240606307983
vt 0.733572244644165 0.6825417876243591
vt 0.805792510509491 0.5265780091285706
vt 0.23089994490146637 0.9281426668167114
vt 0.2347261756658554 0.9060338139533997
vt 0.35513317584991455 0.923336386680603
vt 0.28482601046562195 0.9926669597625732
vt 0.23089994490146637 0.9281426668167114
vt 0.164419025182724 0.9695968627929688
vt 0.7171911597251892 0.3850330412387848
vt 0.716234564781189 0.24444934725761414
vt 0.7672909498214722 0.29827967286109924
vt 0.164419025182724 0.9695968627929688
vt 0.14229856431484222 0.926220178604126
vt 0.11049295216798782 0.938716471195221
vt 0.8270759582519531 0.5198491811752319
vt 0.8395112156867981 0.5631057024002075
vt 0.805792510509491 0.5265780091285706
vt 0.8183473348617554 0.6266687512397766
vt 0.8414243459701538 0.6844642758369446
vt 0.8183473348617554 0.6266687512397766
vt 0.8395112156867981 0.5631057024002075
vt 0.8193039298057556 0.789481520652771
vt 0.8414243459701538 0.6844642758369446
vt 0.8183473348617554 0.6266687512397766
vt 0.764421284198761 0.5006240606307983
vt 0.7933571934700012 0.4591698944568634
vt 0.805792510509491 0.5265780091285706
vt 0.7672909498214722 0.29827967286109924
vt 0.7663344144821167 0.11636198312044144
vt 0.716234564781189 0.24444934725761414
vt 0.8183473348617554 0.6266687512397766
vt 0.733572244644165 0.6825417876243591
vt 0.805792510509491 0.5265780091285706
vt 0.7672909498214722 0.29827967286109924
vt 0.7171911597251892 0.3850330412387848
vt 0.7586818933486938 0.3965681195259094
vt 0.733572244644165 0.6825417876243591
vt 0.8183473348617554 0.6266687512397766
vt 0.752822995185852 0.7808302044868469
vt 0.7933571934700012 0.4591698944568634
vt 0.783672034740448 0.4254058003425598
vt 0.7586818933486938 0.454363614320755
vt 0.7933571934700012 0.4591698944568634
vt 0.764421284198761 0.5006240606307983
vt 0.7586818933486938 0.454363614320755
vt 0.12017811834812164 0.9705581068992615
vt 0.11049295216798782 0.938716471195221
vt 0.050827521830797195 0.9715193510055542
vt 0.0267939493060112 0.9464065432548523
vt 0.805792510509491 0.5265780091285706
vt 0.8270759582519531 0.5198491811752319
vt 0.7933571934700012 0.4591698944568634
vt 0.7663344144821167 0.11636198312044144
vt 0.723050057888031 0.16442479193210602
vt 0.745170533657074 0.0749078243970871
vt 0.7663344144821167 0.11636198312044144
vt 0.723050057888031 0.16442479193210602
vt 0.716234564781189 0.24444934725761414
vt 0.9560920000076294 0.13750961422920227
vt 0.9782124161720276 0.054721444845199585
vt 0.9917238354682922 0.14616091549396515
vt 0.9560920000076294 0.13750961422920227
vt 0.9782124161720276 0.054721444845199585
vt 0.9551354050636292 0.023841096088290215
vt 0.9551354050636292 0.023841096088290215
vt 0.9281126260757446 0.08163661509752274
vt 0.9002528190612793 0.09124917536973953
vt 0.9551354050636292 0.023841096088290215
vt 0.9281126260757446 0.08163661509752274
vt 0.9560920000076294 0.13750961422920227
vt 0.164419025182724 0.9695968627929688
vt 0.12017811834812164 0.9705581068992615
vt 0.11049295216798782 0.938716471195221
vt 0.904079020023346 0.12693579494953156
vt 0.9281126260757446 0.08163661509752274
vt 0.9002528190612793 0.09124917536973953
vt 0.23089994490146637 0.9281426668167114
vt 0.35513317584991455 0.923336386680603
vt 0.28482601046562195 0.9926669597625732
vt 0.3926781415939331 0.981131911277771
vt 0.35513317584991455 0.923336386680603
vt 0.4900081157684326 0.947367787361145
vt 0.3926781415939331 0.981131911277771
vt 0.7788892388343811 0.8847659826278687
vt 0.8193039298057556 0.789481520652771
vt 0.752822995185852 0.7808302044868469
vt 0.9772558808326721 0.365687757730484
vt 0.9686468243598938 0.30416738986968994
vt 0.993636965751648 0.2270265817642212
vt 0.993636965751648 0.2270265817642212
vt 0.9917238354682922 0.14616091549396515
vt 0.9560920000076294 0.13750961422920227
vt 0.993636965751648 0.2270265817642212
vt 0.9686468243598938 0.30416738986968994
vt 0.9560920000076294 0.13750961422920227
vt 0.9079052805900574 0.3455013930797577
vt 0.9493960738182068 0.47647252678871155
vt 0.9772558808326721 0.365687757730484
vt 0.9079052805900574 0.3455013930797577
vt 0.9686468243598938 0.30416738986968994
vt 0.9772558808326721 0.365687757730484
vt 0.8973830938339233 0.2222203016281128
vt 0.9686468243598938 0.30416738986968994
vt 0.9560920000076294 0.13750961422920227
vt 0.9686468243598938 0.30416738986968994
vt 0.9079052805900574 0.3455013930797577
vt 0.8973830938339233 0.2222203016281128
vt 0.9560920000076294 0.13750961422920227
vt 0.9281126260757446 0.08163661509752274
vt 0.904079020023346 0.12693579494953156
vt 0.7240065932273865 0.4985814094543457
vt 0.7171911597251892 0.3850330412387848
vt 0.7586818933486938 0.3965681195259094
vt 0.9560920000076294 0.13750961422920227
vt 0.904079020023346 0.12693579494953156
vt 0.8973830938339233 0.2222203016281128
vt 0.23089994490146637 0.9281426668167114
vt 0.164419025182724 0.9695968627929688
vt 0.14229856431484222 0.926220178604126
vt 0.2347261756658554 0.9060338139533997
vt 0.14229856431484222 0.926220178604126
vt 0.23089994490146637 0.9281426668167114
vt 0.764421284198761 0.5006240606307983
vt 0.805792510509491 0.5265780091285706
vt 0.733572244644165 0.6825417876243591
vt 0.23089994490146637 0.9281426668167114
vt 0.35513317584991455 0.923336386680603
vt 0.2347261756658554 0.9060338139533997
vt 0.28482601046562195 0.9926669597625732
vt 0.164419025182724 0.9695968627929688
vt 0.23089994490146637 0.9281426668167114
vt 0.8193039298057556 0.789481520652771
vt 0.8183473348617554 0.6266687512397766
vt 0.752822995185852 0.7808302044868469
vt 0.7171911597251892 0.3850330412387848
vt 0.716234564781189 0.24444934725761414
vt 0.7672909498214722 0.29827967286109924
vt 0.164419025182724 0.9695968627929688
vt 0.14229856431484222 0.926220178604126
vt 0.11049295216798782 0.938716471195221
vt 0.34556758403778076 0.8279317617416382
vt 0.4677681028842926 0.8240867257118225
vt 0.4023633301258087 0.8540058135986328
vt 0.21738852560520172 0.8954599499702454
vt 0.03253331035375595 0.8732309341430664
vt 0.03157674893736839 0.9137238264083862
vt 0.8838717341423035 0.37349796295166016
vt 0.8810020089149475 0.4244445264339447
vt 0.8425005078315735 0.48704633116722107
vt 0.4023633301258087 0.8540058135986328
vt 0.34556758403778076 0.8279317617416382
vt 0.3619486689567566 0.8934172987937927
vt 0.2964242994785309 0.8559283018112183
vt 0.8029228448867798 0.42636704444885254
vt 0.8414243459701538 0.3551139533519745
vt 0.8240867257118225 0.3205087184906006
vt 0.8414243459701538 0.3551139533519745
vt 0.8425005078315735 0.48704633116722107
vt 0.8029228448867798 0.42636704444885254
vt 0.8425005078315735 0.48704633116722107
vt 0.8838717341423035 0.37349796295166016
vt 0.8414243459701538 0.3551139533519745
vt 0.2964242994785309 0.8559283018112183
vt 0.3619486689567566 0.8934172987937927
vt 0.21738852560520172 0.8954599499702454
vt 0.8838717341423035 0.37349796295166016
vt 0.8829151391983032 0.2327941209077835
vt 0.8472833037376404 0.2270265817642212
vt 0.860794723033905 0.050876419991254807
vt 0.8472833037376404 0.2270265817642212
vt 0.8414243459701538 0.3551139533519745
vt 0.8838717341423035 0.37349796295166016
vt 0.8414243459701538 0.3551139533519745
vt 0.8240867257118225 0.3205087184906006
vt 0.8472833037376404 0.2270265817642212
vt 0.4677681028842926 0.8240867257118225
vt 0.4244837760925293 0.7923652529716492
vt 0.34556758403778076 0.8279317617416382
vt 0.3753404915332794 0.7856364846229553
vt 0.9069487452507019 0.5198491811752319
vt 0.8760996460914612 0.4995426535606384
vt 0.8722734451293945 0.5621444582939148
vt 0.9098184108734131 0.43706101179122925
vt 0.9242863655090332 0.48993009328842163
vt 0.8760996460914612 0.4995426535606384
vt 0.9069487452507019 0.5198491811752319
vt 0.7884548306465149 0.2521393895149231
vt 0.8240867257118225 0.3205087184906006
vt 0.7808023691177368 0.36761027574539185
vt 0.8029228448867798 0.42636704444885254
vt 0.8240867257118225 0.3205087184906006
vt 0.7884548306465149 0.2521393895149231
vt 0.8029228448867798 0.04510888457298279
vt 0.8240867257118225 0.3205087184906006
vt 0.8472833037376404 0.2270265817642212
vt 0.8029228448867798 0.04510888457298279
vt 0.860794723033905 0.050876419991254807
vt 0.03253331035375595 0.8395869731903076
vt 0.2964242994785309 0.8559283018112183
vt 0.19909432530403137 0.8318969011306763
vt 0.34556758403778076 0.8279317617416382
vt 0.2964242994785309 0.8559283018112183
vt 0.03253331035375595 0.8395869731903076
vt 0.21738852560520172 0.8954599499702454
vt 0.03253331035375595 0.8732309341430664
vt 0.2579227685928345 0.7875589728355408
vt 0.34556758403778076 0.8279317617416382
vt 0.3753404915332794 0.7856364846229553
vt 0.2579227685928345 0.7875589728355408
vt 0.34556758403778076 0.8279317617416382
vt 0.19909432530403137 0.8318969011306763
vt 0.2579227685928345 0.7875589728355408
vt 0.03253331035375595 0.8395869731903076
vt 0.19909432530403137 0.8318969011306763
vt 0.9416240453720093 0.8751534223556519
vt 0.9012093544006348 0.8741921782493591
vt 0.9290691614151001 0.7326472401618958
vt 0.9079052805900574 0.6575491428375244
vt 0.8722734451293945 0.5621444582939148
vt 0.9079052805900574 0.6575491428375244
vt 0.860794723033905 0.676774263381958
vt 0.9012093544006348 0.8741921782493591
vt 0.862707793712616 0.8761147260665894
vt 0.9069487452507019 0.5198491811752319
vt 0.9079052805900574 0.6575491428375244
vt 0.9300257563591003 0.6228237152099609
vt 0.9242863655090332 0.48993009328842163
vt 0.9473633766174316 0.5371518135070801
vt 0.9069487452507019 0.5198491811752319
vt 0.9300257563591003 0.6228237152099609
vt 0.9300257563591003 0.6228237152099609
vt 0.9473633766174316 0.5371518135070801
vt 0.9656575918197632 0.6508203148841858
vt 0.9656575918197632 0.6508203148841858
vt 0.9290691614151001 0.7326472401618958
vt 0.9416240453720093 0.8751534223556519
vt 0.03253331035375595 0.8395869731903076
vt 0.029663629829883575 0.7875589728355408
vt 0.2579227685928345 0.7875589728355408
vt 0.9300257563591003 0.6228237152099609
vt 0.9079052805900574 0.6575491428375244
vt 0.9656575918197632 0.6508203148841858
vt 0.9290691614151001 0.7326472401618958
vt 0.9079052805900574 0.6575491428375244
vt 0.9069487452507019 0.5198491811752319
vt 0.8722734451293945 0.5621444582939148
vt 0.2579227685928345 0.7875589728355408
vt 0.9656575918197632 0.6508203148841858
vt 0.2579227685928345 0.7875589728355408
vt 0.9656575918197632 0.6508203148841858
f 1/1/1 2/2/2 3/3/3
f 3/3/3 2/2/2 4/4/4
f 3/3/3 4/4/4 4/4/4
f 4/4/4 4/4/4 5/5/5
f 4/4/4 5/5/5 5/5/5
f 5/5/5 5/5/5 6/6/6
f 5/5/5 6/6/6 7/7/7
f 7/7/7 6/6/6 8/8/8
f 7/7/7 8/8/8 8/8/8
f 8/8/8 8/8/8 9/9/9
f 8/8/8 9/9/9 9/9/9
f 9/9/9 9/9/9 10/10/10
f 9/9/9 10/10/10 11/11/11
f 11/11/11 10/10/10 11/11/11
f 11/11/11 11/11/11 12/12/12
f 12/12/12 11/11/11 12/12/12
f 12/12/12 12/12/12 13/13/13
f 13/13/13 12/12/12 14/14/14
f 13/13/13 14/14/14 14/14/14
f 14/14/14 14/14/14 15/15/15
f 14/14/14 15/15/15 15/15/15
f 15/15/15 15/15/15 16/16/16
f 15/15/15 16/16/16 17/17/17
f 17/17/17 16/16/16 18/18/18
f 17/17/17 18/18/18 18/18/18
f 18/18/18 18/18/18 19/19/19
f 18/18/18 19/19/19 19/19/19
f 19/19/19 19/19/19 20/20/20
f 19/19/19 20/20/20 21/21/21
f 21/21/21 20/20/20 21/21/21
f 21/21/21 21/21/21 22/22/22
f 22/22/22 21/21/21 22/22/22
f 22/22/22 22/22/22 23/23/23
f 23/23/23 22/22/22 24/24/24
f 23/23/23 24/24/24 24/24/24
f 24/24/24 24/24/24 25/25/25
f 24/24/24 25/25/25 25/25/25
f 25/25/25 25/25/25 26/26/26
f 25/25/25 26/26/26 27/27/27
f 27/27/27 26/26/26 27/27/27
f 27/27/27 27/27/27 28/28/28
f 28/28/28 27/27/27 28/28/28
f 28/28/28 28/28/28 29/29/29
f 29/29/29 28/28/28 30/30/30
f 29/29/29 30/30/30 30/30/30
f 30/30/30 30/30/30 31/31/31
f 30/30/30 31/31/31 31/31/31
f 31/31/31 31/31/31 32/32/32
f 31/31/31 32/32/32 33/33/33
f 33/33/33 32/32/32 33/33/33
f 33/33/33 33/33/33 34/34/34
f 34/34/34 33/33/33 34/34/34
f 34/34/34 34/34/34 35/35/35
f 35/35/35 34/34/34 36/36/36
f 35/35/35 36/36/36 36/36/36
f 36/36/36 36/36/36 37/37/37
f 36/36/36 37/37/37 37/37/37
f 37/37/37 37/37/37 38/38/38
f 37/37/37 38/38/38 39/39/39
f 39/39/39 38/38/38 39/39/39
f 39/39/39 39/39/39 40/40/40
f 40/40/40 39/39/39 40/40/40
f 40/40/40 40/40/40 41/41/41
f 41/41/41 40/40/40 42/42/42
f 41/41/41 42/42/42 43/43/43
f 43/43/43 42/42/42 43/43/43
f 43/43/43 43/43/43 44/44/44
f 44/44/44 43/43/43 44/44/44
f 44/44/44 44/44/44 45/45/45
f 45/45/45 44/44/44 46/46/46
f 45/45/45 46/46/46 46/46/46
f 46/46/46 46/46/46 47/47/47
f 46/46/46 47/47/47 47/47/47
f 47/47/47 47/47/47 48/48/48
f 47/47/47 48/48/48 49/49/49
f 49/49/49 48/48/48 49/49/49
f 49/49/49 49/49/49 50/50/50
f 50/50/50 49/49/49 50/50/50
f 50/50/50 50/50/50 51/51/51
f 51/51/51 50/50/50 52/52/52
f 51/51/51 52/52/52 52/52/52
f 52/52/52 52/52/52 53/53/53
f 52/52/52 53/53/53 53/53/53
f 53/53/53 53/53/53 54/54/54
f 53/53/53 54/54/54 55/55/55
f 55/55/55 54/54/54 56/56/56
f 55/55/55 56/56/56 56/56/56
f 56/56/56 56/56/56 57/57/57
f 56/56/56 57/57/57 57/57/57
f 57/57/57 57/57/57 58/58/58
f 57/57/57 58/58/58 59/59/59
f 59/59/59 58/58/58 59/59/59
f 59/59/59 59/59/59 60/60/60
f 60/60/60 59/59/59 60/60/60
f 60/60/60 60/60/60 61/61/61
f 61/61/61 60/60/60 62/62/62
f 61/61/61 62/62/62 62/62/62
f 62/62/62 62/62/62 63/63/63
f 62/62/62 63/63/63 63/63/63
f 63/63/63 63/63/63 64/64/64
f 63/63/63 64/64/64 65/65/65
f 65/65/65 64/64/64 65/65/65
f 65/65/65 65/65/65 66/66/66
f 66/66/66 65/65/65 66/66/66
f 66/66/66 66/66/66 67/67/67
f 67/67/67 66/66/66 68/68/68
f 67/67/67 68/68/68 69/69/69
f 69/69/69 68/68/68 69/69/69
f 69/69/69 69/69/69 70/70/70
f 70/70/70 69/69/69 70/70/70
f 70/70/70 70/70/70 71/71/71
f 71/71/71 70/70/70 72/72/72
f 71/71/71 72/72/72 72/72/72
f 72/72/72 72/72/72 73/73/73
f 72/72/72 73/73/73 73/73/73
f 73/73/73 73/73/73 74/74/74
f 73/73/73 74/74/74 75/75/75
f 75/75/75 74/74/74 75/75/75
f 75/75/75 75/75/75 76/76/76
f 76/76/76 75/75/75 76/76/76
f 76/76/76 76/76/76 77/77/77
f 77/77/77 76/76/76 78/78/78
f 77/77/77 78/78/78 78/78/78
f 78/78/78 78/78/78 79/79/79
f 78/78/78 79/79/79 79/79/79
f 79/79/79 79/79/79 80/80/80
f 79/79/79 80/80/80 81/81/81
f 81/81/81 80/80/80 81/81/81
f 81/81/81 81/81/81 82/82/82
f 82/82/82 81/81/81 82/82/82
f 82/82/82 82/82/82 83/83/83
f 83/83/83 82/82/82 84/84/84
f 83/83/83 84/84/84 85/85/85
f 85/85/85 84/84/84 85/85/85
f 85/85/85 85/85/85 86/86/86
f 86/86/86 85/85/85 86/86/86
f 86/86/86 86/86/86 87/87/87
f 87/87/87 86/86/86 88/88/88
f 87/87/87 88/88/88 89/89/89
f 89/89/89 88/88/88 89/89/89
f 89/89/89 89/89/89 90/90/90
f 90/90/90 89/89/89 90/90/90
f 90/90/90 90/90/90 91/91/91
f 91/91/91 90/90/90 92/92/92
f 91/91/91 92/92/92 93/93/93
f 93/93/93 92/92/92 94/94/94
f 93/93/93 94/94/94 94/94/94
f 94/94/94 94/94/94 95/95/95
f 94/94/94 95/95/95 95/95/95
f 95/95/95 95/95/95 96/96/96
f 95/95/95 96/96/96 97/97/97
f 97/97/97 96/96/96 98/98/98
f 97/97/97 98/98/98 98/98/98
f 98/98/98 98/98/98 99/99/99
f 98/98/98 99/99/99 99/99/99
f 99/99/99 99/99/99 100/100/100
f 99/99/99 100/100/100 101/101/101
f 101/101/101 100/100/100 101/101/101
f 101/101/101 101/101/101 102/102/102
f 102/102/102 101/101/101 102/102/102
f 102/102/102 102/102/102 103/103/103
f 103/103/103 102/102/102 104/104/104
f 103/103/103 104/104/104 104/104/104
f 104/104/104 104/104/104 105/105/105
f 104/104/104 105/105/105 105/105/105
f 105/105/105 105/105/105 106/106/106
f 105/105/105 106/106/106 107/107/107
f 107/107/107 106/106/106 108/108/108
f 107/107/107 108/108/108 108/108/108
f 108/108/108 108/108/108 109/109/109
f 108/108/108 109/109/109 109/109/109
f 109/109/109 109/109/109 110/110/110
f 109/109/109 110/110/110 111/111/111
f 111/111/111 110/110/110 110/110/110
f 111/111/111 110/110/110 112/112/112
f 112/112/112 110/110/110 113/113/113
f 112/112/112 113/113/113 113/113/113
f 113/113/113 113/113/113 114/114/114
f 113/113/113 114/114/114 114/114/114
f 114/114/114 114/114/114 115/115/115
f 114/114/114 115/115/115 116/116/116
f 116/116/116 115/115/115 117/117/117
f 116/116/116 117/117/117 117/117/117
f 117/117/117 117/117/117 118/118/118
f 117/117/117 118/118/118 118/118/118
f 118/118/118 118/118/118 119/119/119
f 118/118/118 119/119/119 120/120/120
f 120/120/120 119/119/119 120/120/120
f 120/120/120 120/120/120 121/121/121
f 121/121/121 120/120/120 121/121/121
f 121/121/121 121/121/121 122/122/122
f 122/122/122 121/121/121 123/123/123
f 122/122/122 123/123/123 123/123/123
f 123/123/123 123/123/123 124/124/124
f 123/123/123 124/124/124 124/124/124
f 124/124/124 124/124/124 125/125/125
f 124/124/124 125/125/125 126/126/126
f 126/126/126 125/125/125 126/126/126
f 126/126/126 126/126/126 127/127/127
f 127/127/127 126/126/126 127/127/127
f 127/127/127 127/127/127 128/128/128
f 128/128/128 127/127/127 129/129/129
f 128/128/128 129/129/129 130/130/130
f 130/130/130 129/129/129 130/130/130
f 130/130/130 130/130/130 131/131/131
f 131/131/131 130/130/130 131/131/131
f 131/131/131 131/131/131 132/132/132
f 132/132/132 131/131/131 133/133/133
f 132/132/132 133/133/133 133/133/133
f 133/133/133 133/133/133 134/134/134
f 133/133/133 134/134/134 134/134/134
f 134/134/134 134/134/134 135/135/135
f 134/134/134 135/135/135 136/136/136
f 136/136/136 135/135/135 136/136/136
f 136/136/136 136/136/136 137/137/137
f 137/137/137 136/136/136 137/137/137
f 137/137/137 137/137/137 138/138/138
f 138/138/138 137/137/137 139/139/139
f 138/138/138 139/139/139 139/139/139
f 139/139/139 139/139/139 140/140/140
f 139/139/139 140/140/140 140/140/140
f 140/140/140 140/140/140 141/141/141
f 140/140/140 141/141/141 142/142/142
f 142/142/142 141/141/141 142/142/142
f 142/142/142 142/142/142 143/143/143
f 143/143/143 142/142/142 143/143/143
f 143/143/143 143/143/143 144/144/144
f 144/144/144 143/143/143 145/145/145
f 144/144/144 145/145/145 145/145/145
f 145/145/145 145/145/145 146/146/146
f 145/145/145 146/146/146 146/146/146
f 146/146/146 146/146/146 147/147/147
f 146/146/146 147/147/147 148/148/148
f 148/148/148 147/147/147 148/148/148
f 148/148/148 148/148/148 149/149/149
f 149/149/149 148/148/148 149/149/149
f 149/149/149 149/149/149 150/150/150
f 150/150/150 149/149/149 151/151/151
f 150/150/150 151/151/151 151/151/151
f 151/151/151 151/151/151 152/152/152
f 151/151/151 152/152/152 152/152/152
f 152/152/152 152/152/152 153/153/153
f 152/152/152 153/153/153 154/154/154
f 154/154/154 153/153/153 154/154/154
f 154/154/154 154/154/154 155/155/155
f 155/155/155 154/154/154 155/155/155
f 155/155/155 155/155/155 156/156/156
f 156/156/156 155/155/155 157/157/157
f 156/156/156 157/157/157 158/158/158
f 158/158/158 157/157/157 158/158/158
f 158/158/158 158/158/158 159/159/159
f 159/159/159 158/158/158 159/159/159
f 159/159/159 159/159/159 160/160/160
f 160/160/160 159/159/159 161/161/161
f 160/160/160 161/161/161 161/161/161
f 161/161/161 161/161/161 162/162/162
f 161/161/161 162/162/162 162/162/162
f 162/162/162 162/162/162 163/163/163
f 162/162/162 163/163/163 164/164/164
f 164/164/164 163/163/163 165/165/165
f 164/164/164 165/165/165 165/165/165
f 165/165/165 165/165/165 166/166/166
f 165/165/165 166/166/166 166/166/166
f 166/166/166 166/166/166 167/167/167
f 166/166/166 167/167/167 168/168/168
f 168/168/168 167/167/167 169/169/169
f 168/168/168 169/169/169 169/169/169
f 169/169/169 169/169/169 170/170/170
f 169/169/169 170/170/170 170/170/170
f 170/170/170 170/170/170 171/171/171
f 170/170/170 171/171/171 172/172/172
f 172/172/172 171/171/171 172/172/172
f 172/172/172 172/172/172 173/173/173
f 173/173/173 172/172/172 173/173/173
f 173/173/173 173/173/173 174/174/174
f 174/174/174 173/173/173 175/175/175
f 174/174/174 175/175/175 176/176/176
f 176/176/176 175/175/175 176/176/176
f 176/176/176 176/176/176 177/177/177
f 177/177/177 176/176/176 177/177/177
f 177/177/177 177/177/177 178/178/178
f 178/178/178 177/177/177 179/179/179
f 178/178/178 179/179/179 180/180/180
f 180/180/180 179/179/179 180/180/180
f 180/180/180 180/180/180 181/181/181
f 181/181/181 180/180/180 181/181/181
f 181/181/181 181/181/181 182/182/182
f 182/182/182 181/181/181 183/183/183
f 182/182/182 183/183/183 184/184/184
f 184/184/184 183/183/183 184/184/184
f 184/184/184 184/184/184 185/185/185
f 185/185/185 184/184/184 185/185/185
f 185/185/185 185/185/185 186/186/186
f 186/186/186 185/185/185 187/187/187
f 186/186/186 187/187/187 187/187/187
f 187/187/187 187/187/187 188/188/188
f 187/187/187 188/188/188 188/188/188
f 188/188/188 188/188/188 189/189/189
f 188/188/188 189/189/189 190/190/190
f 190/190/190 189/189/189 190/190/190
f 190/190/190 190/190/190 191/191/191
f 191/191/191 190/190/190 191/191/191
f 191/191/191 191/191/191 192/192/192
f 192/192/192 191/191/191 193/193/193
f 192/192/192 193/193/193 193/193/193
f 193/193/193 193/193/193 194/194/194
f 193/193/193 194/194/194 194/194/194
f 194/194/194 194/194/194 195/195/195
f 194/194/194 195/195/195 196/196/196
f 196/196/196 195/195/195 197/197/197
f 196/196/196 197/197/197 197/197/197
f 197/197/197 197/197/197 198/198/198
f 197/197/197 198/198/198 198/198/198
f 198/198/198 198/198/198 199/199/199
f 198/198/198 199/199/199 200/200/200
f 200/200/200 199/199/199 201/201/201
f 200/200/200 201/201/201 202/202/202
f 202/202/202 201/201/201 202/202/202
f 202/202/202 202/202/202 203/203/203
f 203/203/203 202/202/202 203/203/203
f 203/203/203 203/203/203 204/204/204
f 204/204/204 203/203/203 205/205/205
f 204/204/204 205/205/205 205/205/205
f 205/205/205 205/205/205 206/206/206
f 205/205/205 206/206/206 206/206/206
f 206/206/206 206/206/206 207/207/207
f 206/206/206 207/207/207 208/208/208
f 208/208/208 207/207/207 209/209/209
f 208/208/208 209/209/209 209/209/209
f 209/209/209 209/209/209 210/210/210
f 209/209/209 210/210/210 210/210/210
f 210/210/210 210/210/210 211/211/211
f 210/210/210 211/211/211 212/212/212
f 212/212/212 211/211/211 212/212/212
f 212/212/212 212/212/212 213/213/213
f 213/213/213 212/212/212 213/213/213
f 213/213/213 213/213/213 214/214/214
f 214/214/214 213/213/213 215/215/215
f 214/214/214 215/215/215 215/215/215
f 215/215/215 215/215/215 216/216/216
f 215/215/215 216/216/216 216/216/216
f 216/216/216 216/216/216 217/217/217
f 216/216/216 217/217/217 218/218/218
f 218/218/218 217/217/217 218/218/218
f 218/218/218 218/218/218 219/219/219
f 219/219/219 218/218/218 219/219/219
f 219/219/219 219/219/219 220/220/220
f 220/220/220 219/219/219 221/221/221
f 220/220/220 221/221/221 222/222/222
f 222/222/222 221/221/221 222/222/222
f 222/222/222 222/222/222 223/223/223
f 223/223/223 222/222/222 223/223/223
f 223/223/223 223/223/223 224/224/224
f 224/224/224 223/223/223 225/225/225
f 224/224/224 225/225/225 225/225/225
f 225/225/225 225/225/225 226/226/226
f 225/225/225 226/226/226 226/226/226
f 226/226/226 226/226/226 227/227/227
f 226/226/226 227/227/227 228/228/228
f 228/228/228 227/227/227 229/229/229
f 228/228/228 229/229/229 229/229/229
f 229/229/229 229/229/229 230/230/230
f 229/229/229 230/230/230 230/230/230
f 230/230/230 230/230/230 231/231/231
f 230/230/230 231/231/231 232/232/232
f 232/232/232 231/231/231 233/233/233
f 232/232/232 233/233/233 233/233/233
f 233/233/233 233/233/233 234/234/234
f 233/233/233 234/234/234 234/234/234
f 234/234/234 234/234/234 235/235/235
f 234/234/234 235/235/235 236/236/236
f 236/236/236 235/235/235 236/236/236
f 236/236/236 236/236/236 237/237/237
f 237/237/237 236/236/236 237/237/237
f 237/237/237 237/237/237 238/238/238
f 238/238/238 237/237/237 239/239/239
f 238/238/238 239/239/239 239/239/239
f 239/239/239 239/239/239 240/240/240
f 239/239/239 240/240/240 240/240/240
f 240/240/240 240/240/240 241/241/241
f 240/240/240 241/241/241 242/242/242
f 242/242/242 241/241/241 243/243/243
f 242/242/242 243/243/243 243/243/243
f 243/243/243 243/243/243 244/244/244
f 243/243/243 244/244/244 244/244/244
f 244/244/244 244/244/244 245/245/245
f 244/244/244 245/245/245 246/246/246
f 246/246/246 245/245/245 246/246/246
f 246/246/246 246/246/246 247/247/247
f 247/247/247 246/246/246 247/247/247
f 247/247/247 247/247/247 248/248/248
f 248/248/248 247/247/247 249/249/249
f 248/248/248 249/249/249 249/249/249
f 249/249/249 249/249/249 250/250/250
f 249/249/249 250/250/250 250/250/250
f 250/250/250 250/250/250 251/251/251
f 250/250/250 251/251/251 252/252/252
f 252/252/252 251/251/251 252/252/252
f 252/252/252 252/252/252 253/253/253
f 253/253/253 252/252/252 253/253/253
f 253/253/253 253/253/253 254/254/254
f 254/254/254 253/253/253 255/255/255
f 254/254/254 255/255/255 255/255/255
f 255/255/255 255/255/255 256/256/256
f 255/255/255 256/256/256 256/256/256
f 256/256/256 256/256/256 257/257/257
f 256/256/256 257/257/257 258/258/258
f 258/258/258 257/257/257 258/258/258
f 258/258/258 258/258/258 259/259/259
f 259/259/259 258/258/258 259/259/259
f 259/259/259 259/259/259 260/260/260
f 260/260/260 259/259/259 261/261/261
f 260/260/260 261/261/261 261/261/261
f 261/261/261 261/261/261 262/262/262
f 261/261/261 262/262/262 262/262/262
f 262/262/262 262/262/262 263/263/263
f 262/262/262 263/263/263 264/264/264
f 264/264/264 263/263/263 264/264/264
f 264/264/264 264/264/264 265/265/265
f 265/265/265 264/264/264 265/265/265
f 265/265/265 265/265/265 266/266/266
f 266/266/266 265/265/265 267/267/267
f 266/266/266 267/267/267 268/268/268
f 268/268/268 267/267/267 268/268/268
f 268/268/268 268/268/268 269/269/269
f 269/269/269 268/268/268 269/269/269
f 269/269/269 269/269/269 270/270/270
f 270/270/270 269/269/269 271/271/271
f 270/270/270 271/271/271 271/271/271
f 271/271/271 271/271/271 272/272/272
f 271/271/271 272/272/272 272/272/272
f 272/272/272 272/272/272 273/273/273
f 272/272/272 273/273/273 274/274/274
f 274/274/274 273/273/273 274/274/274
f 274/274/274 274/274/274 275/275/275
f 275/275/275 274/274/274 275/275/275
f 275/275/275 275/275/275 276/276/276
f 276/276/276 275/275/275 277/277/277
f 276/276/276 277/277/277 277/277/277
f 277/277/277 277/277/277 278/278/278
f 277/277/277 278/278/278 278/278/278
f 278/278/278 278/278/278 279/279/279
f 278/278/278 279/279/279 280/280/280
f 280/280/280 279/279/279 281/281/281
f 280/280/280 281/281/281 281/281/281
f 281/281/281 281/281/281 282/282/282
f 281/281/281 282/282/282 282/282/282
f 282/282/282 282/282/282 283/283/283
f 282/282/282 283/283/283 284/284/284
f 284/284/284 283/283/283 284/284/284
f 284/284/284 284/284/284 285/285/285
f 285/285/285 284/284/284 285/285/285
f 285/285/285 285/285/285 286/286/286
f 286/286/286 285/285/285 287/287/287
f 286/286/286 287/287/287 287/287/287
f 287/287/287 287/287/287 288/288/288
f 287/287/287 288/288/288 288/288/288
f 288/288/288 288/288/288 289/289/289
f 288/288/288 289/289/289 290/290/290
f 290/290/290 289/289/289 290/290/290
f 290/290/290 290/290/290 291/291/291
f 291/291/291 290/290/290 291/291/291
f 291/291/291 291/291/291 292/292/292
f 292/292/292 291/291/291 293/293/293
f 292/292/292 293/293/293 294/294/294
f 294/294/294 293/293/293 294/294/294
f 294/294/294 294/294/294 295/295/295
f 295/295/295 294/294/294 295/295/295
f 295/295/295 295/295/295 296/296/296
f 296/296/296 295/295/295 297/297/297
f 296/296/296 297/297/297 297/297/297
f 297/297/297 297/297/297 298/298/298
f 297/297/297 298/298/298 298/298/298
f 298/298/298 298/298/298 299/299/299
f 298/298/298 299/299/299 300/300/300
f 300/300/300 299/299/299 300/300/300
f 300/300/300 300/300/300 301/301/301
f 301/301/301 300/300/300 301/301/301
f 301/301/301 301/301/301 302/302/302
f 302/302/302 301/301/301 303/303/303
f 302/302/302 303/303/303 303/303/303
f 303/303/303 303/303/303 304/304/304
f 303/303/303 304/304/304 304/304/304
f 304/304/304 304/304/304 305/305/305
f 304/304/304 305/305/305 306/306/306
f 306/306/306 305/305/305 306/306/306
f 306/306/306 306/306/306 307/307/307
f 307/307/307 306/306/306 307/307/307
f 307/307/307 307/307/307 308/308/308
f 308/308/308 307/307/307 309/309/309
f 308/308/308 309/309/309 310/310/310
f 310/310/310 309/309/309 310/310/310
f 310/310/310 310/310/310 311/311/311
f 311/311/311 310/310/310 311/311/311
f 311/311/311 311/311/311 312/312/312
f 312/312/312 311/311/311 313/313/313
f 312/312/312 313/313/313 314/314/314
f 314/314/314 313/313/313 314/314/314
f 314/314/314 314/314/314 315/315/315
f 315/315/315 314/314/314 315/315/315
f 315/315/315 315/315/315 316/316/316
f 316/316/316 315/315/315 317/317/317
f 316/316/316 317/317/317 318/318/318
f 318/318/318 317/317/317 319/319/319
f 318/318/318 319/319/319 319/319/319
f 319/319/319 319/319/319 320/320/320
f 319/319/319 320/320/320 320/320/320
f 320/320/320 320/320/320 321/321/321
f 320/320/320 321/321/321 322/322/322
f 322/322/322 321/321/321 323/323/323
f 322/322/322 323/323/323 323/323/323
f 323/323/323 323/323/323 324/324/324
f 323/323/323 324/324/324 324/324/324
f 324/324/324 324/324/324 325/325/325
f 324/324/324 325/325/325 326/326/326
f 326/326/326 325/325/325 326/326/326
f 326/326/326 326/326/326 327/327/327
f 327/327/327 326/326/326 327/327/327
f 327/327/327 327/327/327 328/328/328
f 328/328/328 327/327/327 329/329/329
f 328/328/328 329/329/329 329/329/329
f 329/329/329 329/329/329 330/330/330
f 329/329/329 330/330/330 330/330/330
f 330/330/330 330/330/330 331/331/331
f 330/330/330 331/331/331 332/332/332
f 332/332/332 331/331/331 333/333/333
f 332/332/332 333/333/333 333/333/333
f 333/333/333 333/333/333 334/334/334
f 333/333/333 334/334/334 334/334/334
f 334/334/334 334/334/334 335/335/335
f 334/334/334 335/335/335 336/336/336
f 336/336/336 335/335/335 335/335/335
f 336/336/336 335/335/335 337/337/337
f 337/337/337 335/335/335 338/338/338
f 337/337/337 338/338/338 338/338/338
f 338/338/338 338/338/338 339/339/339
f 338/338/338 339/339/339 339/339/339
f 339/339/339 339/339/339 340/340/340
f 339/339/339 340/340/340 341/341/341
f 341/341/341 340/340/340 342/342/342
f 341/341/341 342/342/342 342/342/342
f 342/342/342 342/342/342 343/343/343
f 342/342/342 343/343/343 343/343/343
f 343/343/343 343/343/343 344/344/344
f 343/343/343 344/344/344 345/345/345
f 345/345/345 344/344/344 346/346/346
f 345/345/345 346/346/346 346/346/346
f 346/346/346 346/346/346 347/347/347
f 346/346/346 347/347/347 347/347/347
f 347/347/347 347/347/347 348/348/348
f 347/347/347 348/348/348 349/349/349
f 349/349/349 348/348/348 350/350/350
f 349/349/349 350/350/350 350/350/350
f 350/350/350 350/350/350 351/351/351
f 350/350/350 351/351/351 351/351/351
f 351/351/351 351/351/351 352/352/352
f 351/351/351 352/352/352 353/353/353
f 353/353/353 352/352/352 353/353/353
f 353/353/353 353/353/353 354/354/354
f 354/354/354 353/353/353 354/354/354
f 354/354/354 354/354/354 355/355/355
f 355/355/355 354/354/354 356/356/356
f 355/355/355 356/356/356 356/356/356
f 356/356/356 356/356/356 357/357/357
f 356/356/356 357/357/357 357/357/357
f 357/357/357 357/357/357 358/358/358
f 357/357/357 358/358/358 359/359/359
f 359/359/359 358/358/358 360/360/360
f 359/359/359 360/360/360 360/360/360
f 360/360/360 360/360/360 361/361/361
f 360/360/360 361/361/361 361/361/361
f 361/361/361 361/361/361 362/362/362
f 361/361/361 362/362/362 363/363/363
f 363/363/363 362/362/362 363/363/363
f 363/363/363 363/363/363 364/364/364
f 364/364/364 363/363/363 364/364/364
f 364/364/364 364/364/364 365/365/365
f 365/365/365 364/364/364 366/366/366
f 365/365/365 366/366/366 366/366/366
f 366/366/366 366/366/366 367/367/367
f 366/366/366 367/367/367 367/367/367
f 367/367/367 367/367/367 368/368/368
f 367/367/367 368/368/368 369/369/369
f 369/369/369 368/368/368 369/369/369
f 369/369/369 369/369/369 370/370/370
f 370/370/370 369/369/369 370/370/370
f 370/370/370 370/370/370 371/371/371
f 371/371/371 370/370/370 372/372/372
f 371/371/371 372/372/372 372/372/372
f 372/372/372 372/372/372 373/373/373
f 372/372/372 373/373/373 373/373/373
f 373/373/373 373/373/373 374/374/374
f 373/373/373 374/374/374 375/375/375
f 375/375/375 374/374/374 375/375/375
f 375/375/375 375/375/375 376/376/376
f 376/376/376 375/375/375 376/376/376
f 376/376/376 376/376/376 377/377/377
f 377/377/377 376/376/376 378/378/378
f 377/377/377 378/378/378 378/378/378
f 378/378/378 378/378/378 379/379/379
f 378/378/378 379/379/379 379/379/379
f 379/379/379 379/379/379 380/380/380
f 379/379/379 380/380/380 381/381/381
f 381/381/381 380/380/380 381/381/381
f 381/381/381 381/381/381 382/382/382
f 382/382/382 381/381/381 382/382/382
f 382/382/382 382/382/382 383/383/383
f 383/383/383 382/382/382 384/384/384
f 383/383/383 384/384/384 385/385/385
f 385/385/385 384/384/384 385/385/385
f 385/385/385 385/385/385 386/386/386
f 386/386/386 385/385/385 386/386/386
f 386/386/386 386/386/386 387/387/387
f 387/387/387 386/386/386 388/388/388
f 387/387/387 388/388/388 388/388/388
f 388/388/388 388/388/388 389/389/389
f 388/388/388 389/389/389 389/389/389
f 389/389/389 389/389/389 390/390/390
f 389/389/389 390/390/390 391/391/391
f 391/391/391 390/390/390 391/391/391
f 391/391/391 391/391/391 392/392/392
f 392/392/392 391/391/391 392/392/392
f 392/392/392 392/392/392 393/393/393
f 393/393/393 392/392/392 394/394/394
f 393/393/393 394/394/394 394/394/394
f 394/394/394 394/394/394 395/395/395
f 394/394/394 395/395/395 395/395/395
f 395/395/395 395/395/395 396/396/396
f 395/395/395 396/396/396 397/397/397
f 397/397/397 396/396/396 398/398/398
f 397/397/397 398/398/398 398/398/398
f 398/398/398 398/398/398 399/399/399
f 398/398/398 399/399/399 399/399/399
f 399/399/399 399/399/399 400/400/400
f 399/399/399 400/400/400 401/401/401
f 401/401/401 400/400/400 401/401/401
f 401/401/401 401/401/401 402/402/402
f 402/402/402 401/401/401 402/402/402
f 402/402/402 402/402/402 403/403/403
f 403/403/403 402/402/402 404/404/404
f 403/403/403 404/404/404 404/404/404
f 404/404/404 404/404/404 405/405/405
f 404/404/404 405/405/405 405/405/405
f 405/405/405 405/405/405 406/406/406
f 405/405/405 406/406/406 407/407/407
f 407/407/407 406/406/406 407/407/407
f 407/407/407 407/407/407 408/408/408
f 408/408/408 407/407/407 408/408/408
f 408/408/408 408/408/408 409/409/409
f 409/409/409 408/408/408 410/410/410
f 409/409/409 410/410/410 411/411/411
f 411/411/411 410/410/410 411/411/411
f 411/411/411 411/411/411 412/412/412
f 412/412/412 411/411/411 412/412/412
f 412/412/412 412/412/412 413/413/413
f 413/413/413 412/412/412 414/414/414
f 413/413/413 414/414/414 414/414/414
f 414/414/414 414/414/414 415/415/415
f 414/414/414 415/415/415 415/415/415
f 415/415/415 415/415/415 416/416/416
f 415/415/415 416/416/416 417/417/417
f 417/417/417 416/416/416 417/417/417
f 417/417/417 417/417/417 418/418/418
f 418/418/418 417/417/417 418/418/418
f 418/418/418 418/418/418 419/419/419
f 419/419/419 418/418/418 420/420/420
f 419/419/419 420/420/420 420/420/420
f 420/420/420 420/420/420 421/421/421
f 420/420/420 421/421/421 421/421/421
f 421/421/421 421/421/421 422/422/422
f 421/421/421 422/422/422 423/423/423
f 423/423/423 422/422/422 423/423/423
f 423/423/423 423/423/423 424/424/424
f 424/424/424 423/423/423 424/424/424
f 424/424/424 424/424/424 425/425/425
f 425/425/425 424/424/424 426/426/426
f 425/425/425 426/426/426 427/427/427
f 427/427/427 426/426/426 427/427/427
f 427/427/427 427/427/427 428/428/428
f 428/428/428 427/427/427 428/428/428
f 428/428/428 428/428/428 429/429/429
f 429/429/429 428/428/428 430/430/430
f 429/429/429 430/430/430 431/431/431
f 431/431/431 430/430/430 431/431/431
f 431/431/431 431/431/431 432/432/432
f 432/432/432 431/431/431 432/432/432
f 432/432/432 432/432/432 433/433/433
f 433/433/433 432/432/432 434/434/434
f 433/433/433 434/434/434 435/435/435
f 435/435/435 434/434/434 436/436/436
f 435/435/435 436/436/436 436/436/436
f 436/436/436 436/436/436 437/437/437
f 436/436/436 437/437/437 437/437/437
f 437/437/437 437/437/437 438/438/438
f 437/437/437 438/438/438 439/439/439
f 439/439/439 438/438/438 440/440/440
f 439/439/439 440/440/440 440/440/440
f 440/440/440 440/440/440 441/441/441
f 440/440/440 441/441/441 441/441/441
f 441/441/441 441/441/441 442/442/442
f 441/441/441 442/442/442 443/443/443
f 443/443/443 442/442/442 443/443/443
f 443/443/443 443/443/443 444/444/444
f 444/444/444 443/443/443 444/444/444
f 444/444/444 444/444/444 445/445/445
f 445/445/445 444/444/444 446/446/446
f 445/445/445 446/446/446 446/446/446
f 446/446/446 446/446/446 447/447/447
f 446/446/446 447/447/447 447/447/447
f 447/447/447 447/447/447 448/448/448
f 447/447/447 448/448/448 449/449/449
f 449/449/449 448/448/448 450/450/450
f 449/449/449 450/450/450 450/450/450
f 450/450/450 450/450/450 451/451/451
f 450/450/450 451/451/451 451/451/451
f 451/451/451 451/451/451 452/452/452
f 451/451/451 452/452/452 453/453/453
f 453/453/453 452/452/452 452/452/452
f 453/453/453 452/452/452 454/454/454
f 454/454/454 452/452/452 455/455/455
f 454/454/454 455/455/455 455/455/455
f 455/455/455 455/455/455 456/456/456
f 455/455/455 456/456/456 456/456/456
f 456/456/456 456/456/456 457/457/457
f 456/456/456 457/457/457 458/458/458
f 458/458/458 457/457/457 459/459/459
f 458/458/458 459/459/459 459/459/459
f 459/459/459 459/459/459 460/460/460
f 459/459/459 460/460/460 460/460/460
f 460/460/460 460/460/460 461/461/461
f 460/460/460 461/461/461 462/462/462
f 462/462/462 461/461/461 463/463/463
f 462/462/462 463/463/463 463/463/463
f 463/463/463 463/463/463 464/464/464
f 463/463/463 464/464/464 464/464/464
f 464/464/464 464/464/464 465/465/465
f 464/464/464 465/465/465 466/466/466
f 466/466/466 465/465/465 467/467/467
f 466/466/466 467/467/467 467/467/467
f 467/467/467 467/467/467 468/468/468
f 467/467/467 468/468/468 468/468/468
f 468/468/468 468/468/468 469/469/469
f 468/468/468 469/469/469 470/470/470
f 470/470/470 469/469/469 470/470/470
f 470/470/470 470/470/470 471/471/471
f 471/471/471 470/470/470 471/471/471
f 471/471/471 471/471/471 472/472/472
f 472/472/472 471/471/471 473/473/473
f 472/472/472 473/473/473 473/473/473
f 473/473/473 473/473/473 474/474/474
f 473/473/473 474/474/474 474/474/474
f 474/474/474 474/474/474 475/475/475
f 474/474/474 475/475/475 476/476/476
f 476/476/476 475/475/475 477/477/477
f 476/476/476 477/477/477 477/477/477
f 477/477/477 477/477/477 478/478/478
f 477/477/477 478/478/478 478/478/478
f 478/478/478 478/478/478 479/479/479
f 478/478/478 479/479/479 480/480/480
f 480/480/480 479/479/479 480/480/480
f 480/480/480 480/480/480 481/481/481
f 481/481/481 480/480/480 481/481/481
f 481/481/481 481/481/481 482/482/482
f 482/482/482 481/481/481 483/483/483
f 482/482/482 483/483/483 483/483/483
f 483/483/483 483/483/483 484/484/484
f 483/483/483 484/484/484 484/484/484
f 484/484/484 484/484/484 485/485/485
f 484/484/484 485/485/485 486/486/486
f 486/486/486 485/485/485 486/486/486
f 486/486/486 486/486/486 487/487/487
f 487/487/487 486/486/486 487/487/487
f 487/487/487 487/487/487 488/488/488
f 488/488/488 487/487/487 489/489/489
f 488/488/488 489/489/489 489/489/489
f 489/489/489 489/489/489 490/490/490
f 489/489/489 490/490/490 490/490/490
f 490/490/490 490/490/490 491/491/491
f 490/490/490 491/491/491 492/492/492
f 492/492/492 491/491/491 492/492/492
f 492/492/492 492/492/492 493/493/493
f 493/493/493 492/492/492 493/493/493
f 493/493/493 493/493/493 494/494/494
f 494/494/494 493/493/493 495/495/495
f 494/494/494 495/495/495 495/495/495
f 495/495/495 495/495/495 496/496/496
f 495/495/495 496/496/496 496/496/496
f 496/496/496 496/496/496 497/497/497
f 496/496/496 497/497/497 498/498/498
f 498/498/498 497/497/497 498/498/498
f 498/498/498 498/498/498 499/499/499
f 499/499/499 498/498/498 499/499/499
f 499/499/499 499/499/499 500/500/500
f 500/500/500 499/499/499 501/501/501
f 500/500/500 501/501/501 502/502/502
f 502/502/502 501/501/501 502/502/502
f 502/502/502 502/502/502 503/503/503
f 503/503/503 502/502/502 503/503/503
f 503/503/503 503/503/503 504/504/504
f 504/504/504 503/503/503 505/505/505
f 504/504/504 505/505/505 505/505/505
f 505/505/505 505/505/505 506/506/506
f 505/505/505 506/506/506 506/506/506
f 506/506/506 506/506/506 507/507/507
f 506/506/506 507/507/507 508/508/508
f 508/508/508 507/507/507 508/508/508
f 508/508/508 508/508/508 509/509/509
f 509/509/509 508/508/508 509/509/509
f 509/509/509 509/509/509 510/510/510
f 510/510/510 509/509/509 511/511/511
f 510/510/510 511/511/511 511/511/511
f 511/511/511 511/511/511 512/512/512
f 511/511/511 512/512/512 512/512/512
f 512/512/512 512/512/512 513/513/513
f 512/512/512 513/513/513 514/514/514
f 514/514/514 513/513/513 515/515/515
f 514/514/514 515/515/515 515/515/515
f 515/515/515 515/515/515 516/516/516
f 515/515/515 516/516/516 516/516/516
f 516/516/516 516/516/516 517/517/517
f 516/516/516 517/517/517 518/518/518
f 518/518/518 517/517/517 518/518/518
f 518/518/518 518/518/518 519/519/519
f 519/519/519 518/518/518 519/519/519
f 519/519/519 519/519/519 520/520/520
f 520/520/520 519/519/519 521/521/521
f 520/520/520 521/521/521 521/521/521
f 521/521/521 521/521/521 522/522/522
f 521/521/521 522/522/522 522/522/522
f 522/522/522 522/522/522 523/523/523
f 522/522/522 523/523/523 524/524/524
f 524/524/524 523/523/523 525/525/525
f 524/524/524 525/525/525 525/525/525
f 525/525/525 525/525/525 526/526/526
f 525/525/525 526/526/526 526/526/526
f 526/526/526 526/526/526 527/527/527
f 526/526/526 527/527/527 528/528/528
f 528/528/528 527/527/527 529/529/529
f 528/528/528 529/529/529 529/529/529
f 529/529/529 529/529/529 530/530/530
f 529/529/529 530/530/530 530/530/530
f 530/530/530 530/530/530 531/531/531
f 530/530/530 531/531/531 532/532/532
f 532/532/532 531/531/531 532/532/532
f 532/532/532 532/532/532 533/533/533
f 533/533/533 532/532/532 533/533/533
f 533/533/533 533/533/533 534/534/534
f 534/534/534 533/533/533 535/535/535
f 534/534/534 535/535/535 535/535/535
f 535/535/535 535/535/535 536/536/536
f 535/535/535 536/536/536 536/536/536
f 536/536/536 536/536/536 537/537/537
f 536/536/536 537/537/537 538/538/538
f 538/538/538 537/537/537 538/538/538
f 538/538/538 538/538/538 539/539/539
f 539/539/539 538/538/538 539/539/539
f 539/539/539 539/539/539 540/540/540
f 540/540/540 539/539/539 541/541/541
f 540/540/540 541/541/541 541/541/541
f 541/541/541 541/541/541 542/542/542
f 541/541/541 542/542/542 542/542/542
f 542/542/542 542/542/542 543/543/543
f 542/542/542 543/543/543 544/544/544
f 544/544/544 543/543/543 545/545/545
f 544/544/544 545/545/545 545/545/545
f 545/545/545 545/545/545 546/546/546
f 545/545/545 546/546/546 546/546/546
f 546/546/546 546/546/546 547/547/547
f 546/546/546 547/547/547 548/548/548
f 548/548/548 547/547/547 548/548/548
f 548/548/548 548/548/548 549/549/549
f 549/549/549 548/548/548 549/549/549
f 549/549/549 549/549/549 550/550/550
f 550/550/550 549/549/549 551/551/551
f 550/550/550 551/551/551 552/552/552
f 552/552/552 551/551/551 553/553/553
f 552/552/552 553/553/553 553/553/553
f 553/553/553 553/553/553 554/554/554
f 553/553/553 554/554/554 554/554/554
f 554/554/554 554/554/554 555/555/555
f 554/554/554 555/555/555 556/556/556
f 556/556/556 555/555/555 557/557/557
f 556/556/556 557/557/557 557/557/557
f 557/557/557 557/557/557 558/558/558
f 557/557/557 558/558/558 558/558/558
f 558/558/558 558/558/558 559/559/559
f 558/558/558 559/559/559 560/560/560
f 560/560/560 559/559/559 560/560/560
f 560/560/560 560/560/560 561/561/561
f 561/561/561 560/560/560 561/561/561
f 561/561/561 561/561/561 562/562/562
f 562/562/562 561/561/561 563/563/563
f 562/562/562 563/563/563 563/563/563
f 563/563/563 563/563/563 564/564/564
f 563/563/563 564/564/564 564/564/564
f 564/564/564 564/564/564 565/565/565
f 564/564/564 565/565/565 566/566/566
f 566/566/566 565/565/565 567/567/567
f 566/566/566 567/567/567 567/567/567
f 567/567/567 567/567/567 568/568/568
f 567/567/567 568/568/568 568/568/568
f 568/568/568 568/568/568 569/569/569
f 568/568/568 569/569/569 570/570/570
f 570/570/570 569/569/569 571/571/571
f 570/570/570 571/571/571 571/571/571
f 571/571/571 571/571/571 572/572/572
f 571/571/571 572/572/572 572/572/572
f 572/572/572 572/572/572 573/573/573
f 572/572/572 573/573/573 574/574/574
f 574/574/574 573/573/573 574/574/574
f 574/574/574 574/574/574 575/575/575
f 575/575/575 574/574/574 575/575/575
f 575/575/575 575/575/575 576/576/576
f 576/576/576 575/575/575 577/577/577
f 576/576/576 577/577/577 577/577/577
f 577/577/577 577/577/577 578/578/578
f 577/577/577 578/578/578 578/578/578
f 578/578/578 578/578/578 579/579/579
f 578/578/578 579/579/579 580/580/580
f 580/580/580 579/579/579 580/580/580
f 580/580/580 580/580/580 581/581/581
f 581/581/581 580/580/580 581/581/581
f 581/581/581 581/581/581 582/582/582
f 582/582/582 581/581/581 583/583/583
f 582/582/582 583/583/583 584/584/584
f 584/584/584 583/583/583 584/584/584
f 584/584/584 584/584/584 585/585/585
f 585/585/585 584/584/584 585/585/585
f 585/585/585 585/585/585 586/586/586
f 586/586/586 585/585/585 587/587/587
f 586/586/586 587/587/587 588/588/588
f 588/588/588 587/587/587 588/588/588
f 588/588/588 588/588/588 589/589/589
f 589/589/589 588/588/588 589/589/589
f 589/589/589 589/589/589 590/590/590
f 590/590/590 589/589/589 591/591/591
f 590/590/590 591/591/591 591/591/591
f 591/591/591 591/591/591 592/592/592
f 591/591/591 592/592/592 592/592/592
f 592/592/592 592/592/592 593/593/593
f 592/592/592 593/593/593 594/594/594
f 594/594/594 593/593/593 594/594/594
f 594/594/594 594/594/594 595/595/595
f 595/595/595 594/594/594 595/595/595
f 595/595/595 595/595/595 596/596/596
f 596/596/596 595/595/595 597/597/597
f 596/596/596 597/597/597 598/598/598
f 598/598/598 597/597/597 598/598/598
f 598/598/598 598/598/598 599/599/599
f 599/599/599 598/598/598 599/599/599
f 599/599/599 599/599/599 600/600/600
f 600/600/600 599/599/599 601/601/601
f 600/600/600 601/601/601 601/601/601
f 601/601/601 601/601/601 602/602/602
f 601/601/601 602/602/602 602/602/602
f 602/602/602 602/602/602 603/603/603
f 602/602/602 603/603/603 604/604/604
f 604/604/604 603/603/603 604/604/604
f 604/604/604 604/604/604 605/605/605
f 605/605/605 604/604/604 605/605/605
f 605/605/605 605/605/605 606/606/606
f 606/606/606 605/605/605 607/607/607
f 606/606/606 607/607/607 607/607/607
f 607/607/607 607/607/607 608/608/608
f 607/607/607 608/608/608 608/608/608
f 608/608/608 608/608/608 609/609/609
f 608/608/608 609/609/609 610/610/610
f 610/610/610 609/609/609 610/610/610
f 610/610/610 610/610/610 611/611/611
f 611/611/611 610/610/610 611/611/611
f 611/611/611 611/611/611 612/612/612
f 612/612/612 611/611/611 613/613/613
f 612/612/612 613/613/613 613/613/613
f 613/613/613 613/613/613 614/614/614
f 613/613/613 614/614/614 614/614/614
f 614/614/614 614/614/614 615/615/615
f 614/614/614 615/615/615 616/616/616
f 616/616/616 615/615/615 616/616/616
f 616/616/616 616/616/616 617/617/617
f 617/617/617 616/616/616 617/617/617
f 617/617/617 617/617/617 618/618/618
f 618/618/618 617/617/617 619/619/619
f 618/618/618 619/619/619 619/619/619
f 619/619/619 619/619/619 620/620/620
f 619/619/619 620/620/620 620/620/620
f 620/620/620 620/620/620 621/621/621
f 620/620/620 621/621/621 622/622/622
f 622/622/622 621/621/621 623/623/623
f 622/622/622 623/623/623 623/623/623
f 623/623/623 623/623/623 624/624/624
f 623/623/623 624/624/624 624/624/624
f 624/624/624 624/624/624 625/625/625
f 624/624/624 625/625/625 626/626/626
f 626/626/626 625/625/625 626/626/626
f 626/626/626 626/626/626 627/627/627
f 627/627/627 626/626/626 627/627/627
f 627/627/627 627/627/627 628/628/628
f 628/628/628 627/627/627 629/629/629
f 628/628/628 629/629/629 629/629/629
f 629/629/629 629/629/629 630/630/630
f 629/629/629 630/630/630 630/630/630
f 630/630/630 630/630/630 631/631/631
f 630/630/630 631/631/631 632/632/632
f 632/632/632 631/631/631 632/632/632
f 632/632/632 632/632/632 633/633/633
f 633/633/633 632/632/632 633/633/633
f 633/633/633 633/633/633 634/634/634
f 634/634/634 633/633/633 635/635/635
f 634/634/634 635/635/635 636/636/636
f 636/636/636 635/635/635 636/636/636
f 636/636/636 636/636/636 637/637/637
f 637/637/637 636/636/636 637/637/637
f 637/637/637 637/637/637 638/638/638
f 638/638/638 637/637/637 639/639/639
f 638/638/638 639/639/639 639/639/639
f 639/639/639 639/639/639 640/640/640
f 639/639/639 640/640/640 640/640/640
f 640/640/640 640/640/640 641/641/641
f 640/640/640 641/641/641 642/642/642
f 642/642/642 641/641/641 642/642/642
f 642/642/642 642/642/642 643/643/643
f 643/643/643 642/642/642 643/643/643
f 643/643/643 643/643/643 644/644/644
f 644/644/644 643/643/643 645/645/645
f 644/644/644 645/645/645 646/646/646
f 646/646/646 645/645/645 646/646/646
f 646/646/646 646/646/646 647/647/647
f 647/647/647 646/646/646 647/647/647
f 647/647/647 647/647/647 648/648/648
f 648/648/648 647/647/647 649/649/649
f 648/648/648 649/649/649 649/649/649
f 649/649/649 649/649/649 650/650/650
f 649/649/649 650/650/650 650/650/650
f 650/650/650 650/650/650 651/651/651
f 650/650/650 651/651/651 652/652/652
f 652/652/652 651/651/651 652/652/652
f 652/652/652 652/652/652 653/653/653
f 653/653/653 652/652/652 653/653/653
f 653/653/653 653/653/653 654/654/654
f 654/654/654 653/653/653 655/655/655
f 654/654/654 655/655/655 655/655/655
f 655/655/655 655/655/655 656/656/656
f 655/655/655 656/656/656 656/656/656
f 656/656/656 656/656/656 657/657/657
f 656/656/656 657/657/657 658/658/658
f 658/658/658 657/657/657 658/658/658
f 658/658/658 658/658/658 659/659/659
f 659/659/659 658/658/658 659/659/659
f 659/659/659 659/659/659 660/660/660
f 660/660/660 659/659/659 661/661/661
f 660/660/660 661/661/661 661/661/661
f 661/661/661 661/661/661 662/662/662
f 661/661/661 662/662/662 662/662/662
f 662/662/662 662/662/662 663/663/663
f 662/662/662 663/663/663 664/664/664
f 664/664/664 663/663/663 665/665/665
f 664/664/664 665/665/665 665/665/665
f 665/665/665 665/665/665 666/666/666
f 665/665/665 666/666/666 666/666/666
f 666/666/666 666/666/666 667/667/667
f 666/666/666 667/667/667 668/668/668
f 668/668/668 667/667/667 668/668/668
f 668/668/668 668/668/668 669/669/669
f 669/669/669 668/668/668 669/669/669
f 669/669/669 669/669/669 670/670/670
f 670/670/670 669/669/669 671/671/671
f 670/670/670 671/671/671 672/672/672
f 672/672/672 671/671/671 673/673/673
f 672/672/672 673/673/673 673/673/673
f 673/673/673 673/673/673 674/674/674
f 673/673/673 674/674/674 674/674/674
f 674/674/674 674/674/674 675/675/675
f 674/674/674 675/675/675 676/676/676
f 676/676/676 675/675/675 676/676/676
f 676/676/676 676/676/676 677/677/677
f 677/677/677 676/676/676 677/677/677
f 677/677/677 677/677/677 678/678/678
f 678/678/678 677/677/677 679/679/679
f 678/678/678 679/679/679 680/680/680
f 680/680/680 679/679/679 680/680/680
f 680/680/680 680/680/680 681/681/681
f 681/681/681 680/680/680 681/681/681
f 681/681/681 681/681/681 682/682/682
f 682/682/682 681/681/681 683/683/683
f 682/682/682 683/683/683 683/683/683
f 683/683/683 683/683/683 684/684/684
f 683/683/683 684/684/684 684/684/684
f 684/684/684 684/684/684 685/685/685
f 684/684/684 685/685/685 686/686/686
f 686/686/686 685/685/685 686/686/686
f 686/686/686 686/686/686 687/687/687
f 687/687/687 686/686/686 687/687/687
f 687/687/687 687/687/687 688/688/688
f 688/688/688 687/687/687 689/689/689
f 688/688/688 689/689/689 690/690/690
f 690/690/690 689/689/689 690/690/690
f 690/690/690 690/690/690 691/691/691
f 691/691/691 690/690/690 691/691/691
f 691/691/691 691/691/691 692/692/692
f 692/692/692 691/691/691 693/693/693
f 692/692/692 693/693/693 694/694/694
f 694/694/694 693/693/693 694/694/694
f 694/694/694 694/694/694 695/695/695
f 695/695/695 694/694/694 695/695/695
f 695/695/695 695/695/695 696/696/696
f 696/696/696 695/695/695 697/697/697
f 696/696/696 697/697/697 697/697/697
f 697/697/697 697/697/697 698/698/698
f 697/697/697 698/698/698 698/698/698
f 698/698/698 698/698/698 699/699/699
f 698/698/698 699/699/699 700/700/700
f 700/700/700 699/699/699 700/700/700
f 700/700/700 700/700/700 701/701/701
f 701/701/701 700/700/700 701/701/701
f 701/701/701 701/701/701 702/702/702
f 702/702/702 701/701/701 703/703/703
f 702/702/702 703/703/703 703/703/703
f 703/703/703 703/703/703 704/704/704
f 703/703/703 704/704/704 704/704/704
f 704/704/704 704/704/704 705/705/705
f 704/704/704 705/705/705 706/706/706
f 706/706/706 705/705/705 707/707/707
f 706/706/706 707/707/707 707/707/707
f 707/707/707 707/707/707 708/708/708
f 707/707/707 708/708/708 708/708/708
f 708/708/708 708/708/708 709/709/709
f 708/708/708 709/709/709 710/710/710
f 710/710/710 709/709/709 711/711/711
f 710/710/710 711/711/711 711/711/711
f 711/711/711 711/711/711 712/712/712
f 711/711/711 712/712/712 712/712/712
f 712/712/712 712/712/712 713/713/713
f 712/712/712 713/713/713 714/714/714
f 714/714/714 713/713/713 714/714/714
f 714/714/714 714/714/714 715/715/715
f 715/715/715 714/714/714 715/715/715
f 715/715/715 715/715/715 716/716/716
f 716/716/716 715/715/715 717/717/717
f 716/716/716 717/717/717 717/717/717
f 717/717/717 717/717/717 718/718/718
f 717/717/717 718/718/718 718/718/718
f 718/718/718 718/718/718 719/719/719
f 718/718/718 719/719/719 720/720/720
f 720/720/720 719/719/719 721/721/721
f 720/720/720 721/721/721 721/721/721
f 721/721/721 721/721/721 722/722/722
f 721/721/721 722/722/722 722/722/722
f 722/722/722 722/722/722 723/723/723
f 722/722/722 723/723/723 724/724/724
f 724/724/724 723/723/723 724/724/724
f 724/724/724 724/724/724 725/725/725
f 725/725/725 724/724/724 725/725/725
f 725/725/725 725/725/725 726/726/726
f 726/726/726 725/725/725 727/727/727
f 726/726/726 727/727/727 727/727/727
f 727/727/727 727/727/727 728/728/728
f 727/727/727 728/728/728 728/728/728
f 728/728/728 728/728/728 729/729/729
f 728/728/728 729/729/729 730/730/730
f 730/730/730 729/729/729 730/730/730
f 730/730/730 730/730/730 731/731/731
f 731/731/731 730/730/730 731/731/731
f 731/731/731 731/731/731 732/732/732
f 732/732/732 731/731/731 733/733/733
f 732/732/732 733/733/733 733/733/733
f 733/733/733 733/733/733 734/734/734
f 733/733/733 734/734/734 734/734/734
f 734/734/734 734/734/734 735/735/735
f 734/734/734 735/735/735 736/736/736
f 736/736/736 735/735/735 736/736/736
f 736/736/736 736/736/736 737/737/737
f 737/737/737 736/736/736 737/737/737
f 737/737/737 737/737/737 738/738/738
f 738/738/738 737/737/737 739/739/739
f 738/738/738 739/739/739 739/739/739
f 739/739/739 739/739/739 740/740/740
f 739/739/739 740/740/740 740/740/740
f 740/740/740 740/740/740 741/741/741
f 740/740/740 741/741/741 742/742/742
f 742/742/742 741/741/741 742/742/742
f 742/742/742 742/742/742 743/743/743
f 743/743/743 742/742/742 743/743/743
f 743/743/743 743/743/743 744/744/744
f 744/744/744 743/743/743 745/745/745
f 744/744/744 745/745/745 746/746/746
f 746/746/746 745/745/745 746/746/746
f 746/746/746 746/746/746 747/747/747
f 747/747/747 746/746/746 747/747/747
f 747/747/747 747/747/747 748/748/748
f 748/748/748 747/747/747 749/749/749
f 748/748/748 749/749/749 749/749/749
f 749/749/749 749/749/749 750/750/750
f 749/749/749 750/750/750 750/750/750
f 750/750/750 750/750/750 751/751/751
f 750/750/750 751/751/751 752/752/752
f 752/752/752 751/751/751 752/752/752
f 752/752/752 752/752/752 753/753/753
f 753/753/753 752/752/752 753/753/753
f 753/753/753 753/753/753 754/754/754
f 754/754/754 753/753/753 755/755/755
f 754/754/754 755/755/755 755/755/755
f 755/755/755 755/755/755 756/756/756
f 755/755/755 756/756/756 756/756/756
f 756/756/756 756/756/756 757/757/757
f 756/756/756 757/757/757 758/758/758
f 758/758/758 757/757/757 759/759/759
f 758/758/758 759/759/759 759/759/759
f 759/759/759 759/759/759 760/760/760
f 759/759/759 760/760/760 760/760/760
f 760/760/760 760/760/760 761/761/761
f 760/760/760 761/761/761 762/762/762
f 762/762/762 761/761/761 762/762/762
f 762/762/762 762/762/762 763/763/763
f 763/763/763 762/762/762 763/763/763
f 763/763/763 763/763/763 764/764/764
f 764/764/764 763/763/763 765/765/765
f 764/764/764 765/765/765 765/765/765
f 765/765/765 765/765/765 766/766/766
f 765/765/765 766/766/766 766/766/766
f 766/766/766 766/766/766 767/767/767
f 766/766/766 767/767/767 768/768/768
f 768/768/768 767/767/767 768/768/768
f 768/768/768 768/768/768 769/769/769
f 769/769/769 768/768/768 769/769/769
f 769/769/769 769/769/769 770/770/770
f 770/770/770 769/769/769 771/771/771
f 770/770/770 771/771/771 772/772/772
f 772/772/772 771/771/771 772/772/772
f 772/772/772 772/772/772 773/773/773
f 773/773/773 772/772/772 773/773/773
f 773/773/773 773/773/773 774/774/774
f 774/774/774 773/773/773 775/775/775
f 774/774/774 775/775/775 775/775/775
f 775/775/775 775/775/775 776/776/776
f 775/775/775 776/776/776 776/776/776
f 776/776/776 776/776/776 777/777/777
f 776/776/776 777/777/777 778/778/778
f 778/778/778 777/777/777 778/778/778
f 778/778/778 778/778/778 779/779/779
f 779/779/779 778/778/778 779/779/779
f 779/779/779 779/779/779 780/780/780
f 780/780/780 779/779/779 781/781/781
f 780/780/780 781/781/781 781/781/781
f 781/781/781 781/781/781 782/782/782
f 781/781/781 782/782/782 782/782/782
f 782/782/782 782/782/782 783/783/783
f 782/782/782 783/783/783 784/784/784
f 784/784/784 783/783/783 784/784/784
f 784/784/784 784/784/784 785/785/785
f 785/785/785 784/784/784 785/785/785
f 785/785/785 785/785/785 786/786/786
f 786/786/786 785/785/785 787/787/787
f 786/786/786 787/787/787 788/788/788
f 788/788/788 787/787/787 788/788/788
f 788/788/788 788/788/788 789/789/789
f 789/789/789 788/788/788 789/789/789
f 789/789/789 789/789/789 790/790/790
f 790/790/790 789/789/789 791/791/791
f 790/790/790 791/791/791 792/792/792
f 792/792/792 791/791/791 792/792/792
f 792/792/792 792/792/792 793/793/793
f 793/793/793 792/792/792 793/793/793
f 793/793/793 793/793/793 794/794/794
f 794/794/794 793/793/793 795/795/795
f 794/794/794 795/795/795 796/796/796
f 796/796/796 795/795/795 797/797/797
f 796/796/796 797/797/797 797/797/797
f 797/797/797 797/797/797 798/798/798
f 797/797/797 798/798/798 798/798/798
f 798/798/798 798/798/798 799/799/799
f 798/798/798 799/799/799 800/800/800
f 800/800/800 799/799/799 801/801/801
f 800/800/800 801/801/801 801/801/801
f 801/801/801 801/801/801 802/802/802
f 801/801/801 802/802/802 802/802/802
f 802/802/802 802/802/802 803/803/803
f 802/802/802 803/803/803 804/804/804
f 804/804/804 803/803/803 804/804/804
f 804/804/804 804/804/804 805/805/805
f 805/805/805 804/804/804 805/805/805
f 805/805/805 805/805/805 806/806/806
f 806/806/806 805/805/805 807/807/807
f 806/806/806 807/807/807 807/807/807
f 807/807/807 807/807/807 808/808/808
f 807/807/807 808/808/808 808/808/808
f 808/808/808 808/808/808 809/809/809
f 808/808/808 809/809/809 810/810/810
f 810/810/810 809/809/809 811/811/811
f 810/810/810 811/811/811 811/811/811
f 811/811/811 811/811/811 812/812/812
f 811/811/811 812/812/812 812/812/812
f 812/812/812 812/812/812 813/813/813
f 812/812/812 813/813/813 814/814/814
f 814/814/814 813/813/813 813/813/813
f 814/814/814 813/813/813 815/815/815
f 815/815/815 813/813/813 816/816/816
f 815/815/815 816/816/816 816/816/816
f 816/816/816 816/816/816 817/817/817
f 816/816/816 817/817/817 817/817/817
f 817/817/817 817/817/817 818/818/818
f 817/817/817 818/818/818 819/819/819
f 819/819/819 818/818/818 820/820/820
f 819/819/819 820/820/820 820/820/820
f 820/820/820 820/820/820 821/821/821
f 820/820/820 821/821/821 821/821/821
f 821/821/821 821/821/821 822/822/822
f 821/821/821 822/822/822 823/823/823
f 823/823/823 822/822/822 824/824/824
f 823/823/823 824/824/824 824/824/824
f 824/824/824 824/824/824 825/825/825
f 824/824/824 825/825/825 825/825/825
f 825/825/825 825/825/825 826/826/826
f 825/825/825 826/826/826 827/827/827
f 827/827/827 826/826/826 828/828/828
f 827/827/827 828/828/828 828/828/828
f 828/828/828 828/828/828 829/829/829
f 828/828/828 829/829/829 829/829/829
f 829/829/829 829/829/829 830/830/830
f 829/829/829 830/830/830 831/831/831
f 831/831/831 830/830/830 831/831/831
f 831/831/831 831/831/831 832/832/832
f 832/832/832 831/831/831 832/832/832
f 832/832/832 832/832/832 833/833/833
f 833/833/833 832/832/832 834/834/834
f 833/833/833 834/834/834 834/834/834
f 834/834/834 834/834/834 835/835/835
f 834/834/834 835/835/835 835/835/835
f 835/835/835 835/835/835 836/836/836
f 835/835/835 836/836/836 837/837/837
f 837/837/837 836/836/836 838/838/838
f 837/837/837 838/838/838 838/838/838
f 838/838/838 838/838/838 839/839/839
f 838/838/838 839/839/839 839/839/839
f 839/839/839 839/839/839 840/840/840
f 839/839/839 840/840/840 841/841/841
f 841/841/841 840/840/840 841/841/841
f 841/841/841 841/841/841 842/842/842
f 842/842/842 841/841/841 842/842/842
f 842/842/842 842/842/842 843/843/843
f 843/843/843 842/842/842 844/844/844
f 843/843/843 844/844/844 844/844/844
f 844/844/844 844/844/844 845/845/845
f 844/844/844 845/845/845 845/845/845
f 845/845/845 845/845/845 846/846/846
f 845/845/845 846/846/846 847/847/847
f 847/847/847 846/846/846 847/847/847
f 847/847/847 847/847/847 848/848/848
f 848/848/848 847/847/847 848/848/848
f 848/848/848 848/848/848 849/849/849
f 849/849/849 848/848/848 850/850/850
f 849/849/849 850/850/850 850/850/850
f 850/850/850 850/850/850 851/851/851
f 850/850/850 851/851/851 851/851/851
f 851/851/851 851/851/851 852/852/852
f 851/851/851 852/852/852 853/853/853
f 853/853/853 852/852/852 853/853/853
f 853/853/853 853/853/853 854/854/854
f 854/854/854 853/853/853 854/854/854
f 854/854/854 854/854/854 855/855/855
f 855/855/855 854/854/854 856/856/856
f 855/855/855 856/856/856 856/856/856
f 856/856/856 856/856/856 857/857/857
f 856/856/856 857/857/857 857/857/857
f 857/857/857 857/857/857 858/858/858
f 857/857/857 858/858/858 859/859/859
f 859/859/859 858/858/858 859/859/859
f 859/859/859 859/859/859 860/860/860
f 860/860/860 859/859/859 860/860/860
f 860/860/860 860/860/860 861/861/861
f 861/861/861 860/860/860 862/862/862
f 861/861/861 862/862/862 863/863/863
f 863/863/863 862/862/862 863/863/863
f 863/863/863 863/863/863 864/864/864
f 864/864/864 863/863/863 864/864/864
f 864/864/864 864/864/864 865/865/865
f 865/865/865 864/864/864 866/866/866
f 865/865/865 866/866/866 866/866/866
f 866/866/866 866/866/866 867/867/867
f 866/866/866 867/867/867 867/867/867
f 867/867/867 867/867/867 868/868/868
f 867/867/867 868/868/868 869/869/869
f 869/869/869 868/868/868 869/869/869
f 869/869/869 869/869/869 870/870/870
f 870/870/870 869/869/869 870/870/870
f 870/870/870 870/870/870 871/871/871
f 871/871/871 870/870/870 872/872/872
f 871/871/871 872/872/872 872/872/872
f 872/872/872 872/872/872 873/873/873
f 872/872/872 873/873/873 873/873/873
f 873/873/873 873/873/873 874/874/874
f 873/873/873 874/874/874 875/875/875
f 875/875/875 874/874/874 876/876/876
f 875/875/875 876/876/876 876/876/876
f 876/876/876 876/876/876 877/877/877
f 876/876/876 877/877/877 877/877/877
f 877/877/877 877/877/877 878/878/878
f 877/877/877 878/878/878 879/879/879
f 879/879/879 878/878/878 879/879/879
f 879/879/879 879/879/879 880/880/880
f 880/880/880 879/879/879 880/880/880
f 880/880/880 880/880/880 881/881/881
f 881/881/881 880/880/880 882/882/882
f 881/881/881 882/882/882 882/882/882
f 882/882/882 882/882/882 883/883/883
f 882/882/882 883/883/883 883/883/883
f 883/883/883 883/883/883 884/884/884
f 883/883/883 884/884/884 885/885/885
f 885/885/885 884/884/884 885/885/885
f 885/885/885 885/885/885 886/886/886
f 886/886/886 885/885/885 886/886/886
f 886/886/886 886/886/886 887/887/887
f 887/887/887 886/886/886 888/888/888
f 887/887/887 888/888/888 889/889/889
f 889/889/889 888/888/888 889/889/889
f 889/889/889 889/889/889 890/890/890
f 890/890/890 889/889/889 890/890/890
f 890/890/890 890/890/890 891/891/891
f 891/891/891 890/890/890 892/892/892
f 891/891/891 892/892/892 892/892/892
f 892/892/892 892/892/892 893/893/893
f 892/892/892 893/893/893 893/893/893
f 893/893/893 893/893/893 894/894/894
f 893/893/893 894/894/894 895/895/895
f 895/895/895 894/894/894 895/895/895
f 895/895/895 895/895/895 896/896/896
f 896/896/896 895/895/895 896/896/896
f 896/896/896 896/896/896 897/897/897
f 897/897/897 896/896/896 898/898/898
f 897/897/897 898/898/898 898/898/898
f 898/898/898 898/898/898 899/899/899
f 898/898/898 899/899/899 899/899/899
f 899/899/899 899/899/899 900/900/900
f 899/899/899 900/900/900 901/901/901
f 901/901/901 900/900/900 901/901/901
f 901/901/901 901/901/901 902/902/902
f 902/902/902 901/901/901 902/902/902
f 902/902/902 902/902/902 903/903/903
f 903/903/903 902/902/902 904/904/904
f 903/903/903 904/904/904 905/905/905
f 905/905/905 904/904/904 905/905/905
f 905/905/905 905/905/905 906/906/906
f 906/906/906 905/905/905 906/906/906
f 906/906/906 906/906/906 907/907/907
f 907/907/907 906/906/906 908/908/908
f 907/907/907 908/908/908 909/909/909
f 909/909/909 908/908/908 909/909/909
f 909/909/909 909/909/909 910/910/910
f 910/910/910 909/909/909 910/910/910
f 910/910/910 910/910/910 911/911/911
f 911/911/911 910/910/910 912/912/912
f 911/911/911 912/912/912 913/913/913
f 913/913/913 912/912/912 914/914/914
f 913/913/913 914/914/914 914/914/914
f 914/914/914 914/914/914 915/915/915
f 914/914/914 915/915/915 915/915/915
f 915/915/915 915/915/915 916/916/916
f 915/915/915 916/916/916 917/917/917
f 917/917/917 916/916/916 918/918/918
f 917/917/917 918/918/918 918/918/918
f 918/918/918 918/918/918 919/919/919
f 918/918/918 919/919/919 919/919/919
f 919/919/919 919/919/919 920/920/920
f 919/919/919 920/920/920 921/921/921
f 921/921/921 920/920/920 921/921/921
f 921/921/921 921/921/921 922/922/922
f 922/922/922 921/921/921 922/922/922
f 922/922/922 922/922/922 923/923/923
f 923/923/923 922/922/922 924/924/924
f 923/923/923 924/924/924 924/924/924
f 924/924/924 924/924/924 925/925/925
f 924/924/924 925/925/925 925/925/925
f 925/925/925 925/925/925 926/926/926
f 925/925/925 926/926/926 927/927/927
f 927/927/927 926/926/926 928/928/928
f 927/927/927 928/928/928 928/928/928
f 928/928/928 928/928/928 929/929/929
f 928/928/928 929/929/929 929/929/929
f 929/929/929 929/929/929 930/930/930
f 929/929/929 930/930/930 931/931/931
f 931/931/931 930/930/930 930/930/930
f 931/931/931 930/930/930 932/932/932
f 932/932/932 930/930/930 933/933/933
f 932/932/932 933/933/933 933/933/933
f 933/933/933 933/933/933 934/934/934
f 933/933/933 934/934/934 934/934/934
f 934/934/934 934/934/934 935/935/935
f 934/934/934 935/935/935 936/936/936
f 936/936/936 935/935/935 937/937/937
f 936/936/936 937/937/937 937/937/937
f 937/937/937 937/937/937 938/938/938
f 937/937/937 938/938/938 938/938/938
f 938/938/938 938/938/938 939/939/939
f 938/938/938 939/939/939 940/940/940
f 940/940/940 939/939/939 941/941/941
f 940/940/940 941/941/941 941/941/941
f 941/941/941 941/941/941 942/942/942
f 941/941/941 942/942/942 942/942/942
f 942/942/942 942/942/942 943/943/943
f 942/942/942 943/943/943 944/944/944
f 944/944/944 943/943/943 945/945/945
f 944/944/944 945/945/945 945/945/945
f 945/945/945 945/945/945 946/946/946
f 945/945/945 946/946/946 946/946/946
f 946/946/946 946/946/946 947/947/947
f 946/946/946 947/947/947 948/948/948
f 948/948/948 947/947/947 948/948/948
f 948/948/948 948/948/948 949/949/949
f 949/949/949 948/948/948 949/949/949
f 949/949/949 949/949/949 950/950/950
f 950/950/950 949/949/949 951/951/951
f 950/950/950 951/951/951 951/951/951
f 951/951/951 951/951/951 952/952/952
f 951/951/951 952/952/952 952/952/952
f 952/952/952 952/952/952 953/953/953
f 952/952/952 953/953/953 954/954/954
f 954/954/954 953/953/953 955/955/955
f 954/954/954 955/955/955 955/955/955
f 955/955/955 955/955/955 956/956/956
f 955/955/955 956/956/956 956/956/956
f 956/956/956 956/956/956 957/957/957
f 956/956/956 957/957/957 958/958/958
f 958/958/958 957/957/957 958/958/958
f 958/958/958 958/958/958 959/959/959
f 959/959/959 958/958/958 959/959/959
f 959/959/959 959/959/959 960/960/960
f 960/960/960 959/959/959 961/961/961
f 960/960/960 961/961/961 961/961/961
f 961/961/961 961/961/961 962/962/962
f 961/961/961 962/962/962 962/962/962
f 962/962/962 962/962/962 963/963/963
f 962/962/962 963/963/963 964/964/964
f 964/964/964 963/963/963 964/964/964
f 964/964/964 964/964/964 965/965/965
f 965/965/965 964/964/964 965/965/965
f 965/965/965 965/965/965 966/966/966
f 966/966/966 965/965/965 967/967/967
f 966/966/966 967/967/967 967/967/967
f 967/967/967 967/967/967 968/968/968
f 967/967/967 968/968/968 968/968/968
f 968/968/968 968/968/968 969/969/969
f 968/968/968 969/969/969 970/970/970
f 970/970/970 969/969/969 970/970/970
f 970/970/970 970/970/970 971/971/971
f 971/971/971 970/970/970 971/971/971
f 971/971/971 971/971/971 972/972/972
f 972/972/972 971/971/971 973/973/973
f 972/972/972 973/973/973 973/973/973
f 973/973/973 973/973/973 974/974/974
f 973/973/973 974/974/974 974/974/974
f 974/974/974 974/974/974 975/975/975
f 974/974/974 975/975/975 976/976/976
f 976/976/976 975/975/975 976/976/976
f 976/976/976 976/976/976 977/977/977
f 977/977/977 976/976/976 977/977/977
f 977/977/977 977/977/977 978/978/978
f 978/978/978 977/977/977 979/979/979
f 978/978/978 979/979/979 980/980/980
f 980/980/980 979/979/979 980/980/980
f 980/980/980 980/980/980 981/981/981
f 981/981/981 980/980/980 981/981/981
f 981/981/981 981/981/981 982/982/982
f 982/982/982 981/981/981 983/983/983
f 982/982/982 983/983/983 983/983/983
f 983/983/983 983/983/983 984/984/984
f 983/983/983 984/984/984 984/984/984
f 984/984/984 984/984/984 985/985/985
f 984/984/984 985/985/985 986/986/986
f 986/986/986 985/985/985 986/986/986
f 986/986/986 986/986/986 987/987/987
f 987/987/987 986/986/986 987/987/987
f 987/987/987 987/987/987 988/988/988
f 988/988/988 987/987/987 989/989/989
f 988/988/988 989/989/989 989/989/989
f 989/989/989 989/989/989 990/990/990
f 989/989/989 990/990/990 990/990/990
f 990/990/990 990/990/990 991/991/991
f 990/990/990 991/991/991 992/992/992
f 992/992/992 991/991/991 993/993/993
f 992/992/992 993/993/993 993/993/993
f 993/993/993 993/993/993 994/994/994
f 993/993/993 994/994/994 994/994/994
f 994/994/994 994/994/994 995/995/995
f 994/994/994 995/995/995 996/996/996
f 996/996/996 995/995/995 996/996/996
f 996/996/996 996/996/996 997/997/997
f 997/997/997 996/996/996 997/997/997
f 997/997/997 997/997/997 998/998/998
f 998/998/998 997/997/997 999/999/999
f 998/998/998 999/999/999 999/999/999
f 999/999/999 999/999/999 1000/1000/1000
f 999/999/999 1000/1000/1000 1000/1000/1000
f 1000/1000/1000 1000/1000/1000 1001/1001/1001
f 1000/1000/1000 1001/1001/1001 1002/1002/1002
f 1002/1002/1002 1001/1001/1001 1002/1002/1002
f 1002/1002/1002 1002/1002/1002 1003/1003/1003
f 1003/1003/1003 1002/1002/1002 1003/1003/1003
f 1003/1003/1003 1003/1003/1003 1004/1004/1004
f 1004/1004/1004 1003/1003/1003 1005/1005/1005
f 1004/1004/1004 1005/1005/1005 1006/1006/1006
f 1006/1006/1006 1005/1005/1005 1006/1006/1006
f 1006/1006/1006 1006/1006/1006 1007/1007/1007
f 1007/1007/1007 1006/1006/1006 1007/1007/1007
f 1007/1007/1007 1007/1007/1007 1008/1008/1008
f 1008/1008/1008 1007/1007/1007 1009/1009/1009
f 1008/1008/1008 1009/1009/1009 1009/1009/1009
f 1009/1009/1009 1009/1009/1009 1010/1010/1010
f 1009/1009/1009 1010/1010/1010 1010/1010/1010
f 1010/1010/1010 1010/1010/1010 1011/1011/1011
f 1010/1010/1010 1011/1011/1011 1012/1012/1012
f 1012/1012/1012 1011/1011/1011 1012/1012/1012
f 1012/1012/1012 1012/1012/1012 1013/1013/1013
f 1013/1013/1013 1012/1012/1012 1013/1013/1013
f 1013/1013/1013 1013/1013/1013 1014/1014/1014
f 1014/1014/1014 1013/1013/1013 1015/1015/1015
f 1014/1014/1014 1015/1015/1015 1015/1015/1015
f 1015/1015/1015 1015/1015/1015 1016/1016/1016
f 1015/1015/1015 1016/1016/1016 1016/1016/1016
f 1016/1016/1016 1016/1016/1016 1017/1017/1017
f 1016/1016/1016 1017/1017/1017 1018/1018/1018
f 1018/1018/1018 1017/1017/1017 1018/1018/1018
f 1018/1018/1018 1018/1018/1018 1019/1019/1019
f 1019/1019/1019 1018/1018/1018 1019/1019/1019
f 1019/1019/1019 1019/1019/1019 1020/1020/1020
f 1020/1020/1020 1019/1019/1019 1021/1021/1021
f 1020/1020/1020 1021/1021/1021 1022/1022/1022
f 1022/1022/1022 1021/1021/1021 1022/1022/1022
f 1022/1022/1022 1022/1022/1022 1023/1023/1023
f 1023/1023/1023 1022/1022/1022 1023/1023/1023
f 1023/1023/1023 1023/1023/1023 1024/1024/1024
f 1024/1024/1024 1023/1023/1023 1025/1025/1025
f 1024/1024/1024 1025/1025/1025 1025/1025/1025
f 1025/1025/1025 1025/1025/1025 1026/1026/1026
f 1025/1025/1025 1026/1026/1026 1026/1026/1026
f 1026/1026/1026 1026/1026/1026 1027/1027/1027
f 1026/1026/1026 1027/1027/1027 1028/1028/1028
f 1028/1028/1028 1027/1027/1027 1028/1028/1028
f 1028/1028/1028 1028/1028/1028 1029/1029/1029
f 1029/1029/1029 1028/1028/1028 1029/1029/1029
f 1029/1029/1029 1029/1029/1029 1030/1030/1030
f 1030/1030/1030 1029/1029/1029 1031/1031/1031
f 1030/1030/1030 1031/1031/1031 1032/1032/1032
f 1032/1032/1032 1031/1031/1031 1033/1033/1033
f 1032/1032/1032 1033/1033/1033 1033/1033/1033
f 1033/1033/1033 1033/1033/1033 1034/1034/1034
f 1033/1033/1033 1034/1034/1034 1034/1034/1034
f 1034/1034/1034 1034/1034/1034 1035/1035/1035
f 1034/1034/1034 1035/1035/1035 1036/1036/1036
f 1036/1036/1036 1035/1035/1035 1037/1037/1037
f 1036/1036/1036 1037/1037/1037 1037/1037/1037
f 1037/1037/1037 1037/1037/1037 1038/1038/1038
f 1037/1037/1037 1038/1038/1038 1038/1038/1038
f 1038/1038/1038 1038/1038/1038 1039/1039/1039
f 1038/1038/1038 1039/1039/1039 1040/1040/1040
f 1040/1040/1040 1039/1039/1039 1040/1040/1040
f 1040/1040/1040 1040/1040/1040 1041/1041/1041
f 1041/1041/1041 1040/1040/1040 1041/1041/1041
f 1041/1041/1041 1041/1041/1041 1042/1042/1042
f 1042/1042/1042 1041/1041/1041 1043/1043/1043
f 1042/1042/1042 1043/1043/1043 1043/1043/1043
f 1043/1043/1043 1043/1043/1043 1044/1044/1044
f 1043/1043/1043 1044/1044/1044 1044/1044/1044
f 1044/1044/1044 1044/1044/1044 1045/1045/1045
f 1044/1044/1044 1045/1045/1045 1046/1046/1046
f 1046/1046/1046 1045/1045/1045 1047/1047/1047
f 1046/1046/1046 1047/1047/1047 1047/1047/1047
f 1047/1047/1047 1047/1047/1047 1048/1048/1048
f 1047/1047/1047 1048/1048/1048 1048/1048/1048
f 1048/1048/1048 1048/1048/1048 1049/1049/1049
f 1048/1048/1048 1049/1049/1049 1050/1050/1050
f 1050/1050/1050 1049/1049/1049 1049/1049/1049
f 1050/1050/1050 1049/1049/1049 1051/1051/1051
f 1051/1051/1051 1049/1049/1049 1052/1052/1052
f 1051/1051/1051 1052/1052/1052 1052/1052/1052
f 1052/1052/1052 1052/1052/1052 1053/1053/1053
f 1052/1052/1052 1053/1053/1053 1053/1053/1053
f 1053/1053/1053 1053/1053/1053 1054/1054/1054
f 1053/1053/1053 1054/1054/1054 1055/1055/1055
f 1055/1055/1055 1054/1054/1054 1056/1056/1056
f 1055/1055/1055 1056/1056/1056 1056/1056/1056
f 1056/1056/1056 1056/1056/1056 1057/1057/1057
f 1056/1056/1056 1057/1057/1057 1057/1057/1057
f 1057/1057/1057 1057/1057/1057 1058/1058/1058
f 1057/1057/1057 1058/1058/1058 1059/1059/1059
f 1059/1059/1059 1058/1058/1058 1060/1060/1060
f 1059/1059/1059 1060/1060/1060 1060/1060/1060
f 1060/1060/1060 1060/1060/1060 1061/1061/1061
f 1060/1060/1060 1061/1061/1061 1061/1061/1061
f 1061/1061/1061 1061/1061/1061 1062/1062/1062
f 1061/1061/1061 1062/1062/1062 1063/1063/1063
f 1063/1063/1063 1062/1062/1062 1064/1064/1064
f 1063/1063/1063 1064/1064/1064 1064/1064/1064
f 1064/1064/1064 1064/1064/1064 1065/1065/1065
f 1064/1064/1064 1065/1065/1065 1065/1065/1065
f 1065/1065/1065 1065/1065/1065 1066/1066/1066
f 1065/1065/1065 1066/1066/1066 1067/1067/1067
f 1067/1067/1067 1066/1066/1066 1067/1067/1067
f 1067/1067/1067 1067/1067/1067 1068/1068/1068
f 1068/1068/1068 1067/1067/1067 1068/1068/1068
f 1068/1068/1068 1068/1068/1068 1069/1069/1069
f 1069/1069/1069 1068/1068/1068 1070/1070/1070
f 1069/1069/1069 1070/1070/1070 1070/1070/1070
f 1070/1070/1070 1070/1070/1070 1071/1071/1071
f 1070/1070/1070 1071/1071/1071 1071/1071/1071
f 1071/1071/1071 1071/1071/1071 1072/1072/1072
f 1071/1071/1071 1072/1072/1072 1073/1073/1073
f 1073/1073/1073 1072/1072/1072 1074/1074/1074
f 1073/1073/1073 1074/1074/1074 1074/1074/1074
f 1074/1074/1074 1074/1074/1074 1075/1075/1075
f 1074/1074/1074 1075/1075/1075 1075/1075/1075
f 1075/1075/1075 1075/1075/1075 1076/1076/1076
f 1075/1075/1075 1076/1076/1076 1077/1077/1077
f 1077/1077/1077 1076/1076/1076 1077/1077/1077
f 1077/1077/1077 1077/1077/1077 1078/1078/1078
f 1078/1078/1078 1077/1077/1077 1078/1078/1078
f 1078/1078/1078 1078/1078/1078 1079/1079/1079
f 1079/1079/1079 1078/1078/1078 1080/1080/1080
f 1079/1079/1079 1080/1080/1080 1080/1080/1080
f 1080/1080/1080 1080/1080/1080 1081/1081/1081
f 1080/1080/1080 1081/1081/1081 1081/1081/1081
f 1081/1081/1081 1081/1081/1081 1082/1082/1082
f 1081/1081/1081 1082/1082/1082 1083/1083/1083
f 1083/1083/1083 1082/1082/1082 1083/1083/1083
f 1083/1083/1083 1083/1083/1083 1084/1084/1084
f 1084/1084/1084 1083/1083/1083 1084/1084/1084
f 1084/1084/1084 1084/1084/1084 1085/1085/1085
f 1085/1085/1085 1084/1084/1084 1086/1086/1086
f 1085/1085/1085 1086/1086/1086 1086/1086/1086
f 1086/1086/1086 1086/1086/1086 1087/1087/1087
f 1086/1086/1086 1087/1087/1087 1087/1087/1087
f 1087/1087/1087 1087/1087/1087 1088/1088/1088
f 1087/1087/1087 1088/1088/1088 1089/1089/1089
f 1089/1089/1089 1088/1088/1088 1089/1089/1089
f 1089/1089/1089 1089/1089/1089 1090/1090/1090
f 1090/1090/1090 1089/1089/1089 1090/1090/1090
f 1090/1090/1090 1090/1090/1090 1091/1091/1091
f 1091/1091/1091 1090/1090/1090 1092/1092/1092
f 1091/1091/1091 1092/1092/1092 1092/1092/1092
f 1092/1092/1092 1092/1092/1092 1093/1093/1093
f 1092/1092/1092 1093/1093/1093 1093/1093/1093
f 1093/1093/1093 1093/1093/1093 1094/1094/1094
f 1093/1093/1093 1094/1094/1094 1095/1095/1095
f 1095/1095/1095 1094/1094/1094 1095/1095/1095
f 1095/1095/1095 1095/1095/1095 1096/1096/1096
f 1096/1096/1096 1095/1095/1095 1096/1096/1096
f 1096/1096/1096 1096/1096/1096 1097/1097/1097
f 1097/1097/1097 1096/1096/1096 1098/1098/1098
f 1097/1097/1097 1098/1098/1098 1099/1099/1099
f 1099/1099/1099 1098/1098/1098 1099/1099/1099
f 1099/1099/1099 1099/1099/1099 1100/1100/1100
f 1100/1100/1100 1099/1099/1099 1100/1100/1100
f 1100/1100/1100 1100/1100/1100 1101/1101/1101
f 1101/1101/1101 1100/1100/1100 1102/1102/1102
f 1101/1101/1101 1102/1102/1102 1102/1102/1102
f 1102/1102/1102 1102/1102/1102 1103/1103/1103
f 1102/1102/1102 1103/1103/1103 1103/1103/1103
f 1103/1103/1103 1103/1103/1103 1104/1104/1104
f 1103/1103/1103 1104/1104/1104 1105/1105/1105
f 1105/1105/1105 1104/1104/1104 1105/1105/1105
f 1105/1105/1105 1105/1105/1105 1106/1106/1106
f 1106/1106/1106 1105/1105/1105 1106/1106/1106
f 1106/1106/1106 1106/1106/1106 1107/1107/1107
f 1107/1107/1107 1106/1106/1106 1108/1108/1108
f 1107/1107/1107 1108/1108/1108 1108/1108/1108
f 1108/1108/1108 1108/1108/1108 1109/1109/1109
f 1108/1108/1108 1109/1109/1109 1109/1109/1109
f 1109/1109/1109 1109/1109/1109 1110/1110/1110
f 1109/1109/1109 1110/1110/1110 1111/1111/1111
f 1111/1111/1111 1110/1110/1110 1112/1112/1112
f 1111/1111/1111 1112/1112/1112 1112/1112/1112
f 1112/1112/1112 1112/1112/1112 1113/1113/1113
f 1112/1112/1112 1113/1113/1113 1113/1113/1113
f 1113/1113/1113 1113/1113/1113 1114/1114/1114
f 1113/1113/1113 1114/1114/1114 1115/1115/1115
f 1115/1115/1115 1114/1114/1114 1115/1115/1115
f 1115/1115/1115 1115/1115/1115 1116/1116/1116
f 1116/1116/1116 1115/1115/1115 1116/1116/1116
f 1116/1116/1116 1116/1116/1116 1117/1117/1117
f 1117/1117/1117 1116/1116/1116 1118/1118/1118
f 1117/1117/1117 1118/1118/1118 1118/1118/1118
f 1118/1118/1118 1118/1118/1118 1119/1119/1119
f 1118/1118/1118 1119/1119/1119 1119/1119/1119
f 1119/1119/1119 1119/1119/1119 1120/1120/1120
f 1119/1119/1119 1120/1120/1120 1121/1121/1121
f 1121/1121/1121 1120/1120/1120 1122/1122/1122
f 1121/1121/1121 1122/1122/1122 1122/1122/1122
f 1122/1122/1122 1122/1122/1122 1123/1123/1123
f 1122/1122/1122 1123/1123/1123 1123/1123/1123
f 1123/1123/1123 1123/1123/1123 1124/1124/1124
f 1123/1123/1123 1124/1124/1124 1125/1125/1125
f 1125/1125/1125 1124/1124/1124 1126/1126/1126
f 1125/1125/1125 1126/1126/1126 1126/1126/1126
f 1126/1126/1126 1126/1126/1126 1127/1127/1127
f 1126/1126/1126 1127/1127/1127 1127/1127/1127
f 1127/1127/1127 1127/1127/1127 1128/1128/1128
f 1127/1127/1127 1128/1128/1128 1129/1129/1129
f 1129/1129/1129 1128/1128/1128 1129/1129/1129
f 1129/1129/1129 1129/1129/1129 1130/1130/1130
f 1130/1130/1130 1129/1129/1129 1130/1130/1130
f 1130/1130/1130 1130/1130/1130 1131/1131/1131
f 1131/1131/1131 1130/1130/1130 1132/1132/1132
f 1131/1131/1131 1132/1132/1132 1132/1132/1132
f 1132/1132/1132 1132/1132/1132 1133/1133/1133
f 1132/1132/1132 1133/1133/1133 1133/1133/1133
f 1133/1133/1133 1133/1133/1133 1134/1134/1134
f 1133/1133/1133 1134/1134/1134 1135/1135/1135
f 1135/1135/1135 1134/1134/1134 1135/1135/1135
f 1135/1135/1135 1135/1135/1135 1136/1136/1136
f 1136/1136/1136 1135/1135/1135 1136/1136/1136
f 1136/1136/1136 1136/1136/1136 1137/1137/1137
f 1137/1137/1137 1136/1136/1136 1138/1138/1138
f 1137/1137/1137 1138/1138/1138 1138/1138/1138
f 1138/1138/1138 1138/1138/1138 1139/1139/1139
f 1138/1138/1138 1139/1139/1139 1139/1139/1139
f 1139/1139/1139 1139/1139/1139 1140/1140/1140
f 1139/1139/1139 1140/1140/1140 1141/1141/1141
f 1141/1141/1141 1140/1140/1140 1141/1141/1141
f 1141/1141/1141 1141/1141/1141 1142/1142/1142
f 1142/1142/1142 1141/1141/1141 1142/1142/1142
f 1142/1142/1142 1142/1142/1142 1143/1143/1143
f 1143/1143/1143 1142/1142/1142 1144/1144/1144
f 1143/1143/1143 1144/1144/1144 1144/1144/1144
f 1144/1144/1144 1144/1144/1144 1145/1145/1145
f 1144/1144/1144 1145/1145/1145 1145/1145/1145
f 1145/1145/1145 1145/1145/1145 1146/1146/1146
f 1145/1145/1145 1146/1146/1146 1147/1147/1147
f 1147/1147/1147 1146/1146/1146 1146/1146/1146
f 1147/1147/1147 1146/1146/1146 1148/1148/1148
f 1148/1148/1148 1146/1146/1146 1149/1149/1149
f 1148/1148/1148 1149/1149/1149 1149/1149/1149
f 1149/1149/1149 1149/1149/1149 1150/1150/1150
f 1149/1149/1149 1150/1150/1150 1150/1150/1150
f 1150/1150/1150 1150/1150/1150 1151/1151/1151
f 1150/1150/1150 1151/1151/1151 1152/1152/1152
f 1152/1152/1152 1151/1151/1151 1152/1152/1152
f 1152/1152/1152 1152/1152/1152 1153/1153/1153
f 1153/1153/1153 1152/1152/1152 1153/1153/1153
f 1153/1153/1153 1153/1153/1153 1154/1154/1154
f 1154/1154/1154 1153/1153/1153 1155/1155/1155
f 1154/1154/1154 1155/1155/1155 1156/1156/1156
f 1156/1156/1156 1155/1155/1155 1156/1156/1156
f 1156/1156/1156 1156/1156/1156 1157/1157/1157
f 1157/1157/1157 1156/1156/1156 1157/1157/1157
f 1157/1157/1157 1157/1157/1157 1158/1158/1158
f 1158/1158/1158 1157/1157/1157 1159/1159/1159
f 1158/1158/1158 1159/1159/1159 1159/1159/1159
f 1159/1159/1159 1159/1159/1159 1160/1160/1160
f 1159/1159/1159 1160/1160/1160 1160/1160/1160
f 1160/1160/1160 1160/1160/1160 1161/1161/1161
f 1160/1160/1160 1161/1161/1161 1162/1162/1162
f 1162/1162/1162 1161/1161/1161 1162/1162/1162
f 1162/1162/1162 1162/1162/1162 1163/1163/1163
f 1163/1163/1163 1162/1162/1162 1163/1163/1163
f 1163/1163/1163 1163/1163/1163 1164/1164/1164
f 1164/1164/1164 1163/1163/1163 1165/1165/1165
f 1164/1164/1164 1165/1165/1165 1166/1166/1166
f 1166/1166/1166 1165/1165/1165 1166/1166/1166
f 1166/1166/1166 1166/1166/1166 1167/1167/1167
f 1167/1167/1167 1166/1166/1166 1167/1167/1167
f 1167/1167/1167 1167/1167/1167 1168/1168/1168
f 1168/1168/1168 1167/1167/1167 1169/1169/1169
f 1168/1168/1168 1169/1169/1169 1170/1170/1170
f 1170/1170/1170 1169/1169/1169 1170/1170/1170
f 1170/1170/1170 1170/1170/1170 1171/1171/1171
f 1171/1171/1171 1170/1170/1170 1171/1171/1171
f 1171/1171/1171 1171/1171/1171 1172/1172/1172
f 1172/1172/1172 1171/1171/1171 1173/1173/1173
f 1172/1172/1172 1173/1173/1173 1173/1173/1173
f 1173/1173/1173 1173/1173/1173 1174/1174/1174
f 1173/1173/1173 1174/1174/1174 1174/1174/1174
f 1174/1174/1174 1174/1174/1174 1175/1175/1175
f 1174/1174/1174 1175/1175/1175 1176/1176/1176
f 1176/1176/1176 1175/1175/1175 1176/1176/1176
f 1176/1176/1176 1176/1176/1176 1177/1177/1177
f 1177/1177/1177 1176/1176/1176 1177/1177/1177
f 1177/1177/1177 1177/1177/1177 1178/1178/1178
f 1178/1178/1178 1177/1177/1177 1179/1179/1179
f 1178/1178/1178 1179/1179/1179 1179/1179/1179
f 1179/1179/1179 1179/1179/1179 1180/1180/1180
f 1179/1179/1179 1180/1180/1180 1180/1180/1180
f 1180/1180/1180 1180/1180/1180 1181/1181/1181
f 1180/1180/1180 1181/1181/1181 1182/1182/1182
f 1182/1182/1182 1181/1181/1181 1183/1183/1183
f 1182/1182/1182 1183/1183/1183 1183/1183/1183
f 1183/1183/1183 1183/1183/1183 1184/1184/1184
f 1183/1183/1183 1184/1184/1184 1184/1184/1184
f 1184/1184/1184 1184/1184/1184 1185/1185/1185
f 1184/1184/1184 1185/1185/1185 1186/1186/1186
f 1186/1186/1186 1185/1185/1185 1187/1187/1187
f 1186/1186/1186 1187/1187/1187 1187/1187/1187
f 1187/1187/1187 1187/1187/1187 1188/1188/1188
f 1187/1187/1187 1188/1188/1188 1188/1188/1188
f 1188/1188/1188 1188/1188/1188 1189/1189/1189
f 1188/1188/1188 1189/1189/1189 1190/1190/1190
f 1190/1190/1190 1189/1189/1189 1190/1190/1190
f 1190/1190/1190 1190/1190/1190 1191/1191/1191
f 1191/1191/1191 1190/1190/1190 1191/1191/1191
f 1191/1191/1191 1191/1191/1191 1192/1192/1192
f 1192/1192/1192 1191/1191/1191 1193/1193/1193
f 1192/1192/1192 1193/1193/1193 1193/1193/1193
f 1193/1193/1193 1193/1193/1193 1194/1194/1194
f 1193/1193/1193 1194/1194/1194 1194/1194/1194
f 1194/1194/1194 1194/1194/1194 1195/1195/1195
f 1194/1194/1194 1195/1195/1195 1196/1196/1196
f 1196/1196/1196 1195/1195/1195 1197/1197/1197
f 1196/1196/1196 1197/1197/1197 1197/1197/1197
f 1197/1197/1197 1197/1197/1197 1198/1198/1198
f 1197/1197/1197 1198/1198/1198 1198/1198/1198
f 1198/1198/1198 1198/1198/1198 1199/1199/1199
f 1198/1198/1198 1199/1199/1199 1200/1200/1200
f 1200/1200/1200 1199/1199/1199 1200/1200/1200
f 1200/1200/1200 1200/1200/1200 1201/1201/1201
f 1201/1201/1201 1200/1200/1200 1201/1201/1201
f 1201/1201/1201 1201/1201/1201 1202/1202/1202
f 1202/1202/1202 1201/1201/1201 1203/1203/1203
f 1202/1202/1202 1203/1203/1203 1203/1203/1203
f 1203/1203/1203 1203/1203/1203 1204/1204/1204
f 1203/1203/1203 1204/1204/1204 1204/1204/1204
f 1204/1204/1204 1204/1204/1204 1205/1205/1205
f 1204/1204/1204 1205/1205/1205 1206/1206/1206
f 1206/1206/1206 1205/1205/1205 1206/1206/1206
f 1206/1206/1206 1206/1206/1206 1207/1207/1207
f 1207/1207/1207 1206/1206/1206 1207/1207/1207
f 1207/1207/1207 1207/1207/1207 1208/1208/1208
f 1208/1208/1208 1207/1207/1207 1209/1209/1209
f 1208/1208/1208 1209/1209/1209 1209/1209/1209
f 1209/1209/1209 1209/1209/1209 1210/1210/1210
f 1209/1209/1209 1210/1210/1210 1210/1210/1210
f 1210/1210/1210 1210/1210/1210 1211/1211/1211
f 1210/1210/1210 1211/1211/1211 1212/1212/1212
f 1212/1212/1212 1211/1211/1211 1212/1212/1212
f 1212/1212/1212 1212/1212/1212 1213/1213/1213
f 1213/1213/1213 1212/1212/1212 1213/1213/1213
f 1213/1213/1213 1213/1213/1213 1214/1214/1214
f 1214/1214/1214 1213/1213/1213 1215/1215/1215
f 1214/1214/1214 1215/1215/1215 1215/1215/1215
f 1215/1215/1215 1215/1215/1215 1216/1216/1216
f 1215/1215/1215 1216/1216/1216 1216/1216/1216
f 1216/1216/1216 1216/1216/1216 1217/1217/1217
f 1216/1216/1216 1217/1217/1217 1218/1218/1218
f 1218/1218/1218 1217/1217/1217 1218/1218/1218
f 1218/1218/1218 1218/1218/1218 1219/1219/1219
f 1219/1219/1219 1218/1218/1218 1219/1219/1219
f 1219/1219/1219 1219/1219/1219 1220/1220/1220
f 1220/1220/1220 1219/1219/1219 1221/1221/1221
f 1220/1220/1220 1221/1221/1221 1222/1222/1222
f 1222/1222/1222 1221/1221/1221 1222/1222/1222
f 1222/1222/1222 1222/1222/1222 1223/1223/1223
f 1223/1223/1223 1222/1222/1222 1223/1223/1223
f 1223/1223/1223 1223/1223/1223 1224/1224/1224
f 1224/1224/1224 1223/1223/1223 1225/1225/1225
f 1224/1224/1224 1225/1225/1225 1225/1225/1225
f 1225/1225/1225 1225/1225/1225 1226/1226/1226
f 1225/1225/1225 1226/1226/1226 1226/1226/1226
f 1226/1226/1226 1226/1226/1226 1227/1227/1227
f 1226/1226/1226 1227/1227/1227 1228/1228/1228
f 1228/1228/1228 1227/1227/1227 1228/1228/1228
f 1228/1228/1228 1228/1228/1228 1229/1229/1229
f 1229/1229/1229 1228/1228/1228 1229/1229/1229
f 1229/1229/1229 1229/1229/1229 1230/1230/1230
f 1230/1230/1230 1229/1229/1229 1231/1231/1231
f 1230/1230/1230 1231/1231/1231 1231/1231/1231
f 1231/1231/1231 1231/1231/1231 1232/1232/1232
f 1231/1231/1231 1232/1232/1232 1232/1232/1232
f 1232/1232/1232 1232/1232/1232 1233/1233/1233
f 1232/1232/1232 1233/1233/1233 1234/1234/1234
f 1234/1234/1234 1233/1233/1233 1235/1235/1235
f 1234/1234/1234 1235/1235/1235 1235/1235/1235
f 1235/1235/1235 1235/1235/1235 1236/1236/1236
f 1235/1235/1235 1236/1236/1236 1236/1236/1236
f 1236/1236/1236 1236/1236/1236 1237/1237/1237
f 1236/1236/1236 1237/1237/1237 1238/1238/1238
f 1238/1238/1238 1237/1237/1237 1238/1238/1238
f 1238/1238/1238 1238/1238/1238 1239/1239/1239
f 1239/1239/1239 1238/1238/1238 1239/1239/1239
f 1239/1239/1239 1239/1239/1239 1240/1240/1240
f 1240/1240/1240 1239/1239/1239 1241/1241/1241
f 1240/1240/1240 1241/1241/1241 1241/1241/1241
f 1241/1241/1241 1241/1241/1241 1242/1242/1242
f 1241/1241/1241 1242/1242/1242 1242/1242/1242
f 1242/1242/1242 1242/1242/1242 1243/1243/1243
f 1242/1242/1242 1243/1243/1243 1244/1244/1244
f 1244/1244/1244 1243/1243/1243 1244/1244/1244
f 1244/1244/1244 1244/1244/1244 1245/1245/1245
f 1245/1245/1245 1244/1244/1244 1245/1245/1245
f 1245/1245/1245 1245/1245/1245 1246/1246/1246
f 1246/1246/1246 1245/1245/1245 1247/1247/1247
f 1246/1246/1246 1247/1247/1247 1248/1248/1248
f 1248/1248/1248 1247/1247/1247 1248/1248/1248
f 1248/1248/1248 1248/1248/1248 1249/1249/1249
f 1249/1249/1249 1248/1248/1248 1249/1249/1249
f 1249/1249/1249 1249/1249/1249 1250/1250/1250
f 1250/1250/1250 1249/1249/1249 1251/1251/1251
f 1250/1250/1250 1251/1251/1251 1252/1252/1252
f 1252/1252/1252 1251/1251/1251 1252/1252/1252
f 1252/1252/1252 1252/1252/1252 1253/1253/1253
f 1253/1253/1253 1252/1252/1252 1253/1253/1253
f 1253/1253/1253 1253/1253/1253 1254/1254/1254
f 1254/1254/1254 1253/1253/1253 1255/1255/1255
f 1254/1254/1254 1255/1255/1255 1255/1255/1255
f 1255/1255/1255 1255/1255/1255 1256/1256/1256
f 1255/1255/1255 1256/1256/1256 1256/1256/1256
f 1256/1256/1256 1256/1256/1256 1257/1257/1257
f 1256/1256/1256 1257/1257/1257 1258/1258/1258
f 1258/1258/1258 1257/1257/1257 1258/1258/1258
f 1258/1258/1258 1258/1258/1258 1259/1259/1259
f 1259/1259/1259 1258/1258/1258 1259/1259/1259
f 1259/1259/1259 1259/1259/1259 1260/1260/1260
f 1260/1260/1260 1259/1259/1259 1261/1261/1261
f 1260/1260/1260 1261/1261/1261 1261/1261/1261
f 1261/1261/1261 1261/1261/1261 1262/1262/1262
f 1261/1261/1261 1262/1262/1262 1262/1262/1262
f 1262/1262/1262 1262/1262/1262 1263/1263/1263
f 1262/1262/1262 1263/1263/1263 1264/1264/1264
f 1264/1264/1264 1263/1263/1263 1264/1264/1264
f 1264/1264/1264 1264/1264/1264 1265/1265/1265
f 1265/1265/1265 1264/1264/1264 1265/1265/1265
f 1265/1265/1265 1265/1265/1265 1266/1266/1266
f 1266/1266/1266 1265/1265/1265 1267/1267/1267
f 1266/1266/1266 1267/1267/1267 1268/1268/1268
f 1268/1268/1268 1267/1267/1267 1268/1268/1268
f 1268/1268/1268 1268/1268/1268 1269/1269/1269
f 1269/1269/1269 1268/1268/1268 1269/1269/1269
f 1269/1269/1269 1269/1269/1269 1270/1270/1270
f 1270/1270/1270 1269/1269/1269 1271/1271/1271
f 1270/1270/1270 1271/1271/1271 1272/1272/1272
f 1272/1272/1272 1271/1271/1271 1273/1273/1273
f 1272/1272/1272 1273/1273/1273 1273/1273/1273
f 1273/1273/1273 1273/1273/1273 1274/1274/1274
f 1273/1273/1273 1274/1274/1274 1274/1274/1274
f 1274/1274/1274 1274/1274/1274 1275/1275/1275
f 1274/1274/1274 1275/1275/1275 1276/1276/1276
f 1276/1276/1276 1275/1275/1275 1277/1277/1277
f 1276/1276/1276 1277/1277/1277 1277/1277/1277
f 1277/1277/1277 1277/1277/1277 1278/1278/1278
f 1277/1277/1277 1278/1278/1278 1278/1278/1278
f 1278/1278/1278 1278/1278/1278 1279/1279/1279
f 1278/1278/1278 1279/1279/1279 1280/1280/1280
f 1280/1280/1280 1279/1279/1279 1280/1280/1280
f 1280/1280/1280 1280/1280/1280 1281/1281/1281
f 1281/1281/1281 1280/1280/1280 1281/1281/1281
f 1281/1281/1281 1281/1281/1281 1282/1282/1282
f 1282/1282/1282 1281/1281/1281 1283/1283/1283
f 1282/1282/1282 1283/1283/1283 1283/1283/1283
f 1283/1283/1283 1283/1283/1283 1284/1284/1284
f 1283/1283/1283 1284/1284/1284 1284/1284/1284
f 1284/1284/1284 1284/1284/1284 1285/1285/1285
f 1284/1284/1284 1285/1285/1285 1286/1286/1286
f 1286/1286/1286 1285/1285/1285 1287/1287/1287
f 1286/1286/1286 1287/1287/1287 1287/1287/1287
f 1287/1287/1287 1287/1287/1287 1288/1288/1288
f 1287/1287/1287 1288/1288/1288 1288/1288/1288
f 1288/1288/1288 1288/1288/1288 1289/1289/1289
f 1288/1288/1288 1289/1289/1289 1290/1290/1290
f 1290/1290/1290 1289/1289/1289 1289/1289/1289
f 1290/1290/1290 1289/1289/1289 1291/1291/1291
f 1291/1291/1291 1289/1289/1289 1292/1292/1292
f 1291/1291/1291 1292/1292/1292 1292/1292/1292
f 1292/1292/1292 1292/1292/1292 1293/1293/1293
f 1292/1292/1292 1293/1293/1293 1293/1293/1293
f 1293/1293/1293 1293/1293/1293 1294/1294/1294
f 1293/1293/1293 1294/1294/1294 1295/1295/1295
f 1295/1295/1295 1294/1294/1294 1295/1295/1295
f 1295/1295/1295 1295/1295/1295 1296/1296/1296
f 1296/1296/1296 1295/1295/1295 1296/1296/1296
f 1296/1296/1296 1296/1296/1296 1297/1297/1297
f 1297/1297/1297 1296/1296/1296 1298/1298/1298
f 1297/1297/1297 1298/1298/1298 1298/1298/1298
f 1298/1298/1298 1298/1298/1298 1299/1299/1299
f 1298/1298/1298 1299/1299/1299 1299/1299/1299
f 1299/1299/1299 1299/1299/1299 1300/1300/1300
f 1299/1299/1299 1300/1300/1300 1301/1301/1301
f 1301/1301/1301 1300/1300/1300 1302/1302/1302
f 1301/1301/1301 1302/1302/1302 1302/1302/1302
f 1302/1302/1302 1302/1302/1302 1303/1303/1303
f 1302/1302/1302 1303/1303/1303 1303/1303/1303
f 1303/1303/1303 1303/1303/1303 1304/1304/1304
f 1303/1303/1303 1304/1304/1304 1305/1305/1305
f 1305/1305/1305 1304/1304/1304 1305/1305/1305
f 1305/1305/1305 1305/1305/1305 1306/1306/1306
f 1306/1306/1306 1305/1305/1305 1306/1306/1306
f 1306/1306/1306 1306/1306/1306 1307/1307/1307
f 1307/1307/1307 1306/1306/1306 1308/1308/1308
f 1307/1307/1307 1308/1308/1308 1308/1308/1308
f 1308/1308/1308 1308/1308/1308 1309/1309/1309
f 1308/1308/1308 1309/1309/1309 1309/1309/1309
f 1309/1309/1309 1309/1309/1309 1310/1310/1310
f 1309/1309/1309 1310/1310/1310 1311/1311/1311
f 1311/1311/1311 1310/1310/1310 1311/1311/1311
f 1311/1311/1311 1311/1311/1311 1312/1312/1312
f 1312/1312/1312 1311/1311/1311 1312/1312/1312
f 1312/1312/1312 1312/1312/1312 1313/1313/1313
f 1313/1313/1313 1312/1312/1312 1314/1314/1314
f 1313/1313/1313 1314/1314/1314 1314/1314/1314
f 1314/1314/1314 1314/1314/1314 1315/1315/1315
f 1314/1314/1314 1315/1315/1315 1315/1315/1315
f 1315/1315/1315 1315/1315/1315 1316/1316/1316
f 1315/1315/1315 1316/1316/1316 1317/1317/1317
f 1317/1317/1317 1316/1316/1316 1317/1317/1317
f 1317/1317/1317 1317/1317/1317 1318/1318/1318
f 1318/1318/1318 1317/1317/1317 1318/1318/1318
f 1318/1318/1318 1318/1318/1318 1319/1319/1319
f 1319/1319/1319 1318/1318/1318 1320/1320/1320
f 1319/1319/1319 1320/1320/1320 1320/1320/1320
f 1320/1320/1320 1320/1320/1320 1321/1321/1321
f 1320/1320/1320 1321/1321/1321 1321/1321/1321
f 1321/1321/1321 1321/1321/1321 1322/1322/1322
f 1321/1321/1321 1322/1322/1322 1323/1323/1323
f 1323/1323/1323 1322/1322/1322 1323/1323/1323
f 1323/1323/1323 1323/1323/1323 1324/1324/1324
f 1324/1324/1324 1323/1323/1323 1324/1324/1324
f 1324/1324/1324 1324/1324/1324 1325/1325/1325
f 1325/1325/1325 1324/1324/1324 1326/1326/1326
f 1325/1325/1325 1326/1326/1326 1326/1326/1326
f 1326/1326/1326 1326/1326/1326 1327/1327/1327
f 1326/1326/1326 1327/1327/1327 1327/1327/1327
f 1327/1327/1327 1327/1327/1327 1328/1328/1328
f 1327/1327/1327 1328/1328/1328 1329/1329/1329
f 1329/1329/1329 1328/1328/1328 1329/1329/1329
f 1329/1329/1329 1329/1329/1329 1330/1330/1330
f 1330/1330/1330 1329/1329/1329 1330/1330/1330
f 1330/1330/1330 1330/1330/1330 1331/1331/1331
f 1331/1331/1331 1330/1330/1330 1332/1332/1332
f 1331/1331/1331 1332/1332/1332 1333/1333/1333
f 1333/1333/1333 1332/1332/1332 1333/1333/1333
f 1333/1333/1333 1333/1333/1333 1334/1334/1334
f 1334/1334/1334 1333/1333/1333 1334/1334/1334
f 1334/1334/1334 1334/1334/1334 1335/1335/1335
f 1335/1335/1335 1334/1334/1334 1336/1336/1336
f 1335/1335/1335 1336/1336/1336 1336/1336/1336
f 1336/1336/1336 1336/1336/1336 1337/1337/1337
f 1336/1336/1336 1337/1337/1337 1337/1337/1337
f 1337/1337/1337 1337/1337/1337 1338/1338/1338
f 1337/1337/1337 1338/1338/1338 1339/1339/1339
f 1339/1339/1339 1338/1338/1338 1339/1339/1339
f 1339/1339/1339 1339/1339/1339 1340/1340/1340
f 1340/1340/1340 1339/1339/1339 1340/1340/1340
f 1340/1340/1340 1340/1340/1340 1341/1341/1341
f 1341/1341/1341 1340/1340/1340 1342/1342/1342
f 1341/1341/1341 1342/1342/1342 1342/1342/1342
f 1342/1342/1342 1342/1342/1342 1343/1343/1343
f 1342/1342/1342 1343/1343/1343 1343/1343/1343
f 1343/1343/1343 1343/1343/1343 1344/1344/1344
f 1343/1343/1343 1344/1344/1344 1345/1345/1345
f 1345/1345/1345 1344/1344/1344 1345/1345/1345
f 1345/1345/1345 1345/1345/1345 1346/1346/1346
f 1346/1346/1346 1345/1345/1345 1346/1346/1346
f 1346/1346/1346 1346/1346/1346 1347/1347/1347
f 1347/1347/1347 1346/1346/1346 1348/1348/1348
f 1347/1347/1347 1348/1348/1348 1348/1348/1348
f 1348/1348/1348 1348/1348/1348 1349/1349/1349
f 1348/1348/1348 1349/1349/1349 1349/1349/1349
f 1349/1349/1349 1349/1349/1349 1350/1350/1350
f 1349/1349/1349 1350/1350/1350 1351/1351/1351
f 1351/1351/1351 1350/1350/1350 1351/1351/1351
f 1351/1351/1351 1351/1351/1351 1352/1352/1352
f 1352/1352/1352 1351/1351/1351 1352/1352/1352
f 1352/1352/1352 1352/1352/1352 1353/1353/1353
f 1353/1353/1353 1352/1352/1352 1354/1354/1354
f 1353/1353/1353 1354/1354/1354 1354/1354/1354
f 1354/1354/1354 1354/1354/1354 1355/1355/1355
f 1354/1354/1354 1355/1355/1355 1355/1355/1355
f 1355/1355/1355 1355/1355/1355 1356/1356/1356
f 1355/1355/1355 1356/1356/1356 1357/1357/1357
f 1357/1357/1357 1356/1356/1356 1357/1357/1357
f 1357/1357/1357 1357/1357/1357 1358/1358/1358
f 1358/1358/1358 1357/1357/1357 1358/1358/1358
f 1358/1358/1358 1358/1358/1358 1359/1359/1359
f 1359/1359/1359 1358/1358/1358 1360/1360/1360
f 1359/1359/1359 1360/1360/1360 1360/1360/1360
f 1360/1360/1360 1360/1360/1360 1361/1361/1361
f 1360/1360/1360 1361/1361/1361 1361/1361/1361
f 1361/1361/1361 1361/1361/1361 1362/1362/1362
f 1361/1361/1361 1362/1362/1362 1363/1363/1363
f 1363/1363/1363 1362/1362/1362 1364/1364/1364
f 1363/1363/1363 1364/1364/1364 1364/1364/1364
f 1364/1364/1364 1364/1364/1364 1365/1365/1365
f 1364/1364/1364 1365/1365/1365 1365/1365/1365
f 1365/1365/1365 1365/1365/1365 1366/1366/1366
f 1365/1365/1365 1366/1366/1366 1367/1367/1367
f 1367/1367/1367 1366/1366/1366 1367/1367/1367
f 1367/1367/1367 1367/1367/1367 1368/1368/1368
f 1368/1368/1368 1367/1367/1367 1368/1368/1368
f 1368/1368/1368 1368/1368/1368 1369/1369/1369
f 1369/1369/1369 1368/1368/1368 1370/1370/1370
f 1369/1369/1369 1370/1370/1370 1370/1370/1370
f 1370/1370/1370 1370/1370/1370 1371/1371/1371
f 1370/1370/1370 1371/1371/1371 1371/1371/1371
f 1371/1371/1371 1371/1371/1371 1372/1372/1372
f 1371/1371/1371 1372/1372/1372 1373/1373/1373
f 1373/1373/1373 1372/1372/1372 1373/1373/1373
f 1373/1373/1373 1373/1373/1373 1374/1374/1374
f 1374/1374/1374 1373/1373/1373 1374/1374/1374
f 1374/1374/1374 1374/1374/1374 1375/1375/1375
f 1375/1375/1375 1374/1374/1374 1376/1376/1376
f 1375/1375/1375 1376/1376/1376 1376/1376/1376
f 1376/1376/1376 1376/1376/1376 1377/1377/1377
f 1376/1376/1376 1377/1377/1377 1377/1377/1377
f 1377/1377/1377 1377/1377/1377 1378/1378/1378
f 1377/1377/1377 1378/1378/1378 1379/1379/1379
f 1379/1379/1379 1378/1378/1378 1379/1379/1379
f 1379/1379/1379 1379/1379/1379 1380/1380/1380
f 1380/1380/1380 1379/1379/1379 1380/1380/1380
f 1380/1380/1380 1380/1380/1380 1381/1381/1381
f 1381/1381/1381 1380/1380/1380 1382/1382/1382
f 1381/1381/1381 1382/1382/1382 1382/1382/1382
f 1382/1382/1382 1382/1382/1382 1383/1383/1383
f 1382/1382/1382 1383/1383/1383 1383/1383/1383
f 1383/1383/1383 1383/1383/1383 1384/1384/1384
f 1383/1383/1383 1384/1384/1384 1385/1385/1385
f 1385/1385/1385 1384/1384/1384 1385/1385/1385
f 1385/1385/1385 1385/1385/1385 1386/1386/1386
f 1386/1386/1386 1385/1385/1385 1386/1386/1386
f 1386/1386/1386 1386/1386/1386 1387/1387/1387
f 1387/1387/1387 1386/1386/1386 1388/1388/1388
f 1387/1387/1387 1388/1388/1388 1388/1388/1388
f 1388/1388/1388 1388/1388/1388 1389/1389/1389
f 1388/1388/1388 1389/1389/1389 1389/1389/1389
f 1389/1389/1389 1389/1389/1389 1390/1390/1390
f 1389/1389/1389 1390/1390/1390 1391/1391/1391
f 1391/1391/1391 1390/1390/1390 1391/1391/1391
f 1391/1391/1391 1391/1391/1391 1392/1392/1392
f 1392/1392/1392 1391/1391/1391 1392/1392/1392
f 1392/1392/1392 1392/1392/1392 1393/1393/1393
f 1393/1393/1393 1392/1392/1392 1394/1394/1394
f 1393/1393/1393 1394/1394/1394 1394/1394/1394
f 1394/1394/1394 1394/1394/1394 1395/1395/1395
f 1394/1394/1394 1395/1395/1395 1395/1395/1395
f 1395/1395/1395 1395/1395/1395 1396/1396/1396
f 1395/1395/1395 1396/1396/1396 1397/1397/1397
f 1397/1397/1397 1396/1396/1396 1397/1397/1397
f 1397/1397/1397 1397/1397/1397 1398/1398/1398
f 1398/1398/1398 1397/1397/1397 1398/1398/1398
f 1398/1398/1398 1398/1398/1398 1399/1399/1399
f 1399/1399/1399 1398/1398/1398 1400/1400/1400
f 1399/1399/1399 1400/1400/1400 1400/1400/1400
f 1400/1400/1400 1400/1400/1400 1401/1401/1401
f 1400/1400/1400 1401/1401/1401 1401/1401/1401
f 1401/1401/1401 1401/1401/1401 1402/1402/1402
f 1401/1401/1401 1402/1402/1402 1403/1403/1403
f 1403/1403/1403 1402/1402/1402 1403/1403/1403
f 1403/1403/1403 1403/1403/1403 1404/1404/1404
f 1404/1404/1404 1403/1403/1403 1404/1404/1404
f 1404/1404/1404 1404/1404/1404 1405/1405/1405
f 1405/1405/1405 1404/1404/1404 1406/1406/1406
f 1405/1405/1405 1406/1406/1406 1406/1406/1406
f 1406/1406/1406 1406/1406/1406 1407/1407/1407
f 1406/1406/1406 1407/1407/1407 1407/1407/1407
f 1407/1407/1407 1407/1407/1407 1408/1408/1408
f 1407/1407/1407 1408/1408/1408 1409/1409/1409
f 1409/1409/1409 1408/1408/1408 1409/1409/1409
f 1409/1409/1409 1409/1409/1409 1410/1410/1410
f 1410/1410/1410 1409/1409/1409 1410/1410/1410
f 1410/1410/1410 1410/1410/1410 1411/1411/1411
f 1411/1411/1411 1410/1410/1410 1412/1412/1412
f 1411/1411/1411 1412/1412/1412 1412/1412/1412
f 1412/1412/1412 1412/1412/1412 1413/1413/1413
f 1412/1412/1412 1413/1413/1413 1413/1413/1413
f 1413/1413/1413 1413/1413/1413 1414/1414/1414
f 1413/1413/1413 1414/1414/1414 1415/1415/1415
f 1415/1415/1415 1414/1414/1414 1415/1415/1415
f 1415/1415/1415 1415/1415/1415 1416/1416/1416
f 1416/1416/1416 1415/1415/1415 1416/1416/1416
f 1416/1416/1416 1416/1416/1416 1417/1417/1417
f 1417/1417/1417 1416/1416/1416 1418/1418/1418
f 1417/1417/1417 1418/1418/1418 1418/1418/1418
f 1418/1418/1418 1418/1418/1418 1419/1419/1419
f 1418/1418/1418 1419/1419/1419 1419/1419/1419
f 1419/1419/1419 1419/1419/1419 1420/1420/1420
f 1419/1419/1419 1420/1420/1420 1421/1421/1421
f 1421/1421/1421 1420/1420/1420 1421/1421/1421
f 1421/1421/1421 1421/1421/1421 1422/1422/1422
f 1422/1422/1422 1421/1421/1421 1422/1422/1422
f 1422/1422/1422 1422/1422/1422 1423/1423/1423
f 1423/1423/1423 1422/1422/1422 1424/1424/1424
f 1423/1423/1423 1424/1424/1424 1424/1424/1424
f 1424/1424/1424 1424/1424/1424 1425/1425/1425
f 1424/1424/1424 1425/1425/1425 1425/1425/1425
f 1425/1425/1425 1425/1425/1425 1426/1426/1426
f 1425/1425/1425 1426/1426/1426 1427/1427/1427
f 1427/1427/1427 1426/1426/1426 1427/1427/1427
f 1427/1427/1427 1427/1427/1427 1428/1428/1428
f 1428/1428/1428 1427/1427/1427 1428/1428/1428
f 1428/1428/1428 1428/1428/1428 1429/1429/1429
f 1429/1429/1429 1428/1428/1428 1430/1430/1430
f 1429/1429/1429 1430/1430/1430 1430/1430/1430
f 1430/1430/1430 1430/1430/1430 1431/1431/1431
f 1430/1430/1430 1431/1431/1431 1431/1431/1431
f 1431/1431/1431 1431/1431/1431 1432/1432/1432
f 1431/1431/1431 1432/1432/1432 1433/1433/1433
f 1433/1433/1433 1432/1432/1432 1433/1433/1433
f 1433/1433/1433 1433/1433/1433 1434/1434/1434
f 1434/1434/1434 1433/1433/1433 1434/1434/1434
f 1434/1434/1434 1434/1434/1434 1435/1435/1435
f 1435/1435/1435 1434/1434/1434 1436/1436/1436
f 1435/1435/1435 1436/1436/1436 1437/1437/1437
f 1437/1437/1437 1436/1436/1436 1437/1437/1437
f 1437/1437/1437 1437/1437/1437 1438/1438/1438
f 1438/1438/1438 1437/1437/1437 1438/1438/1438
f 1438/1438/1438 1438/1438/1438 1439/1439/1439
f 1439/1439/1439 1438/1438/1438 1440/1440/1440
f 1439/1439/1439 1440/1440/1440 1440/1440/1440
f 1440/1440/1440 1440/1440/1440 1441/1441/1441
f 1440/1440/1440 1441/1441/1441 1441/1441/1441
f 1441/1441/1441 1441/1441/1441 1442/1442/1442
f 1441/1441/1441 1442/1442/1442 1443/1443/1443
f 1443/1443/1443 1442/1442/1442 1443/1443/1443
f 1443/1443/1443 1443/1443/1443 1444/1444/1444
f 1444/1444/1444 1443/1443/1443 1444/1444/1444
f 1444/1444/1444 1444/1444/1444 1445/1445/1445
f 1445/1445/1445 1444/1444/1444 1446/1446/1446
f 1445/1445/1445 1446/1446/1446 1446/1446/1446
f 1446/1446/1446 1446/1446/1446 1447/1447/1447
f 1446/1446/1446 1447/1447/1447 1447/1447/1447
f 1447/1447/1447 1447/1447/1447 1448/1448/1448
f 1447/1447/1447 1448/1448/1448 1449/1449/1449
f 1449/1449/1449 1448/1448/1448 1449/1449/1449
f 1449/1449/1449 1449/1449/1449 1450/1450/1450
f 1450/1450/1450 1449/1449/1449 1450/1450/1450
f 1450/1450/1450 1450/1450/1450 1451/1451/1451
f 1451/1451/1451 1450/1450/1450 1452/1452/1452
f 1451/1451/1451 1452/1452/1452 1452/1452/1452
f 1452/1452/1452 1452/1452/1452 1453/1453/1453
f 1452/1452/1452 1453/1453/1453 1453/1453/1453
f 1453/1453/1453 1453/1453/1453 1454/1454/1454
f 1453/1453/1453 1454/1454/1454 1455/1455/1455
f 1455/1455/1455 1454/1454/1454 1455/1455/1455
f 1455/1455/1455 1455/1455/1455 1456/1456/1456
f 1456/1456/1456 1455/1455/1455 1456/1456/1456
f 1456/1456/1456 1456/1456/1456 1457/1457/1457
f 1457/1457/1457 1456/1456/1456 1458/1458/1458
f 1457/1457/1457 1458/1458/1458 1458/1458/1458
f 1458/1458/1458 1458/1458/1458 1459/1459/1459
f 1458/1458/1458 1459/1459/1459 1459/1459/1459
f 1459/1459/1459 1459/1459/1459 1460/1460/1460
f 1459/1459/1459 1460/1460/1460 1461/1461/1461
f 1461/1461/1461 1460/1460/1460 1462/1462/1462
f 1461/1461/1461 1462/1462/1462 1462/1462/1462
f 1462/1462/1462 1462/1462/1462 1463/1463/1463
f 1462/1462/1462 1463/1463/1463 1463/1463/1463
f 1463/1463/1463 1463/1463/1463 1464/1464/1464
f 1463/1463/1463 1464/1464/1464 1465/1465/1465
f 1465/1465/1465 1464/1464/1464 1465/1465/1465
f 1465/1465/1465 1465/1465/1465 1466/1466/1466
f 1466/1466/1466 1465/1465/1465 1466/1466/1466
f 1466/1466/1466 1466/1466/1466 1467/1467/1467
f 1467/1467/1467 1466/1466/1466 1468/1468/1468
f 1467/1467/1467 1468/1468/1468 1468/1468/1468
f 1468/1468/1468 1468/1468/1468 1469/1469/1469
f 1468/1468/1468 1469/1469/1469 1469/1469/1469
f 1469/1469/1469 1469/1469/1469 1470/1470/1470
f 1469/1469/1469 1470/1470/1470 1471/1471/1471
f 1471/1471/1471 1470/1470/1470 1471/1471/1471
f 1471/1471/1471 1471/1471/1471 1472/1472/1472
f 1472/1472/1472 1471/1471/1471 1472/1472/1472
f 1472/1472/1472 1472/1472/1472 1473/1473/1473
f 1473/1473/1473 1472/1472/1472 1474/1474/1474
f 1473/1473/1473 1474/1474/1474 1474/1474/1474
f 1474/1474/1474 1474/1474/1474 1475/1475/1475
f 1474/1474/1474 1475/1475/1475 1475/1475/1475
f 1475/1475/1475 1475/1475/1475 1476/1476/1476
f 1475/1475/1475 1476/1476/1476 1477/1477/1477
f 1477/1477/1477 1476/1476/1476 1477/1477/1477
f 1477/1477/1477 1477/1477/1477 1478/1478/1478
f 1478/1478/1478 1477/1477/1477 1478/1478/1478
f 1478/1478/1478 1478/1478/1478 1479/1479/1479
f 1479/1479/1479 1478/1478/1478 1480/1480/1480
f 1479/1479/1479 1480/1480/1480 1480/1480/1480
f 1480/1480/1480 1480/1480/1480 1481/1481/1481
f 1480/1480/1480 1481/1481/1481 1481/1481/1481
f 1481/1481/1481 1481/1481/1481 1482/1482/1482
f 1481/1481/1481 1482/1482/1482 1483/1483/1483
f 1483/1483/1483 1482/1482/1482 1483/1483/1483
f 1483/1483/1483 1483/1483/1483 1484/1484/1484
f 1484/1484/1484 1483/1483/1483 1484/1484/1484
f 1484/1484/1484 1484/1484/1484 1485/1485/1485
f 1485/1485/1485 1484/1484/1484 1486/1486/1486
f 1485/1485/1485 1486/1486/1486 1486/1486/1486
f 1486/1486/1486 1486/1486/1486 1487/1487/1487
f 1486/1486/1486 1487/1487/1487 1487/1487/1487
f 1487/1487/1487 1487/1487/1487 1488/1488/1488
f 1487/1487/1487 1488/1488/1488 1489/1489/1489
f 1489/1489/1489 1488/1488/1488 1489/1489/1489
f 1489/1489/1489 1489/1489/1489 1490/1490/1490
f 1490/1490/1490 1489/1489/1489 1490/1490/1490
f 1490/1490/1490 1490/1490/1490 1491/1491/1491
f 1491/1491/1491 1490/1490/1490 1492/1492/1492
f 1491/1491/1491 1492/1492/1492 1493/1493/1493
f 1493/1493/1493 1492/1492/1492 1493/1493/1493
f 1493/1493/1493 1493/1493/1493 1494/1494/1494
f 1494/1494/1494 1493/1493/1493 1494/1494/1494
f 1494/1494/1494 1494/1494/1494 1495/1495/1495
f 1495/1495/1495 1494/1494/1494 1496/1496/1496
f 1495/1495/1495 1496/1496/1496 1496/1496/1496
f 1496/1496/1496 1496/1496/1496 1497/1497/1497
f 1496/1496/1496 1497/1497/1497 1497/1497/1497
f 1497/1497/1497 1497/1497/1497 1498/1498/1498
f 1497/1497/1497 1498/1498/1498 1499/1499/1499
f 1499/1499/1499 1498/1498/1498 1499/1499/1499
f 1499/1499/1499 1499/1499/1499 1500/1500/1500
f 1500/1500/1500 1499/1499/1499 1500/1500/1500
f 1500/1500/1500 1500/1500/1500 1501/1501/1501
f 1501/1501/1501 1500/1500/1500 1502/1502/1502
f 1501/1501/1501 1502/1502/1502 1502/1502/1502
f 1502/1502/1502 1502/1502/1502 1503/1503/1503
f 1502/1502/1502 1503/1503/1503 1503/1503/1503
f 1503/1503/1503 1503/1503/1503 1504/1504/1504
f 1503/1503/1503 1504/1504/1504 1505/1505/1505
f 1505/1505/1505 1504/1504/1504 1505/1505/1505
f 1505/1505/1505 1505/1505/1505 1506/1506/1506
f 1506/1506/1506 1505/1505/1505 1506/1506/1506
f 1506/1506/1506 1506/1506/1506 1507/1507/1507
f 1507/1507/1507 1506/1506/1506 1508/1508/1508
f 1507/1507/1507 1508/1508/1508 1508/1508/1508
f 1508/1508/1508 1508/1508/1508 1509/1509/1509
f 1508/1508/1508 1509/1509/1509 1509/1509/1509
f 1509/1509/1509 1509/1509/1509 1510/1510/1510
f 1509/1509/1509 1510/1510/1510 1511/1511/1511
f 1511/1511/1511 1510/1510/1510 1511/1511/1511
f 1511/1511/1511 1511/1511/1511 1512/1512/1512
f 1512/1512/1512 1511/1511/1511 1512/1512/1512
f 1512/1512/1512 1512/1512/1512 1513/1513/1513
f 1513/1513/1513 1512/1512/1512 1514/1514/1514
f 1513/1513/1513 1514/1514/1514 1514/1514/1514
f 1514/1514/1514 1514/1514/1514 1515/1515/1515
f 1514/1514/1514 1515/1515/1515 1515/1515/1515
f 1515/1515/1515 1515/1515/1515 1516/1516/1516
f 1515/1515/1515 1516/1516/1516 1517/1517/1517
f 1517/1517/1517 1516/1516/1516 1517/1517/1517
f 1517/1517/1517 1517/1517/1517 1518/1518/1518
f 1518/1518/1518 1517/1517/1517 1518/1518/1518
f 1518/1518/1518 1518/1518/1518 1519/1519/1519
f 1519/1519/1519 1518/1518/1518 1520/1520/1520
f 1519/1519/1519 1520/1520/1520 1520/1520/1520
f 1520/1520/1520 1520/1520/1520 1521/1521/1521
f 1520/1520/1520 1521/1521/1521 1521/1521/1521
f 1521/1521/1521 1521/1521/1521 1522/1522/1522
f 1521/1521/1521 1522/1522/1522 1523/1523/1523
f 1523/1523/1523 1522/1522/1522 1523/1523/1523
f 1523/1523/1523 1523/1523/1523 1524/1524/1524
f 1524/1524/1524 1523/1523/1523 1524/1524/1524
f 1524/1524/1524 1524/1524/1524 1525/1525/1525
f 1525/1525/1525 1524/1524/1524 1526/1526/1526
f 1525/1525/1525 1526/1526/1526 1526/1526/1526
f 1526/1526/1526 1526/1526/1526 1527/1527/1527
f 1526/1526/1526 1527/1527/1527 1527/1527/1527
f 1527/1527/1527 1527/1527/1527 1528/1528/1528
f 1527/1527/1527 1528/1528/1528 1529/1529/1529
f 1529/1529/1529 1528/1528/1528 1529/1529/1529
f 1529/1529/1529 1529/1529/1529 1530/1530/1530
f 1530/1530/1530 1529/1529/1529 1530/1530/1530
f 1530/1530/1530 1530/1530/1530 1531/1531/1531
f 1531/1531/1531 1530/1530/1530 1532/1532/1532
f 1531/1531/1531 1532/1532/1532 1532/1532/1532
f 1532/1532/1532 1532/1532/1532 1533/1533/1533
f 1532/1532/1532 1533/1533/1533 1533/1533/1533
f 1533/1533/1533 1533/1533/1533 1534/1534/1534
f 1533/1533/1533 1534/1534/1534 1535/1535/1535
f 1535/1535/1535 1534/1534/1534 1535/1535/1535
f 1535/1535/1535 1535/1535/1535 1536/1536/1536
f 1536/1536/1536 1535/1535/1535 1536/1536/1536
f 1536/1536/1536 1536/1536/1536 1537/1537/1537
f 1537/1537/1537 1536/1536/1536 1538/1538/1538
f 1537/1537/1537 1538/1538/1538 1538/1538/1538
f 1538/1538/1538 1538/1538/1538 1539/1539/1539
f 1538/1538/1538 1539/1539/1539 1539/1539/1539
f 1539/1539/1539 1539/1539/1539 1540/1540/1540
f 1539/1539/1539 1540/1540/1540 1541/1541/1541
f 1541/1541/1541 1540/1540/1540 1541/1541/1541
f 1541/1541/1541 1541/1541/1541 1542/1542/1542
f 1542/1542/1542 1541/1541/1541 1542/1542/1542
f 1542/1542/1542 1542/1542/1542 1543/1543/1543
f 1543/1543/1543 1542/1542/1542 1544/1544/1544
f 1543/1543/1543 1544/1544/1544 1544/1544/1544
f 1544/1544/1544 1544/1544/1544 1545/1545/1545
f 1544/1544/1544 1545/1545/1545 1545/1545/1545
f 1545/1545/1545 1545/1545/1545 1546/1546/1546
f 1545/1545/1545 1546/1546/1546 1547/1547/1547
f 1547/1547/1547 1546/1546/1546 1547/1547/1547
f 1547/1547/1547 1547/1547/1547 1548/1548/1548
f 1548/1548/1548 1547/1547/1547 1548/1548/1548
f 1548/1548/1548 1548/1548/1548 1549/1549/1549
f 1549/1549/1549 1548/1548/1548 1550/1550/1550
f 1549/1549/1549 1550/1550/1550 1550/1550/1550
f 1550/1550/1550 1550/1550/1550 1551/1551/1551
f 1550/1550/1550 1551/1551/1551 1551/1551/1551
f 1551/1551/1551 1551/1551/1551 1552/1552/1552
f 1551/1551/1551 1552/1552/1552 1553/1553/1553
f 1553/1553/1553 1552/1552/1552 1554/1554/1554
f 1553/1553/1553 1554/1554/1554 1554/1554/1554
f 1554/1554/1554 1554/1554/1554 1555/1555/1555
f 1554/1554/1554 1555/1555/1555 1555/1555/1555
f 1555/1555/1555 1555/1555/1555 1556/1556/1556
f 1555/1555/1555 1556/1556/1556 1557/1557/1557
f 1557/1557/1557 1556/1556/1556 1557/1557/1557
f 1557/1557/1557 1557/1557/1557 1558/1558/1558
f 1558/1558/1558 1557/1557/1557 1558/1558/1558
f 1558/1558/1558 1558/1558/1558 1559/1559/1559
f 1559/1559/1559 1558/1558/1558 1560/1560/1560
f 1559/1559/1559 1560/1560/1560 1560/1560/1560
f 1560/1560/1560 1560/1560/1560 1561/1561/1561
f 1560/1560/1560 1561/1561/1561 1561/1561/1561
f 1561/1561/1561 1561/1561/1561 1562/1562/1562
f 1561/1561/1561 1562/1562/1562 1563/1563/1563
f 1563/1563/1563 1562/1562/1562 1563/1563/1563
f 1563/1563/1563 1563/1563/1563 1564/1564/1564
f 1564/1564/1564 1563/1563/1563 1564/1564/1564
f 1564/1564/1564 1564/1564/1564 1565/1565/1565
f 1565/1565/1565 1564/1564/1564 1566/1566/1566
f 1565/1565/1565 1566/1566/1566 1566/1566/1566
f 1566/1566/1566 1566/1566/1566 1567/1567/1567
f 1566/1566/1566 1567/1567/1567 1567/1567/1567
f 1567/1567/1567 1567/1567/1567 1568/1568/1568
f 1567/1567/1567 1568/1568/1568 1569/1569/1569
f 1569/1569/1569 1568/1568/1568 1569/1569/1569
f 1569/1569/1569 1569/1569/1569 1570/1570/1570
f 1570/1570/1570 1569/1569/1569 1570/1570/1570
f 1570/1570/1570 1570/1570/1570 1571/1571/1571
f 1571/1571/1571 1570/1570/1570 1572/1572/1572
f 1571/1571/1571 1572/1572/1572 1572/1572/1572
f 1572/1572/1572 1572/1572/1572 1573/1573/1573
f 1572/1572/1572 1573/1573/1573 1573/1573/1573
f 1573/1573/1573 1573/1573/1573 1574/1574/1574
f 1573/1573/1573 1574/1574/1574 1575/1575/1575
f 1575/1575/1575 1574/1574/1574 1575/1575/1575
f 1575/1575/1575 1575/1575/1575 1576/1576/1576
f 1576/1576/1576 1575/1575/1575 1576/1576/1576
f 1576/1576/1576 1576/1576/1576 1577/1577/1577
f 1577/1577/1577 1576/1576/1576 1578/1578/1578
f 1577/1577/1577 1578/1578/1578 1578/1578/1578
f 1578/1578/1578 1578/1578/1578 1579/1579/1579
f 1578/1578/1578 1579/1579/1579 1579/1579/1579
f 1579/1579/1579 1579/1579/1579 1580/1580/1580
f 1579/1579/1579 1580/1580/1580 1581/1581/1581
f 1581/1581/1581 1580/1580/1580 1581/1581/1581
f 1581/1581/1581 1581/1581/1581 1582/1582/1582
f 1582/1582/1582 1581/1581/1581 1582/1582/1582
f 1582/1582/1582 1582/1582/1582 1583/1583/1583
f 1583/1583/1583 1582/1582/1582 1584/1584/1584
f 1583/1583/1583 1584/1584/1584 1585/1585/1585
f 1585/1585/1585 1584/1584/1584 1585/1585/1585
f 1585/1585/1585 1585/1585/1585 1586/1586/1586
f 1586/1586/1586 1585/1585/1585 1586/1586/1586
f 1586/1586/1586 1586/1586/1586 1587/1587/1587
f 1587/1587/1587 1586/1586/1586 1588/1588/1588
f 1587/1587/1587 1588/1588/1588 1588/1588/1588
f 1588/1588/1588 1588/1588/1588 1589/1589/1589
f 1588/1588/1588 1589/1589/1589 1589/1589/1589
f 1589/1589/1589 1589/1589/1589 1590/1590/1590
f 1589/1589/1589 1590/1590/1590 1591/1591/1591
f 1591/1591/1591 1590/1590/1590 1591/1591/1591
f 1591/1591/1591 1591/1591/1591 1592/1592/1592
f 1592/1592/1592 1591/1591/1591 1592/1592/1592
f 1592/1592/1592 1592/1592/1592 1593/1593/1593
f 1593/1593/1593 1592/1592/1592 1594/1594/1594
f 1593/1593/1593 1594/1594/1594 1594/1594/1594
f 1594/1594/1594 1594/1594/1594 1595/1595/1595
f 1594/1594/1594 1595/1595/1595 1595/1595/1595
f 1595/1595/1595 1595/1595/1595 1596/1596/1596
f 1595/1595/1595 1596/1596/1596 1597/1597/1597
f 1597/1597/1597 1596/1596/1596 1597/1597/1597
f 1597/1597/1597 1597/1597/1597 1598/1598/1598
f 1598/1598/1598 1597/1597/1597 1598/1598/1598
f 1598/1598/1598 1598/1598/1598 1599/1599/1599
f 1599/1599/1599 1598/1598/1598 1600/1600/1600
f 1599/1599/1599 1600/1600/1600 1600/1600/1600
f 1600/1600/1600 1600/1600/1600 1601/1601/1601
f 1600/1600/1600 1601/1601/1601 1601/1601/1601
f 1601/1601/1601 1601/1601/1601 1602/1602/1602
f 1601/1601/1601 1602/1602/1602 1603/1603/1603
f 1603/1603/1603 1602/1602/1602 1603/1603/1603
f 1603/1603/1603 1603/1603/1603 1604/1604/1604
f 1604/1604/1604 1603/1603/1603 1604/1604/1604
f 1604/1604/1604 1604/1604/1604 1605/1605/1605
f 1605/1605/1605 1604/1604/1604 1606/1606/1606
f 1605/1605/1605 1606/1606/1606 1606/1606/1606
f 1606/1606/1606 1606/1606/1606 1607/1607/1607
f 1606/1606/1606 1607/1607/1607 1607/1607/1607
f 1607/1607/1607 1607/1607/1607 1608/1608/1608
f 1607/1607/1607 1608/1608/1608 1609/1609/1609
f 1609/1609/1609 1608/1608/1608 1609/1609/1609
f 1609/1609/1609 1609/1609/1609 1610/1610/1610
f 1610/1610/1610 1609/1609/1609 1610/1610/1610
f 1610/1610/1610 1610/1610/1610 1611/1611/1611
f 1611/1611/1611 1610/1610/1610 1612/1612/1612
f 1611/1611/1611 1612/1612/1612 1612/1612/1612
f 1612/1612/1612 1612/1612/1612 1613/1613/1613
f 1612/1612/1612 1613/1613/1613 1613/1613/1613
f 1613/1613/1613 1613/1613/1613 1614/1614/1614
f 1613/1613/1613 1614/1614/1614 1615/1615/1615
f 1615/1615/1615 1614/1614/1614 1616/1616/1616
f 1615/1615/1615 1616/1616/1616 1616/1616/1616
f 1616/1616/1616 1616/1616/1616 1617/1617/1617
f 1616/1616/1616 1617/1617/1617 1617/1617/1617
f 1617/1617/1617 1617/1617/1617 1618/1618/1618
f 1617/1617/1617 1618/1618/1618 1619/1619/1619
f 1619/1619/1619 1618/1618/1618 1619/1619/1619
f 1619/1619/1619 1619/1619/1619 1620/1620/1620
f 1620/1620/1620 1619/1619/1619 1620/1620/1620
f 1620/1620/1620 1620/1620/1620 1621/1621/1621
f 1621/1621/1621 1620/1620/1620 1622/1622/1622
f 1621/1621/1621 1622/1622/1622 1622/1622/1622
f 1622/1622/1622 1622/1622/1622 1623/1623/1623
f 1622/1622/1622 1623/1623/1623 1623/1623/1623
f 1623/1623/1623 1623/1623/1623 1624/1624/1624
f 1623/1623/1623 1624/1624/1624 1625/1625/1625
f 1625/1625/1625 1624/1624/1624 1625/1625/1625
f 1625/1625/1625 1625/1625/1625 1626/1626/1626
f 1626/1626/1626 1625/1625/1625 1626/1626/1626
f 1626/1626/1626 1626/1626/1626 1627/1627/1627
f 1627/1627/1627 1626/1626/1626 1628/1628/1628
f 1627/1627/1627 1628/1628/1628 1628/1628/1628
f 1628/1628/1628 1628/1628/1628 1629/1629/1629
f 1628/1628/1628 1629/1629/1629 1629/1629/1629
f 1629/1629/1629 1629/1629/1629 1630/1630/1630
f 1629/1629/1629 1630/1630/1630 1631/1631/1631
f 1631/1631/1631 1630/1630/1630 1631/1631/1631
f 1631/1631/1631 1631/1631/1631 1632/1632/1632
f 1632/1632/1632 1631/1631/1631 1632/1632/1632
f 1632/1632/1632 1632/1632/1632 1633/1633/1633
f 1633/1633/1633 1632/1632/1632 1634/1634/1634
f 1633/1633/1633 1634/1634/1634 1634/1634/1634
f 1634/1634/1634 1634/1634/1634 1635/1635/1635
f 1634/1634/1634 1635/1635/1635 1635/1635/1635
f 1635/1635/1635 1635/1635/1635 1636/1636/1636
f 1635/1635/1635 1636/1636/1636 1637/1637/1637
f 1637/1637/1637 1636/1636/1636 1637/1637/1637
f 1637/1637/1637 1637/1637/1637 1638/1638/1638
f 1638/1638/1638 1637/1637/1637 1638/1638/1638
f 1638/1638/1638 1638/1638/1638 1639/1639/1639
f 1639/1639/1639 1638/1638/1638 1640/1640/1640
f 1639/1639/1639 1640/1640/1640 1640/1640/1640
f 1640/1640/1640 1640/1640/1640 1641/1641/1641
f 1640/1640/1640 1641/1641/1641 1641/1641/1641
f 1641/1641/1641 1641/1641/1641 1642/1642/1642
f 1641/1641/1641 1642/1642/1642 1643/1643/1643
f 1643/1643/1643 1642/1642/1642 1643/1643/1643
f 1643/1643/1643 1643/1643/1643 1644/1644/1644
f 1644/1644/1644 1643/1643/1643 1644/1644/1644
f 1644/1644/1644 1644/1644/1644 1645/1645/1645
f 1645/1645/1645 1644/1644/1644 1646/1646/1646
f 1645/1645/1645 1646/1646/1646 1646/1646/1646
f 1646/1646/1646 1646/1646/1646 1647/1647/1647
f 1646/1646/1646 1647/1647/1647 1647/1647/1647
f 1647/1647/1647 1647/1647/1647 1648/1648/1648
f 1647/1647/1647 1648/1648/1648 1649/1649/1649
f 1649/1649/1649 1648/1648/1648 1649/1649/1649
f 1649/1649/1649 1649/1649/1649 1650/1650/1650
f 1650/1650/1650 1649/1649/1649 1650/1650/1650
f 1650/1650/1650 1650/1650/1650 1651/1651/1651
f 1651/1651/1651 1650/1650/1650 1652/1652/1652
f 1651/1651/1651 1652/1652/1652 1652/1652/1652
f 1652/1652/1652 1652/1652/1652 1653/1653/1653
f 1652/1652/1652 1653/1653/1653 1653/1653/1653
f 1653/1653/1653 1653/1653/1653 1654/1654/1654
f 1653/1653/1653 1654/1654/1654 1655/1655/1655
f 1655/1655/1655 1654/1654/1654 1655/1655/1655
f 1655/1655/1655 1655/1655/1655 1656/1656/1656
f 1656/1656/1656 1655/1655/1655 1656/1656/1656
f 1656/1656/1656 1656/1656/1656 1657/1657/1657
f 1657/1657/1657 1656/1656/1656 1658/1658/1658
f 1657/1657/1657 1658/1658/1658 1658/1658/1658
f 1658/1658/1658 1658/1658/1658 1659/1659/1659
f 1658/1658/1658 1659/1659/1659 1659/1659/1659
f 1659/1659/1659 1659/1659/1659 1660/1660/1660
f 1659/1659/1659 1660/1660/1660 1661/1661/1661
f 1661/1661/1661 1660/1660/1660 1661/1661/1661
f 1661/1661/1661 1661/1661/1661 1662/1662/1662
f 1662/1662/1662 1661/1661/1661 1662/1662/1662
f 1662/1662/1662 1662/1662/1662 1663/1663/1663
f 1663/1663/1663 1662/1662/1662 1664/1664/1664
f 1663/1663/1663 1664/1664/1664 1664/1664/1664
f 1664/1664/1664 1664/1664/1664 1665/1665/1665
f 1664/1664/1664 1665/1665/1665 1665/1665/1665
f 1665/1665/1665 1665/1665/1665 1666/1666/1666
f 1665/1665/1665 1666/1666/1666 1667/1667/1667
f 1667/1667/1667 1666/1666/1666 1667/1667/1667
f 1667/1667/1667 1667/1667/1667 1668/1668/1668
f 1668/1668/1668 1667/1667/1667 1668/1668/1668
f 1668/1668/1668 1668/1668/1668 1669/1669/1669
f 1669/1669/1669 1668/1668/1668 1670/1670/1670
f 1669/1669/1669 1670/1670/1670 1670/1670/1670
f 1670/1670/1670 1670/1670/1670 1671/1671/1671
f 1670/1670/1670 1671/1671/1671 1671/1671/1671
f 1671/1671/1671 1671/1671/1671 1672/1672/1672
f 1671/1671/1671 1672/1672/1672 1673/1673/1673
f 1673/1673/1673 1672/1672/1672 1673/1673/1673
f 1673/1673/1673 1673/1673/1673 1674/1674/1674
f 1674/1674/1674 1673/1673/1673 1674/1674/1674
f 1674/1674/1674 1674/1674/1674 1675/1675/1675
f 1675/1675/1675 1674/1674/1674 1676/1676/1676
f 1675/1675/1675 1676/1676/1676 1676/1676/1676
f 1676/1676/1676 1676/1676/1676 1677/1677/1677
f 1676/1676/1676 1677/1677/1677 1677/1677/1677
f 1677/1677/1677 1677/1677/1677 1678/1678/1678
f 1677/1677/1677 1678/1678/1678 1679/1679/1679
f 1679/1679/1679 1678/1678/1678 1679/1679/1679
f 1679/1679/1679 1679/1679/1679 1680/1680/1680
f 1680/1680/1680 1679/1679/1679 1680/1680/1680
f 1680/1680/1680 1680/1680/1680 1681/1681/1681
f 1681/1681/1681 1680/1680/1680 1682/1682/1682
f 1681/1681/1681 1682/1682/1682 1682/1682/1682
f 1682/1682/1682 1682/1682/1682 1683/1683/1683
f 1682/1682/1682 1683/1683/1683 1683/1683/1683
f 1683/1683/1683 1683/1683/1683 1684/1684/1684
f 1683/1683/1683 1684/1684/1684 1685/1685/1685
f 1685/1685/1685 1684/1684/1684 1685/1685/1685
f 1685/1685/1685 1685/1685/1685 1686/1686/1686
f 1686/1686/1686 1685/1685/1685 1686/1686/1686
f 1686/1686/1686 1686/1686/1686 1687/1687/1687
f 1687/1687/1687 1686/1686/1686 1688/1688/1688
f 1687/1687/1687 1688/1688/1688 1689/1689/1689
f 1689/1689/1689 1688/1688/1688 1689/1689/1689
f 1689/1689/1689 1689/1689/1689 1690/1690/1690
f 1690/1690/1690 1689/1689/1689 1690/1690/1690
f 1690/1690/1690 1690/1690/1690 1691/1691/1691
f 1691/1691/1691 1690/1690/1690 1692/1692/1692
f 1691/1691/1691 1692/1692/1692 1692/1692/1692
f 1692/1692/1692 1692/1692/1692 1693/1693/1693
f 1692/1692/1692 1693/1693/1693 1693/1693/1693
f 1693/1693/1693 1693/1693/1693 1694/1694/1694
f 1693/1693/1693 1694/1694/1694 1695/1695/1695
f 1695/1695/1695 1694/1694/1694 1695/1695/1695
f 1695/1695/1695 1695/1695/1695 1696/1696/1696
f 1696/1696/1696 1695/1695/1695 1696/1696/1696
f 1696/1696/1696 1696/1696/1696 1697/1697/1697
f 1697/1697/1697 1696/1696/1696 1698/1698/1698
f 1697/1697/1697 1698/1698/1698 1698/1698/1698
f 1698/1698/1698 1698/1698/1698 1699/1699/1699
f 1698/1698/1698 1699/1699/1699 1699/1699/1699
f 1699/1699/1699 1699/1699/1699 1700/1700/1700
f 1699/1699/1699 1700/1700/1700 1701/1701/1701
f 1701/1701/1701 1700/1700/1700 1701/1701/1701
f 1701/1701/1701 1701/1701/1701 1702/1702/1702
f 1702/1702/1702 1701/1701/1701 1702/1702/1702
f 1702/1702/1702 1702/1702/1702 1703/1703/1703
f 1703/1703/1703 1702/1702/1702 1704/1704/1704
f 1703/1703/1703 1704/1704/1704 1705/1705/1705
f 1705/1705/1705 1704/1704/1704 1705/1705/1705
f 1705/1705/1705 1705/1705/1705 1706/1706/1706
f 1706/1706/1706 1705/1705/1705 1706/1706/1706
f 1706/1706/1706 1706/1706/1706 1707/1707/1707
f 1707/1707/1707 1706/1706/1706 1708/1708/1708
f 1707/1707/1707 1708/1708/1708 1708/1708/1708
f 1708/1708/1708 1708/1708/1708 1709/1709/1709
f 1708/1708/1708 1709/1709/1709 1709/1709/1709
f 1709/1709/1709 1709/1709/1709 1710/1710/1710
f 1709/1709/1709 1710/1710/1710 1711/1711/1711
f 1711/1711/1711 1710/1710/1710 1711/1711/1711
f 1711/1711/1711 1711/1711/1711 1712/1712/1712
f 1712/1712/1712 1711/1711/1711 1712/1712/1712
f 1712/1712/1712 1712/1712/1712 1713/1713/1713
f 1713/1713/1713 1712/1712/1712 1714/1714/1714
f 1713/1713/1713 1714/1714/1714 1715/1715/1715
f 1715/1715/1715 1714/1714/1714 1715/1715/1715
f 1715/1715/1715 1715/1715/1715 1716/1716/1716
f 1716/1716/1716 1715/1715/1715 1716/1716/1716
f 1716/1716/1716 1716/1716/1716 1717/1717/1717
f 1717/1717/1717 1716/1716/1716 1718/1718/1718
f 1717/1717/1717 1718/1718/1718 1718/1718/1718
f 1718/1718/1718 1718/1718/1718 1719/1719/1719
f 1718/1718/1718 1719/1719/1719 1719/1719/1719
f 1719/1719/1719 1719/1719/1719 1720/1720/1720
f 1719/1719/1719 1720/1720/1720 1721/1721/1721
f 1721/1721/1721 1720/1720/1720 1722/1722/1722
f 1721/1721/1721 1722/1722/1722 1722/1722/1722
f 1722/1722/1722 1722/1722/1722 1723/1723/1723
f 1722/1722/1722 1723/1723/1723 1723/1723/1723
f 1723/1723/1723 1723/1723/1723 1724/1724/1724
f 1723/1723/1723 1724/1724/1724 1725/1725/1725
f 1725/1725/1725 1724/1724/1724 1726/1726/1726
f 1725/1725/1725 1726/1726/1726 1726/1726/1726
f 1726/1726/1726 1726/1726/1726 1727/1727/1727
f 1726/1726/1726 1727/1727/1727 1727/1727/1727
f 1727/1727/1727 1727/1727/1727 1728/1728/1728
f 1727/1727/1727 1728/1728/1728 1729/1729/1729
f 1729/1729/1729 1728/1728/1728 1729/1729/1729
f 1729/1729/1729 1729/1729/1729 1730/1730/1730
f 1730/1730/1730 1729/1729/1729 1730/1730/1730
f 1730/1730/1730 1730/1730/1730 1731/1731/1731
f 1731/1731/1731 1730/1730/1730 1732/1732/1732
f 1731/1731/1731 1732/1732/1732 1733/1733/1733
f 1733/1733/1733 1732/1732/1732 1733/1733/1733
f 1733/1733/1733 1733/1733/1733 1734/1734/1734
f 1734/1734/1734 1733/1733/1733 1734/1734/1734
f 1734/1734/1734 1734/1734/1734 1735/1735/1735
f 1735/1735/1735 1734/1734/1734 1736/1736/1736
f 1735/1735/1735 1736/1736/1736 1737/1737/1737
f 1737/1737/1737 1736/1736/1736 1737/1737/1737
f 1737/1737/1737 1737/1737/1737 1738/1738/1738
f 1738/1738/1738 1737/1737/1737 1738/1738/1738
f 1738/1738/1738 1738/1738/1738 1739/1739/1739
f 1739/1739/1739 1738/1738/1738 1740/1740/1740
f 1739/1739/1739 1740/1740/1740 1741/1741/1741
f 1741/1741/1741 1740/1740/1740 1741/1741/1741
f 1741/1741/1741 1741/1741/1741 1742/1742/1742
f 1742/1742/1742 1741/1741/1741 1742/1742/1742
f 1742/1742/1742 1742/1742/1742 1743/1743/1743
f 1743/1743/1743 1742/1742/1742 1744/1744/1744
f 1743/1743/1743 1744/1744/1744 1744/1744/1744
f 1744/1744/1744 1744/1744/1744 1745/1745/1745
f 1744/1744/1744 1745/1745/1745 1745/1745/1745
f 1745/1745/1745 1745/1745/1745 1746/1746/1746
f 1745/1745/1745 1746/1746/1746 1747/1747/1747
f 1747/1747/1747 1746/1746/1746 1747/1747/1747
f 1747/1747/1747 1747/1747/1747 1748/1748/1748
f 1748/1748/1748 1747/1747/1747 1748/1748/1748
f 1748/1748/1748 1748/1748/1748 1749/1749/1749
f 1749/1749/1749 1748/1748/1748 1750/1750/1750
f 1749/1749/1749 1750/1750/1750 1750/1750/1750
f 1750/1750/1750 1750/1750/1750 1751/1751/1751
f 1750/1750/1750 1751/1751/1751 1751/1751/1751
f 1751/1751/1751 1751/1751/1751 1752/1752/1752
f 1751/1751/1751 1752/1752/1752 1753/1753/1753
f 1753/1753/1753 1752/1752/1752 1754/1754/1754
f 1753/1753/1753 1754/1754/1754 1754/1754/1754
f 1754/1754/1754 1754/1754/1754 1755/1755/1755
f 1754/1754/1754 1755/1755/1755 1755/1755/1755
f 1755/1755/1755 1755/1755/1755 1756/1756/1756
f 1755/1755/1755 1756/1756/1756 1757/1757/1757
f 1757/1757/1757 1756/1756/1756 1758/1758/1758
f 1757/1757/1757 1758/1758/1758 1759/1759/1759
f 1759/1759/1759 1758/1758/1758 1759/1759/1759
f 1759/1759/1759 1759/1759/1759 1760/1760/1760
f 1760/1760/1760 1759/1759/1759 1760/1760/1760
f 1760/1760/1760 1760/1760/1760 1761/1761/1761
f 1761/1761/1761 1760/1760/1760 1762/1762/1762
f 1761/1761/1761 1762/1762/1762 1762/1762/1762
f 1762/1762/1762 1762/1762/1762 1763/1763/1763
f 1762/1762/1762 1763/1763/1763 1763/1763/1763
f 1763/1763/1763 1763/1763/1763 1764/1764/1764
f 1763/1763/1763 1764/1764/1764 1765/1765/1765
f 1765/1765/1765 1764/1764/1764 1766/1766/1766
f 1765/1765/1765 1766/1766/1766 1766/1766/1766
f 1766/1766/1766 1766/1766/1766 1767/1767/1767
f 1766/1766/1766 1767/1767/1767 1767/1767/1767
f 1767/1767/1767 1767/1767/1767 1768/1768/1768
f 1767/1767/1767 1768/1768/1768 1769/1769/1769
f 1769/1769/1769 1768/1768/1768 1769/1769/1769
f 1769/1769/1769 1769/1769/1769 1770/1770/1770
f 1770/1770/1770 1769/1769/1769 1770/1770/1770
f 1770/1770/1770 1770/1770/1770 1771/1771/1771
f 1771/1771/1771 1770/1770/1770 1772/1772/1772
f 1771/1771/1771 1772/1772/1772 1772/1772/1772
f 1772/1772/1772 1772/1772/1772 1773/1773/1773
f 1772/1772/1772 1773/1773/1773 1773/1773/1773
f 1773/1773/1773 1773/1773/1773 1774/1774/1774
f 1773/1773/1773 1774/1774/1774 1775/1775/1775
f 1775/1775/1775 1774/1774/1774 1775/1775/1775
f 1775/1775/1775 1775/1775/1775 1776/1776/1776
f 1776/1776/1776 1775/1775/1775 1776/1776/1776
f 1776/1776/1776 1776/1776/1776 1777/1777/1777
f 1777/1777/1777 1776/1776/1776 1778/1778/1778
f 1777/1777/1777 1778/1778/1778 1779/1779/1779
f 1779/1779/1779 1778/1778/1778 1779/1779/1779
f 1779/1779/1779 1779/1779/1779 1780/1780/1780
f 1780/1780/1780 1779/1779/1779 1780/1780/1780
f 1780/1780/1780 1780/1780/1780 1781/1781/1781
f 1781/1781/1781 1780/1780/1780 1782/1782/1782