# Exported by SketchfabDownloader
o model_0
v -0.3215443193912506 0.062273479998111725 0.0000037724000776506728
v -0.29569756984710693 0.05277327448129654 -0.007696810178458691
v -0.29569756984710693 0.05277327448129654 0.007696834858506918
v -0.11477036774158478 -0.3078951835632324 0.0000037724000776506728
v -0.10201483219861984 -0.283466100692749 0.007696834858506918
v -0.10201483219861984 -0.283466100692749 -0.007696810178458691
v -0.3202016353607178 -0.05817553773522377 0.0000037724000776506728
v -0.2946905493736267 -0.05512189865112305 -0.007696810178458691
v -0.2946905493736267 -0.05512189865112305 0.007696834858506918
v -0.306439071893692 -0.11721251904964447 0.0000037724000776506728
v -0.2795853316783905 -0.10601584613323212 0.007696834858506918
v -0.2795853316783905 -0.10601584613323212 -0.007696810178458691
v -0.3332928419113159 -0.09142625331878662 0.0000037724000776506728
v -0.31516656279563904 -0.09176554530858994 0.003944304771721363
v -0.31516656279563904 -0.09176554530858994 -0.003944280091673136
v -0.004334279801696539 -0.32553842663764954 0.0000037724000776506728
v -0.003998607862740755 -0.2997521460056305 0.007696834858506918
v -0.003998607862740755 -0.2997521460056305 -0.007696810178458691
v 0.30851203203201294 -0.1155160516500473 0.0000037724000776506728
v 0.2843436300754547 -0.10296221077442169 -0.007696810178458691
v 0.2843436300754547 -0.10296221077442169 0.007696834858506918
v -0.2832777202129364 -0.16674929857254028 0.0000037724000776506728
v -0.260452002286911 -0.15148110687732697 0.007696834858506918
v -0.260452002286911 -0.15148110687732697 -0.007696810178458691
v 0.27796587347984314 -0.20373223721981049 0.0000037724000776506728
v 0.2695740759372711 -0.1871068775653839 0.003944304771721363
v 0.2695740759372711 -0.1871068775653839 -0.003944280091673136
v -0.25038185715675354 -0.21323244273662567 0.0000037724000776506728
v -0.2299058586359024 -0.1938927322626114 0.007696834858506918
v -0.2299058586359024 -0.1938927322626114 -0.007696810178458691
v 0.30817633867263794 -0.15589192509651184 0.0000037724000776506728
v 0.29709917306900024 -0.13892726600170135 0.003944304771721363
v 0.29709917306900024 -0.13892726600170135 -0.003944280091673136
v -0.33799225091934204 0.035469330847263336 0.0000037724000776506728
v -0.3249010443687439 0.02698700688779354 -0.003944280091673136
v -0.3249010443687439 0.02698700688779354 0.003944304771721363
v 0.05407264828681946 -0.32316336035728455 0.0000037724000776506728
v 0.05004458501935005 -0.2973771095275879 -0.007696810178458691
v 0.05004458501935005 -0.2973771095275879 0.007696834858506918
v -0.16444982588291168 -0.2824482023715973 0.0000037724000776506728
v -0.1500159353017807 -0.2603941559791565 0.007696834858506918
v -0.1500159353017807 -0.2603941559791565 -0.007696810178458691
v 0.3299950361251831 -0.09889069944620132 0.0000037724000776506728
v 0.31690382957458496 -0.08464039117097855 0.003944304771721363
v 0.31690382957458496 -0.08464039117097855 -0.003944280091673136
v -0.05972015857696533 -0.3221454918384552 0.0000037724000776506728
v -0.052671048790216446 -0.29669851064682007 0.007696834858506918
v -0.052671048790216446 -0.29669851064682007 -0.007696810178458691
v 0.19774025678634644 -0.2871983051300049 0.0000037724000776506728
v 0.1930408626794815 -0.2681978940963745 0.003944304771721363
v 0.1930408626794815 -0.2681978940963745 -0.003944280091673136
v -0.3249010443687439 0.0039150831289589405 0.0000037724000776506728
v -0.2987186312675476 0.004254376050084829 0.007696834858506918
v -0.2987186312675476 0.004254376050084829 -0.007696810178458691
v 0.1473894566297531 -0.31535962224006653 0.0000037724000776506728
v 0.14436841011047363 -0.297037810087204 0.003944304771721363
v 0.14436841011047363 -0.297037810087204 -0.003944280091673136
v -0.3433629870414734 -0.02424623630940914 0.0000037724000776506728
v -0.3249010443687439 -0.031710680574178696 -0.003944280091673136
v -0.3249010443687439 -0.031710680574178696 0.003944304771721363
v 0.2524547874927521 -0.2091609239578247 0.0000037724000776506728
v 0.23298582434654236 -0.19253556430339813 -0.007696810178458691
v 0.23298582434654236 -0.19253556430339813 0.007696834858506918
v -0.2104368805885315 -0.25157254934310913 0.0000037724000776506728
v -0.19231060147285461 -0.2312149703502655 0.007696834858506918
v -0.19231060147285461 -0.2312149703502655 -0.007696810178458691
v 0.0252048559486866 -0.34589600563049316 0.0000037724000776506728
v 0.030239935964345932 -0.32791346311569214 0.003944304771721363
v 0.030239935964345932 -0.32791346311569214 -0.003944280091673136
v -0.031188039109110832 -0.34318166971206665 0.0000037724000776506728
v -0.0261529590934515 -0.32621699571609497 -0.003944280091673136
v -0.0261529590934515 -0.32621699571609497 0.003944304771721363
v 0.31690382957458496 0.14472167193889618 0.0000037724000776506728
v 0.29777052998542786 0.14370380342006683 0.003944304771721363
v 0.29777052998542786 0.14370380342006683 -0.003944280091673136
v -0.28529173135757446 -0.19728566706180573 0.0000037724000776506728
v -0.2671654522418976 -0.19253556430339813 -0.003944280091673136
v -0.2671654522418976 -0.19253556430339813 0.003944304771721363
v 0.24909807741641998 0.2410808950662613 0.0000037724000776506728
v 0.23197880387306213 0.23429502546787262 0.003944304771721363
v 0.23197880387306213 0.23429502546787262 -0.003944280091673136
v -0.09563706070184708 -0.3296099305152893 0.0000037724000776506728
v -0.08388854563236237 -0.3167167901992798 -0.003944280091673136
v -0.08388854563236237 -0.3167167901992798 0.003944304771721363
v 0.20478937029838562 0.2780638337135315 0.0000037724000776506728
v 0.18834145367145538 0.2689029276371002 0.003944304771721363
v 0.18834145367145538 0.2689029276371002 -0.003944280091673136
v -0.15437966585159302 -0.3075558841228485 0.0000037724000776506728
v -0.1382674127817154 -0.29635921120643616 -0.003944280091673136
v -0.1382674127817154 -0.29635921120643616 0.003944304771721363
v 0.15645261108875275 0.3102966547012329 0.0000037724000776506728
v 0.1396690011024475 0.29672494530677795 0.003944304771721363
v 0.1396690011024475 0.29672494530677795 -0.003944280091673136
v -0.2033877819776535 -0.27668023109436035 0.0000037724000776506728
v -0.18693985044956207 -0.26921579241752625 -0.003944280091673136
v -0.18693985044956207 -0.26921579241752625 0.003944304771721363
v 0.09670299291610718 0.3303149342536926 0.0000037724000776506728
v 0.08495447039604187 0.31640392541885376 0.003944304771721363
v 0.08495447039604187 0.31640392541885376 -0.003944280091673136
v -0.25105321407318115 -0.23901870846748352 0.0000037724000776506728
v -0.23057720065116882 -0.23460789024829865 -0.003944280091673136
v -0.23057720065116882 -0.23460789024829865 0.003944304771721363
v 0.2883717119693756 0.19595491886138916 0.0000037724000776506728
v 0.2685670554637909 0.1918834000825882 0.003944304771721363
v 0.2685670554637909 0.1918834000825882 -0.003944280091673136
v -0.3144952058792114 -0.14537383615970612 0.0000037724000776506728
v -0.29636892676353455 -0.14367736876010895 -0.003944280091673136
v -0.29636892676353455 -0.14367736876010895 0.003944304771721363
v 0.2121741622686386 0.2512596845626831 0.0000037724000776506728
v 0.19371220469474792 0.23090210556983948 -0.007696810178458691
v 0.19371220469474792 0.23090210556983948 0.007696834858506918
v 0.004057520069181919 0.3272612988948822 0.0000037724000776506728
v 0.0033861759584397078 0.2997785806655884 0.007696834858506918
v 0.0033861759584397078 0.2997785806655884 -0.007696810178458691
v 0.3437575697898865 0.0259691271930933 0.0000037724000776506728
v 0.3289880156517029 0.031058523803949356 0.003944304771721363
v 0.3289880156517029 0.031058523803949356 -0.003944280091673136
v -0.01776115968823433 0.34863677620887756 0.0000037724000776506728
v -0.024474600329995155 0.32895776629447937 -0.003944280091673136
v -0.024474600329995155 0.32895776629447937 0.003944304771721363
v 0.32697397470474243 -0.005245828069746494 0.0000037724000776506728
v 0.3001202344894409 -0.0028707769233733416 -0.007696810178458691
v 0.3001202344894409 -0.0028707769233733416 0.007696834858506918
v -0.2500461935997009 0.21224097907543182 0.0000037724000776506728
v -0.229234516620636 0.19391916692256927 0.007696834858506918
v -0.229234516620636 0.19391916692256927 -0.007696810178458691
v 0.06112176179885864 0.3218326270580292 0.0000037724000776506728
v 0.05407264828681946 0.29638564586639404 -0.007696810178458691
v 0.05407264828681946 0.29638564586639404 0.007696834858506918
v -0.1419598013162613 0.3181003928184509 0.0000037724000776506728
v -0.14028143882751465 0.2974035143852234 -0.003944280091673136
v -0.14028143882751465 0.2974035143852234 0.003944304771721363
v 0.165851429104805 0.28213533759117126 0.0000037724000776506728
v 0.15141752362251282 0.26008129119873047 -0.007696810178458691
v 0.15141752362251282 0.26008129119873047 0.007696834858506918
v 0.3417435586452484 -0.03646078333258629 0.0000037724000776506728
v 0.32697397470474243 -0.026960579678416252 -0.003944280091673136
v 0.32697397470474243 -0.026960579678416252 0.003944304771721363
v -0.19264626502990723 0.2882426083087921 0.0000037724000776506728
v -0.18962521851062775 0.2682243287563324 0.003944304771721363
v -0.18962521851062775 0.2682243287563324 -0.003944280091673136
v 0.25178346037864685 0.21258027851581573 0.0000037724000776506728
v 0.23130746185779572 0.19324058294296265 0.007696834858506918
v 0.23130746185779572 0.19324058294296265 -0.007696810178458691
v -0.32758641242980957 0.09891712665557861 0.0000037724000776506728
v -0.3161735534667969 0.0863632783293724 0.003944304771721363
v -0.3161735534667969 0.0863632783293724 -0.003944280091673136
v 0.2846793234348297 0.16677571833133698 0.0000037724000776506728
v 0.2618536055088043 0.15150754153728485 0.007696834858506918
v 0.2618536055088043 0.15150754153728485 -0.007696810178458691
v -0.0509926863014698 0.3242076635360718 0.0000037724000776506728
v -0.0469646230340004 0.2974035143852234 -0.007696810178458691
v -0.0469646230340004 0.2974035143852234 0.007696834858506918
v 0.3222745656967163 -0.06055058538913727 0.0000037724000776506728
v 0.29676350951194763 -0.05342543497681618 0.007696834858506918
v 0.29676350951194763 -0.05342543497681618 -0.007696810178458691
v 0.3383868336677551 0.08568469434976578 0.0000037724000776506728
v 0.319253534078598 0.08941692113876343 0.003944304771721363
v 0.319253534078598 0.08941692113876343 -0.003944280091673136
v -0.30442506074905396 0.15625764429569244 0.0000037724000776506728
v -0.29603323340415955 0.1399715691804886 -0.003944280091673136
v -0.29603323340415955 0.1399715691804886 0.003944304771721363
v 0.3101903796195984 0.11452460289001465 0.0000037724000776506728
v 0.2836723029613495 0.10366722196340561 -0.007696810178458691
v 0.2836723029613495 0.10366722196340561 0.007696834858506918
v -0.30744609236717224 0.11656036227941513 0.0000037724000776506728
v -0.2822706997394562 0.10400652140378952 0.007696834858506918
v -0.2822706997394562 0.10400652140378952 -0.007696810178458691
v 0.2830009460449219 -0.1647135317325592 0.0000037724000776506728
v 0.2608466148376465 -0.1501239389181137 -0.007696810178458691
v 0.2608466148376465 -0.1501239389181137 0.007696834858506918
v -0.27387890219688416 0.20816947519779205 0.0000037724000776506728
v -0.2681724727153778 0.18849048018455505 -0.003944280091673136
v -0.2681724727153778 0.18849048018455505 0.003944304771721363
v 0.11617197096347809 0.3079216182231903 0.0000037724000776506728
v 0.10375210642814636 0.2828139364719391 -0.007696810178458691
v 0.10375210642814636 0.2828139364719391 0.007696834858506918
v -0.10973528772592545 0.3102966547012329 0.0000037724000776506728
v -0.10335752367973328 0.2824746370315552 0.007696834858506918
v -0.10335752367973328 0.2824746370315552 -0.007696810178458691
v 0.21385252475738525 -0.2512332499027252 0.0000037724000776506728
v 0.19438354671001434 -0.2308756709098816 -0.007696810178458691
v 0.19438354671001434 -0.2308756709098816 0.007696834858506918
v -0.08187451213598251 0.3398151397705078 0.0000037724000776506728
v -0.08455988764762878 0.31911829113960266 -0.003944280091673136
v -0.08455988764762878 0.31911829113960266 0.003944304771721363
v -0.23829767107963562 0.24990250170230865 0.0000037724000776506728
v -0.23292690515518188 0.23191997408866882 0.003944304771721363
v -0.23292690515518188 0.23191997408866882 -0.003944280091673136
v 0.32395294308662415 0.05752337723970413 0.0000037724000776506728
v 0.29709917306900024 0.053451862186193466 0.007696834858506918
v 0.29709917306900024 0.053451862186193466 -0.007696810178458691
v -0.16344280540943146 0.28417110443115234 0.0000037724000776506728
v -0.15135861933231354 0.2610991895198822 -0.007696810178458691
v -0.15135861933231354 0.2610991895198822 0.007696834858506918
v 0.16786545515060425 -0.28414466977119446 0.0000037724000776506728
v 0.15208886563777924 -0.2610727548599243 0.007696834858506918
v 0.15208886563777924 -0.2610727548599243 -0.007696810178458691
v -0.21010121703147888 0.251598984003067 0.0000037724000776506728
v -0.19231060147285461 0.2315806895494461 -0.007696810178458691
v -0.19231060147285461 0.2315806895494461 0.007696834858506918
v 0.03393232822418213 0.3425295054912567 0.0000037724000776506728
v 0.026883216574788094 0.3245469629764557 -0.003944280091673136
v 0.026883216574788094 0.3245469629764557 0.003944304771721363
v -0.28159934282302856 0.16575784981250763 0.0000037724000776506728
v -0.2594450116157532 0.15150754153728485 -0.007696810178458691
v -0.2594450116157532 0.15150754153728485 0.007696834858506918
v 0.11583629250526428 -0.3099309504032135 0.0000037724000776506728
v 0.10475911945104599 -0.2831268012523651 0.007696834858506918
v 0.10475911945104599 -0.2831268012523651 -0.007696810178458691
v 0.089653879404068 -0.33843156695365906 0.0000037724000776506728
v 0.09066089242696762 -0.31875255703926086 0.003944304771721363
v 0.09066089242696762 -0.31875255703926086 -0.003944280091673136
v 0.24137762188911438 -0.24784033000469208 0.0000037724000776506728
v 0.23533552885055542 -0.2288399189710617 -0.003944280091673136
v 0.23533552885055542 -0.2288399189710617 0.003944304771721363
v -0.011047719977796078 -0.1619991958141327 -0.007696810178458691
v -0.011047719977796078 -0.1619991958141327 0.007696834858506918
v -0.004334279801696539 -0.16878505051136017 -0.007696810178458691
v -0.004334279801696539 -0.16878505051136017 0.007696834858506918
v -0.003998607862740755 -0.2997521460056305 0.007696834858506918
v -0.003998607862740755 -0.2997521460056305 -0.007696810178458691
v 0.009428272023797035 -0.1619991958141327 0.007696834858506918
v 0.003050504019483924 -0.16878505051136017 0.007696834858506918
v 0.009428272023797035 -0.1619991958141327 -0.007696810178458691
v 0.003050504019483924 -0.16878505051136017 -0.007696810178458691
v 0.0033861759584397078 -0.2997521460056305 -0.007696810178458691
v 0.0033861759584397078 -0.2997521460056305 0.007696834858506918
v -0.23829767107963562 0.24990250170230865 0.0000037724000776506728
v -0.23292690515518188 0.23191997408866882 0.003944304771721363
v -0.2500461935997009 0.21224097907543182 0.0000037724000776506728
v -0.21211524307727814 0.21258027851581573 0.007696834858506918
v -0.229234516620636 0.19391916692256927 0.007696834858506918
v -0.24568244814872742 0.1725437045097351 0.007696834858506918
v -0.03152371197938919 0.0320764034986496 0.007696834858506918
v -0.02011086419224739 0.04055872559547424 0.007696834858506918
v -0.17183460295200348 0.2465095818042755 0.007696834858506918
v -0.12651889026165009 0.27229583263397217 0.007696834858506918
v -0.15135861933231354 0.2610991895198822 0.007696834858506918
v -0.16344280540943146 0.28417110443115234 0.0000037724000776506728
v -0.14028143882751465 0.2974035143852234 0.003944304771721363
v -0.1419598013162613 0.3181003928184509 0.0000037724000776506728
v -0.19231060147285461 0.2315806895494461 0.007696834858506918
v -0.21010121703147888 0.251598984003067 0.0000037724000776506728
v -0.18962521851062775 0.2682243287563324 0.003944304771721363
v -0.19264626502990723 0.2882426083087921 0.0000037724000776506728
v -0.006348311901092529 0.04496953636407852 0.007696834858506918
v -0.07717510312795639 0.2902783751487732 0.007696834858506918
v -0.02581728808581829 0.29943928122520447 0.007696834858506918
v -0.0469646230340004 0.2974035143852234 0.007696834858506918
v -0.0509926863014698 0.3242076635360718 0.0000037724000776506728
v -0.024474600329995155 0.32895776629447937 0.003944304771721363
v -0.01776115968823433 0.34863677620887756 0.0000037724000776506728
v -0.10335752367973328 0.2824746370315552 0.007696834858506918
v -0.10973528772592545 0.3102966547012329 0.0000037724000776506728
v -0.08455988764762878 0.31911829113960266 0.003944304771721363
v -0.08187451213598251 0.3398151397705078 0.0000037724000776506728
v -0.007355328183621168 0.29943928122520447 0.007696834858506918
v -0.003998607862740755 0.16813290119171143 0.007696834858506918
v -0.011047719977796078 0.16134703159332275 0.007696834858506918
v 0.000029455999538186006 0.15354329347610474 0.007696834858506918
v 0.007749911863356829 0.04496953636407852 0.007696834858506918
v 0.011106631718575954 0.16134703159332275 0.007696834858506918
v 0.026883216574788094 0.29943928122520447 0.007696834858506918
v 0.0033861759584397078 0.2997785806655884 0.007696834858506918
v 0.004057520069181919 0.3272612988948822 0.0000037724000776506728
v 0.026883216574788094 0.3245469629764557 0.003944304771721363
v 0.03393232822418213 0.3425295054912567 0.0000037724000776506728
v 0.021512463688850403 0.04055872559547424 0.007696834858506918
v 0.07824103534221649 0.2906176745891571 0.007696834858506918
v 0.1279204934835434 0.27297443151474 0.007696834858506918
v 0.10375210642814636 0.2828139364719391 0.007696834858506918
v 0.11617197096347809 0.3079216182231903 0.0000037724000776506728
v 0.1396690011024475 0.29672494530677795 0.003944304771721363
v 0.15645261108875275 0.3102966547012329 0.0000037724000776506728
v 0.0037218478973954916 0.16813290119171143 0.007696834858506918
v 0.05407264828681946 0.29638564586639404 0.007696834858506918
v 0.06112176179885864 0.3218326270580292 0.0000037724000776506728
v 0.08495447039604187 0.31640392541885376 0.003944304771721363
v 0.09670299291610718 0.3303149342536926 0.0000037724000776506728
v 0.0329253114759922 0.0320764034986496 0.007696834858506918
v 0.1732362061738968 0.2461702823638916 0.007696834858506918
v 0.21318118274211884 0.21224097907543182 0.007696834858506918
v 0.19371220469474792 0.23090210556983948 0.007696834858506918
v 0.2121741622686386 0.2512596845626831 0.0000037724000776506728
v 0.23197880387306213 0.23429502546787262 0.003944304771721363
v 0.24909807741641998 0.2410808950662613 0.0000037724000776506728
v 0.15141752362251282 0.26008129119873047 0.007696834858506918
v 0.165851429104805 0.28213533759117126 0.0000037724000776506728
v 0.18834145367145538 0.2689029276371002 0.003944304771721363
v 0.20478937029838562 0.2780638337135315 0.0000037724000776506728
v 0.04131711274385452 0.02054044045507908 0.007696834858506918
v 0.24708405137062073 0.1722044050693512 0.007696834858506918
v 0.273266464471817 0.12707844376564026 0.007696834858506918
v 0.2618536055088043 0.15150754153728485 0.007696834858506918
v 0.2846793234348297 0.16677571833133698 0.0000037724000776506728
v 0.29777052998542786 0.14370380342006683 0.003944304771721363
v 0.31690382957458496 0.14472167193889618 0.0000037724000776506728
v 0.23130746185779572 0.19324058294296265 0.007696834858506918
v 0.25178346037864685 0.21258027851581573 0.0000037724000776506728
v 0.2685670554637909 0.1918834000825882 0.003944304771721363
v 0.2883717119693756 0.19595491886138916 0.0000037724000776506728
v 0.04568084701895714 0.006968719884753227 0.007696834858506918
v 0.2910570800304413 0.07788095623254776 0.007696834858506918
v 0.30045589804649353 0.026308421045541763 0.007696834858506918
v 0.29709917306900024 0.053451862186193466 0.007696834858506918
v 0.32395294308662415 0.05752337723970413 0.0000037724000776506728
v 0.3289880156517029 0.031058523803949356 0.003944304771721363
v 0.3437575697898865 0.0259691271930933 0.0000037724000776506728
v 0.2836723029613495 0.10366722196340561 0.007696834858506918
v 0.3101903796195984 0.11452460289001465 0.0000037724000776506728
v 0.319253534078598 0.08941692113876343 0.003944304771721363
v 0.3383868336677551 0.08568469434976578 0.0000037724000776506728
v 0.30045589804649353 0.004254376050084829 0.007696834858506918
v 0.1655157506465912 0.0039150831289589405 0.007696834858506918
v 0.1588023155927658 0.010700942948460579 0.007696834858506918
v 0.1510818600654602 -0.0001564330013934523 0.007696834858506918
v 0.04568084701895714 -0.0072815860621631145 0.007696834858506918
v 0.1588023155927658 -0.01067451573908329 0.007696834858506918
v 0.3001202344894409 -0.02865704521536827 0.007696834858506918
v 0.3001202344894409 -0.0028707769233733416 0.007696834858506918
v 0.32697397470474243 -0.005245828069746494 0.0000037724000776506728
v 0.32697397470474243 -0.026960579678416252 0.003944304771721363
v 0.3417435586452484 -0.03646078333258629 0.0000037724000776506728
v 0.04131711274385452 -0.020853305235505104 0.007696834858506918
v 0.2913927435874939 -0.07785452902317047 0.007696834858506918
v 0.273266464471817 -0.12739130854606628 0.007696834858506918
v 0.2843436300754547 -0.10296221077442169 0.007696834858506918
v 0.30851203203201294 -0.1155160516500473 0.0000037724000776506728
v 0.29709917306900024 -0.13892726600170135 0.003944304771721363
v 0.30817633867263794 -0.15589192509651184 0.0000037724000776506728
v 0.1655157506465912 -0.003549362998455763 0.007696834858506918
v 0.29676350951194763 -0.05342543497681618 0.007696834858506918
v 0.3222745656967163 -0.06055058538913727 0.0000037724000776506728
v 0.31690382957458496 -0.08464039117097855 0.003944304771721363
v 0.3299950361251831 -0.09889069944620132 0.0000037724000776506728
v 0.0329253114759922 -0.03238926827907562 0.007696834858506918
v 0.24674837291240692 -0.1721779853105545 0.007696834858506918
v 0.21351684629917145 -0.21289314329624176 0.007696834858506918
v 0.23298582434654236 -0.19253556430339813 0.007696834858506918
v 0.2524547874927521 -0.2091609239578247 0.0000037724000776506728
v 0.23533552885055542 -0.2288399189710617 0.003944304771721363
v 0.24137762188911438 -0.24784033000469208 0.0000037724000776506728
v 0.2608466148376465 -0.1501239389181137 0.007696834858506918
v 0.2830009460449219 -0.1647135317325592 0.0000037724000776506728
v 0.2695740759372711 -0.1871068775653839 0.003944304771721363
v 0.27796587347984314 -0.20373223721981049 0.0000037724000776506728
v 0.021512463688850403 -0.040532298386096954 0.007696834858506918
v 0.1732362061738968 -0.24648314714431763 0.007696834858506918
v 0.1279204934835434 -0.2726086974143982 0.007696834858506918
v 0.15208886563777924 -0.2610727548599243 0.007696834858506918
v 0.16786545515060425 -0.28414466977119446 0.0000037724000776506728
v 0.14436841011047363 -0.297037810087204 0.003944304771721363
v 0.1473894566297531 -0.31535962224006653 0.0000037724000776506728
v 0.19438354671001434 -0.2308756709098816 0.007696834858506918
v 0.21385252475738525 -0.2512332499027252 0.0000037724000776506728
v 0.1930408626794815 -0.2681978940963745 0.003944304771721363
v 0.19774025678634644 -0.2871983051300049 0.0000037724000776506728
v 0.007749911863356829 -0.04528240114450455 0.007696834858506918
v 0.07891237735748291 -0.2902519404888153 0.007696834858506918
v 0.02755456045269966 -0.3000914454460144 0.007696834858506918
v 0.05004458501935005 -0.2973771095275879 0.007696834858506918
v 0.05407264828681946 -0.32316336035728455 0.0000037724000776506728
v 0.030239935964345932 -0.32791346311569214 0.003944304771721363
v 0.0252048559486866 -0.34589600563049316 0.0000037724000776506728
v 0.10475911945104599 -0.2831268012523651 0.007696834858506918
v 0.11583629250526428 -0.3099309504032135 0.0000037724000776506728
v 0.09066089242696762 -0.31875255703926086 0.003944304771721363
v 0.089653879404068 -0.33843156695365906 0.0000037724000776506728
v 0.0033861759584397078 -0.2997521460056305 0.007696834858506918
v 0.003050504019483924 -0.16878505051136017 0.007696834858506918
v 0.009428272023797035 -0.1619991958141327 0.007696834858506918
v 0.000029455999538186006 -0.1545347422361374 0.007696834858506918
v -0.006348311901092529 -0.04494310915470123 0.007696834858506918
v -0.011047719977796078 -0.1619991958141327 0.007696834858506918
v -0.02581728808581829 -0.2997521460056305 0.007696834858506918
v -0.003998607862740755 -0.2997521460056305 0.007696834858506918
v -0.004334279801696539 -0.32553842663764954 0.0000037724000776506728
v -0.0261529590934515 -0.32621699571609497 0.003944304771721363
v -0.031188039109110832 -0.34318166971206665 0.0000037724000776506728
v -0.02011086419224739 -0.04087159410119057 0.007696834858506918
v -0.07717510312795639 -0.29093053936958313 0.007696834858506918
v -0.12651889026165009 -0.2726086974143982 0.007696834858506918
v -0.10201483219861984 -0.283466100692749 0.007696834858506918
v -0.11477036774158478 -0.3078951835632324 0.0000037724000776506728
v -0.1382674127817154 -0.29635921120643616 0.003944304771721363
v -0.15437966585159302 -0.3075558841228485 0.0000037724000776506728
v -0.004334279801696539 -0.16878505051136017 0.007696834858506918
v -0.052671048790216446 -0.29669851064682007 0.007696834858506918
v -0.05972015857696533 -0.3221454918384552 0.0000037724000776506728
v -0.08388854563236237 -0.3167167901992798 0.003944304771721363
v -0.09563706070184708 -0.3296099305152893 0.0000037724000776506728
v -0.03152371197938919 -0.03238926827907562 0.007696834858506918
v -0.17183460295200348 -0.24648314714431763 0.007696834858506918
v -0.21177957952022552 -0.21255384385585785 0.007696834858506918
v -0.19231060147285461 -0.2312149703502655 0.007696834858506918
v -0.2104368805885315 -0.25157254934310913 0.0000037724000776506728
v -0.23057720065116882 -0.23460789024829865 0.003944304771721363
v -0.25105321407318115 -0.23901870846748352 0.0000037724000776506728
v -0.1500159353017807 -0.2603941559791565 0.007696834858506918
v -0.16444982588291168 -0.2824482023715973 0.0000037724000776506728
v -0.18693985044956207 -0.26921579241752625 0.003944304771721363
v -0.2033877819776535 -0.27668023109436035 0.0000037724000776506728
v -0.03991551324725151 -0.020853305235505104 0.007696834858506918
v -0.24568244814872742 -0.17285656929016113 0.007696834858506918
v -0.2718648612499237 -0.12705200910568237 0.007696834858506918
v -0.260452002286911 -0.15148110687732697 0.007696834858506918
v -0.2832777202129364 -0.16674929857254028 0.0000037724000776506728
v -0.29636892676353455 -0.14367736876010895 0.003944304771721363
v -0.3144952058792114 -0.14537383615970612 0.0000037724000776506728
v -0.2299058586359024 -0.1938927322626114 0.007696834858506918
v -0.25038185715675354 -0.21323244273662567 0.0000037724000776506728
v -0.2671654522418976 -0.19253556430339813 0.003944304771721363
v -0.28529173135757446 -0.19728566706180573 0.0000037724000776506728
v -0.044279247522354126 -0.0072815860621631145 0.007696834858506918
v -0.289655476808548 -0.07819382101297379 0.007696834858506918
v -0.2990542948246002 -0.026281993836164474 0.007696834858506918
v -0.2946905493736267 -0.05512189865112305 0.007696834858506918
v -0.3202016353607178 -0.05817553773522377 0.0000037724000776506728
v -0.3249010443687439 -0.031710680574178696 0.003944304771721363
v -0.3433629870414734 -0.02424623630940914 0.0000037724000776506728
v -0.2795853316783905 -0.10601584613323212 0.007696834858506918
v -0.306439071893692 -0.11721251904964447 0.0000037724000776506728
v -0.31516656279563904 -0.09176554530858994 0.003944304771721363
v -0.3332928419113159 -0.09142625331878662 0.0000037724000776506728
v -0.2990542948246002 -0.0038886559195816517 0.007696834858506918
v -0.16411414742469788 -0.0042279488407075405 0.007696834858506918
v -0.1574007123708725 -0.011353101581335068 0.007696834858506918
v -0.1496802568435669 -0.0001564330013934523 0.007696834858506918
v -0.044279247522354126 0.006968719884753227 0.007696834858506918
v -0.1574007123708725 0.011040235869586468 0.007696834858506918
v -0.2990542948246002 0.03037993609905243 0.007696834858506918
v -0.2987186312675476 0.004254376050084829 0.007696834858506918
v -0.3249010443687439 0.0039150831289589405 0.0000037724000776506728
v -0.3249010443687439 0.02698700688779354 0.003944304771721363
v -0.33799225091934204 0.035469330847263336 0.0000037724000776506728
v -0.03991551324725151 0.02054044045507908 0.007696834858506918
v -0.2899911403656006 0.07788095623254776 0.007696834858506918
v -0.2725362181663513 0.1277570277452469 0.007696834858506918
v -0.2822706997394562 0.10400652140378952 0.007696834858506918
v -0.16411414742469788 0.003575789975002408 0.007696834858506918
v -0.29569756984710693 0.05277327448129654 0.007696834858506918
v -0.3215443193912506 0.062273479998111725 0.0000037724000776506728
v -0.3161735534667969 0.0863632783293724 0.003944304771721363
v -0.32758641242980957 0.09891712665557861 0.0000037724000776506728
v -0.2594450116157532 0.15150754153728485 0.007696834858506918
v -0.28159934282302856 0.16575784981250763 0.0000037724000776506728
v -0.2681724727153778 0.18849048018455505 0.003944304771721363
v -0.27387890219688416 0.20816947519779205 0.0000037724000776506728
v -0.30744609236717224 0.11656036227941513 0.0000037724000776506728
v -0.29603323340415955 0.1399715691804886 0.003944304771721363
v -0.30442506074905396 0.15625764429569244 0.0000037724000776506728
v -0.011047719977796078 0.16134703159332275 0.007696834858506918
v -0.003998607862740755 0.16813290119171143 0.007696834858506918
v -0.011047719977796078 0.16134703159332275 -0.007696810178458691
v -0.003998607862740755 0.16813290119171143 -0.007696810178458691
v -0.007355328183621168 0.29943928122520447 -0.007696810178458691
v -0.007355328183621168 0.29943928122520447 0.007696834858506918
v 0.011106631718575954 0.16134703159332275 -0.007696810178458691
v 0.0037218478973954916 0.16813290119171143 -0.007696810178458691
v 0.011106631718575954 0.16134703159332275 0.007696834858506918
v 0.0037218478973954916 0.16813290119171143 0.007696834858506918
v 0.0033861759584397078 0.2997785806655884 0.007696834858506918
v 0.0033861759584397078 0.2997785806655884 -0.007696810178458691
v 0.1588023155927658 -0.01067451573908329 -0.007696810178458691
v 0.1655157506465912 -0.003549362998455763 -0.007696810178458691
v 0.1588023155927658 -0.01067451573908329 0.007696834858506918
v 0.1655157506465912 -0.003549362998455763 0.007696834858506918
v 0.3001202344894409 -0.0028707769233733416 0.007696834858506918
v 0.3001202344894409 -0.0028707769233733416 -0.007696810178458691
v 0.1588023155927658 0.010700942948460579 0.007696834858506918
v 0.1655157506465912 0.0039150831289589405 0.007696834858506918
v 0.1588023155927658 0.010700942948460579 -0.007696810178458691
v 0.1655157506465912 0.0039150831289589405 -0.007696810178458691
v 0.30045589804649353 0.004254376050084829 -0.007696810178458691
v 0.30045589804649353 0.004254376050084829 0.007696834858506918
v -0.1574007123708725 -0.011353101581335068 0.007696834858506918
v -0.16411414742469788 -0.0042279488407075405 0.007696834858506918
v -0.1574007123708725 -0.011353101581335068 -0.007696810178458691
v -0.16411414742469788 -0.0042279488407075405 -0.007696810178458691
v -0.2990542948246002 -0.0038886559195816517 -0.007696810178458691
v -0.2990542948246002 -0.0038886559195816517 0.007696834858506918
v -0.1574007123708725 0.011040235869586468 -0.007696810178458691
v -0.16411414742469788 0.003575789975002408 -0.007696810178458691
v -0.1574007123708725 0.011040235869586468 0.007696834858506918
v -0.16411414742469788 0.003575789975002408 0.007696834858506918
v -0.2987186312675476 0.004254376050084829 0.007696834858506918
v -0.2987186312675476 0.004254376050084829 -0.007696810178458691
v 0.2910570800304413 0.07788095623254776 0.007696834858506918
v 0.2910570800304413 0.07788095623254776 -0.007696810178458691
v 0.29709917306900024 0.053451862186193466 0.007696834858506918
v 0.29709917306900024 0.053451862186193466 -0.007696810178458691
v 0.007749911863356829 -0.04528240114450455 -0.007696810178458691
v 0.007749911863356829 -0.04528240114450455 0.007696834858506918
v -0.006348311901092529 -0.04494310915470123 -0.007696810178458691
v -0.006348311901092529 -0.04494310915470123 0.007696834858506918
v 0.000029455999538186006 -0.1545347422361374 0.007696834858506918
v 0.000029455999538186006 -0.1545347422361374 -0.007696810178458691
v -0.011047719977796078 -0.1619991958141327 0.007696834858506918
v -0.011047719977796078 -0.1619991958141327 -0.007696810178458691
v 0.02755456045269966 -0.3000914454460144 0.007696834858506918
v 0.02755456045269966 -0.3000914454460144 -0.007696810178458691
v 0.0033861759584397078 -0.2997521460056305 0.007696834858506918
v 0.0033861759584397078 -0.2997521460056305 -0.007696810178458691
v 0.000029455999538186006 -0.1545347422361374 -0.007696810178458691
v 0.000029455999538186006 -0.1545347422361374 0.007696834858506918
v 0.009428272023797035 -0.1619991958141327 -0.007696810178458691
v 0.009428272023797035 -0.1619991958141327 0.007696834858506918
v -0.03991551324725151 -0.020853305235505104 -0.007696810178458691
v -0.03991551324725151 -0.020853305235505104 0.007696834858506918
v -0.044279247522354126 -0.0072815860621631145 -0.007696810178458691
v -0.044279247522354126 -0.0072815860621631145 0.007696834858506918
v -0.02581728808581829 -0.2997521460056305 0.007696834858506918
v -0.02581728808581829 -0.2997521460056305 -0.007696810178458691
v -0.052671048790216446 -0.29669851064682007 0.007696834858506918
v -0.052671048790216446 -0.29669851064682007 -0.007696810178458691
v -0.17183460295200348 -0.24648314714431763 0.007696834858506918
v -0.17183460295200348 -0.24648314714431763 -0.007696810178458691
v -0.19231060147285461 -0.2312149703502655 0.007696834858506918
v -0.19231060147285461 -0.2312149703502655 -0.007696810178458691
v -0.31516656279563904 -0.09176554530858994 -0.003944280091673136
v -0.289655476808548 -0.07819382101297379 -0.007696810178458691
v -0.31516656279563904 -0.09176554530858994 0.003944304771721363
v -0.289655476808548 -0.07819382101297379 0.007696834858506918
v 0.14436841011047363 -0.297037810087204 -0.003944280091673136
v 0.1279204934835434 -0.2726086974143982 -0.007696810178458691
v 0.14436841011047363 -0.297037810087204 0.003944304771721363
v 0.1279204934835434 -0.2726086974143982 0.007696834858506918
v 0.21318118274211884 0.21224097907543182 0.007696834858506918
v 0.21318118274211884 0.21224097907543182 -0.007696810178458691
v 0.23130746185779572 0.19324058294296265 0.007696834858506918
v 0.23130746185779572 0.19324058294296265 -0.007696810178458691
v 0.04131711274385452 0.02054044045507908 -0.007696810178458691
v 0.04131711274385452 0.02054044045507908 0.007696834858506918
v 0.04568084701895714 0.006968719884753227 -0.007696810178458691
v 0.04568084701895714 0.006968719884753227 0.007696834858506918
v 0.1930408626794815 -0.2681978940963745 -0.003944280091673136
v 0.1732362061738968 -0.24648314714431763 -0.007696810178458691
v 0.1930408626794815 -0.2681978940963745 0.003944304771721363
v 0.1732362061738968 -0.24648314714431763 0.007696834858506918
v 0.273266464471817 -0.12739130854606628 0.007696834858506918
v 0.273266464471817 -0.12739130854606628 -0.007696810178458691
v 0.2608466148376465 -0.1501239389181137 0.007696834858506918
v 0.2608466148376465 -0.1501239389181137 -0.007696810178458691
v 0.2695740759372711 -0.1871068775653839 -0.003944280091673136
v 0.24674837291240692 -0.1721779853105545 -0.007696810178458691
v 0.2695740759372711 -0.1871068775653839 0.003944304771721363
v 0.24674837291240692 -0.1721779853105545 0.007696834858506918
v 0.026883216574788094 0.29943928122520447 0.007696834858506918
v 0.026883216574788094 0.29943928122520447 -0.007696810178458691
v 0.05407264828681946 0.29638564586639404 0.007696834858506918
v 0.05407264828681946 0.29638564586639404 -0.007696810178458691
v 0.1732362061738968 0.2461702823638916 0.007696834858506918
v 0.1732362061738968 0.2461702823638916 -0.007696810178458691
v 0.19371220469474792 0.23090210556983948 0.007696834858506918
v 0.19371220469474792 0.23090210556983948 -0.007696810178458691
v 0.04568084701895714 0.006968719884753227 -0.007696810178458691
v 0.04568084701895714 0.006968719884753227 0.007696834858506918
v 0.04568084701895714 -0.0072815860621631145 -0.007696810178458691
v 0.04568084701895714 -0.0072815860621631145 0.007696834858506918
v 0.1510818600654602 -0.0001564330013934523 0.007696834858506918
v 0.1510818600654602 -0.0001564330013934523 -0.007696810178458691
v 0.1588023155927658 -0.01067451573908329 0.007696834858506918
v 0.1588023155927658 -0.01067451573908329 -0.007696810178458691
v 0.1396690011024475 0.29672494530677795 -0.003944280091673136
v 0.1279204934835434 0.27297443151474 -0.007696810178458691
v 0.1396690011024475 0.29672494530677795 0.003944304771721363
v 0.1279204934835434 0.27297443151474 0.007696834858506918
v 0.24708405137062073 0.1722044050693512 0.007696834858506918
v 0.24708405137062073 0.1722044050693512 -0.007696810178458691
v 0.2618536055088043 0.15150754153728485 0.007696834858506918
v 0.2618536055088043 0.15150754153728485 -0.007696810178458691
v 0.30045589804649353 0.026308421045541763 0.007696834858506918
v 0.30045589804649353 0.026308421045541763 -0.007696810178458691
v 0.30045589804649353 0.004254376050084829 0.007696834858506918
v 0.30045589804649353 0.004254376050084829 -0.007696810178458691
v 0.273266464471817 0.12707844376564026 0.007696834858506918
v 0.273266464471817 0.12707844376564026 -0.007696810178458691
v 0.2836723029613495 0.10366722196340561 0.007696834858506918
v 0.2836723029613495 0.10366722196340561 -0.007696810178458691
v 0.1510818600654602 -0.0001564330013934523 -0.007696810178458691
v 0.1510818600654602 -0.0001564330013934523 0.007696834858506918
v 0.1588023155927658 0.010700942948460579 -0.007696810178458691
v 0.1588023155927658 0.010700942948460579 0.007696834858506918
v 0.1279204934835434 0.27297443151474 0.007696834858506918
v 0.1279204934835434 0.27297443151474 -0.007696810178458691
v 0.15141752362251282 0.26008129119873047 0.007696834858506918
v 0.15141752362251282 0.26008129119873047 -0.007696810178458691
v 0.007749911863356829 0.04496953636407852 -0.007696810178458691
v 0.007749911863356829 0.04496953636407852 0.007696834858506918
v 0.021512463688850403 0.04055872559547424 -0.007696810178458691
v 0.021512463688850403 0.04055872559547424 0.007696834858506918
v 0.0329253114759922 0.0320764034986496 -0.007696810178458691
v 0.0329253114759922 0.0320764034986496 0.007696834858506918
v 0.04131711274385452 0.02054044045507908 -0.007696810178458691
v 0.04131711274385452 0.02054044045507908 0.007696834858506918
v 0.021512463688850403 0.04055872559547424 -0.007696810178458691
v 0.021512463688850403 0.04055872559547424 0.007696834858506918
v 0.0329253114759922 0.0320764034986496 -0.007696810178458691
v 0.0329253114759922 0.0320764034986496 0.007696834858506918
v 0.319253534078598 0.08941692113876343 -0.003944280091673136
v 0.2910570800304413 0.07788095623254776 -0.007696810178458691
v 0.319253534078598 0.08941692113876343 0.003944304771721363
v 0.2910570800304413 0.07788095623254776 0.007696834858506918
v 0.31690382957458496 -0.08464039117097855 -0.003944280091673136
v 0.2913927435874939 -0.07785452902317047 -0.007696810178458691
v 0.31690382957458496 -0.08464039117097855 0.003944304771721363
v 0.2913927435874939 -0.07785452902317047 0.007696834858506918
v 0.29777052998542786 0.14370380342006683 -0.003944280091673136
v 0.273266464471817 0.12707844376564026 -0.007696810178458691
v 0.29777052998542786 0.14370380342006683 0.003944304771721363
v 0.273266464471817 0.12707844376564026 0.007696834858506918
v 0.2685670554637909 0.1918834000825882 -0.003944280091673136
v 0.24708405137062073 0.1722044050693512 -0.007696810178458691
v 0.2685670554637909 0.1918834000825882 0.003944304771721363
v 0.24708405137062073 0.1722044050693512 0.007696834858506918
v 0.18834145367145538 0.2689029276371002 -0.003944280091673136
v 0.1732362061738968 0.2461702823638916 -0.007696810178458691
v 0.18834145367145538 0.2689029276371002 0.003944304771721363
v 0.1732362061738968 0.2461702823638916 0.007696834858506918
v 0.08495447039604187 0.31640392541885376 -0.003944280091673136
v 0.07824103534221649 0.2906176745891571 -0.007696810178458691
v 0.08495447039604187 0.31640392541885376 0.003944304771721363
v 0.07824103534221649 0.2906176745891571 0.007696834858506918
v 0.32697397470474243 -0.026960579678416252 -0.003944280091673136
v 0.3001202344894409 -0.02865704521536827 -0.007696810178458691
v 0.32697397470474243 -0.026960579678416252 0.003944304771721363
v 0.3001202344894409 -0.02865704521536827 0.007696834858506918
v 0.23197880387306213 0.23429502546787262 -0.003944280091673136
v 0.21318118274211884 0.21224097907543182 -0.007696810178458691
v 0.23197880387306213 0.23429502546787262 0.003944304771721363
v 0.21318118274211884 0.21224097907543182 0.007696834858506918
v 0.24674837291240692 -0.1721779853105545 0.007696834858506918
v 0.24674837291240692 -0.1721779853105545 -0.007696810178458691
v 0.23298582434654236 -0.19253556430339813 0.007696834858506918
v 0.23298582434654236 -0.19253556430339813 -0.007696810178458691
v 0.030239935964345932 -0.32791346311569214 -0.003944280091673136
v 0.02755456045269966 -0.3000914454460144 -0.007696810178458691
v 0.030239935964345932 -0.32791346311569214 0.003944304771721363
v 0.02755456045269966 -0.3000914454460144 0.007696834858506918
v 0.2913927435874939 -0.07785452902317047 0.007696834858506918
v 0.2913927435874939 -0.07785452902317047 -0.007696810178458691
v 0.2843436300754547 -0.10296221077442169 0.007696834858506918
v 0.2843436300754547 -0.10296221077442169 -0.007696810178458691
v 0.07891237735748291 -0.2902519404888153 0.007696834858506918
v 0.07891237735748291 -0.2902519404888153 -0.007696810178458691
v 0.05004458501935005 -0.2973771095275879 0.007696834858506918
v 0.05004458501935005 -0.2973771095275879 -0.007696810178458691
v 0.23533552885055542 -0.2288399189710617 -0.003944280091673136
v 0.21351684629917145 -0.21289314329624176 -0.007696810178458691
v 0.23533552885055542 -0.2288399189710617 0.003944304771721363
v 0.21351684629917145 -0.21289314329624176 0.007696834858506918
v 0.04568084701895714 -0.0072815860621631145 -0.007696810178458691
v 0.04568084701895714 -0.0072815860621631145 0.007696834858506918
v 0.04131711274385452 -0.020853305235505104 -0.007696810178458691
v 0.04131711274385452 -0.020853305235505104 0.007696834858506918
v 0.29709917306900024 -0.13892726600170135 -0.003944280091673136
v 0.273266464471817 -0.12739130854606628 -0.007696810178458691
v 0.29709917306900024 -0.13892726600170135 0.003944304771721363
v 0.273266464471817 -0.12739130854606628 0.007696834858506918
v 0.1732362061738968 -0.24648314714431763 0.007696834858506918
v 0.1732362061738968 -0.24648314714431763 -0.007696810178458691
v 0.15208886563777924 -0.2610727548599243 0.007696834858506918
v 0.15208886563777924 -0.2610727548599243 -0.007696810178458691
v 0.21351684629917145 -0.21289314329624176 0.007696834858506918
v 0.21351684629917145 -0.21289314329624176 -0.007696810178458691
v 0.19438354671001434 -0.2308756709098816 0.007696834858506918
v 0.19438354671001434 -0.2308756709098816 -0.007696810178458691
v 0.0329253114759922 -0.03238926827907562 -0.007696810178458691
v 0.0329253114759922 -0.03238926827907562 0.007696834858506918
v 0.021512463688850403 -0.040532298386096954 -0.007696810178458691
v 0.021512463688850403 -0.040532298386096954 0.007696834858506918
v 0.04131711274385452 -0.020853305235505104 -0.007696810178458691
v 0.04131711274385452 -0.020853305235505104 0.007696834858506918
v 0.0329253114759922 -0.03238926827907562 -0.007696810178458691
v 0.0329253114759922 -0.03238926827907562 0.007696834858506918
v 0.021512463688850403 -0.040532298386096954 -0.007696810178458691
v 0.021512463688850403 -0.040532298386096954 0.007696834858506918
v 0.007749911863356829 -0.04528240114450455 -0.007696810178458691
v 0.007749911863356829 -0.04528240114450455 0.007696834858506918
v 0.3001202344894409 -0.02865704521536827 0.007696834858506918
v 0.3001202344894409 -0.02865704521536827 -0.007696810178458691
v 0.29676350951194763 -0.05342543497681618 0.007696834858506918
v 0.29676350951194763 -0.05342543497681618 -0.007696810178458691
v 0.1279204934835434 -0.2726086974143982 0.007696834858506918
v 0.1279204934835434 -0.2726086974143982 -0.007696810178458691
v 0.10475911945104599 -0.2831268012523651 0.007696834858506918
v 0.10475911945104599 -0.2831268012523651 -0.007696810178458691
v -0.3249010443687439 -0.031710680574178696 -0.003944280091673136
v -0.2990542948246002 -0.026281993836164474 -0.007696810178458691
v -0.3249010443687439 -0.031710680574178696 0.003944304771721363
v -0.2990542948246002 -0.026281993836164474 0.007696834858506918
v -0.07717510312795639 -0.29093053936958313 0.007696834858506918
v -0.07717510312795639 -0.29093053936958313 -0.007696810178458691
v -0.10201483219861984 -0.283466100692749 0.007696834858506918
v -0.10201483219861984 -0.283466100692749 -0.007696810178458691
v -0.289655476808548 -0.07819382101297379 0.007696834858506918
v -0.289655476808548 -0.07819382101297379 -0.007696810178458691
v -0.2946905493736267 -0.05512189865112305 0.007696834858506918
v -0.2946905493736267 -0.05512189865112305 -0.007696810178458691
v -0.09563706070184708 -0.3296099305152893 0.0000037724000776506728
v -0.05972015857696533 -0.3221454918384552 0.0000037724000776506728
v -0.08388854563236237 -0.3167167901992798 -0.003944280091673136
v -0.052671048790216446 -0.29669851064682007 -0.007696810178458691
v -0.07717510312795639 -0.29093053936958313 -0.007696810178458691
v -0.02581728808581829 -0.2997521460056305 -0.007696810178458691
v -0.006348311901092529 -0.04494310915470123 -0.007696810178458691
v -0.02011086419224739 -0.04087159410119057 -0.007696810178458691
v -0.12651889026165009 -0.2726086974143982 -0.007696810178458691
v -0.17183460295200348 -0.24648314714431763 -0.007696810178458691
v -0.1500159353017807 -0.2603941559791565 -0.007696810178458691
v -0.18693985044956207 -0.26921579241752625 -0.003944280091673136
v -0.16444982588291168 -0.2824482023715973 0.0000037724000776506728
v -0.2033877819776535 -0.27668023109436035 0.0000037724000776506728
v -0.10201483219861984 -0.283466100692749 -0.007696810178458691
v -0.1382674127817154 -0.29635921120643616 -0.003944280091673136
v -0.11477036774158478 -0.3078951835632324 0.0000037724000776506728
v -0.15437966585159302 -0.3075558841228485 0.0000037724000776506728
v -0.03152371197938919 -0.03238926827907562 -0.007696810178458691
v -0.21177957952022552 -0.21255384385585785 -0.007696810178458691
v -0.19231060147285461 -0.2312149703502655 -0.007696810178458691
v -0.23057720065116882 -0.23460789024829865 -0.003944280091673136
v -0.2104368805885315 -0.25157254934310913 0.0000037724000776506728
v -0.25105321407318115 -0.23901870846748352 0.0000037724000776506728
v -0.28529173135757446 -0.19728566706180573 0.0000037724000776506728
v -0.25038185715675354 -0.21323244273662567 0.0000037724000776506728
v -0.2671654522418976 -0.19253556430339813 -0.003944280091673136
v -0.2299058586359024 -0.1938927322626114 -0.007696810178458691
v -0.24568244814872742 -0.17285656929016113 -0.007696810178458691
v -0.03991551324725151 -0.020853305235505104 -0.007696810178458691
v -0.2718648612499237 -0.12705200910568237 -0.007696810178458691
v -0.289655476808548 -0.07819382101297379 -0.007696810178458691
v -0.2795853316783905 -0.10601584613323212 -0.007696810178458691
v -0.31516656279563904 -0.09176554530858994 -0.003944280091673136
v -0.306439071893692 -0.11721251904964447 0.0000037724000776506728
v -0.3332928419113159 -0.09142625331878662 0.0000037724000776506728
v -0.260452002286911 -0.15148110687732697 -0.007696810178458691
v -0.29636892676353455 -0.14367736876010895 -0.003944280091673136
v -0.2832777202129364 -0.16674929857254028 0.0000037724000776506728
v -0.3144952058792114 -0.14537383615970612 0.0000037724000776506728
v -0.044279247522354126 -0.0072815860621631145 -0.007696810178458691
v -0.2990542948246002 -0.026281993836164474 -0.007696810178458691
v -0.2946905493736267 -0.05512189865112305 -0.007696810178458691
v -0.3249010443687439 -0.031710680574178696 -0.003944280091673136
v -0.3202016353607178 -0.05817553773522377 0.0000037724000776506728
v -0.3433629870414734 -0.02424623630940914 0.0000037724000776506728
v -0.2990542948246002 -0.0038886559195816517 -0.007696810178458691
v -0.16411414742469788 -0.0042279488407075405 -0.007696810178458691
v -0.1574007123708725 -0.011353101581335068 -0.007696810178458691
v -0.1496802568435669 -0.0001564330013934523 -0.007696810178458691
v -0.044279247522354126 0.006968719884753227 -0.007696810178458691
v -0.1574007123708725 0.011040235869586468 -0.007696810178458691
v -0.2990542948246002 0.03037993609905243 -0.007696810178458691
v -0.2987186312675476 0.004254376050084829 -0.007696810178458691
v -0.3249010443687439 0.02698700688779354 -0.003944280091673136
v -0.3249010443687439 0.0039150831289589405 0.0000037724000776506728
v -0.33799225091934204 0.035469330847263336 0.0000037724000776506728
v -0.16411414742469788 0.003575789975002408 -0.007696810178458691
v -0.32758641242980957 0.09891712665557861 0.0000037724000776506728
v -0.3161735534667969 0.0863632783293724 -0.003944280091673136
v -0.3215443193912506 0.062273479998111725 0.0000037724000776506728
v -0.29569756984710693 0.05277327448129654 -0.007696810178458691
v -0.2899911403656006 0.07788095623254776 -0.007696810178458691
v -0.03991551324725151 0.02054044045507908 -0.007696810178458691
v -0.2725362181663513 0.1277570277452469 -0.007696810178458691
v -0.24568244814872742 0.1725437045097351 -0.007696810178458691
v -0.2594450116157532 0.15150754153728485 -0.007696810178458691
v -0.2681724727153778 0.18849048018455505 -0.003944280091673136
v -0.28159934282302856 0.16575784981250763 0.0000037724000776506728
v -0.27387890219688416 0.20816947519779205 0.0000037724000776506728
v -0.2822706997394562 0.10400652140378952 -0.007696810178458691
v -0.29603323340415955 0.1399715691804886 -0.003944280091673136
v -0.30744609236717224 0.11656036227941513 0.0000037724000776506728
v -0.30442506074905396 0.15625764429569244 0.0000037724000776506728
v -0.03152371197938919 0.0320764034986496 -0.007696810178458691
v -0.21211524307727814 0.21258027851581573 -0.007696810178458691
v -0.229234516620636 0.19391916692256927 -0.007696810178458691
v -0.23292690515518188 0.23191997408866882 -0.003944280091673136
v -0.2500461935997009 0.21224097907543182 0.0000037724000776506728
v -0.23829767107963562 0.24990250170230865 0.0000037724000776506728
v -0.19264626502990723 0.2882426083087921 0.0000037724000776506728
v -0.21010121703147888 0.251598984003067 0.0000037724000776506728
v -0.18962521851062775 0.2682243287563324 -0.003944280091673136
v -0.19231060147285461 0.2315806895494461 -0.007696810178458691
v -0.17183460295200348 0.2465095818042755 -0.007696810178458691
v -0.02011086419224739 0.04055872559547424 -0.007696810178458691
v -0.12651889026165009 0.27229583263397217 -0.007696810178458691
v -0.07717510312795639 0.2902783751487732 -0.007696810178458691
v -0.10335752367973328 0.2824746370315552 -0.007696810178458691
v -0.08455988764762878 0.31911829113960266 -0.003944280091673136
v -0.10973528772592545 0.3102966547012329 0.0000037724000776506728
v -0.08187451213598251 0.3398151397705078 0.0000037724000776506728
v -0.15135861933231354 0.2610991895198822 -0.007696810178458691
v -0.14028143882751465 0.2974035143852234 -0.003944280091673136
v -0.16344280540943146 0.28417110443115234 0.0000037724000776506728
v -0.1419598013162613 0.3181003928184509 0.0000037724000776506728
v -0.006348311901092529 0.04496953636407852 -0.007696810178458691
v -0.02581728808581829 0.29943928122520447 -0.007696810178458691
v -0.0469646230340004 0.2974035143852234 -0.007696810178458691
v -0.024474600329995155 0.32895776629447937 -0.003944280091673136
v -0.0509926863014698 0.3242076635360718 0.0000037724000776506728
v -0.01776115968823433 0.34863677620887756 0.0000037724000776506728
v -0.007355328183621168 0.29943928122520447 -0.007696810178458691
v -0.003998607862740755 0.16813290119171143 -0.007696810178458691
v -0.011047719977796078 0.16134703159332275 -0.007696810178458691
v 0.000029455999538186006 0.15354329347610474 -0.007696810178458691
v 0.007749911863356829 0.04496953636407852 -0.007696810178458691
v 0.011106631718575954 0.16134703159332275 -0.007696810178458691
v 0.026883216574788094 0.29943928122520447 -0.007696810178458691
v 0.0033861759584397078 0.2997785806655884 -0.007696810178458691
v 0.026883216574788094 0.3245469629764557 -0.003944280091673136
v 0.004057520069181919 0.3272612988948822 0.0000037724000776506728
v 0.03393232822418213 0.3425295054912567 0.0000037724000776506728
v 0.0037218478973954916 0.16813290119171143 -0.007696810178458691
v 0.09670299291610718 0.3303149342536926 0.0000037724000776506728
v 0.08495447039604187 0.31640392541885376 -0.003944280091673136
v 0.06112176179885864 0.3218326270580292 0.0000037724000776506728
v 0.05407264828681946 0.29638564586639404 -0.007696810178458691
v 0.07824103534221649 0.2906176745891571 -0.007696810178458691
v 0.021512463688850403 0.04055872559547424 -0.007696810178458691
v 0.1279204934835434 0.27297443151474 -0.007696810178458691
v 0.1732362061738968 0.2461702823638916 -0.007696810178458691
v 0.15141752362251282 0.26008129119873047 -0.007696810178458691
v 0.18834145367145538 0.2689029276371002 -0.003944280091673136
v 0.165851429104805 0.28213533759117126 0.0000037724000776506728
v 0.20478937029838562 0.2780638337135315 0.0000037724000776506728
v 0.10375210642814636 0.2828139364719391 -0.007696810178458691
v 0.1396690011024475 0.29672494530677795 -0.003944280091673136
v 0.11617197096347809 0.3079216182231903 0.0000037724000776506728
v 0.15645261108875275 0.3102966547012329 0.0000037724000776506728
v 0.0329253114759922 0.0320764034986496 -0.007696810178458691
v 0.21318118274211884 0.21224097907543182 -0.007696810178458691
v 0.19371220469474792 0.23090210556983948 -0.007696810178458691
v 0.23197880387306213 0.23429502546787262 -0.003944280091673136
v 0.2121741622686386 0.2512596845626831 0.0000037724000776506728
v 0.24909807741641998 0.2410808950662613 0.0000037724000776506728
v 0.2883717119693756 0.19595491886138916 0.0000037724000776506728
v 0.25178346037864685 0.21258027851581573 0.0000037724000776506728
v 0.2685670554637909 0.1918834000825882 -0.003944280091673136
v 0.23130746185779572 0.19324058294296265 -0.007696810178458691
v 0.24708405137062073 0.1722044050693512 -0.007696810178458691
v 0.04131711274385452 0.02054044045507908 -0.007696810178458691
v 0.273266464471817 0.12707844376564026 -0.007696810178458691
v 0.2910570800304413 0.07788095623254776 -0.007696810178458691
v 0.2836723029613495 0.10366722196340561 -0.007696810178458691
v 0.319253534078598 0.08941692113876343 -0.003944280091673136
v 0.3101903796195984 0.11452460289001465 0.0000037724000776506728
v 0.3383868336677551 0.08568469434976578 0.0000037724000776506728
v 0.2618536055088043 0.15150754153728485 -0.007696810178458691
v 0.29777052998542786 0.14370380342006683 -0.003944280091673136
v 0.2846793234348297 0.16677571833133698 0.0000037724000776506728
v 0.31690382957458496 0.14472167193889618 0.0000037724000776506728
v 0.04568084701895714 0.006968719884753227 -0.007696810178458691
v 0.30045589804649353 0.026308421045541763 -0.007696810178458691
v 0.29709917306900024 0.053451862186193466 -0.007696810178458691
v 0.3289880156517029 0.031058523803949356 -0.003944280091673136
v 0.32395294308662415 0.05752337723970413 0.0000037724000776506728
v 0.3437575697898865 0.0259691271930933 0.0000037724000776506728
v 0.30045589804649353 0.004254376050084829 -0.007696810178458691
v 0.1655157506465912 0.0039150831289589405 -0.007696810178458691
v 0.1588023155927658 0.010700942948460579 -0.007696810178458691
v 0.1510818600654602 -0.0001564330013934523 -0.007696810178458691
v 0.04568084701895714 -0.0072815860621631145 -0.007696810178458691
v 0.1588023155927658 -0.01067451573908329 -0.007696810178458691
v 0.3001202344894409 -0.02865704521536827 -0.007696810178458691
v 0.3001202344894409 -0.0028707769233733416 -0.007696810178458691
v 0.32697397470474243 -0.026960579678416252 -0.003944280091673136
v 0.32697397470474243 -0.005245828069746494 0.0000037724000776506728
v 0.3417435586452484 -0.03646078333258629 0.0000037724000776506728
v 0.1655157506465912 -0.003549362998455763 -0.007696810178458691
v 0.3299950361251831 -0.09889069944620132 0.0000037724000776506728
v 0.31690382957458496 -0.08464039117097855 -0.003944280091673136
v 0.3222745656967163 -0.06055058538913727 0.0000037724000776506728
v 0.29676350951194763 -0.05342543497681618 -0.007696810178458691
v 0.2913927435874939 -0.07785452902317047 -0.007696810178458691
v 0.04131711274385452 -0.020853305235505104 -0.007696810178458691
v 0.273266464471817 -0.12739130854606628 -0.007696810178458691
v 0.24674837291240692 -0.1721779853105545 -0.007696810178458691
v 0.2608466148376465 -0.1501239389181137 -0.007696810178458691
v 0.2695740759372711 -0.1871068775653839 -0.003944280091673136
v 0.2830009460449219 -0.1647135317325592 0.0000037724000776506728
v 0.27796587347984314 -0.20373223721981049 0.0000037724000776506728
v 0.2843436300754547 -0.10296221077442169 -0.007696810178458691
v 0.29709917306900024 -0.13892726600170135 -0.003944280091673136
v 0.30851203203201294 -0.1155160516500473 0.0000037724000776506728
v 0.30817633867263794 -0.15589192509651184 0.0000037724000776506728
v 0.0329253114759922 -0.03238926827907562 -0.007696810178458691
v 0.21351684629917145 -0.21289314329624176 -0.007696810178458691
v 0.23298582434654236 -0.19253556430339813 -0.007696810178458691
v 0.23533552885055542 -0.2288399189710617 -0.003944280091673136
v 0.2524547874927521 -0.2091609239578247 0.0000037724000776506728
v 0.24137762188911438 -0.24784033000469208 0.0000037724000776506728
v 0.19774025678634644 -0.2871983051300049 0.0000037724000776506728
v 0.21385252475738525 -0.2512332499027252 0.0000037724000776506728
v 0.1930408626794815 -0.2681978940963745 -0.003944280091673136
v 0.19438354671001434 -0.2308756709098816 -0.007696810178458691
v 0.1732362061738968 -0.24648314714431763 -0.007696810178458691
v 0.021512463688850403 -0.040532298386096954 -0.007696810178458691
v 0.1279204934835434 -0.2726086974143982 -0.007696810178458691
v 0.07891237735748291 -0.2902519404888153 -0.007696810178458691
v 0.10475911945104599 -0.2831268012523651 -0.007696810178458691
v 0.09066089242696762 -0.31875255703926086 -0.003944280091673136
v 0.11583629250526428 -0.3099309504032135 0.0000037724000776506728
v 0.089653879404068 -0.33843156695365906 0.0000037724000776506728
v 0.15208886563777924 -0.2610727548599243 -0.007696810178458691
v 0.14436841011047363 -0.297037810087204 -0.003944280091673136
v 0.16786545515060425 -0.28414466977119446 0.0000037724000776506728
v 0.1473894566297531 -0.31535962224006653 0.0000037724000776506728
v 0.007749911863356829 -0.04528240114450455 -0.007696810178458691
v 0.02755456045269966 -0.3000914454460144 -0.007696810178458691
v 0.05004458501935005 -0.2973771095275879 -0.007696810178458691
v 0.030239935964345932 -0.32791346311569214 -0.003944280091673136
v 0.05407264828681946 -0.32316336035728455 0.0000037724000776506728
v 0.0252048559486866 -0.34589600563049316 0.0000037724000776506728
v 0.0033861759584397078 -0.2997521460056305 -0.007696810178458691
v 0.003050504019483924 -0.16878505051136017 -0.007696810178458691
v 0.009428272023797035 -0.1619991958141327 -0.007696810178458691
v 0.000029455999538186006 -0.1545347422361374 -0.007696810178458691
v -0.011047719977796078 -0.1619991958141327 -0.007696810178458691
v -0.003998607862740755 -0.2997521460056305 -0.007696810178458691
v -0.0261529590934515 -0.32621699571609497 -0.003944280091673136
v -0.004334279801696539 -0.32553842663764954 0.0000037724000776506728
v -0.031188039109110832 -0.34318166971206665 0.0000037724000776506728
v -0.004334279801696539 -0.16878505051136017 -0.007696810178458691
v -0.21177957952022552 -0.21255384385585785 0.007696834858506918
v -0.2299058586359024 -0.1938927322626114 0.007696834858506918
v -0.21177957952022552 -0.21255384385585785 -0.007696810178458691
v -0.2299058586359024 -0.1938927322626114 -0.007696810178458691
v -0.044279247522354126 -0.0072815860621631145 -0.007696810178458691
v -0.044279247522354126 0.006968719884753227 -0.007696810178458691
v -0.044279247522354126 -0.0072815860621631145 0.007696834858506918
v -0.044279247522354126 0.006968719884753227 0.007696834858506918
v -0.1496802568435669 -0.0001564330013934523 0.007696834858506918
v -0.1574007123708725 0.011040235869586468 0.007696834858506918
v -0.1496802568435669 -0.0001564330013934523 -0.007696810178458691
v -0.1574007123708725 0.011040235869586468 -0.007696810178458691
v -0.1382674127817154 -0.29635921120643616 -0.003944280091673136
v -0.1382674127817154 -0.29635921120643616 0.003944304771721363
v -0.12651889026165009 -0.2726086974143982 -0.007696810178458691
v -0.12651889026165009 -0.2726086974143982 0.007696834858506918
v -0.24568244814872742 -0.17285656929016113 0.007696834858506918
v -0.260452002286911 -0.15148110687732697 0.007696834858506918
v -0.24568244814872742 -0.17285656929016113 -0.007696810178458691
v -0.260452002286911 -0.15148110687732697 -0.007696810178458691
v -0.2990542948246002 -0.026281993836164474 0.007696834858506918
v -0.2990542948246002 -0.0038886559195816517 0.007696834858506918
v -0.2990542948246002 -0.026281993836164474 -0.007696810178458691
v -0.2990542948246002 -0.0038886559195816517 -0.007696810178458691
v -0.2718648612499237 -0.12705200910568237 0.007696834858506918
v -0.2795853316783905 -0.10601584613323212 0.007696834858506918
v -0.2718648612499237 -0.12705200910568237 -0.007696810178458691
v -0.2795853316783905 -0.10601584613323212 -0.007696810178458691
v -0.1496802568435669 -0.0001564330013934523 -0.007696810178458691
v -0.1574007123708725 -0.011353101581335068 -0.007696810178458691
v -0.1496802568435669 -0.0001564330013934523 0.007696834858506918
v -0.1574007123708725 -0.011353101581335068 0.007696834858506918
v -0.12651889026165009 -0.2726086974143982 0.007696834858506918
v -0.1500159353017807 -0.2603941559791565 0.007696834858506918
v -0.12651889026165009 -0.2726086974143982 -0.007696810178458691
v -0.1500159353017807 -0.2603941559791565 -0.007696810178458691
v -0.006348311901092529 -0.04494310915470123 -0.007696810178458691
v -0.02011086419224739 -0.04087159410119057 -0.007696810178458691
v -0.006348311901092529 -0.04494310915470123 0.007696834858506918
v -0.02011086419224739 -0.04087159410119057 0.007696834858506918
v -0.03152371197938919 -0.03238926827907562 -0.007696810178458691
v -0.03991551324725151 -0.020853305235505104 -0.007696810178458691
v -0.03152371197938919 -0.03238926827907562 0.007696834858506918
v -0.03991551324725151 -0.020853305235505104 0.007696834858506918
v -0.02011086419224739 -0.04087159410119057 -0.007696810178458691
v -0.03152371197938919 -0.03238926827907562 -0.007696810178458691
v -0.02011086419224739 -0.04087159410119057 0.007696834858506918
v -0.03152371197938919 -0.03238926827907562 0.007696834858506918
v -0.0261529590934515 -0.32621699571609497 -0.003944280091673136
v -0.0261529590934515 -0.32621699571609497 0.003944304771721363
v -0.02581728808581829 -0.2997521460056305 -0.007696810178458691
v -0.02581728808581829 -0.2997521460056305 0.007696834858506918
v -0.29636892676353455 -0.14367736876010895 -0.003944280091673136
v -0.29636892676353455 -0.14367736876010895 0.003944304771721363
v -0.2718648612499237 -0.12705200910568237 -0.007696810178458691
v -0.2718648612499237 -0.12705200910568237 0.007696834858506918
v -0.2671654522418976 -0.19253556430339813 -0.003944280091673136
v -0.2671654522418976 -0.19253556430339813 0.003944304771721363
v -0.24568244814872742 -0.17285656929016113 -0.007696810178458691
v -0.24568244814872742 -0.17285656929016113 0.007696834858506918
v -0.18693985044956207 -0.26921579241752625 -0.003944280091673136
v -0.18693985044956207 -0.26921579241752625 0.003944304771721363
v -0.17183460295200348 -0.24648314714431763 -0.007696810178458691
v -0.17183460295200348 -0.24648314714431763 0.007696834858506918
v -0.08388854563236237 -0.3167167901992798 -0.003944280091673136
v -0.08388854563236237 -0.3167167901992798 0.003944304771721363
v -0.07717510312795639 -0.29093053936958313 -0.007696810178458691
v -0.07717510312795639 -0.29093053936958313 0.007696834858506918
v -0.3249010443687439 0.02698700688779354 -0.003944280091673136
v -0.3249010443687439 0.02698700688779354 0.003944304771721363
v -0.2990542948246002 0.03037993609905243 -0.007696810178458691
v -0.2990542948246002 0.03037993609905243 0.007696834858506918
v -0.23057720065116882 -0.23460789024829865 -0.003944280091673136
v -0.23057720065116882 -0.23460789024829865 0.003944304771721363
v -0.21177957952022552 -0.21255384385585785 -0.007696810178458691
v -0.21177957952022552 -0.21255384385585785 0.007696834858506918
v 0.026883216574788094 0.3245469629764557 -0.003944280091673136
v 0.026883216574788094 0.3245469629764557 0.003944304771721363
v 0.026883216574788094 0.29943928122520447 -0.007696810178458691
v 0.026883216574788094 0.29943928122520447 0.007696834858506918
v -0.024474600329995155 0.32895776629447937 -0.003944280091673136
v -0.024474600329995155 0.32895776629447937 0.003944304771721363
v -0.02581728808581829 0.29943928122520447 -0.007696810178458691
v -0.02581728808581829 0.29943928122520447 0.007696834858506918
v -0.2899911403656006 0.07788095623254776 0.007696834858506918
v -0.2822706997394562 0.10400652140378952 0.007696834858506918
v -0.2899911403656006 0.07788095623254776 -0.007696810178458691
v -0.2822706997394562 0.10400652140378952 -0.007696810178458691
v -0.07717510312795639 0.2902783751487732 0.007696834858506918
v -0.0469646230340004 0.2974035143852234 0.007696834858506918
v -0.07717510312795639 0.2902783751487732 -0.007696810178458691
v -0.0469646230340004 0.2974035143852234 -0.007696810178458691
v -0.23292690515518188 0.23191997408866882 -0.003944280091673136
v -0.23292690515518188 0.23191997408866882 0.003944304771721363
v -0.21211524307727814 0.21258027851581573 -0.007696810178458691
v -0.21211524307727814 0.21258027851581573 0.007696834858506918
v -0.21211524307727814 0.21258027851581573 0.007696834858506918
v -0.19231060147285461 0.2315806895494461 0.007696834858506918
v -0.21211524307727814 0.21258027851581573 -0.007696810178458691
v -0.19231060147285461 0.2315806895494461 -0.007696810178458691
v -0.02011086419224739 0.04055872559547424 -0.007696810178458691
v -0.006348311901092529 0.04496953636407852 -0.007696810178458691
v -0.02011086419224739 0.04055872559547424 0.007696834858506918
v -0.006348311901092529 0.04496953636407852 0.007696834858506918
v -0.2990542948246002 0.03037993609905243 0.007696834858506918
v -0.29569756984710693 0.05277327448129654 0.007696834858506918
v -0.2990542948246002 0.03037993609905243 -0.007696810178458691
v -0.29569756984710693 0.05277327448129654 -0.007696810178458691
v -0.24568244814872742 0.1725437045097351 0.007696834858506918
v -0.229234516620636 0.19391916692256927 0.007696834858506918
v -0.24568244814872742 0.1725437045097351 -0.007696810178458691
v -0.229234516620636 0.19391916692256927 -0.007696810178458691
v -0.006348311901092529 0.04496953636407852 -0.007696810178458691
v 0.007749911863356829 0.04496953636407852 -0.007696810178458691
v -0.006348311901092529 0.04496953636407852 0.007696834858506918
v 0.007749911863356829 0.04496953636407852 0.007696834858506918
v 0.000029455999538186006 0.15354329347610474 0.007696834858506918
v 0.011106631718575954 0.16134703159332275 0.007696834858506918
v 0.000029455999538186006 0.15354329347610474 -0.007696810178458691
v 0.011106631718575954 0.16134703159332275 -0.007696810178458691
v -0.29603323340415955 0.1399715691804886 -0.003944280091673136
v -0.29603323340415955 0.1399715691804886 0.003944304771721363
v -0.2725362181663513 0.1277570277452469 -0.007696810178458691
v -0.2725362181663513 0.1277570277452469 0.007696834858506918
v -0.17183460295200348 0.2465095818042755 0.007696834858506918
v -0.15135861933231354 0.2610991895198822 0.007696834858506918
v -0.17183460295200348 0.2465095818042755 -0.007696810178458691
v -0.15135861933231354 0.2610991895198822 -0.007696810178458691
v -0.02581728808581829 0.29943928122520447 0.007696834858506918
v -0.007355328183621168 0.29943928122520447 0.007696834858506918
v -0.02581728808581829 0.29943928122520447 -0.007696810178458691
v -0.007355328183621168 0.29943928122520447 -0.007696810178458691
v -0.12651889026165009 0.27229583263397217 0.007696834858506918
v -0.10335752367973328 0.2824746370315552 0.007696834858506918
v -0.12651889026165009 0.27229583263397217 -0.007696810178458691
v -0.10335752367973328 0.2824746370315552 -0.007696810178458691
v 0.000029455999538186006 0.15354329347610474 -0.007696810178458691
v -0.011047719977796078 0.16134703159332275 -0.007696810178458691
v 0.000029455999538186006 0.15354329347610474 0.007696834858506918
v -0.011047719977796078 0.16134703159332275 0.007696834858506918
v -0.2725362181663513 0.1277570277452469 0.007696834858506918
v -0.2594450116157532 0.15150754153728485 0.007696834858506918
v -0.2725362181663513 0.1277570277452469 -0.007696810178458691
v -0.2594450116157532 0.15150754153728485 -0.007696810178458691
v -0.044279247522354126 0.006968719884753227 -0.007696810178458691
v -0.03991551324725151 0.02054044045507908 -0.007696810178458691
v -0.044279247522354126 0.006968719884753227 0.007696834858506918
v -0.03991551324725151 0.02054044045507908 0.007696834858506918
v -0.03152371197938919 0.0320764034986496 -0.007696810178458691
v -0.02011086419224739 0.04055872559547424 -0.007696810178458691
v -0.03152371197938919 0.0320764034986496 0.007696834858506918
v -0.02011086419224739 0.04055872559547424 0.007696834858506918
v -0.03991551324725151 0.02054044045507908 -0.007696810178458691
v -0.03152371197938919 0.0320764034986496 -0.007696810178458691
v -0.03991551324725151 0.02054044045507908 0.007696834858506918
v -0.03152371197938919 0.0320764034986496 0.007696834858506918
v -0.08455988764762878 0.31911829113960266 -0.003944280091673136
v -0.08455988764762878 0.31911829113960266 0.003944304771721363
v -0.07717510312795639 0.2902783751487732 -0.007696810178458691
v -0.07717510312795639 0.2902783751487732 0.007696834858506918
v -0.14028143882751465 0.2974035143852234 -0.003944280091673136
v -0.14028143882751465 0.2974035143852234 0.003944304771721363
v -0.12651889026165009 0.27229583263397217 -0.007696810178458691
v -0.12651889026165009 0.27229583263397217 0.007696834858506918
v -0.18962521851062775 0.2682243287563324 -0.003944280091673136
v -0.18962521851062775 0.2682243287563324 0.003944304771721363
v -0.17183460295200348 0.2465095818042755 -0.007696810178458691
v -0.17183460295200348 0.2465095818042755 0.007696834858506918
v -0.2681724727153778 0.18849048018455505 -0.003944280091673136
v -0.2681724727153778 0.18849048018455505 0.003944304771721363
v -0.24568244814872742 0.1725437045097351 -0.007696810178458691
v -0.24568244814872742 0.1725437045097351 0.007696834858506918
v -0.3161735534667969 0.0863632783293724 -0.003944280091673136
v -0.3161735534667969 0.0863632783293724 0.003944304771721363
v -0.2899911403656006 0.07788095623254776 -0.007696810178458691
v -0.2899911403656006 0.07788095623254776 0.007696834858506918
v 0.09066089242696762 -0.31875255703926086 -0.003944280091673136
v 0.09066089242696762 -0.31875255703926086 0.003944304771721363
v 0.07891237735748291 -0.2902519404888153 -0.007696810178458691
v 0.07891237735748291 -0.2902519404888153 0.007696834858506918
v 0.3289880156517029 0.031058523803949356 -0.003944280091673136
v 0.3289880156517029 0.031058523803949356 0.003944304771721363
v 0.30045589804649353 0.026308421045541763 -0.007696810178458691
v 0.30045589804649353 0.026308421045541763 0.007696834858506918
v 0.07824103534221649 0.2906176745891571 0.007696834858506918
v 0.10375210642814636 0.2828139364719391 0.007696834858506918
v 0.07824103534221649 0.2906176745891571 -0.007696810178458691
v 0.10375210642814636 0.2828139364719391 -0.007696810178458691
vn -0.34753286838531494 -0.9376652836799622 0.002184694167226553
vn -0.34753286838531494 -0.9376652836799622 0.002184694167226553
vn -0.34753286838531494 -0.9376652836799622 0.002184694167226553
vn 0.8854539394378662 -0.46472206711769104 0.002184694167226553
vn 0.8854539394378662 -0.46472206711769104 0.002184694167226553
vn 0.8854539394378662 -0.46472206711769104 0.002184694167226553
vn 0.1280297040939331 -0.991767942905426 0.002184694167226553
vn 0.1280297040939331 -0.991767942905426 0.002184694167226553
vn 0.1280297040939331 -0.991767942905426 0.002184694167226553
vn 0.38268253207206726 -0.9238772988319397 0.002184694167226553
vn 0.38268253207206726 -0.9238772988319397 0.002184694167226553
vn 0.38268253207206726 -0.9238772988319397 0.002184694167226553
vn 0.015103200450539589 0.9998835325241089 0.002184694167226553
vn 0.015103200450539589 0.9998835325241089 0.002184694167226553
vn 0.015103200450539589 0.9998835325241089 0.002184694167226553
vn 0.9999691247940063 -0.007551815826445818 0.002184694167226553
vn 0.999997615814209 0 0.002184694167226553
vn 0.999997615814209 0 0.002184694167226553
vn 0.46472206711769104 0.8854539394378662 0.002184694167226553
vn 0.46472206711769104 0.8854539394378662 0.002184694167226553
vn 0.46472206711769104 0.8854539394378662 0.002184694167226553
vn 0.5618321895599365 -0.8272483348846436 0.002184694167226553
vn 0.5618321895599365 -0.8272483348846436 0.002184694167226553
vn 0.5618321895599365 -0.8272483348846436 0.002184694167226553
vn -0.8923717141151428 -0.4512958228588104 0.002184694167226553
vn -0.8923717141151428 -0.4512958228588104 0.002184694167226553
vn -0.8923717141151428 -0.4512958228588104 0.002184694167226553
vn 0.6799074411392212 -0.733294665813446 0.002184694167226553
vn 0.6799074411392212 -0.733294665813446 0.002184694167226553
vn 0.6799074411392212 -0.733294665813446 0.002184694167226553
vn -0.8397637009620667 -0.5429477095603943 0.002184694167226553
vn -0.8397637009620667 -0.5429477095603943 0.002184694167226553
vn -0.8397637009620667 -0.5429477095603943 0.002184694167226553
vn 0.5492739677429199 0.835639476776123 0.002184694167226553
vn 0.5492739677429199 0.835639476776123 0.002184694167226553
vn 0.5492739677429199 0.835639476776123 0.002184694167226553
vn 0.9886130690574646 0.15046414732933044 0.002184694167226553
vn 0.9886130690574646 0.15046414732933044 0.002184694167226553
vn 0.9886130690574646 0.15046414732933044 0.002184694167226553
vn 0.8397637009620667 -0.5429477095603943 0.002184694167226553
vn 0.8397637009620667 -0.5429477095603943 0.002184694167226553
vn 0.8397637009620667 -0.5429477095603943 0.002184694167226553
vn -0.7384083271026611 -0.6743503212928772 0.002184694167226553
vn -0.7384083271026611 -0.6743503212928772 0.002184694167226553
vn -0.7384083271026611 -0.6743503212928772 0.002184694167226553
vn 0.963268518447876 -0.2685312330722809 0.002184694167226553
vn 0.963268518447876 -0.2685312330722809 0.002184694167226553
vn 0.963268518447876 -0.2685312330722809 0.002184694167226553
vn -0.9709395170211792 -0.23931509256362915 0.002184694167226553
vn -0.9709395170211792 -0.23931509256362915 0.002184694167226553
vn -0.9709395170211792 -0.23931509256362915 0.002184694167226553
vn 0.007551815826445818 -0.9999691247940063 0.002184694167226553
vn 3.097898456858039e-13 -0.999997615814209 0.002184694167226553
vn 3.097898456858039e-13 -0.999997615814209 0.002184694167226553
vn -0.9886130690574646 -0.15046414732933044 0.002184694167226553
vn -0.9886130690574646 -0.15046414732933044 0.002184694167226553
vn -0.9886130690574646 -0.15046414732933044 0.002184694167226553
vn 0.38268253207206726 0.9238772988319397 0.002184694167226553
vn 0.38268253207206726 0.9238772988319397 0.002184694167226553
vn 0.38268253207206726 0.9238772988319397 0.002184694167226553
vn 0.6459943652153015 0.7633390426635742 0.002184694167226553
vn 0.6459943652153015 0.7633390426635742 0.002184694167226553
vn 0.6459943652153015 0.7633390426635742 0.002184694167226553
vn 0.7485089898109436 -0.6631211042404175 0.002184694167226553
vn 0.7485089898109436 -0.6631211042404175 0.002184694167226553
vn 0.7485089898109436 -0.6631211042404175 0.002184694167226553
vn -0.963268518447876 0.2685312330722809 0.002184694167226553
vn -0.963268518447876 0.2685312330722809 0.002184694167226553
vn -0.963268518447876 0.2685312330722809 0.002184694167226553
vn -0.9591029286384583 0.283049076795578 0.002184694167226553
vn -0.9591029286384583 0.283049076795578 0.002184694167226553
vn -0.9591029286384583 0.283049076795578 0.002184694167226553
vn 0.05283859372138977 -0.9986006617546082 0.002184694167226553
vn 0.05283859372138977 -0.9986006617546082 0.002184694167226553
vn 0.05283859372138977 -0.9986006617546082 0.002184694167226553
vn -0.25395211577415466 0.9672143459320068 0.002184694167226553
vn -0.25395211577415466 0.9672143459320068 0.002184694167226553
vn -0.25395211577415466 0.9672143459320068 0.002184694167226553
vn 0.38268253207206726 -0.9238772988319397 0.002184694167226553
vn 0.38268253207206726 -0.9238772988319397 0.002184694167226553
vn 0.38268253207206726 -0.9238772988319397 0.002184694167226553
vn -0.74347984790802 0.6687547564506531 0.002184694167226553
vn -0.74347984790802 0.6687547564506531 0.002184694167226553
vn -0.74347984790802 0.6687547564506531 0.002184694167226553
vn 0.48466166853904724 -0.8746989965438843 0.002184694167226553
vn 0.48466166853904724 -0.8746989965438843 0.002184694167226553
vn 0.48466166853904724 -0.8746989965438843 0.002184694167226553
vn -0.5618321895599365 0.8272483348846436 0.002184694167226553
vn -0.5618321895599365 0.8272483348846436 0.002184694167226553
vn -0.5618321895599365 0.8272483348846436 0.002184694167226553
vn 0.6226444840431213 -0.7825018167495728 0.002184694167226553
vn 0.6226444840431213 -0.7825018167495728 0.002184694167226553
vn 0.6226444840431213 -0.7825018167495728 0.002184694167226553
vn -0.4104118347167969 0.9118976593017578 0.002184694167226553
vn -0.4104118347167969 0.9118976593017578 0.002184694167226553
vn -0.4104118347167969 0.9118976593017578 0.002184694167226553
vn 0.7633390426635742 -0.6459943652153015 0.002184694167226553
vn 0.7633390426635742 -0.6459943652153015 0.002184694167226553
vn 0.7633390426635742 -0.6459943652153015 0.002184694167226553
vn -0.21725822985172272 0.9761117100715637 0.002184694167226553
vn -0.21725822985172272 0.9761117100715637 0.002184694167226553
vn -0.21725822985172272 0.9761117100715637 0.002184694167226553
vn 0.19508986175060272 -0.9807829260826111 0.002184694167226553
vn 0.19508986175060272 -0.9807829260826111 0.002184694167226553
vn 0.19508986175060272 -0.9807829260826111 0.002184694167226553
vn -0.10552956163883209 0.9944137930870056 0.002184694167226553
vn -0.10552956163883209 0.9944137930870056 0.002184694167226553
vn -0.10552956163883209 0.9944137930870056 0.002184694167226553
vn -0.7485089898109436 0.6631211042404175 0.002184694167226553
vn -0.7485089898109436 0.6631211042404175 0.002184694167226553
vn -0.7485089898109436 0.6631211042404175 0.002184694167226553
vn -0.9998835325241089 0.015103200450539589 0.002184694167226553
vn -0.9999691247940063 0.007551815826445818 0.002184694167226553
vn -0.9999691247940063 0.007551815826445818 0.002184694167226553
vn -0.31905397772789 -0.947733998298645 0.002184694167226553
vn -0.31905397772789 -0.947733998298645 0.002184694167226553
vn -0.31905397772789 -0.947733998298645 0.002184694167226553
vn 0.9452975392341614 -0.32620200514793396 0.002184694167226553
vn 0.9452975392341614 -0.32620200514793396 0.002184694167226553
vn 0.9452975392341614 -0.32620200514793396 0.002184694167226553
vn 0.0904986634850502 0.995894193649292 0.002184694167226553
vn 0.04529581964015961 0.9989712238311768 0.002184694167226553
vn 0.04529581964015961 0.9989712238311768 0.002184694167226553
vn -0.6631211042404175 -0.7485089898109436 0.002184694167226553
vn -0.6631211042404175 -0.7485089898109436 0.002184694167226553
vn -0.6631211042404175 -0.7485089898109436 0.002184694167226553
vn -0.963268518447876 0.2685312330722809 0.002184694167226553
vn -0.963268518447876 0.2685312330722809 0.002184694167226553
vn -0.963268518447876 0.2685312330722809 0.002184694167226553
vn 0.995894193649292 0.0904986634850502 0.002184694167226553
vn 0.995894193649292 0.0904986634850502 0.002184694167226553
vn 0.995894193649292 0.0904986634850502 0.002184694167226553
vn -0.8397637009620667 0.5429477095603943 0.002184694167226553
vn -0.8397637009620667 0.5429477095603943 0.002184694167226553
vn -0.8397637009620667 0.5429477095603943 0.002184694167226553
vn -0.5365904569625854 -0.8438400030136108 0.002184694167226553
vn -0.5365904569625854 -0.8438400030136108 0.002184694167226553
vn -0.5365904569625854 -0.8438400030136108 0.002184694167226553
vn 0.9886130690574646 0.15046414732933044 0.002184694167226553
vn 0.9886130690574646 0.15046414732933044 0.002184694167226553
vn 0.9886130690574646 0.15046414732933044 0.002184694167226553
vn -0.6799074411392212 0.733294665813446 0.002184694167226553
vn -0.6799074411392212 0.733294665813446 0.002184694167226553
vn -0.6799074411392212 0.733294665813446 0.002184694167226553
vn 0.74347984790802 0.6687547564506531 0.002184694167226553
vn 0.74347984790802 0.6687547564506531 0.002184694167226553
vn 0.74347984790802 0.6687547564506531 0.002184694167226553
vn -0.5618321895599365 0.8272483348846436 0.002184694167226553
vn -0.5618321895599365 0.8272483348846436 0.002184694167226553
vn -0.5618321895599365 0.8272483348846436 0.002184694167226553
vn -0.9897211194038391 -0.1429940164089203 0.002184694167226553
vn -0.9897211194038391 -0.1429940164089203 0.002184694167226553
vn -0.9897211194038391 -0.1429940164089203 0.002184694167226553
vn 0.2685312330722809 0.963268518447876 0.002184694167226553
vn 0.2685312330722809 0.963268518447876 0.002184694167226553
vn 0.2685312330722809 0.963268518447876 0.002184694167226553
vn -0.18767757713794708 -0.9822282791137695 0.002184694167226553
vn -0.18767757713794708 -0.9822282791137695 0.002184694167226553
vn -0.18767757713794708 -0.9822282791137695 0.002184694167226553
vn 0.8854539394378662 0.46472206711769104 0.002184694167226553
vn 0.8854539394378662 0.46472206711769104 0.002184694167226553
vn 0.8854539394378662 0.46472206711769104 0.002184694167226553
vn -0.38268253207206726 0.9238772988319397 0.002184694167226553
vn -0.38268253207206726 0.9238772988319397 0.002184694167226553
vn -0.38268253207206726 0.9238772988319397 0.002184694167226553
vn -0.45802199840545654 -0.8889381885528564 0.002184694167226553
vn -0.45802199840545654 -0.8889381885528564 0.002184694167226553
vn -0.45802199840545654 -0.8889381885528564 0.002184694167226553
vn 0.5429477095603943 0.8397637009620667 0.002184694167226553
vn 0.5429477095603943 0.8397637009620667 0.002184694167226553
vn 0.5429477095603943 0.8397637009620667 0.002184694167226553
vn 0.9612131118774414 0.2757980227470398 0.002184694167226553
vn 0.9612131118774414 0.2757980227470398 0.002184694167226553
vn 0.9612131118774414 0.2757980227470398 0.002184694167226553
vn -0.8923717141151428 0.4512958228588104 0.002184694167226553
vn -0.8923717141151428 0.4512958228588104 0.002184694167226553
vn -0.8923717141151428 0.4512958228588104 0.002184694167226553
vn -0.9744431972503662 -0.22462347149848938 0.002184694167226553
vn -0.9744431972503662 -0.22462347149848938 0.002184694167226553
vn -0.9744431972503662 -0.22462347149848938 0.002184694167226553
vn 0.733294665813446 0.6799074411392212 0.002184694167226553
vn 0.733294665813446 0.6799074411392212 0.002184694167226553
vn 0.733294665813446 0.6799074411392212 0.002184694167226553
vn 0.9907727837562561 -0.1355157196521759 0.002184694167226553
vn 0.9907727837562561 -0.1355157196521759 0.002184694167226553
vn 0.9907727837562561 -0.1355157196521759 0.002184694167226553
vn 0.9569380283355713 0.2902839779853821 0.002184694167226553
vn 0.9569380283355713 0.2902839779853821 0.002184694167226553
vn 0.9569380283355713 0.2902839779853821 0.002184694167226553
vn -0.1429940164089203 0.9897211194038391 0.002184694167226553
vn -0.1429940164089203 0.9897211194038391 0.002184694167226553
vn -0.1429940164089203 0.9897211194038391 0.002184694167226553
vn -0.8889381885528564 -0.45802199840545654 0.002184694167226553
vn -0.8889381885528564 -0.45802199840545654 0.002184694167226553
vn -0.8889381885528564 -0.45802199840545654 0.002184694167226553
vn 0.8272483348846436 0.5618321895599365 0.002184694167226553
vn 0.8272483348846436 0.5618321895599365 0.002184694167226553
vn 0.8272483348846436 0.5618321895599365 0.002184694167226553
vn -0.7384083271026611 -0.6743503212928772 0.002184694167226553
vn -0.7384083271026611 -0.6743503212928772 0.002184694167226553
vn -0.7384083271026611 -0.6743503212928772 0.002184694167226553
vn 0.935014009475708 -0.354604035615921 0.002184694167226553
vn 0.935014009475708 -0.354604035615921 0.002184694167226553
vn 0.935014009475708 -0.354604035615921 0.002184694167226553
vn -0.5429477095603943 -0.8397637009620667 0.002184694167226553
vn -0.5429477095603943 -0.8397637009620667 0.002184694167226553
vn -0.5429477095603943 -0.8397637009620667 0.002184694167226553
vn 0.9238772988319397 0.38268253207206726 0.002184694167226553
vn 0.9238772988319397 0.38268253207206726 0.002184694167226553
vn 0.9238772988319397 0.38268253207206726 0.002184694167226553
vn -0.9986006617546082 0.05283859372138977 0.002184694167226553
vn -0.9986006617546082 0.05283859372138977 0.002184694167226553
vn -0.9986006617546082 0.05283859372138977 0.002184694167226553
vn -0.947733998298645 -0.31905397772789 0.002184694167226553
vn -0.947733998298645 -0.31905397772789 0.002184694167226553
vn -0.947733998298645 -0.31905397772789 0.002184694167226553
vn 0.7177039980888367 0.6963448524475098 0.002184694167226553
vn 0.7177039980888367 0.6963448524475098 0.002184694167226553
vn 0.9267409443855286 0.3756946325302124 0.002184694167226553
vn 0.9267409443855286 0.3756946325302124 0.002184694167226553
vn 0.999997615814209 0 -0.002184694167226553
vn 0.999997615814209 0 0.002184694167226553
vn -0.7281392216682434 0.6854257583618164 0.002184694167226553
vn -0.9295517206192017 0.3686853349208832 0.002184694167226553
vn -0.7281392216682434 0.6854257583618164 0.002184694167226553
vn -0.9295517206192017 0.3686853349208832 0.002184694167226553
vn -0.999997615814209 -2.0682260971124217e-13 0.002184694167226553
vn -0.999997615814209 -2.0682260971124217e-13 0.002184694167226553
vn -0.33385711908340454 0.10729071497917175 0.9364978075027466
vn -0.2678140103816986 0.09570079296827316 0.9587059020996094
vn -0.2678140103816986 0.09570079296827316 0.9587059020996094
vn -0.0650569349527359 0.02543783001601696 0.9975572824478149
vn -0.10272310674190521 0.036507800221443176 0.9940398335456848
vn -0.07191655784845352 0.018312204629182816 0.9972425103187561
vn 0 0 1
vn 0 0 1
vn -0.05820975452661514 0.03861492872238159 0.9975572824478149
vn -0.04873188957571983 0.0500468909740448 0.9975572824478149
vn -0.07967404276132584 0.07441036403179169 0.9940398335456848
vn -0.2053697258234024 0.1510690301656723 0.9669547080993652
vn -0.2053697258234024 0.1510690301656723 0.9669547080993652
vn -0.2519976496696472 0.1570713371038437 0.9548956751823425
vn -0.09314683079719543 0.05664383992552757 0.9940398335456848
vn -0.2405397742986679 0.12657180428504944 0.962351381778717
vn -0.2405397742986679 0.12657180428504944 0.962351381778717
vn -0.29650047421455383 0.1451704055070877 0.9439348578453064
vn 0 0 1
vn -0.04313615337014198 0.05494324862957001 0.9975572824478149
vn -0.02625901624560356 0.050333619117736816 0.9983872175216675
vn -0.05667999014258385 0.098172627389431 0.9935539960861206
vn -0.14867110550403595 0.22250203788280487 0.9635298252105713
vn -0.14867110550403595 0.22250203788280487 0.9635298252105713
vn -0.18614959716796875 0.25748980045318604 0.9481810927391052
vn -0.06272837519645691 0.08379530161619186 0.9945066571235657
vn -0.1758219450712204 0.19041039049625397 0.9658315181732178
vn -0.1758219450712204 0.19041039049625397 0.9658315181732178
vn -0.2233966886997223 0.2141083925962448 0.9509214162826538
vn 0 0 1
vn 0 0 1
vn 0 0 1
vn 0 0 1
vn 0 0 1
vn 0 0 1
vn -0.01960691064596176 0.05327830836176872 0.9983872175216675
vn -0.03643837198615074 0.10734397917985916 0.9935539960861206
vn -0.10047882050275803 0.2389005571603775 0.9658315181732178
vn -0.10047882050275803 0.2389005571603775 0.9658315181732178
vn -0.1374828964471817 0.26319703459739685 0.9548956751823425
vn 0 0 1
vn -0.00922771729528904 0.07363543659448624 0.9972425103187561
vn 0.005545822903513908 0.07400386035442352 0.9972425103187561
vn 0.007439630106091499 0.10876353830099106 0.9940398335456848
vn 0.0018760409438982606 0.2591639459133148 0.9658315181732178
vn 0.0018760409438982606 0.2591639459133148 0.9658315181732178
vn -0.015009140595793724 0.30073660612106323 0.953589141368866
vn 0 0 1
vn -0.01479644700884819 0.11239016801118851 0.9935539960861206
vn -0.05594372749328613 0.2788427770137787 0.9587059020996094
vn -0.05594372749328613 0.2788427770137787 0.9587059020996094
vn -0.07830242812633514 0.3334047794342041 0.9395264387130737
vn 0 0 1
vn 0.012886669486761093 0.07308393716812134 0.9972425103187561
vn 0.02716066502034664 0.0643567144870758 0.9975572824478149
vn 0.036579571664333344 0.09807363152503967 0.9945066571235657
vn 0.08126417547464371 0.2549635171890259 0.9635298252105713
vn 0.08126417547464371 0.2549635171890259 0.9635298252105713
vn 0.08906848728656769 0.31788957118988037 0.9439348578453064
vn 0.02211543545126915 0.11118180304765701 0.9935539960861206
vn 0.041231293231248856 0.27715760469436646 0.9599394202232361
vn 0.041231293231248856 0.27715760469436646 0.9599394202232361
vn 0.03380253165960312 0.3408040702342987 0.9395264387130737
vn 0 0 1
vn 0.033847492188215256 0.061105117201805115 0.9975572824478149
vn 0.04631122574210167 0.04631122574210167 0.9978529810905457
vn 0.06894835084676743 0.07288085669279099 0.994954526424408
vn 0.1556563526391983 0.20722106099128723 0.9658315181732178
vn 0.1556563526391983 0.20722106099128723 0.9658315181732178
vn 0.18001607060432434 0.26181459426879883 0.9481810927391052
vn 0.051230061799287796 0.086261086165905 0.994954526424408
vn 0.11749386042356491 0.23100793361663818 0.9658315181732178
vn 0.11749386042356491 0.23100793361663818 0.9658315181732178
vn 0.13446761667728424 0.28787344694137573 0.9481810927391052
vn 0 0 1
vn 0.05120524391531944 0.04083481803536415 0.9978529810905457
vn 0.04444508254528046 0.027772368863224983 0.9986256957054138
vn 0.09679519385099411 0.05015522614121437 0.9940398335456848
vn 0.2513248920440674 0.15015962719917297 0.9561840295791626
vn 0.2513248920440674 0.15015962719917297 0.9561840295791626
vn 0.3128823935985565 0.19945190846920013 0.9286137819290161
vn 0.07893171161413193 0.06192963197827339 0.994954526424408
vn 0.19953453540802002 0.1783149540424347 0.9635298252105713
vn 0.19953453540802002 0.1783149540424347 0.9635298252105713
vn 0.24096380174160004 0.23164959251880646 0.9424833655357361
vn 0 0 1
vn 0 0 1
vn 0 0 1
vn 0 0 1
vn 0 0 1
vn 0 0 1
vn 0.05262250453233719 0.02130449004471302 0.9983872175216675
vn 0.10473096370697021 0.0433809868991375 0.9935539960861206
vn 0.2834889590740204 0.12402620911598206 0.9509214162826538
vn 0.2834889590740204 0.12402620911598206 0.9509214162826538
vn 0.35365617275238037 0.16733187437057495 0.9202865362167358
vn 0 0 1
vn 0.0738425999879837 0.007389066740870476 0.9972425103187561
vn 0.0738425999879837 -0.007389066740870476 0.9972425103187561
vn 0.11239016801118851 -0.01479644700884819 0.9935539960861206
vn 0.27980372309684753 -0.015040604397654533 0.9599394202232361
vn 0.27980372309684753 -0.015040604397654533 0.9599394202232361
vn 0.3342530131340027 0 0.9424833655357361
vn 0 0 1
vn 0.11239016801118851 0.01479644700884819 0.9935539960861206
vn 0.29228392243385315 0.052386339753866196 0.9548956751823425
vn 0.29228392243385315 0.052386339753866196 0.9548956751823425
vn 0.359327495098114 0.07458572834730148 0.9302261471748352
vn 0 0 1
vn 0.07273994386196136 -0.014704696834087372 0.9972425103187561
vn 0.06838401407003403 -0.028826279565691948 0.9972425103187561
vn 0.09999225288629532 -0.04343276470899582 0.9940398335456848
vn 0.26143816113471985 -0.08849853277206421 0.961154580116272
vn 0.26143816113471985 -0.08849853277206421 0.961154580116272
vn 0.3221215307712555 -0.08923456072807312 0.9424833655357361
vn 0.11118180304765701 -0.02211543545126915 0.9935539960861206
vn 0.2850619852542877 -0.044958941638469696 0.9574540853500366
vn 0.2850619852542877 -0.044958941638469696 0.9574540853500366
vn 0.35188859701156616 -0.04506109654903412 0.9349566102027893
vn 0 0 1
vn 0.06018242612481117 -0.0354621484875679 0.9975572824478149
vn 0.04631122574210167 -0.04631122574210167 0.9978529810905457
vn 0.07414250075817108 -0.06758981943130493 0.994954526424408
vn 0.20311930775642395 -0.1540815383195877 0.9669547080993652
vn 0.20311930775642395 -0.1540815383195877 0.9669547080993652
vn 0.25343412160873413 -0.17018738389015198 0.9522643685340881
vn 0.08719303458929062 -0.04962730407714844 0.994954526424408
vn 0.23185236752033234 -0.11581860482692719 0.9658315181732178
vn 0.23185236752033234 -0.11581860482692719 0.9658315181732178
vn 0.2834889590740204 -0.12402620911598206 0.9509214162826538
vn 0 0 1
vn 0.04083481803536415 -0.05120524391531944 0.9978529810905457
vn 0.029429951682686806 -0.04854778200387955 0.9983872175216675
vn 0.05667999014258385 -0.098172627389431 0.9935539960861206
vn 0.15917611122131348 -0.23060640692710876 0.9599394202232361
vn 0.15917611122131348 -0.23060640692710876 0.9599394202232361
vn 0.20759576559066772 -0.26720184087753296 0.9410139322280884
vn 0.06337762624025345 -0.07777383923530579 0.994954526424408
vn 0.17326374351978302 -0.181219682097435 0.9680594801902771
vn 0.17326374351978302 -0.181219682097435 0.9680594801902771
vn 0.22072991728782654 -0.20480743050575256 0.953589141368866
vn 0 0 1
vn 0 0 1
vn 0 0 1
vn 0 0 1
vn 0 0 1
vn 0 0 1
vn 0.022980179637670517 -0.05191262438893318 0.9983872175216675
vn 0.04889439418911934 -0.10706378519535065 0.9930492043495178
vn 0.14010384678840637 -0.24266697466373444 0.9599394202232361
vn 0.14010384678840637 -0.24266697466373444 0.9599394202232361
vn 0.17896807193756104 -0.27248701453208923 0.9453682899475098
vn 0 0 1
vn 0.005545822903513908 -0.07400386035442352 0.9972425103187561
vn -0.00922771729528904 -0.07363543659448624 0.9972425103187561
vn -0.01479644700884819 -0.11239016801118851 0.9935539960861206
vn -0.011282825842499733 -0.27998045086860657 0.9599394202232361
vn -0.011282825842499733 -0.27998045086860657 0.9599394202232361
vn -0.0018818661337718368 -0.33424773812294006 0.9424833655357361
vn 0 0 1
vn 0.01479644700884819 -0.11239016801118851 0.9935539960861206
vn 0.0541212372481823 -0.28772035241127014 0.9561840295791626
vn 0.0541212372481823 -0.28772035241127014 0.9561840295791626
vn 0.07474100589752197 -0.34679946303367615 0.9349566102027893
vn 0 0 1
vn -0.016513584181666374 -0.07235074043273926 0.9972425103187561
vn -0.023696966469287872 -0.06571105122566223 0.9975572824478149
vn -0.036579571664333344 -0.09807363152503967 0.9945066571235657
vn -0.09229306131601334 -0.26457199454307556 0.9599394202232361
vn -0.09229306131601334 -0.26457199454307556 0.9599394202232361
vn -0.10190756618976593 -0.33553943037986755 0.9364978075027466
vn -0.02211543545126915 -0.11118180304765701 0.9935539960861206
vn -0.052386339753866196 -0.29228392243385315 0.9548956751823425
vn -0.052386339753866196 -0.29228392243385315 0.9548956751823425
vn -0.056186940521001816 -0.3667689561843872 0.9286137819290161
vn 0 0 1
vn -0.037051670253276825 -0.05921707674860954 0.9975572824478149
vn -0.04631122574210167 -0.04631122574210167 0.9978529810905457
vn -0.06620820611715317 -0.07537882775068283 0.994954526424408
vn -0.15863995254039764 -0.20494593679904938 0.9658315181732178
vn -0.15863995254039764 -0.20494593679904938 0.9658315181732178
vn -0.18001607060432434 -0.26181459426879883 0.9481810927391052
vn -0.054382551461458206 -0.08430914580821991 0.994954526424408
vn -0.12082582712173462 -0.22928278148174286 0.9658315181732178
vn -0.12082582712173462 -0.22928278148174286 0.9658315181732178
vn -0.12763088941574097 -0.2909691035747528 0.9481810927391052
vn 0 0 1
vn -0.05120524391531944 -0.04083481803536415 0.9978529810905457
vn -0.0511494018137455 -0.024632252752780914 0.9983872175216675
vn -0.10166947543621063 -0.05013783648610115 0.9935539960861206
vn -0.2418012022972107 -0.14971697330474854 0.9587059020996094
vn -0.2418012022972107 -0.14971697330474854 0.9587059020996094
vn -0.28397247195243835 -0.19144101440906525 0.9395264387130737
vn -0.07658941298723221 -0.06480398029088974 0.994954526424408
vn -0.18093909323215485 -0.17960962653160095 0.9669547080993652
vn -0.18093909323215485 -0.17960962653160095 0.9669547080993652
vn -0.21274958550930023 -0.22469110786914825 0.9509214162826538
vn 0 0 1
vn 0 0 1
vn 0 0 1
vn 0 0 1
vn 0 0 1
vn 0 0 1
vn -0.05387936905026436 -0.01788918301463127 0.9983872175216675
vn -0.10473096370697021 -0.0433809868991375 0.9935539960861206
vn -0.2953076958656311 -0.11724346876144409 0.9481810927391052
vn -0.2953076958656311 -0.11724346876144409 0.9481810927391052
vn -0.37977010011672974 -0.15781556069850922 0.9115201234817505
vn 0 0 1
vn -0.07338248938322067 -0.011060630902647972 0.9972425103187561
vn -0.07411912083625793 0.003699131542816758 0.9972425103187561
vn -0.1131172701716423 0.007414097432047129 0.9935539960861206
vn 0 0 1
vn -0.11239016801118851 -0.01479644700884819 0.9935539960861206
vn -0.30559349060058594 -0.0485912561416626 0.9509214162826538
vn -0.30559349060058594 -0.0485912561416626 0.9509214162826538
vn -0.39068591594696045 -0.05997367948293686 0.9185682535171509
vn -0.11118180304765701 0.02211543545126915 0.9935539960861206
vn -0.3043248653411865 0.05598974600434303 0.9509214162826538
vn -0.3043248653411865 0.05598974600434303 0.9509214162826538
vn -0.3894732594490051 0.06740099936723709 0.9185682535171509
vn -0.3002689480781555 0.022502046078443527 0.953589141368866
vn -0.3002689480781555 0.022502046078443527 0.953589141368866
vn -0.3820067346096039 0.03006458282470703 0.9236704111099243
vn 0.6799074411392212 -0.733294665813446 0.002184694167226553
vn 0.9209610223770142 -0.38964858651161194 0.002184694167226553
vn 0.6799074411392212 -0.733294665813446 0.002184694167226553
vn 0.9209610223770142 -0.38964858651161194 0.002184694167226553
vn 0.9997409582138062 0.022653724998235703 0.002184694167226553
vn 0.9997409582138062 0.022653724998235703 0.002184694167226553
vn -0.6687547564506531 -0.74347984790802 0.002184694167226553
vn -0.9118976593017578 -0.4104118347167969 0.002184694167226553
vn -0.6687547564506531 -0.74347984790802 0.002184694167226553
vn -0.9118976593017578 -0.4104118347167969 0.002184694167226553
vn -0.9999691247940063 0.007551815826445818 -0.002184694167226553
vn -0.9999691247940063 0.007551815826445818 0.002184694167226553
vn -0.7229422330856323 0.6909050345420837 0.002184694167226553
vn -0.3965924084186554 0.9179922342300415 0.002184694167226553
vn -0.7229422330856323 0.6909050345420837 0.002184694167226553
vn -0.3965924084186554 0.9179922342300415 0.002184694167226553
vn 0.04529581964015961 0.9989712238311768 -0.002184694167226553
vn 0.04529581964015961 0.9989712238311768 0.002184694167226553
vn -0.7071051001548767 -0.7071051001548767 0.002184694167226553
vn -0.38268253207206726 -0.9238772988319397 0.002184694167226553
vn -0.7071051001548767 -0.7071051001548767 0.002184694167226553
vn -0.38268253207206726 -0.9238772988319397 0.002184694167226553
vn 3.097898456858039e-13 -0.999997615814209 0.002184694167226553
vn 3.097898456858039e-13 -0.999997615814209 0.002184694167226553
vn 0.7281392216682434 0.6854257583618164 0.002184694167226553
vn 0.3965924084186554 0.9179922342300415 0.002184694167226553
vn 0.7281392216682434 0.6854257583618164 0.002184694167226553
vn 0.3965924084186554 0.9179922342300415 0.002184694167226553
vn -1.0341130485562108e-13 0.999997615814209 0.002184694167226553
vn -1.0341130485562108e-13 0.999997615814209 0.002184694167226553
vn 0.74347984790802 -0.6687547564506531 0.002184694167226553
vn 0.4035136103630066 -0.9149710536003113 0.002184694167226553
vn 0.74347984790802 -0.6687547564506531 0.002184694167226553
vn 0.4035136103630066 -0.9149710536003113 0.002184694167226553
vn 3.097898456858039e-13 -0.999997615814209 0.002184694167226553
vn 3.097898456858039e-13 -0.999997615814209 0.002184694167226553
vn 0.9672143459320068 0.25395211577415466 0.002184694167226553
vn 0.9672143459320068 0.25395211577415466 0.002184694167226553
vn 0.9672143459320068 0.25395211577415466 0.002184694167226553
vn 0.9672143459320068 0.25395211577415466 0.002184694167226553
vn -0.15792569518089294 0.9874485731124878 -0.002184694167226553
vn -0.15792569518089294 0.9874485731124878 -0.002184694167226553
vn 0.15792569518089294 0.9874485731124878 0.002184694167226553
vn 0.15792569518089294 0.9874485731124878 0.002184694167226553
vn 0.5555689334869385 -0.8314676284790039 0.002184694167226553
vn 0.5555689334869385 -0.8314676284790039 0.002184694167226553
vn 0.5555689334869385 -0.8314676284790039 0.002184694167226553
vn 0.5555689334869385 -0.8314676284790039 0.002184694167226553
vn -0.007551815826445818 -0.9999691247940063 0.002184694167226553
vn -0.007551815826445818 -0.9999691247940063 0.002184694167226553
vn -0.007551815826445818 -0.9999691247940063 0.002184694167226553
vn -0.007551815826445818 -0.9999691247940063 0.002184694167226553
vn -0.6107551455497742 -0.7918164730072021 0.002184694167226553
vn -0.6107551455497742 -0.7918164730072021 0.002184694167226553
vn -0.6107551455497742 -0.7918164730072021 0.002184694167226553
vn -0.6107551455497742 -0.7918164730072021 0.002184694167226553
vn 0.8889381885528564 0.45802199840545654 0.002184694167226553
vn 0.8889381885528564 0.45802199840545654 0.002184694167226553
vn 0.9874485731124878 0.15792569518089294 0.002184694167226553
vn 0.9874485731124878 0.15792569518089294 0.002184694167226553
vn -0.11303620040416718 -0.9935884475708008 0.002184694167226553
vn -0.11303620040416718 -0.9935884475708008 0.002184694167226553
vn -0.11303620040416718 -0.9935884475708008 0.002184694167226553
vn -0.11303620040416718 -0.9935884475708008 0.002184694167226553
vn -0.5987265110015869 -0.8009505867958069 0.002184694167226553
vn -0.5987265110015869 -0.8009505867958069 0.002184694167226553
vn -0.5987265110015869 -0.8009505867958069 0.002184694167226553
vn -0.5987265110015869 -0.8009505867958069 0.002184694167226553
vn -0.4713956117630005 0.8819191455841064 0.002184694167226553
vn -0.4713956117630005 0.8819191455841064 0.002184694167226553
vn -0.4713956117630005 0.8819191455841064 0.002184694167226553
vn -0.4713956117630005 0.8819191455841064 0.002184694167226553
vn -0.8272483348846436 -0.5618321895599365 0.002184694167226553
vn -0.8272483348846436 -0.5618321895599365 0.002184694167226553
vn -0.8272483348846436 -0.5618321895599365 0.002184694167226553
vn -0.8272483348846436 -0.5618321895599365 0.002184694167226553
vn 0.7229422330856323 0.6909050345420837 0.002184694167226553
vn 0.7229422330856323 0.6909050345420837 0.002184694167226553
vn 0.7229422330856323 0.6909050345420837 0.002184694167226553
vn 0.7229422330856323 0.6909050345420837 0.002184694167226553
vn -0.8923717141151428 -0.4512958228588104 0.002184694167226553
vn -0.8923717141151428 -0.4512958228588104 0.002184694167226553
vn -0.9874485731124878 -0.15792569518089294 0.002184694167226553
vn -0.9874485731124878 -0.15792569518089294 0.002184694167226553
vn -0.7384083271026611 -0.6743503212928772 0.002184694167226553
vn -0.7384083271026611 -0.6743503212928772 0.002184694167226553
vn -0.7384083271026611 -0.6743503212928772 0.002184694167226553
vn -0.7384083271026611 -0.6743503212928772 0.002184694167226553
vn 0.878334105014801 -0.47804227471351624 0.002184694167226553
vn 0.878334105014801 -0.47804227471351624 0.002184694167226553
vn 0.878334105014801 -0.47804227471351624 0.002184694167226553
vn 0.878334105014801 -0.47804227471351624 0.002184694167226553
vn -0.5492739677429199 -0.835639476776123 0.002184694167226553
vn -0.5492739677429199 -0.835639476776123 0.002184694167226553
vn -0.5492739677429199 -0.835639476776123 0.002184694167226553
vn -0.5492739677429199 -0.835639476776123 0.002184694167226553
vn 0.12053639441728592 0.9927064776420593 0.002184694167226553
vn 0.12053639441728592 0.9927064776420593 0.002184694167226553
vn 0.12053639441728592 0.9927064776420593 0.002184694167226553
vn 0.12053639441728592 0.9927064776420593 0.002184694167226553
vn 0.5987265110015869 0.8009505867958069 0.002184694167226553
vn 0.5987265110015869 0.8009505867958069 0.002184694167226553
vn 0.5987265110015869 0.8009505867958069 0.002184694167226553
vn 0.5987265110015869 0.8009505867958069 0.002184694167226553
vn -0.9874485731124878 -0.15792569518089294 -0.002184694167226553
vn -0.9874485731124878 -0.15792569518089294 0.002184694167226553
vn -0.9874485731124878 0.15792569518089294 -0.002184694167226553
vn -0.9874485731124878 0.15792569518089294 0.002184694167226553
vn 0.8009505867958069 0.5987265110015869 0.002184694167226553
vn 0.8009505867958069 0.5987265110015869 0.002184694167226553
vn 0.8009505867958069 0.5987265110015869 0.002184694167226553
vn 0.8009505867958069 0.5987265110015869 0.002184694167226553
vn 0.8990859389305115 -0.4377666711807251 0.002184694167226553
vn 0.8990859389305115 -0.4377666711807251 0.002184694167226553
vn 0.8990859389305115 -0.4377666711807251 0.002184694167226553
vn 0.8990859389305115 -0.4377666711807251 0.002184694167226553
vn 0.8143084645271301 0.5804283022880554 0.002184694167226553
vn 0.8143084645271301 0.5804283022880554 0.002184694167226553
vn 0.8143084645271301 0.5804283022880554 0.002184694167226553
vn 0.8143084645271301 0.5804283022880554 0.002184694167226553
vn 0.9999691247940063 -0.007551815826445818 0.002184694167226553
vn 0.9999691247940063 -0.007551815826445818 0.002184694167226553
vn 0.9999691247940063 -0.007551815826445818 0.002184694167226553
vn 0.9999691247940063 -0.007551815826445818 0.002184694167226553
vn 0.9149710536003113 0.4035136103630066 0.002184694167226553
vn 0.9149710536003113 0.4035136103630066 0.002184694167226553
vn 0.9149710536003113 0.4035136103630066 0.002184694167226553
vn 0.9149710536003113 0.4035136103630066 0.002184694167226553
vn 0.8054491877555847 -0.5926607847213745 0.002184694167226553
vn 0.8054491877555847 -0.5926607847213745 0.002184694167226553
vn 0.8054491877555847 -0.5926607847213745 0.002184694167226553
vn 0.8054491877555847 -0.5926607847213745 0.002184694167226553
vn 0.47804227471351624 0.878334105014801 0.002184694167226553
vn 0.47804227471351624 0.878334105014801 0.002184694167226553
vn 0.47804227471351624 0.878334105014801 0.002184694167226553
vn 0.47804227471351624 0.878334105014801 0.002184694167226553
vn -0.15792569518089294 -0.9874485731124878 0.002184694167226553
vn -0.15792569518089294 -0.9874485731124878 -0.002184694167226553
vn -0.4512958228588104 -0.8923717141151428 0.002184694167226553
vn -0.4512958228588104 -0.8923717141151428 -0.002184694167226553
vn -0.7071051001548767 -0.7071051001548767 0.002184694167226553
vn -0.7071051001548767 -0.7071051001548767 0.002184694167226553
vn -0.8923717141151428 -0.4512958228588104 0.002184694167226553
vn -0.8923717141151428 -0.4512958228588104 0.002184694167226553
vn -0.4512958228588104 -0.8923717141151428 0.002184694167226553
vn -0.4512958228588104 -0.8923717141151428 0.002184694167226553
vn -0.7071051001548767 -0.7071051001548767 0.002184694167226553
vn -0.7071051001548767 -0.7071051001548767 0.002184694167226553
vn 0.38268253207206726 -0.9238772988319397 0.002184694167226553
vn 0.38268253207206726 -0.9238772988319397 0.002184694167226553
vn 0.38268253207206726 -0.9238772988319397 0.002184694167226553
vn 0.38268253207206726 -0.9238772988319397 0.002184694167226553
vn -0.25395211577415466 -0.9672143459320068 0.002184694167226553
vn -0.25395211577415466 -0.9672143459320068 0.002184694167226553
vn -0.25395211577415466 -0.9672143459320068 0.002184694167226553
vn -0.25395211577415466 -0.9672143459320068 0.002184694167226553
vn 0.5618321895599365 -0.8272483348846436 0.002184694167226553
vn 0.5618321895599365 -0.8272483348846436 0.002184694167226553
vn 0.5618321895599365 -0.8272483348846436 0.002184694167226553
vn 0.5618321895599365 -0.8272483348846436 0.002184694167226553
vn 0.6743503212928772 -0.7384083271026611 0.002184694167226553
vn 0.6743503212928772 -0.7384083271026611 0.002184694167226553
vn 0.6743503212928772 -0.7384083271026611 0.002184694167226553
vn 0.6743503212928772 -0.7384083271026611 0.002184694167226553
vn 0.835639476776123 -0.5492739677429199 0.002184694167226553
vn 0.835639476776123 -0.5492739677429199 0.002184694167226553
vn 0.835639476776123 -0.5492739677429199 0.002184694167226553
vn 0.835639476776123 -0.5492739677429199 0.002184694167226553
vn 0.9672143459320068 -0.25395211577415466 0.002184694167226553
vn 0.9672143459320068 -0.25395211577415466 0.002184694167226553
vn 0.9672143459320068 -0.25395211577415466 0.002184694167226553
vn 0.9672143459320068 -0.25395211577415466 0.002184694167226553
vn 0.05283859372138977 -0.9986006617546082 0.002184694167226553
vn 0.05283859372138977 -0.9986006617546082 0.002184694167226553
vn 0.05283859372138977 -0.9986006617546082 0.002184694167226553
vn 0.05283859372138977 -0.9986006617546082 0.002184694167226553
vn 0.7584388852119446 -0.651740550994873 0.002184694167226553
vn 0.7584388852119446 -0.651740550994873 0.002184694167226553
vn 0.7584388852119446 -0.651740550994873 0.002184694167226553
vn 0.7584388852119446 -0.651740550994873 0.002184694167226553
vn 0.8272483348846436 -0.5618321895599365 0.002184694167226553
vn 0.8272483348846436 -0.5618321895599365 0.002184694167226553
vn 0.8272483348846436 -0.5618321895599365 0.002184694167226553
vn 0.8272483348846436 -0.5618321895599365 0.002184694167226553
vn -0.9951823353767395 -0.0980169028043747 0.002184694167226553
vn -0.9951823353767395 -0.0980169028043747 0.002184694167226553
vn -0.9951823353767395 -0.0980169028043747 0.002184694167226553
vn -0.9951823353767395 -0.0980169028043747 0.002184694167226553
vn 0.963268518447876 -0.2685312330722809 0.002184694167226553
vn 0.963268518447876 -0.2685312330722809 0.002184694167226553
vn 0.963268518447876 -0.2685312330722809 0.002184694167226553
vn 0.963268518447876 -0.2685312330722809 0.002184694167226553
vn 0.23197589814662933 -0.9727190732955933 0.002184694167226553
vn 0.23197589814662933 -0.9727190732955933 0.002184694167226553
vn 0.23197589814662933 -0.9727190732955933 0.002184694167226553
vn 0.23197589814662933 -0.9727190732955933 0.002184694167226553
vn -0.5926607847213745 -0.8054491877555847 0.002184694167226553
vn -0.5926607847213745 -0.8054491877555847 0.002184694167226553
vn -0.5926607847213745 -0.8054491877555847 0.002184694167226553
vn -0.5926607847213745 -0.8054491877555847 0.002184694167226553
vn -0.9874485731124878 0.15792569518089294 0.002184694167226553
vn -0.9874485731124878 0.15792569518089294 -0.002184694167226553
vn -0.8923717141151428 0.4512958228588104 0.002184694167226553
vn -0.8923717141151428 0.4512958228588104 -0.002184694167226553
vn -0.4377666711807251 -0.8990859389305115 0.002184694167226553
vn -0.4377666711807251 -0.8990859389305115 0.002184694167226553
vn -0.4377666711807251 -0.8990859389305115 0.002184694167226553
vn -0.4377666711807251 -0.8990859389305115 0.002184694167226553
vn 0.5680633783340454 -0.8229818940162659 0.002184694167226553
vn 0.5680633783340454 -0.8229818940162659 0.002184694167226553
vn 0.5680633783340454 -0.8229818940162659 0.002184694167226553
vn 0.5680633783340454 -0.8229818940162659 0.002184694167226553
vn 0.6854257583618164 -0.7281392216682434 0.002184694167226553
vn 0.6854257583618164 -0.7281392216682434 0.002184694167226553
vn 0.6854257583618164 -0.7281392216682434 0.002184694167226553
vn 0.6854257583618164 -0.7281392216682434 0.002184694167226553
vn -0.7071051001548767 0.7071051001548767 0.002184694167226553
vn -0.7071051001548767 0.7071051001548767 0.002184694167226553
vn -0.45802199840545654 0.8889381885528564 0.002184694167226553
vn -0.45802199840545654 0.8889381885528564 0.002184694167226553
vn -0.8923717141151428 0.4512958228588104 0.002184694167226553
vn -0.8923717141151428 0.4512958228588104 0.002184694167226553
vn -0.7071051001548767 0.7071051001548767 0.002184694167226553
vn -0.7071051001548767 0.7071051001548767 0.002184694167226553
vn -0.45802199840545654 0.8889381885528564 0.002184694167226553
vn -0.45802199840545654 0.8889381885528564 0.002184694167226553
vn -0.15792569518089294 0.9874485731124878 0.002184694167226553
vn -0.15792569518089294 0.9874485731124878 0.002184694167226553
vn 0.991767942905426 -0.1280297040939331 0.002184694167226553
vn 0.991767942905426 -0.1280297040939331 0.002184694167226553
vn 0.991767942905426 -0.1280297040939331 0.002184694167226553
vn 0.991767942905426 -0.1280297040939331 0.002184694167226553
vn 0.41728663444519043 -0.9087722897529602 0.002184694167226553
vn 0.41728663444519043 -0.9087722897529602 0.002184694167226553
vn 0.41728663444519043 -0.9087722897529602 0.002184694167226553
vn 0.41728663444519043 -0.9087722897529602 0.002184694167226553
vn -0.20988060534000397 0.9777246117591858 0.002184694167226553
vn -0.20988060534000397 0.9777246117591858 0.002184694167226553
vn -0.20988060534000397 0.9777246117591858 0.002184694167226553
vn -0.20988060534000397 0.9777246117591858 0.002184694167226553
vn -0.283049076795578 -0.9591029286384583 0.002184694167226553
vn -0.283049076795578 -0.9591029286384583 0.002184694167226553
vn -0.283049076795578 -0.9591029286384583 0.002184694167226553
vn -0.283049076795578 -0.9591029286384583 0.002184694167226553
vn -0.9761117100715637 -0.21725822985172272 0.002184694167226553
vn -0.9761117100715637 -0.21725822985172272 0.002184694167226553
vn -0.9761117100715637 -0.21725822985172272 0.002184694167226553
vn -0.9761117100715637 -0.21725822985172272 0.002184694167226553
vn 0.07314314693212509 -0.34713998436927795 -0.9349566102027893
vn 0.05083833634853363 -0.28831854462623596 -0.9561840295791626
vn 0.05083833634853363 -0.28831854462623596 -0.9561840295791626
vn 0.011346845887601376 -0.11279066652059555 -0.9935539960861206
vn 0.009528618305921555 -0.07359710335731506 -0.9972425103187561
vn 0.020404137670993805 -0.052978113293647766 -0.9983872175216675
vn -2.0682311115474694e-13 0 -1
vn 2.0682311115474694e-13 4.2775797696334704e-26 -1
vn -0.005727297160774469 -0.07399003952741623 -0.9972425103187561
vn -0.01330467127263546 -0.07300899922847748 -0.9972425103187561
vn -0.026279127225279808 -0.11027190089225769 -0.9935539960861206
vn -0.05445365235209465 -0.29190585017204285 -0.9548956751823425
vn -0.05445365235209465 -0.29190585017204285 -0.9548956751823425
vn -0.05280560255050659 -0.3672710359096527 -0.9286137819290161
vn -0.011346845887601376 -0.11279066652059555 -0.9935539960861206
vn -0.01321845967322588 -0.27989572286605835 -0.9599394202232361
vn -0.01321845967322588 -0.27989572286605835 -0.9599394202232361
vn -0.0037772103678435087 -0.3342316746711731 -0.9424833655357361
vn 2.0682311115474694e-13 4.2775797696334704e-26 -1
vn -0.02585538476705551 -0.06489212065935135 -0.9975572824478149
vn -0.03874358534812927 -0.09723906964063644 -0.9945066571235657
vn -0.09445470571517944 -0.2638079822063446 -0.9599394202232361
vn -0.09445470571517944 -0.2638079822063446 -0.9599394202232361
vn -0.10620147734880447 -0.3342052102088928 -0.9364978075027466
vn -0.13199001550674438 -0.28901782631874084 -0.9481810927391052
vn -0.11850383132696152 -0.23049145936965942 -0.9658315181732178
vn -0.11850383132696152 -0.23049145936965942 -0.9658315181732178
vn -0.05233971029520035 -0.0855923444032669 -0.994954526424408
vn -0.039200786501169205 -0.05781683698296547 -0.9975572824478149
vn 2.0682311115474694e-13 4.2775797696334704e-26 -1
vn -0.04494468495249748 -0.047638583928346634 -0.9978529810905457
vn -0.05017128586769104 -0.04209870845079422 -0.9978529810905457
vn -0.07548192143440247 -0.0660906434059143 -0.994954526424408
vn -0.1829271763563156 -0.1775844246149063 -0.9669547080993652
vn -0.1829271763563156 -0.1775844246149063 -0.9669547080993652
vn -0.2113243043422699 -0.22603212296962738 -0.9509214162826538
vn -0.06465037912130356 -0.07671911269426346 -0.994954526424408
vn -0.15689542889595032 -0.2062845081090927 -0.9658315181732178
vn -0.15689542889595032 -0.2062845081090927 -0.9658315181732178
vn -0.17809036374092102 -0.26312828063964844 -0.9481810927391052
vn 2.0682311115474694e-13 4.2775797696334704e-26 -1
vn -0.050669681280851364 -0.025604544207453728 -0.9983872175216675
vn -0.10117591917514801 -0.051126498728990555 -0.9935539960861206
vn -0.24109512567520142 -0.15085136890411377 -0.9587059020996094
vn -0.24109512567520142 -0.15085136890411377 -0.9587059020996094
vn -0.2814394235610962 -0.19514575600624084 -0.9395264387130737
vn 2.0682311115474694e-13 4.2775797696334704e-26 -1
vn 2.0682311115474694e-13 4.2775797696334704e-26 -1
vn -2.0682311115474694e-13 0 -1
vn 2.0682311115474694e-13 4.2775797696334704e-26 -1
vn -2.0682311115474694e-13 0 -1
vn 2.0682311115474694e-13 4.2775797696334704e-26 -1
vn -0.05363032966852188 -0.01862248033285141 -0.9983872175216675
vn -0.10708767175674438 -0.03718489035964012 -0.9935539960861206
vn -0.2949708104133606 -0.118088498711586 -0.9481810927391052
vn -0.2949708104133606 -0.118088498711586 -0.9481810927391052
vn -0.3781184256076813 -0.16173294186592102 -0.9115201234817505
vn 2.0682311115474694e-13 4.2775797696334704e-26 -1
vn -0.3906300365924835 -0.060336511582136154 -0.9185682535171509
vn -0.30663934350013733 -0.0414825901389122 -0.9509214162826538
vn -0.30663934350013733 -0.0414825901389122 -0.9509214162826538
vn -0.1123485267162323 -0.015109406784176826 -0.9935539960861206
vn -0.07332735508680344 -0.01142043061554432 -0.9972425103187561
vn -2.0682311115474694e-13 0 -1
vn -0.07411297410726547 0.0038203089497983456 -0.9972425103187561
vn -0.07176445424556732 0.018899492919445038 -0.9972425103187561
vn -0.11108843982219696 0.022579720243811607 -0.9935539960861206
vn -0.3042452931404114 0.05642059072852135 -0.9509214162826538
vn -0.3042452931404114 0.05642059072852135 -0.9509214162826538
vn -0.3894026279449463 0.06780791282653809 -0.9185682535171509
vn -0.11310683190822601 0.007571611553430557 -0.9935539960861206
vn -0.3002554178237915 0.022681722417473793 -0.953589141368866
vn -0.3002554178237915 0.022681722417473793 -0.953589141368866
vn -0.38199183344841003 0.030253274366259575 -0.9236704111099243
vn 2.0682311115474694e-13 4.2775797696334704e-26 -1
vn -0.0661967322230339 0.022304276004433632 -0.9975572824478149
vn -0.10244311392307281 0.037286244332790375 -0.9940398335456848
vn -0.27000805735588074 0.08932321518659592 -0.9587059020996094
vn -0.27000805735588074 0.08932321518659592 -0.9587059020996094
vn -0.3336270749568939 0.10800393670797348 -0.9364978075027466
vn -0.2992897927761078 0.13932910561561584 -0.9439348578453064
vn -0.2384781688451767 0.13041460514068604 -0.962351381778717
vn -0.2384781688451767 0.13041460514068604 -0.962351381778717
vn -0.09245224297046661 0.05777057260274887 -0.9940398335456848
vn -0.059854332357645035 0.0360131561756134 -0.9975572824478149
vn 2.0682311115474694e-13 4.2775797696334704e-26 -1
vn -0.05071320757269859 0.04803809896111488 -0.9975572824478149
vn -0.04522209241986275 0.05323956161737442 -0.9975572824478149
vn -0.06483971327543259 0.0821724608540535 -0.9945066571235657
vn -0.17435511946678162 0.19175444543361664 -0.9658315181732178
vn -0.17435511946678162 0.19175444543361664 -0.9658315181732178
vn -0.22211948037147522 0.21543310582637787 -0.9509214162826538
vn -0.07842075824737549 0.07573004812002182 -0.9940398335456848
vn -0.20264668762683868 0.1547025889158249 -0.9669547080993652
vn -0.20264668762683868 0.1547025889158249 -0.9669547080993652
vn -0.24961724877357483 0.1608273983001709 -0.9548956751823425
vn 2.0682311115474694e-13 4.2775797696334704e-26 -1
vn -0.030547769740223885 0.047852303832769394 -0.9983872175216675
vn -0.05447873845696449 0.0994110256433487 -0.9935539960861206
vn -0.14669738709926605 0.22380824387073517 -0.9635298252105713
vn -0.14669738709926605 0.22380824387073517 -0.9635298252105713
vn -0.19040879607200623 0.25435635447502136 -0.9481810927391052
vn 2.0682311115474694e-13 4.2775797696334704e-26 -1
vn 2.0682311115474694e-13 4.2775797696334704e-26 -1
vn 2.0682311115474694e-13 4.2775797696334704e-26 -1
vn 2.0682311115474694e-13 4.2775797696334704e-26 -1
vn -2.0682311115474694e-13 0 -1
vn 2.0682311115474694e-13 4.2775797696334704e-26 -1
vn -0.016820024698972702 0.054222650825977325 -0.9983872175216675
vn -0.033585794270038605 0.10827039927244186 -0.9935539960861206
vn -0.1048373207449913 0.23702026903629303 -0.9658315181732178
vn -0.1048373207449913 0.23702026903629303 -0.9658315181732178
vn -0.13966485857963562 0.2620457112789154 -0.9548956751823425
vn 2.0682311115474694e-13 4.2775797696334704e-26 -1
vn -0.08040829002857208 0.3329031765460968 -0.9395264387130737
vn -0.05269599333405495 0.27947473526000977 -0.9587059020996094
vn -0.05269599333405495 0.27947473526000977 -0.9587059020996094
vn -0.011346845887601376 0.11279066652059555 -0.9935539960861206
vn -0.005727297160774469 0.07399003952741623 -0.9972425103187561
vn -2.0682311115474694e-13 0 -1
vn 0.009528618305921555 0.07359710335731506 -0.9972425103187561
vn 0.017045442014932632 0.07222728431224823 -0.9972425103187561
vn 0.026279127225279808 0.11027190089225769 -0.9935539960861206
vn 0.039537712931632996 0.277404248714447 -0.9599394202232361
vn 0.039537712931632996 0.277404248714447 -0.9599394202232361
vn 0.03955075144767761 0.34018489718437195 -0.9395264387130737
vn 0.011395451612770557 0.1084204763174057 -0.9940398335456848
vn -0.0018934921827167273 0.25916382670402527 -0.9658315181732178
vn -0.0018934921827167273 0.25916382670402527 -0.9658315181732178
vn -0.018906909972429276 0.3005167543888092 -0.953589141368866
vn 2.0682311115474694e-13 4.2775797696334704e-26 -1
vn 0.02585538476705551 0.06489212065935135 -0.9975572824478149
vn 0.04222889244556427 0.09577693790197372 -0.9945066571235657
vn 0.0855691209435463 0.2535511553287506 -0.9635298252105713
vn 0.0855691209435463 0.2535511553287506 -0.9635298252105713
vn 0.08605360239744186 0.31871894001960754 -0.9439348578453064
vn 0.13199001550674438 0.28901782631874084 -0.9481810927391052
vn 0.11512334644794464 0.23219837248325348 -0.9658315181732178
vn 0.11512334644794464 0.23219837248325348 -0.9658315181732178
vn 0.04906328395009041 0.08751165121793747 -0.994954526424408
vn 0.039200786501169205 0.05781683698296547 -0.9975572824478149
vn 2.0682311115474694e-13 4.2775797696334704e-26 -1
vn 0.04494468495249748 0.047638583928346634 -0.9978529810905457
vn 0.05017128586769104 0.04209870845079422 -0.9978529810905457
vn 0.077928826212883 0.06318695843219757 -0.994954526424408
vn 0.1983586549758911 0.1796220988035202 -0.9635298252105713
vn 0.1983586549758911 0.1796220988035202 -0.9635298252105713
vn 0.24032485485076904 0.2323123961687088 -0.9424833655357361
vn 0.06750723719596863 0.07421769946813583 -0.994954526424408
vn 0.15989281237125397 0.20397000014781952 -0.9658315181732178
vn 0.15989281237125397 0.20397000014781952 -0.9658315181732178
vn 0.17809036374092102 0.26312828063964844 -0.9481810927391052
vn -2.0682311115474694e-13 0 -1
vn 0.047453347593545914 0.022245215252041817 -0.9986256957054138
vn 0.09625690430402756 0.051180705428123474 -0.9940398335456848
vn 0.2506568133831024 0.15127216279506683 -0.9561840295791626
vn 0.2506568133831024 0.15127216279506683 -0.9561840295791626
vn 0.3161723017692566 0.19419452548027039 -0.9286137819290161
vn 2.0682311115474694e-13 4.2775797696334704e-26 -1
vn 2.0682311115474694e-13 4.2775797696334704e-26 -1
vn -2.0682311115474694e-13 0 -1
vn -2.0682311115474694e-13 0 -1
vn 2.0682311115474694e-13 4.2775797696334704e-26 -1
vn -2.0682311115474694e-13 0 -1
vn 0.05226672440767288 0.02216300554573536 -0.9983872175216675
vn 0.10436485707759857 0.044254522770643234 -0.9935539960861206
vn 0.28308942914009094 0.12493540346622467 -0.9509214162826538
vn 0.28308942914009094 0.12493540346622467 -0.9509214162826538
vn 0.3531997799873352 0.1682930737733841 -0.9202865362167358
vn 2.0682311115474694e-13 4.2775797696334704e-26 -1
vn 0.35922709107398987 0.075067900121212 -0.9302261471748352
vn 0.2922462522983551 0.052596189081668854 -0.9548956751823425
vn 0.2922462522983551 0.052596189081668854 -0.9548956751823425
vn 0.1123485267162323 0.015109406784176826 -0.9935539960861206
vn 0.07381804287433624 0.007630487438291311 -0.9972425103187561
vn 2.0682311115474694e-13 4.2775797696334704e-26 -1
vn 0.07381804287433624 -0.007630487438291311 -0.9972425103187561
vn 0.07264222204685211 -0.015180089510977268 -0.9972425103187561
vn 0.11108843982219696 -0.022579720243811607 -0.9935539960861206
vn 0.28503262996673584 -0.04514473304152489 -0.9574540853500366
vn 0.28503262996673584 -0.04514473304152489 -0.9574540853500366
vn 0.3518691062927246 -0.045213017612695694 -0.9349566102027893
vn 0.11310683190822601 -0.007571611553430557 -0.9935539960861206
vn 0.27980026602745056 -0.015105093829333782 -0.9599394202232361
vn 0.27980026602745056 -0.015105093829333782 -0.9599394202232361
vn 0.3342530131340027 0 -0.9424833655357361
vn 2.0682311115474694e-13 4.2775797696334704e-26 -1
vn 0.06800113618373871 -0.02971823327243328 -0.9972425103187561
vn 0.09959261119365692 -0.04434148967266083 -0.9940398335456848
vn 0.26118481159210205 -0.08924344182014465 -0.961154580116272
vn 0.26118481159210205 -0.08924344182014465 -0.961154580116272
vn 0.322034627199173 -0.08954764902591705 -0.9424833655357361
vn 0.28308942914009094 -0.12493540346622467 -0.9509214162826538
vn 0.2313510924577713 -0.11681670695543289 -0.9658315181732178
vn 0.2313510924577713 -0.11681670695543289 -0.9658315181732178
vn 0.08656749874353409 -0.05071057751774788 -0.994954526424408
vn 0.059854332357645035 -0.0360131561756134 -0.9975572824478149
vn 2.0682311115474694e-13 4.2775797696334704e-26 -1
vn 0.05017128586769104 -0.04209870845079422 -0.9978529810905457
vn 0.03911028429865837 -0.05253422632813454 -0.9978529810905457
vn 0.061700910329818726 -0.07911062985658646 -0.994954526424408
vn 0.17728634178638458 -0.17728634178638458 -0.9680594801902771
vn 0.17728634178638458 -0.17728634178638458 -0.9680594801902771
vn 0.21950040757656097 -0.20612460374832153 -0.953589141368866
vn 0.07292689383029938 -0.06889965385198593 -0.994954526424408
vn 0.20264668762683868 -0.1547025889158249 -0.9669547080993652
vn 0.20264668762683868 -0.1547025889158249 -0.9669547080993652
vn 0.25718384981155396 -0.1644659787416458 -0.9522643685340881
vn -2.0682311115474694e-13 0 -1
vn 0.02728337235748768 -0.049785807728767395 -0.9983872175216675
vn 0.05447873845696449 -0.0994110256433487 -0.9935539960861206
vn 0.16439615190029144 -0.226914644241333 -0.9599394202232361
vn 0.16439615190029144 -0.226914644241333 -0.9599394202232361
vn 0.21181289851665497 -0.263871431350708 -0.9410139322280884
vn 2.0682311115474694e-13 4.2775797696334704e-26 -1
vn -2.0682311115474694e-13 0 -1
vn 2.0682311115474694e-13 4.2775797696334704e-26 -1
vn -2.0682311115474694e-13 0 -1
vn -2.0682311115474694e-13 0 -1
vn 0.04635922238230705 -0.10818567126989365 -0.9930492043495178
vn 0.13901178538799286 -0.24329420924186707 -0.9599394202232361
vn 0.13901178538799286 -0.24329420924186707 -0.9599394202232361
vn 0.18327279388904572 -0.2696104943752289 -0.9453682899475098
vn 2.0682311115474694e-13 4.2775797696334704e-26 -1
vn -0.7177039980888367 -0.6963448524475098 0.002184694167226553
vn -0.7177039980888367 -0.6963448524475098 0.002184694167226553
vn -0.7177039980888367 -0.6963448524475098 0.002184694167226553
vn -0.7177039980888367 -0.6963448524475098 0.002184694167226553
vn 0.9874485731124878 0.15792569518089294 -0.002184694167226553
vn 0.9874485731124878 -0.15792569518089294 -0.002184694167226553
vn 0.9874485731124878 0.15792569518089294 0.002184694167226553
vn 0.9874485731124878 -0.15792569518089294 0.002184694167226553
vn -0.8143084645271301 -0.5804283022880554 0.002184694167226553
vn -0.8143084645271301 -0.5804283022880554 0.002184694167226553
vn -0.8143084645271301 -0.5804283022880554 0.002184694167226553
vn -0.8143084645271301 -0.5804283022880554 0.002184694167226553
vn -0.8990859389305115 0.4377666711807251 0.002184694167226553
vn -0.8990859389305115 0.4377666711807251 0.002184694167226553
vn -0.8990859389305115 0.4377666711807251 0.002184694167226553
vn -0.8990859389305115 0.4377666711807251 0.002184694167226553
vn -0.8229818940162659 -0.5680633783340454 0.002184694167226553
vn -0.8229818940162659 -0.5680633783340454 0.002184694167226553
vn -0.8229818940162659 -0.5680633783340454 0.002184694167226553
vn -0.8229818940162659 -0.5680633783340454 0.002184694167226553
vn -0.999997615814209 -2.0682260971124217e-13 0.002184694167226553
vn -0.999997615814209 -2.0682260971124217e-13 0.002184694167226553
vn -0.999997615814209 -2.0682260971124217e-13 0.002184694167226553
vn -0.999997615814209 -2.0682260971124217e-13 0.002184694167226553
vn -0.935014009475708 -0.354604035615921 0.002184694167226553
vn -0.935014009475708 -0.354604035615921 0.002184694167226553
vn -0.935014009475708 -0.354604035615921 0.002184694167226553
vn -0.935014009475708 -0.354604035615921 0.002184694167226553
vn -0.8186684846878052 0.5742622017860413 0.002184694167226553
vn -0.8186684846878052 0.5742622017860413 0.002184694167226553
vn -0.8186684846878052 0.5742622017860413 0.002184694167226553
vn -0.8186684846878052 0.5742622017860413 0.002184694167226553
vn -0.46472206711769104 -0.8854539394378662 0.002184694167226553
vn -0.46472206711769104 -0.8854539394378662 0.002184694167226553
vn -0.46472206711769104 -0.8854539394378662 0.002184694167226553
vn -0.46472206711769104 -0.8854539394378662 0.002184694167226553
vn 0.15792569518089294 0.9874485731124878 0.002184694167226553
vn 0.4512958228588104 0.8923717141151428 0.002184694167226553
vn 0.15792569518089294 0.9874485731124878 -0.002184694167226553
vn 0.4512958228588104 0.8923717141151428 -0.002184694167226553
vn 0.7071051001548767 0.7071051001548767 0.002184694167226553
vn 0.8889381885528564 0.45802199840545654 0.002184694167226553
vn 0.7071051001548767 0.7071051001548767 0.002184694167226553
vn 0.8889381885528564 0.45802199840545654 0.002184694167226553
vn 0.4512958228588104 0.8923717141151428 0.002184694167226553
vn 0.7071051001548767 0.7071051001548767 0.002184694167226553
vn 0.4512958228588104 0.8923717141151428 0.002184694167226553
vn 0.7071051001548767 0.7071051001548767 0.002184694167226553
vn -0.9999691247940063 0.007551815826445818 0.002184694167226553
vn -0.9999691247940063 0.007551815826445818 0.002184694167226553
vn -0.9999691247940063 0.007551815826445818 0.002184694167226553
vn -0.9999691247940063 0.007551815826445818 0.002184694167226553
vn -0.5618321895599365 0.8272483348846436 0.002184694167226553
vn -0.5618321895599365 0.8272483348846436 0.002184694167226553
vn -0.5618321895599365 0.8272483348846436 0.002184694167226553
vn -0.5618321895599365 0.8272483348846436 0.002184694167226553
vn -0.6743503212928772 0.7384083271026611 0.002184694167226553
vn -0.6743503212928772 0.7384083271026611 0.002184694167226553
vn -0.6743503212928772 0.7384083271026611 0.002184694167226553
vn -0.6743503212928772 0.7384083271026611 0.002184694167226553
vn -0.835639476776123 0.5492739677429199 0.002184694167226553
vn -0.835639476776123 0.5492739677429199 0.002184694167226553
vn -0.835639476776123 0.5492739677429199 0.002184694167226553
vn -0.835639476776123 0.5492739677429199 0.002184694167226553
vn -0.9672143459320068 0.25395211577415466 0.002184694167226553
vn -0.9672143459320068 0.25395211577415466 0.002184694167226553
vn -0.9672143459320068 0.25395211577415466 0.002184694167226553
vn -0.9672143459320068 0.25395211577415466 0.002184694167226553
vn -0.1280297040939331 0.991767942905426 0.002184694167226553
vn -0.1280297040939331 0.991767942905426 0.002184694167226553
vn -0.1280297040939331 0.991767942905426 0.002184694167226553
vn -0.1280297040939331 0.991767942905426 0.002184694167226553
vn -0.7584388852119446 0.651740550994873 0.002184694167226553
vn -0.7584388852119446 0.651740550994873 0.002184694167226553
vn -0.7584388852119446 0.651740550994873 0.002184694167226553
vn -0.7584388852119446 0.651740550994873 0.002184694167226553
vn 0.999997615814209 0 0.002184694167226553
vn 0.999997615814209 0 0.002184694167226553
vn 0.999997615814209 0 0.002184694167226553
vn 0.999997615814209 0 0.002184694167226553
vn 0.9992848038673401 -0.03775046393275261 0.002184694167226553
vn 0.9992848038673401 -0.03775046393275261 0.002184694167226553
vn 0.9992848038673401 -0.03775046393275261 0.002184694167226553
vn 0.9992848038673401 -0.03775046393275261 0.002184694167226553
vn -0.9591029286384583 0.283049076795578 0.002184694167226553
vn -0.9591029286384583 0.283049076795578 0.002184694167226553
vn -0.9591029286384583 0.283049076795578 0.002184694167226553
vn -0.9591029286384583 0.283049076795578 0.002184694167226553
vn -0.22462347149848938 0.9744431972503662 0.002184694167226553
vn -0.22462347149848938 0.9744431972503662 0.002184694167226553
vn -0.22462347149848938 0.9744431972503662 0.002184694167226553
vn -0.22462347149848938 0.9744431972503662 0.002184694167226553
vn 0.6854257583618164 0.7281392216682434 0.002184694167226553
vn 0.6854257583618164 0.7281392216682434 0.002184694167226553
vn 0.6854257583618164 0.7281392216682434 0.002184694167226553
vn 0.6854257583618164 0.7281392216682434 0.002184694167226553
vn -0.6963448524475098 0.7177039980888367 0.002184694167226553
vn -0.6963448524475098 0.7177039980888367 0.002184694167226553
vn -0.6963448524475098 0.7177039980888367 0.002184694167226553
vn -0.6963448524475098 0.7177039980888367 0.002184694167226553
vn 0.4512958228588104 -0.8923717141151428 0.002184694167226553
vn 0.15792569518089294 -0.9874485731124878 0.002184694167226553
vn 0.4512958228588104 -0.8923717141151428 0.002184694167226553
vn 0.15792569518089294 -0.9874485731124878 0.002184694167226553
vn -0.9886130690574646 0.15046414732933044 0.002184694167226553
vn -0.9886130690574646 0.15046414732933044 0.002184694167226553
vn -0.9886130690574646 0.15046414732933044 0.002184694167226553
vn -0.9886130690574646 0.15046414732933044 0.002184694167226553
vn -0.7918164730072021 0.6107551455497742 0.002184694167226553
vn -0.7918164730072021 0.6107551455497742 0.002184694167226553
vn -0.7918164730072021 0.6107551455497742 0.002184694167226553
vn -0.7918164730072021 0.6107551455497742 0.002184694167226553
vn 0.15792569518089294 -0.9874485731124878 -0.002184694167226553
vn -0.15792569518089294 -0.9874485731124878 -0.002184694167226553
vn 0.15792569518089294 -0.9874485731124878 0.002184694167226553
vn -0.15792569518089294 -0.9874485731124878 0.002184694167226553
vn -0.5804283022880554 0.8143084645271301 0.002184694167226553
vn -0.5804283022880554 0.8143084645271301 0.002184694167226553
vn -0.5804283022880554 0.8143084645271301 0.002184694167226553
vn -0.5804283022880554 0.8143084645271301 0.002184694167226553
vn 0.46472206711769104 0.8854539394378662 0.002184694167226553
vn 0.46472206711769104 0.8854539394378662 0.002184694167226553
vn 0.46472206711769104 0.8854539394378662 0.002184694167226553
vn 0.46472206711769104 0.8854539394378662 0.002184694167226553
vn -0.5742622017860413 0.8186684846878052 0.002184694167226553
vn -0.5742622017860413 0.8186684846878052 0.002184694167226553
vn -0.5742622017860413 0.8186684846878052 0.002184694167226553
vn -0.5742622017860413 0.8186684846878052 0.002184694167226553
vn -1.0341130485562108e-13 0.999997615814209 0.002184694167226553
vn -1.0341130485562108e-13 0.999997615814209 0.002184694167226553
vn -1.0341130485562108e-13 0.999997615814209 0.002184694167226553
vn -1.0341130485562108e-13 0.999997615814209 0.002184694167226553
vn -0.3965924084186554 0.9179922342300415 0.002184694167226553
vn -0.3965924084186554 0.9179922342300415 0.002184694167226553
vn -0.3965924084186554 0.9179922342300415 0.002184694167226553
vn -0.3965924084186554 0.9179922342300415 0.002184694167226553
vn 0.5742622017860413 0.8186684846878052 0.002184694167226553
vn 0.5742622017860413 0.8186684846878052 0.002184694167226553
vn 0.5742622017860413 0.8186684846878052 0.002184694167226553
vn 0.5742622017860413 0.8186684846878052 0.002184694167226553
vn -0.8746989965438843 0.48466166853904724 0.002184694167226553
vn -0.8746989965438843 0.48466166853904724 0.002184694167226553
vn -0.8746989965438843 0.48466166853904724 0.002184694167226553
vn -0.8746989965438843 0.48466166853904724 0.002184694167226553
vn 0.9874485731124878 -0.15792569518089294 0.002184694167226553
vn 0.8889381885528564 -0.45802199840545654 0.002184694167226553
vn 0.9874485731124878 -0.15792569518089294 -0.002184694167226553
vn 0.8889381885528564 -0.45802199840545654 -0.002184694167226553
vn 0.7071051001548767 -0.7071051001548767 0.002184694167226553
vn 0.4512958228588104 -0.8923717141151428 0.002184694167226553
vn 0.7071051001548767 -0.7071051001548767 0.002184694167226553
vn 0.4512958228588104 -0.8923717141151428 0.002184694167226553
vn 0.8889381885528564 -0.45802199840545654 0.002184694167226553
vn 0.7071051001548767 -0.7071051001548767 0.002184694167226553
vn 0.8889381885528564 -0.45802199840545654 0.002184694167226553
vn 0.7071051001548767 -0.7071051001548767 0.002184694167226553
vn 0.9672143459320068 0.25395211577415466 0.002184694167226553
vn 0.9672143459320068 0.25395211577415466 0.002184694167226553
vn 0.9672143459320068 0.25395211577415466 0.002184694167226553
vn 0.9672143459320068 0.25395211577415466 0.002184694167226553
vn 0.8746989965438843 0.48466166853904724 0.002184694167226553
vn 0.8746989965438843 0.48466166853904724 0.002184694167226553
vn 0.8746989965438843 0.48466166853904724 0.002184694167226553
vn 0.8746989965438843 0.48466166853904724 0.002184694167226553
vn 0.7730085849761963 0.6343917846679688 0.002184694167226553
vn 0.7730085849761963 0.6343917846679688 0.002184694167226553
vn 0.7730085849761963 0.6343917846679688 0.002184694167226553
vn 0.7730085849761963 0.6343917846679688 0.002184694167226553
vn 0.5742622017860413 0.8186684846878052 0.002184694167226553
vn 0.5742622017860413 0.8186684846878052 0.002184694167226553
vn 0.5742622017860413 0.8186684846878052 0.002184694167226553
vn 0.5742622017860413 0.8186684846878052 0.002184694167226553
vn 0.3047037422657013 0.9524446725845337 0.002184694167226553
vn 0.3047037422657013 0.9524446725845337 0.002184694167226553
vn 0.3047037422657013 0.9524446725845337 0.002184694167226553
vn 0.3047037422657013 0.9524446725845337 0.002184694167226553
vn -0.9238772988319397 -0.38268253207206726 0.002184694167226553
vn -0.9238772988319397 -0.38268253207206726 0.002184694167226553
vn -0.9238772988319397 -0.38268253207206726 0.002184694167226553
vn -0.9238772988319397 -0.38268253207206726 0.002184694167226553
vn 0.15792569518089294 -0.9874485731124878 0.002184694167226553
vn 0.15792569518089294 -0.9874485731124878 0.002184694167226553
vn 0.15792569518089294 -0.9874485731124878 0.002184694167226553
vn 0.15792569518089294 -0.9874485731124878 0.002184694167226553
vn 0.297502338886261 0.9547185897827148 0.002184694167226553
vn 0.297502338886261 0.9547185897827148 0.002184694167226553
vn 0.297502338886261 0.9547185897827148 0.002184694167226553
vn 0.297502338886261 0.9547185897827148 0.002184694167226553
vt 0.28776857256889343 0.5011394023895264
vt 0.28099364042282104 0.48236313462257385
vt 0.2887364327907562 0.4807382822036743
vt 0.02983708679676056 0.34334665536880493
vt 0.04955698922276497 0.34130051732063293
vt 0.047016389667987823 0.33425942063331604
vt 0.2011461853981018 0.4967462420463562
vt 0.2033238410949707 0.4784514307975769
vt 0.21203447878360748 0.4801364839076996
vt 0.1617063730955124 0.48633503913879395
vt 0.1758611500263214 0.4691234827041626
vt 0.16957014799118042 0.4670773446559906
vt 0.20150911808013916 0.5105876922607422
vt 0.18590258061885834 0.4948204755783081
vt 0.19521811604499817 0.4981905519962311
vt 0.01931173913180828 0.26156163215637207
vt 0.03806379437446594 0.2706488370895386
vt 0.037700850516557693 0.26144126057624817
vt 0.1777968555688858 0.0428062342107296
vt 0.1867494434118271 0.0601983405649662
vt 0.1780388057231903 0.06284627318382263
vt 0.1255330592393875 0.4671977162361145
vt 0.14355923235416412 0.45522183179855347
vt 0.13654233515262604 0.4507082998752594
vt 0.09444093704223633 0.0774700865149498
vt 0.11803223192691803 0.07331764698028564
vt 0.1096845492720604 0.07915513962507248
vt 0.09504584223031998 0.4436672031879425
vt 0.11331397294998169 0.43337637186050415
vt 0.1087166965007782 0.4288026690483093
vt 0.1279526799917221 0.05381923168897629
vt 0.15239083766937256 0.053518328815698624
vt 0.14368019998073578 0.058031849563121796
vt 0.2938176393508911 0.5117311477661133
vt 0.28171953558921814 0.5010792016983032
vt 0.27034732699394226 0.5018013715744019
vt 0.02402999810874462 0.21732909977436066
vt 0.042419109493494034 0.2200973927974701
vt 0.03975752741098404 0.23153164982795715
vt 0.04568559676408768 0.37825122475624084
vt 0.06601040810346603 0.375723659992218
vt 0.061413127928972244 0.36790022253990173
vt 0.17029602825641632 0.03534387797117233
vt 0.19110475480556488 0.03931577876210213
vt 0.1828780472278595 0.04166280850768089
vt 0.021247435361146927 0.30242404341697693
vt 0.04024145379662514 0.3056737780570984
vt 0.03939458355307579 0.2973689138889313
vt 0.04084635525941849 0.13867345452308655
vt 0.060566261410713196 0.1285029798746109
vt 0.05500113219022751 0.13650695979595184
vt 0.24627210199832916 0.5022827982902527
vt 0.2541358470916748 0.48302513360977173
vt 0.24639306962490082 0.4835667610168457
vt 0.022941168397665024 0.17472144961357117
vt 0.03987850993871689 0.16352792084217072
vt 0.03588613495230675 0.17177261412143707
vt 0.24760288000106812 0.5126338601112366
vt 0.23852930963039398 0.5019217729568481
vt 0.2286088615655899 0.5019217729568481
vt 0.1082327738404274 0.08138180524110794
vt 0.11984694749116898 0.09546399861574173
vt 0.11416084319353104 0.0998571589589119
vt 0.06673628836870193 0.41237345337867737
vt 0.0868191346526146 0.40623506903648376
vt 0.0814959704875946 0.3992541432380676
vt 0.0049149999395012856 0.2644502818584442
vt 0.017980948090553284 0.2459147423505783
vt 0.017738986760377884 0.2552427053451538
vt 0.011326992884278297 0.30380818247795105
vt 0.02040056884288788 0.296466201543808
vt 0.01906977780163288 0.28653645515441895
vt 0.3431778848171234 0.03672802448272705
vt 0.3533402681350708 0.0530368871986866
vt 0.34620240330696106 0.049847330898046494
vt 0.12456520646810532 0.48067811131477356
vt 0.12250853329896927 0.46635517477989197
vt 0.11428182572126389 0.4602769911289215
vt 0.410806268453598 0.07933567464351654
vt 0.41770216822624207 0.10057932138442993
vt 0.4111692011356354 0.09407985210418701
vt 0.022699207067489624 0.3515913486480713
vt 0.02886923775076866 0.33883312344551086
vt 0.025965694338083267 0.3280608654022217
vt 0.43863189220428467 0.10834258049726486
vt 0.4423823058605194 0.13205361366271973
vt 0.4369381368160248 0.12386909872293472
vt 0.041088320314884186 0.3922732472419739
vt 0.04532265290617943 0.3763856291770935
vt 0.04036243259906769 0.36723822355270386
vt 0.46149730682373047 0.141923189163208
vt 0.4621022045612335 0.16707855463027954
vt 0.457383930683136 0.15787096321582794
vt 0.06383274495601654 0.4257334768772125
vt 0.06552647799253464 0.41020697355270386
vt 0.05971939116716385 0.40232333540916443
vt 0.4797654151916504 0.18501228094100952
vt 0.4761359989643097 0.20643647015094757
vt 0.47359538078308105 0.19777050614356995
vt 0.09371505677700043 0.45678651332855225
vt 0.09323112666606903 0.44204235076904297
vt 0.08439951390028 0.43373745679855347
vt 0.3781413733959198 0.05466175451874733
vt 0.3876988887786865 0.07409998774528503
vt 0.38019806146621704 0.06898466497659683
vt 0.1607385277748108 0.4981303811073303
vt 0.1578349769115448 0.4850110709667206
vt 0.14900337159633636 0.4811595380306244
vt 0.4347604811191559 0.1214618906378746
vt 0.42012178897857666 0.1346413791179657
vt 0.41528254747390747 0.12808172404766083
vt 0.48375779390335083 0.2730560600757599
vt 0.4644008278846741 0.26517245173454285
vt 0.4644008278846741 0.2734171450138092
vt 0.2553456723690033 0.019696999341249466
vt 0.2731298804283142 0.030709994956851006
vt 0.2644192576408386 0.03040909394621849
vt 0.49791258573532104 0.2673991024494171
vt 0.485088586807251 0.2766067087650299
vt 0.485088586807251 0.2853328585624695
vt 0.252684086561203 0.0316728800535202
vt 0.2543778121471405 0.05105093494057655
vt 0.24917563796043396 0.051472198218107224
vt 0.39653050899505615 0.45281460881233215
vt 0.38902968168258667 0.4329551160335541
vt 0.3834645450115204 0.437950074672699
vt 0.48158013820648193 0.23369814455509186
vt 0.4635539650917053 0.2387532889842987
vt 0.4618602395057678 0.22882354259490967
vt 0.4797654151916504 0.3565863072872162
vt 0.46682044863700867 0.3595351576805115
vt 0.4625861346721649 0.36862239241600037
vt 0.45629510283470154 0.15546375513076782
vt 0.44056758284568787 0.16581477224826813
vt 0.43609127402305603 0.15865331888198853
vt 0.21179251372814178 0.022164393216371536
vt 0.2240115851163864 0.03281630575656891
vt 0.23187536001205444 0.03203396126627922
vt 0.4619812071323395 0.39407864212989807
vt 0.44201934337615967 0.40430930256843567
vt 0.44782644510269165 0.3961849510669708
vt 0.40935447812080383 0.09275588393211365
vt 0.38866671919822693 0.1010005846619606
vt 0.395683616399765 0.10756023973226547
vt 0.3357980251312256 0.4989127218723297
vt 0.31256967782974243 0.49554264545440674
vt 0.3232160210609436 0.49259379506111145
vt 0.37681058049201965 0.06772088259458542
vt 0.35878443717956543 0.07897459715604782
vt 0.3658013343811035 0.08421028405427933
vt 0.4800073802471161 0.3160248100757599
vt 0.46089237928390503 0.3131963312625885
vt 0.4625861346721649 0.3015815317630768
vt 0.21735763549804688 0.0335986502468586
vt 0.21312330663204193 0.05369887128472328
vt 0.2223178595304489 0.05195363983511925
vt 0.3005925714969635 0.023006916046142578
vt 0.31474733352661133 0.03757054731249809
vt 0.30676260590553284 0.03546423837542534
vt 0.3757217526435852 0.4804975688457489
vt 0.35999423265457153 0.4762849509716034
vt 0.35079967975616455 0.4810391664505005
vt 0.3410002291202545 0.04798174276947975
vt 0.3331364393234253 0.0672394335269928
vt 0.32478874921798706 0.06332771480083466
vt 0.32696643471717834 0.4918716251850128
vt 0.32503071427345276 0.4711696207523346
vt 0.317771852016449 0.47393789887428284
vt 0.14198647439479828 0.05929563567042351
vt 0.15214887261390686 0.07530359923839569
vt 0.14428511261940002 0.07969675958156586
vt 0.4092335104942322 0.4560643434524536
vt 0.39386892318725586 0.4543793201446533
vt 0.3851582705974579 0.460938960313797
vt 0.47286951541900635 0.19331716001033783
vt 0.45508530735969543 0.20240439474582672
vt 0.4523027241230011 0.19301626086235046
vt 0.46899810433387756 0.3545401990413666
vt 0.45193979144096375 0.34214305877685547
vt 0.4491572380065918 0.3499062955379486
vt 0.07859242707490921 0.10756023973226547
vt 0.09323112666606903 0.1213415265083313
vt 0.08706109970808029 0.1274799108505249
vt 0.494404137134552 0.31223344802856445
vt 0.48109620809555054 0.3185523748397827
vt 0.4780716896057129 0.3286626636981964
vt 0.43838992714881897 0.4269371032714844
vt 0.4161294102668762 0.43542250990867615
vt 0.4238722026348114 0.42735835909843445
vt 0.30071353912353516 0.03636694326996803
vt 0.2892203629016876 0.05345814675092697
vt 0.2979309856891632 0.05568481981754303
vt 0.44952017068862915 0.3920325040817261
vt 0.4328247904777527 0.3833063840866089
vt 0.43669620156288147 0.37668654322624207
vt 0.05439623072743416 0.1397566944360733
vt 0.06540550291538239 0.15799133479595184
vt 0.07072866708040237 0.1510104089975357
vt 0.42399317026138306 0.42519184947013855
vt 0.40983840823173523 0.4121929109096527
vt 0.41600844264030457 0.40611469745635986
vt 0.49404117465019226 0.22701813280582428
vt 0.4812172055244446 0.23929491639137268
vt 0.48206406831741333 0.24820159375667572
vt 0.36192992329597473 0.4750211536884308
vt 0.3516465425491333 0.4590131938457489
vt 0.3589054048061371 0.45462003350257874
vt 0.03443436324596405 0.17586487531661987
vt 0.04991993308067322 0.19217373430728912
vt 0.05342838168144226 0.18380868434906006
vt 0.008907373063266277 0.2180512696504593
vt 0.02451392263174057 0.20234420895576477
vt 0.022215282544493675 0.21173234283924103
vt 0.06709923595190048 0.1059955507516861
vt 0.08161695301532745 0.10557428747415543
vt 0.08827091008424759 0.09817211329936981
vt 0.8654528260231018 0.2679407298564911
vt 0.8649689555168152 0.26348739862442017
vt 0.8698081970214844 0.27052849531173706
vt 0.8698081970214844 0.26541316509246826
vt 0.9630845189094543 0.2652326226234436
vt 0.9630845189094543 0.2703479528427124
vt 0.13605840504169464 0.26336702704429626
vt 0.13121916353702545 0.26541316509246826
vt 0.13605840504169464 0.26848235726356506
vt 0.13121916353702545 0.27052849531173706
vt 0.03794281184673309 0.27040812373161316
vt 0.03794281184673309 0.26529279351234436
vt 0.4306471347808838 0.4350012540817261
vt 0.4161294102668762 0.43542250990867615
vt 0.4019746482372284 0.44781965017318726
vt 0.40233758091926575 0.42043760418891907
vt 0.38902968168258667 0.4329551160335541
vt 0.37390705943107605 0.4448106288909912
vt 0.2740977108478546 0.29026761651039124
vt 0.2799048125743866 0.28208309412002563
vt 0.42641279101371765 0.39143070578575134
vt 0.444801926612854 0.3587528169155121
vt 0.43669620156288147 0.37668654322624207
vt 0.45339158177375793 0.38541269302368164
vt 0.4625861346721649 0.36862239241600037
vt 0.47553110122680664 0.3656735420227051
vt 0.41600844264030457 0.40611469745635986
vt 0.43004223704338074 0.4191136658191681
vt 0.44201934337615967 0.40430930256843567
vt 0.4561741352081299 0.4022029936313629
vt 0.2830503284931183 0.2722737193107605
vt 0.4576258957386017 0.32324641942977905
vt 0.4641588628292084 0.28617537021636963
vt 0.4625861346721649 0.3015815317630768
vt 0.48158013820648193 0.30441001057624817
vt 0.485088586807251 0.2853328585624695
vt 0.49791258573532104 0.27618545293807983
vt 0.45193979144096375 0.34214305877685547
vt 0.4717806875705719 0.3468371033668518
vt 0.4780716896057129 0.3286626636981964
vt 0.491500586271286 0.322283536195755
vt 0.4641588628292084 0.27287551760673523
vt 0.3706405758857727 0.2705886662006378
vt 0.36592230200767517 0.2726348042488098
vt 0.3603571653366089 0.2676398456096649
vt 0.2830503284931183 0.26198288798332214
vt 0.36592230200767517 0.2627050578594208
vt 0.4641588628292084 0.24826177954673767
vt 0.4644008278846741 0.26517245173454285
vt 0.48375779390335083 0.26481136679649353
vt 0.48206406831741333 0.24820159375667572
vt 0.49476706981658936 0.2359248250722885
vt 0.2799048125743866 0.25223368406295776
vt 0.4578678607940674 0.211250901222229
vt 0.44516485929489136 0.1754436194896698
vt 0.4523027241230011 0.19301626086235046
vt 0.470086932182312 0.18392904102802277
vt 0.4621022045612335 0.16707855463027954
vt 0.46633654832839966 0.1511307805776596
vt 0.3706405758857727 0.2649919092655182
vt 0.4618602395057678 0.22882354259490967
vt 0.4800073802471161 0.22370821237564087
vt 0.4761359989643097 0.20643647015094757
vt 0.48230603337287903 0.1937384307384491
vt 0.27397674322128296 0.24392880499362946
vt 0.42617085576057434 0.14288607239723206
vt 0.4022166132926941 0.11411988735198975
vt 0.41528254747390747 0.12808172404766083
vt 0.4299212396144867 0.11490223556756973
vt 0.41770216822624207 0.10057932138442993
vt 0.41721823811531067 0.08583515137434006
vt 0.43609127402305603 0.15865331888198853
vt 0.45193979144096375 0.14824211597442627
vt 0.4423823058605194 0.13205361366271973
vt 0.4440760314464569 0.11652710288763046
vt 0.26575005054473877 0.23791076242923737
vt 0.37366509437561035 0.0897468701004982
vt 0.3414841294288635 0.07072989642620087
vt 0.35878443717956543 0.07897459715604782
vt 0.36979368329048157 0.062485191971063614
vt 0.3533402681350708 0.0530368871986866
vt 0.3504367470741272 0.03991758078336716
vt 0.38866671919822693 0.1010005846619606
vt 0.40233758091926575 0.08619622886180878
vt 0.3876988887786865 0.07409998774528503
vt 0.3856422007083893 0.05977708101272583
vt 0.25619253516197205 0.23472121357917786
vt 0.30652064085006714 0.058031849563121796
vt 0.2699843645095825 0.05117129534482956
vt 0.2892203629016876 0.05345814675092697
vt 0.29200291633605957 0.03420045226812363
vt 0.2731298804283142 0.030709994956851006
vt 0.2640562951564789 0.019937722012400627
vt 0.32478874921798706 0.06332771480083466
vt 0.3326525390148163 0.04407002031803131
vt 0.31474733352661133 0.03757054731249809
vt 0.308577299118042 0.025173407047986984
vt 0.2541358470916748 0.051291655749082565
vt 0.25401487946510315 0.14836248755455017
vt 0.2560715675354004 0.15311671793460846
vt 0.25111132860183716 0.158833846449852
vt 0.24603013694286346 0.2347813993692398
vt 0.24627210199832916 0.15311671793460846
vt 0.23090751469135284 0.051472198218107224
vt 0.24917563796043396 0.051472198218107224
vt 0.2473609298467636 0.03209414333105087
vt 0.23187536001205444 0.03203396126627922
vt 0.21977725625038147 0.021382048726081848
vt 0.23635165393352509 0.23797094821929932
vt 0.19582301378250122 0.05773095041513443
vt 0.1607385277748108 0.07072989642620087
vt 0.1780388057231903 0.06284627318382263
vt 0.16908621788024902 0.04545416682958603
vt 0.15239083766937256 0.053518328815698624
vt 0.1366633027791977 0.04930570721626282
vt 0.2485707402229309 0.14836248755455017
vt 0.21312330663204193 0.05369887128472328
vt 0.2081630825996399 0.03534387797117233
vt 0.19110475480556488 0.03931577876210213
vt 0.1785227358341217 0.032936666160821915
vt 0.2281249463558197 0.2439889758825302
vt 0.128678560256958 0.0897468701004982
vt 0.09976410120725632 0.11387916654348373
vt 0.11416084319353104 0.0998571589589119
vt 0.10242568701505661 0.0857749730348587
vt 0.08827091008424759 0.09817211329936981
vt 0.07375318557024002 0.09859337657690048
vt 0.14428511261940002 0.07969675958156586
vt 0.1340017318725586 0.06368879973888397
vt 0.11803223192691803 0.07331764698028564
vt 0.10278862714767456 0.07163260132074356
vt 0.22219687700271606 0.2522938549518585
vt 0.07593084871768951 0.14276571571826935
vt 0.05729977414011955 0.1755639761686325
vt 0.06540550291538239 0.15799133479595184
vt 0.04919404536485672 0.1467977911233902
vt 0.03987850993871689 0.16352792084217072
vt 0.026933541521430016 0.1664767563343048
vt 0.08706109970808029 0.1274799108505249
vt 0.07242240011692047 0.11369863152503967
vt 0.060566261410713196 0.1285029798746109
vt 0.046411484479904175 0.13060928881168365
vt 0.21905137598514557 0.2620430588722229
vt 0.04459676891565323 0.21076945960521698
vt 0.03794281184673309 0.24790069460868835
vt 0.03975752741098404 0.23153164982795715
vt 0.021489396691322327 0.22870318591594696
vt 0.017980948090553284 0.2459147423505783
vt 0.00515696220099926 0.25506216287612915
vt 0.04991993308067322 0.19217373430728912
vt 0.030925914645195007 0.18416975438594818
vt 0.02451392263174057 0.20234420895576477
vt 0.011085030622780323 0.20866313576698303
vt 0.03794281184673309 0.26529279351234436
vt 0.13121916353702545 0.26541316509246826
vt 0.13605840504169464 0.26336702704429626
vt 0.14126059412956238 0.2676398456096649
vt 0.21905137598514557 0.27233389019966125
vt 0.13605840504169464 0.27299588918685913
vt 0.03806379437446594 0.2863559126853943
vt 0.03806379437446594 0.2706488370895386
vt 0.01979566365480423 0.2707692086696625
vt 0.01906977780163288 0.28653645515441895
vt 0.0099962018430233 0.29381826519966125
vt 0.22219687700271606 0.2821432948112488
vt 0.04423382505774498 0.32324641942977905
vt 0.05729977414011955 0.35881298780441284
vt 0.04955698922276497 0.34130051732063293
vt 0.032377686351537704 0.3503877520561218
vt 0.04036243259906769 0.36723822355270386
vt 0.03612809628248215 0.38312584161758423
vt 0.1310981810092926 0.2707692086696625
vt 0.04024145379662514 0.3056737780570984
vt 0.022094301879405975 0.3107891082763672
vt 0.025965694338083267 0.3280608654022217
vt 0.01979566365480423 0.3408190906047821
vt 0.2281249463558197 0.29038798809051514
vt 0.07593084871768951 0.3914909064769745
vt 0.09988508373498917 0.42019689083099365
vt 0.0868191346526146 0.40623506903648376
vt 0.07218043506145477 0.41941455006599426
vt 0.08439951390028 0.43373745679855347
vt 0.0848834440112114 0.44848164916038513
vt 0.06601040810346603 0.375723659992218
vt 0.05016189441084862 0.3861348330974579
vt 0.05971939116716385 0.40232333540916443
vt 0.05802565813064575 0.4178498685359955
vt 0.23623067140579224 0.2964060306549072
vt 0.12831561267375946 0.44463008642196655
vt 0.16085951030254364 0.4634665250778198
vt 0.14355923235416412 0.45522183179855347
vt 0.1325499564409256 0.47171124815940857
vt 0.14900337159633636 0.4811595380306244
vt 0.15190690755844116 0.49427884817123413
vt 0.11331397294998169 0.43337637186050415
vt 0.09964312613010406 0.4481807351112366
vt 0.11428182572126389 0.4602769911289215
vt 0.11633849889039993 0.4745998978614807
vt 0.24603013694286346 0.29959556460380554
vt 0.19570203125476837 0.4764052927494049
vt 0.2324802577495575 0.4832056760787964
vt 0.21203447878360748 0.4801364839076996
vt 0.20973582565784454 0.49837109446525574
vt 0.2286088615655899 0.5019217729568481
vt 0.23768244683742523 0.5126338601112366
vt 0.1758611500263214 0.4691234827041626
vt 0.16787640750408173 0.48838117718696594
vt 0.18590258061885834 0.4948204755783081
vt 0.19207260012626648 0.50727778673172
vt 0.2483287751674652 0.48326584696769714
vt 0.24820779263973236 0.3859543204307556
vt 0.2461511194705963 0.381139874458313
vt 0.25111132860183716 0.3754829466342926
vt 0.25619253516197205 0.2996557652950287
vt 0.25595057010650635 0.38120007514953613
vt 0.2726459503173828 0.48314550518989563
vt 0.2541358470916748 0.48302513360977173
vt 0.2538939118385315 0.5017412304878235
vt 0.27034732699394226 0.5018013715744019
vt 0.28244540095329285 0.5124533176422119
vt 0.2658710181713104 0.2964060306549072
vt 0.3066416084766388 0.4766460061073303
vt 0.3419680595397949 0.4640081524848938
vt 0.32503071427345276 0.4711696207523346
vt 0.25377291440963745 0.3859543204307556
vt 0.2887364327907562 0.4807382822036743
vt 0.2955113649368286 0.4994543492794037
vt 0.31256967782974243 0.49554264545440674
vt 0.3251517117023468 0.501861572265625
vt 0.3589054048061371 0.45462003350257874
vt 0.3691887855529785 0.4706279933452606
vt 0.3851582705974579 0.460938960313797
vt 0.40040189027786255 0.46268418431282043
vt 0.33422526717185974 0.4891033470630646
vt 0.35079967975616455 0.4810391664505005
vt 0.3665271997451782 0.4852518141269684
vt 0.36592230200767517 0.2726348042488098
vt 0.3706405758857727 0.2705886662006378
vt 0.36592230200767517 0.2670380473136902
vt 0.3706405758857727 0.26493170857429504
vt 0.4641588628292084 0.2672787606716156
vt 0.4641588628292084 0.27287551760673523
vt 0.6346210837364197 0.2628253996372223
vt 0.6297818422317505 0.26505208015441895
vt 0.6346210837364197 0.26788055896759033
vt 0.6296609044075012 0.27052849531173706
vt 0.5361425876617432 0.27287551760673523
vt 0.5362635254859924 0.26481136679649353
vt 0.7543922662734985 0.1539592444896698
vt 0.7520936727523804 0.14944572746753693
vt 0.7494320869445801 0.1539592444896698
vt 0.7471334338188171 0.14944572746753693
vt 0.7466495037078857 0.053939592093229294
vt 0.7514887452125549 0.053939592093229294
vt 0.2560715675354004 0.15311671793460846
vt 0.25401487946510315 0.14836248755455017
vt 0.2507483959197998 0.15311671793460846
vt 0.24869170784950256 0.14836248755455017
vt 0.2488126903772354 0.051291655749082565
vt 0.2541358470916748 0.051291655749082565
vt 0.2461511194705963 0.381139874458313
vt 0.24820779263973236 0.3859543204307556
vt 0.25183722376823425 0.3810195326805115
vt 0.25401487946510315 0.38577377796173096
vt 0.2541358470916748 0.4830853044986725
vt 0.2483287751674652 0.48326584696769714
vt 0.749311089515686 0.37963536381721497
vt 0.7473753690719604 0.38450998067855835
vt 0.7545132637023926 0.37963536381721497
vt 0.752698540687561 0.38450998067855835
vt 0.7524566054344177 0.4806179106235504
vt 0.7471334338188171 0.4806179106235504
vt 0.6922080516815186 0.04707903787493706
vt 0.696200430393219 0.057851310819387436
vt 0.7046691179275513 0.04244515299797058
vt 0.7086614966392517 0.053157247602939606
vt 0.21977725625038147 0.2620430588722229
vt 0.23405301570892334 0.26493170857429504
vt 0.21953529119491577 0.27233389019966125
vt 0.23405301570892334 0.27082937955856323
vt 0.8596457839012146 0.26745930314064026
vt 0.8627912998199463 0.27052849531173706
vt 0.8649689555168152 0.26348739862442017
vt 0.8654528260231018 0.2679407298564911
vt 0.9765133857727051 0.25187259912490845
vt 0.9650202393531799 0.25187259912490845
vt 0.9765133857727051 0.26469099521636963
vt 0.9650202393531799 0.26469099521636963
vt 0.13823606073856354 0.2707692086696625
vt 0.14126059412956238 0.2676398456096649
vt 0.13605840504169464 0.26848235726356506
vt 0.13605840504169464 0.26336702704429626
vt 0.23647263646125793 0.29610511660575867
vt 0.24373149871826172 0.2832867205142975
vt 0.24590915441513062 0.2994150221347809
vt 0.24796582758426666 0.2845504879951477
vt 0.9768763780593872 0.29062870144844055
vt 0.9655041694641113 0.28924456238746643
vt 0.9751825928688049 0.3047710955142975
vt 0.963810384273529 0.3034471273422241
vt 0.9327182769775391 0.4002170264720917
vt 0.9241286516189575 0.3927546739578247
vt 0.9240076541900635 0.4104476869106293
vt 0.9152970314025879 0.4029853343963623
vt 0.19521811604499817 0.4981905519962311
vt 0.2033238410949707 0.47863197326660156
vt 0.18590258061885834 0.4948204755783081
vt 0.19570203125476837 0.4764052927494049
vt 0.03588613495230675 0.17177261412143707
vt 0.05342838168144226 0.18380868434906006
vt 0.03987850993871689 0.16352792084217072
vt 0.05729977414011955 0.1755639761686325
vt 0.590221107006073 0.10641681402921677
vt 0.5989317297935486 0.11381898820400238
vt 0.5991736650466919 0.0957648977637291
vt 0.6080052852630615 0.10322725772857666
vt 0.2650241553783417 0.23809130489826202
vt 0.2580072581768036 0.25139114260673523
vt 0.25643450021743774 0.23514246940612793
vt 0.25425684452056885 0.25030791759490967
vt 0.05500113219022751 0.13650695979595184
vt 0.07048670202493668 0.1507696956396103
vt 0.060566261410713196 0.1285029798746109
vt 0.07593084871768951 0.14276571571826935
vt 0.8500882387161255 0.061462126672267914
vt 0.8447651267051697 0.07163260132074356
vt 0.8624283075332642 0.06796160340309143
vt 0.8569841980934143 0.07807189226150513
vt 0.1096845492720604 0.07915513962507248
vt 0.12033087760210037 0.09558435529470444
vt 0.11803223192691803 0.07331764698028564
vt 0.128678560256958 0.0897468701004982
vt 0.5234395861625671 0.24621565639972687
vt 0.5349327325820923 0.24639618396759033
vt 0.5236815214157104 0.2318325638771057
vt 0.5351747274398804 0.23207327723503113
vt 0.5633633136749268 0.13536353409290314
vt 0.5730417966842651 0.14150193333625793
vt 0.5707431435585022 0.12386909872293472
vt 0.5803006291389465 0.13006767630577087
vt 0.2558296024799347 0.23520265519618988
vt 0.25377291440963745 0.25006717443466187
vt 0.2461511194705963 0.23550355434417725
vt 0.24844975769519806 0.25006717443466187
vt 0.7466495037078857 0.15642663836479187
vt 0.7497950196266174 0.159856915473938
vt 0.7494320869445801 0.1539592444896698
vt 0.7543922662734985 0.1539592444896698
vt 0.457383930683136 0.15787096321582794
vt 0.4404465854167938 0.1662360280752182
vt 0.4621022045612335 0.16707855463027954
vt 0.44516485929489136 0.1754436194896698
vt 0.6203453540802002 0.08029856532812119
vt 0.6274832487106323 0.08926542848348618
vt 0.6309916973114014 0.07181313633918762
vt 0.6381295323371887 0.08084018528461456
vt 0.7370920181274414 0.03919541835784912
vt 0.7372130155563354 0.05062967538833618
vt 0.7489481568336487 0.03913523629307747
vt 0.7489481568336487 0.05056949332356453
vt 0.6551878452301025 0.05971689894795418
vt 0.6605110168457031 0.06994754821062088
vt 0.6671649813652039 0.053518328815698624
vt 0.6724881529808044 0.06374897807836533
vt 0.24772386252880096 0.15480177104473114
vt 0.25111132860183716 0.158833846449852
vt 0.2507483959197998 0.15311671793460846
vt 0.2560715675354004 0.15311671793460846
vt 0.54400634765625 0.1672590970993042
vt 0.5536848306655884 0.17321693897247314
vt 0.5512651801109314 0.1552230417728424
vt 0.5610646605491638 0.1612410694360733
vt 0.26575005054473877 0.25927478075027466
vt 0.2794208824634552 0.25265493988990784
vt 0.26720181107521057 0.2642095685005188
vt 0.28268736600875854 0.26174217462539673
vt 0.27349281311035156 0.2438686192035675
vt 0.2621206045150757 0.2544001638889313
vt 0.26550808548927307 0.2383922040462494
vt 0.2582492232322693 0.25139114260673523
vt 0.2623625695705414 0.2545205354690552
vt 0.27397674322128296 0.2445306032896042
vt 0.264782190322876 0.25903406739234924
vt 0.2791789174079895 0.25211331248283386
vt 0.30676260590553284 0.03546423837542534
vt 0.29853588342666626 0.05592554062604904
vt 0.31474733352661133 0.03757054731249809
vt 0.30652064085006714 0.058031849563121796
vt 0.1828780472278595 0.04166280850768089
vt 0.18759630620479584 0.06013816222548485
vt 0.19110475480556488 0.03931577876210213
vt 0.19582301378250122 0.05773095041513443
vt 0.34620240330696106 0.049847330898046494
vt 0.33422526717185974 0.06754034012556076
vt 0.3533402681350708 0.0530368871986866
vt 0.3414841294288635 0.07072989642620087
vt 0.38019806146621704 0.06898466497659683
vt 0.36616426706314087 0.08463154733181
vt 0.3876988887786865 0.07409998774528503
vt 0.37366509437561035 0.0897468701004982
vt 0.4369381368160248 0.12386909872293472
vt 0.4207266867160797 0.1346413791179657
vt 0.4423823058605194 0.13205361366271973
vt 0.42617085576057434 0.14288607239723206
vt 0.47359538078308105 0.19777050614356995
vt 0.45532727241516113 0.20252475142478943
vt 0.4761359989643097 0.20643647015094757
vt 0.4578678607940674 0.211250901222229
vt 0.2240115851163864 0.03281630575656891
vt 0.22292275726795197 0.05225454270839691
vt 0.23187536001205444 0.03203396126627922
vt 0.23090751469135284 0.051472198218107224
vt 0.4111692011356354 0.09407985210418701
vt 0.395683616399765 0.10762041807174683
vt 0.41770216822624207 0.10057932138442993
vt 0.4022166132926941 0.11411988735198975
vt 0.8822692036628723 0.08210396766662598
vt 0.8763411641120911 0.09185317903757095
vt 0.8935204744338989 0.0888441652059555
vt 0.8875923752784729 0.09865355491638184
vt 0.017738986760377884 0.2552427053451538
vt 0.03757987171411514 0.2572888135910034
vt 0.017980948090553284 0.2459147423505783
vt 0.03794281184673309 0.24790069460868835
vt 0.811495304107666 0.04774101823568344
vt 0.8082288503646851 0.05869383364915848
vt 0.8246822357177734 0.05165274068713188
vt 0.8214157819747925 0.06260555237531662
vt 0.9697384834289551 0.2098667472600937
vt 0.9587292075157166 0.21287576854228973
vt 0.9738517999649048 0.22497200965881348
vt 0.962842583656311 0.22798101603984833
vt 0.08161695301532745 0.10557428747415543
vt 0.09298916906118393 0.12128134816884995
vt 0.08827091008424759 0.09817211329936981
vt 0.09976410120725632 0.11387916654348373
vt 0.24554620683193207 0.23550355434417725
vt 0.24820779263973236 0.2502477169036865
vt 0.23683558404445648 0.23821167647838593
vt 0.24276365339756012 0.2520531415939331
vt 0.14368019998073578 0.058031849563121796
vt 0.152027890086174 0.07518323510885239
vt 0.15239083766937256 0.053518328815698624
vt 0.1607385277748108 0.07072989642620087
vt 0.9368316531181335 0.1375902146100998
vt 0.9278790354728699 0.14469148218631744
vt 0.9453003406524658 0.14824211597442627
vt 0.9363477230072021 0.15534339845180511
vt 0.9149340987205505 0.10864348709583282
vt 0.9061024785041809 0.11592529714107513
vt 0.9237657189369202 0.11923521757125854
vt 0.9149340987205505 0.1265772134065628
vt 0.22872984409332275 0.24447041749954224
vt 0.23768244683742523 0.25494179129600525
vt 0.22243884205818176 0.25211331248283386
vt 0.23574674129486084 0.2584322392940521
vt 0.23635165393352509 0.2385125756263733
vt 0.24227972328662872 0.2523540258407593
vt 0.22897180914878845 0.2435075342655182
vt 0.23780342936515808 0.2547612488269806
vt 0.22243884205818176 0.2525947690010071
vt 0.23562577366828918 0.2587331533432007
vt 0.21977725625038147 0.26174217462539673
vt 0.23381105065345764 0.26463082432746887
vt 0.7732653021812439 0.04033884406089783
vt 0.7716925740242004 0.05165274068713188
vt 0.7864522337913513 0.04208407178521156
vt 0.7848795056343079 0.05339796841144562
vt 0.9573984146118164 0.17345766723155975
vt 0.9468730688095093 0.17803137004375458
vt 0.962842583656311 0.1856742650270462
vt 0.9523172378540039 0.19024796783924103
vt 0.23852930963039398 0.5019217729568481
vt 0.24240070581436157 0.4832056760787964
vt 0.2286088615655899 0.5019217729568481
vt 0.2324802577495575 0.4832056760787964
vt 0.9679237604141235 0.32884320616722107
vt 0.956914484500885 0.3254730999469757
vt 0.963810384273529 0.34202268719673157
vt 0.9529221057891846 0.3386525809764862
vt 0.8068980574607849 0.48543235659599304
vt 0.8037525415420532 0.47441935539245605
vt 0.7947999238967896 0.48874226212501526
vt 0.7917754054069519 0.47772926092147827
vt 0.981231689453125 0.33985620737075806
vt 0.9789330363273621 0.31018730998039246
vt 0.9750616550445557 0.3272785246372223
vt 0.9607858657836914 0.30519235134124756
vt 0.956793487071991 0.3225242793560028
vt 0.9629635214805603 0.28611519932746887
vt 0.7816129922866821 0.27221354842185974
vt 0.7785884737968445 0.28190258145332336
vt 0.9437275528907776 0.35766956210136414
vt 0.9249755144119263 0.38998639583587646
vt 0.935016930103302 0.37439969182014465
vt 0.9413079619407654 0.4006984829902649
vt 0.9507444500923157 0.384690523147583
vt 0.9428806900978088 0.4160444438457489
vt 0.9514703154563904 0.3403376340866089
vt 0.9606649279594421 0.36597445607185364
vt 0.9686496257781982 0.349364697933197
vt 0.9648992419242859 0.3817416727542877
vt 0.7725394368171692 0.2900269031524658
vt 0.9010212421417236 0.4183312952518463
vt 0.9140872359275818 0.4045500159263611
vt 0.916506826877594 0.4317515194416046
vt 0.9288468956947327 0.4175489544868469
vt 0.9161438941955566 0.44631513953208923
vt 0.8845678567886353 0.4720723032951355
vt 0.9012632369995117 0.44601425528526306
vt 0.8866245150566101 0.45792993903160095
vt 0.8875923752784729 0.4313904345035553
vt 0.8725907206535339 0.4425237774848938
vt 0.764433741569519 0.29598474502563477
vt 0.8399258852005005 0.46111950278282166
vt 0.8050833344459534 0.47393789887428284
vt 0.8250452280044556 0.4667162597179413
vt 0.8148828148841858 0.4921123683452606
vt 0.8329089879989624 0.4857332408428192
vt 0.8087127804756165 0.5043891072273254
vt 0.8573471307754517 0.4529951512813568
vt 0.8517820239067078 0.4785718023777008
vt 0.8683564066886902 0.4692438542842865
vt 0.8488784432411194 0.49157074093818665
vt 0.7546342611312866 0.29917430877685547
vt 0.7681841254234314 0.4806179106235504
vt 0.7887508869171143 0.4775487184524536
vt 0.7721765041351318 0.49909326434135437
vt 0.7909285426139832 0.4956028163433075
vt 0.7631029486656189 0.5096849799156189
vt 0.7523356080055237 0.48067811131477356
vt 0.7524566054344177 0.38450998067855835
vt 0.7545132637023926 0.37975573539733887
vt 0.7495530843734741 0.37415897846221924
vt 0.7445928454399109 0.29917430877685547
vt 0.7447138428688049 0.3798159062862396
vt 0.7280184626579285 0.48055773973464966
vt 0.7466495037078857 0.48043736815452576
vt 0.7303170561790466 0.49897292256355286
vt 0.7467705011367798 0.4989127218723297
vt 0.718218982219696 0.5095044374465942
vt 0.7470124363899231 0.38450998067855835
vt 0.675391674041748 0.4990330934524536
vt 0.6879737377166748 0.4927743375301361
vt 0.7051530480384827 0.49668607115745544
vt 0.7119279503822327 0.47815051674842834
vt 0.6940227746963501 0.47417861223220825
vt 0.7349143624305725 0.29598474502563477
vt 0.6585753560066223 0.46166113018989563
vt 0.6265153884887695 0.4426441490650177
vt 0.6416379809379578 0.4523331820964813
vt 0.615385115146637 0.4586521089076996
vt 0.6313546299934387 0.46816059947013855
vt 0.6000205278396606 0.4602769911289215
vt 0.6756336688995361 0.4687022268772125
vt 0.6497437357902527 0.4784514307975769
vt 0.6664391160011292 0.48645541071891785
vt 0.634016215801239 0.48260387778282166
vt 0.7265666723251343 0.28996673226356506
vt 0.5982058048248291 0.4186322093009949
vt 0.6115137338638306 0.4309691786766052
vt 0.584293007850647 0.43337637186050415
vt 0.5984477996826172 0.44565317034721375
vt 0.5697752833366394 0.4329551160335541
vt 0.5442482829093933 0.400578111410141
vt 0.5703802108764648 0.4173082411289215
vt 0.5584030747413635 0.402624249458313
vt 0.5845349431037903 0.4044296443462372
vt 0.5740095973014832 0.3899261951446533
vt 0.7207595705986023 0.2818423807621002
vt 0.5556204915046692 0.3576093912124634
vt 0.5427965521812439 0.3225242793560028
vt 0.5484826564788818 0.3411801755428314
vt 0.5222297310829163 0.327880322933197
vt 0.5286417603492737 0.345814049243927
vt 0.5089218616485596 0.3216215670108795
vt 0.5637262463569641 0.37530240416526794
vt 0.5378363132476807 0.3674187660217285
vt 0.5470308661460876 0.3839081823825836
vt 0.5247703790664673 0.3644699454307556
vt 0.7176140546798706 0.2721533477306366
vt 0.5362635254859924 0.28587445616722107
vt 0.5378363132476807 0.3011602759361267
vt 0.5153338313102722 0.2850921154022217
vt 0.5187212824821472 0.30392855405807495
vt 0.5025098323822021 0.2760049104690552
vt 0.5362635254859924 0.2727551758289337
vt 0.6299028396606445 0.2704683244228363
vt 0.6346210837364197 0.2725144326686859
vt 0.6401862502098083 0.2675796449184418
vt 0.7176140546798706 0.26198288798332214
vt 0.6346210837364197 0.2627050578594208
vt 0.5362635254859924 0.24838213622570038
vt 0.5360215902328491 0.2651122510433197
vt 0.5183583498001099 0.24838213622570038
vt 0.5165436267852783 0.2647511959075928
vt 0.5055343508720398 0.23622572422027588
vt 0.6299028396606445 0.2649919092655182
vt 0.5179954171180725 0.1945207715034485
vt 0.5242864489555359 0.20709845423698425
vt 0.5204150676727295 0.2241896539926529
vt 0.5385621786117554 0.22918462753295898
vt 0.5425545573234558 0.21185269951820374
vt 0.7207595705986023 0.2523540258407593
vt 0.5552575588226318 0.1764666885137558
vt 0.5742515921592712 0.14427022635936737
vt 0.5643311142921448 0.159856915473938
vt 0.5580401420593262 0.13355812430381775
vt 0.5484826564788818 0.14956608414649963
vt 0.5563464164733887 0.11821214854717255
vt 0.5481196641921997 0.19379860162734985
vt 0.5383202433586121 0.1681617945432663
vt 0.5303354859352112 0.18483173847198486
vt 0.5340858697891235 0.15245474874973297
vt 0.7266876697540283 0.24416951835155487
vt 0.5983268022537231 0.11586511880159378
vt 0.5852608680725098 0.1296464055776596
vt 0.5828412175178528 0.10244490951299667
vt 0.5705011487007141 0.11664746701717377
vt 0.5832041501998901 0.08788128197193146
vt 0.6149011850357056 0.062124110758304596
vt 0.5982058048248291 0.08824235945940018
vt 0.6128445267677307 0.07632666081190109
vt 0.6117556691169739 0.10286617279052734
vt 0.6268783211708069 0.0917930006980896
vt 0.7349143624305725 0.23821167647838593
vt 0.659180223941803 0.07295656204223633
vt 0.6941437721252441 0.060439061373472214
vt 0.6757546663284302 0.06561456620693207
vt 0.6857960820198059 0.04021848365664482
vt 0.6678909063339233 0.046597592532634735
vt 0.6920870542526245 0.02794170193374157
vt 0.6417589783668518 0.08108090609312057
vt 0.6472031474113464 0.05550427734851837
vt 0.6306287050247192 0.06477204710245132
vt 0.65010666847229 0.04250533506274223
vt 0.7445928454399109 0.23508229851722717
vt 0.7306800484657288 0.05363868921995163
vt 0.7114440202713013 0.05592554062604904
vt 0.7275345325469971 0.03341810777783394
vt 0.7086614966392517 0.03684838488698006
vt 0.73660808801651 0.022766195237636566
vt 0.7465285062789917 0.053759049624204636
vt 0.7466495037078857 0.14968644082546234
vt 0.7445928454399109 0.15444068610668182
vt 0.7495530843734741 0.16003745794296265
vt 0.7547552585601807 0.23508229851722717
vt 0.7543922662734985 0.15438051521778107
vt 0.7698778510093689 0.053939592093229294
vt 0.7514887452125549 0.053939592093229294
vt 0.7687890529632568 0.03468189388513565
vt 0.7533034682273865 0.03480225428938866
vt 0.7810081243515015 0.024150341749191284
vt 0.7520936727523804 0.14968644082546234
vt 0.8222626447677612 0.03564478084445
vt 0.8096806406974792 0.041903529316186905
vt 0.7926222681999207 0.03799181059002876
vt 0.7876620888710022 0.056166261434555054
vt 0.8049623370170593 0.06013816222548485
vt 0.764433741569519 0.23827184736728668
vt 0.8401678204536438 0.07295656204223633
vt 0.8721067905426025 0.0917930006980896
vt 0.8565002679824829 0.08186324685811996
vt 0.8828741312026978 0.0755443200469017
vt 0.866783618927002 0.06603582948446274
vt 0.8982387185096741 0.07385926693677902
vt 0.8228675127029419 0.065193310379982
vt 0.848394513130188 0.055985722690820694
vt 0.8318201303482056 0.04798174276947975
vt 0.8642430305480957 0.05177310109138489
vt 0.7725394368171692 0.24416951835155487
vt 0.9011422395706177 0.11562439799308777
vt 0.8867455124855042 0.10178293287754059
vt 0.9126354455947876 0.10009787976741791
vt 0.8984806537628174 0.0878210961818695
vt 0.9271531701087952 0.10051914304494858
vt 0.9546158313751221 0.13217398524284363
vt 0.9286049604415894 0.11544385552406311
vt 0.9404610991477966 0.13006767630577087
vt 0.9139662384986877 0.12910477817058563
vt 0.9250965118408203 0.14414985477924347
vt 0.7784675359725952 0.2523540258407593
vt 0.9436065554618835 0.1765870451927185
vt 0.9563095569610596 0.2113712579011917
vt 0.951107382774353 0.1929560899734497
vt 0.9765133857727051 0.2030663788318634
vt 0.9701014161109924 0.18507246673107147
vt 0.9899423122406006 0.20932511985301971
vt 0.9355008602142334 0.1591949313879013
vt 0.9611487984657288 0.16467134654521942
vt 0.9518333077430725 0.14812175929546356
vt 0.9740937948226929 0.16762018203735352
vt 0.7817339897155762 0.2620430588722229
vt 0.9630845189094543 0.248081237077713
vt 0.9612697958946228 0.23189273476600647
vt 0.9830464124679565 0.24609528481960297
vt 0.9795379638671875 0.22912444174289703
vt 0.9958703517913818 0.25518250465393066
vt 0.9630845189094543 0.2652326226234436
vt 0.8696871995925903 0.2653529942035675
vt 0.8648479580879211 0.26336702704429626
vt 0.8595247864723206 0.2675796449184418
vt 0.8648479580879211 0.27287551760673523
vt 0.962842583656311 0.27052849531173706
vt 0.9819575548171997 0.2862355411052704
vt 0.9813526272773743 0.2706488370895386
vt 0.9910311102867126 0.29345718026161194
vt 0.8698081970214844 0.2706488370895386
vt 0.9084011316299438 0.430487722158432
vt 0.8977547883987427 0.439454585313797
vt 0.9009003043174744 0.42176157236099243
vt 0.8903749585151672 0.4307284355163574
vt 0.25328898429870605 0.2836478054523468
vt 0.24820779263973236 0.28473103046417236
vt 0.2560715675354004 0.2993548512458801
vt 0.2461511194705963 0.2992344796657562
vt 0.7497950196266174 0.3740987777709961
vt 0.7545132637023926 0.37963536381721497
vt 0.7468914985656738 0.37758925557136536
vt 0.749311089515686 0.37963536381721497
vt 0.04532265290617943 0.3763856291770935
vt 0.04036243259906769 0.36723822355270386
vt 0.06225999444723129 0.3679603934288025
vt 0.05729977414011955 0.35881298780441284
vt 0.8777928948402405 0.4543191194534302
vt 0.8662997484207153 0.46190184354782104
vt 0.8713809251785278 0.44475045800209045
vt 0.860008716583252 0.4523331820964813
vt 0.7660064697265625 0.49295487999916077
vt 0.7541503310203552 0.49289470911026
vt 0.7660064697265625 0.4815206229686737
vt 0.7541503310203552 0.48146045207977295
vt 0.8433133363723755 0.4735768139362335
vt 0.832304060459137 0.4780903458595276
vt 0.8389580249786377 0.462985098361969
vt 0.8279487490653992 0.4674986004829407
vt 0.25401487946510315 0.3788530230522156
vt 0.25183722376823425 0.3810195326805115
vt 0.25111132860183716 0.3754829466342926
vt 0.2461511194705963 0.381139874458313
vt 0.9548578262329102 0.3668169677257538
vt 0.9479618668556213 0.37903356552124023
vt 0.9448164105415344 0.36122021079063416
vt 0.9379204511642456 0.37337663769721985
vt 0.21953529119491577 0.27287551760673523
vt 0.22243884205818176 0.28220346570014954
vt 0.23405301570892334 0.27119046449661255
vt 0.2358677238225937 0.276486337184906
vt 0.2286088615655899 0.2902074456214905
vt 0.23598870635032654 0.29598474502563477
vt 0.23889225721359253 0.280036985874176
vt 0.24336855113506317 0.2832867205142975
vt 0.22268080711364746 0.2822636365890503
vt 0.22848789393901825 0.2901472747325897
vt 0.23598870635032654 0.27666687965393066
vt 0.23840832710266113 0.2799767851829529
vt 0.02040056884288788 0.296466201543808
vt 0.01906977780163288 0.28653645515441895
vt 0.03927360475063324 0.2963458299636841
vt 0.03806379437446594 0.2863559126853943
vt 0.1578349769115448 0.4850110709667206
vt 0.14900337159633636 0.4811595380306244
vt 0.16981209814548492 0.467318058013916
vt 0.16085951030254364 0.4634665250778198
vt 0.12250853329896927 0.46635517477989197
vt 0.11428182572126389 0.4602769911289215
vt 0.13654233515262604 0.4507082998752594
vt 0.12831561267375946 0.44463008642196655
vt 0.06552647799253464 0.41020697355270386
vt 0.05971939116716385 0.40232333540916443
vt 0.0817379355430603 0.39937451481819153
vt 0.07593084871768951 0.3914909064769745
vt 0.02886923775076866 0.33883312344551086
vt 0.025965694338083267 0.3280608654022217
vt 0.047137368470430374 0.3340788781642914
vt 0.04423382505774498 0.32324641942977905
vt 0.28171953558921814 0.5010792016983032
vt 0.27034732699394226 0.5018013715744019
vt 0.28123560547828674 0.48296496272087097
vt 0.2726459503173828 0.48314550518989563
vt 0.09323112666606903 0.44204235076904297
vt 0.08439951390028 0.43373745679855347
vt 0.1087166965007782 0.42850178480148315
vt 0.09988508373498917 0.42019689083099365
vt 0.4812172055244446 0.23929491639137268
vt 0.48206406831741333 0.24820159375667572
vt 0.46343299746513367 0.23935510218143463
vt 0.4641588628292084 0.24826177954673767
vt 0.485088586807251 0.2766067087650299
vt 0.485088586807251 0.2853328585624695
vt 0.4641588628292084 0.2773890495300293
vt 0.4641588628292084 0.28617537021636963
vt 0.686884880065918 0.4869368374347687
vt 0.6733350157737732 0.482423335313797
vt 0.690514326095581 0.4760442078113556
vt 0.6769644618034363 0.4715307056903839
vt 0.5277948975563049 0.32336679100990295
vt 0.5240444540977478 0.3075393736362457
vt 0.5389251112937927 0.3207188546657562
vt 0.5351747274398804 0.304891437292099
vt 0.4238722026348114 0.42735835909843445
vt 0.4161294102668762 0.43542250990867615
vt 0.4099593758583069 0.41237345337867737
vt 0.40233758091926575 0.42043760418891907
vt 0.5861077308654785 0.42657601833343506
vt 0.5758243203163147 0.41622498631477356
vt 0.5942134261131287 0.41851183772087097
vt 0.5839300751686096 0.40816083550453186
vt 0.26744377613067627 0.27028778195381165
vt 0.2658710181713104 0.274440199136734
vt 0.2828083634376526 0.2723940908908844
vt 0.27978384494781494 0.2816016674041748
vt 0.7235421538352966 0.49427884817123413
vt 0.7116860151290894 0.4920521676540375
vt 0.7255988121032715 0.48296496272087097
vt 0.7137426733970642 0.4807984530925751
vt 0.6159900426864624 0.45167118310928345
vt 0.6047387719154358 0.4430654048919678
vt 0.6228859424591064 0.4425237774848938
vt 0.6116347312927246 0.4339179992675781
vt 0.268169641494751 0.2647511959075928
vt 0.268169641494751 0.269565612077713
vt 0.28268736600875854 0.2621634304523468
vt 0.2825663983821869 0.2719126343727112
vt 0.6365568041801453 0.2706488370895386
vt 0.6346210837364197 0.26788055896759033
vt 0.6403071880340576 0.2675796449184418
vt 0.6346210837364197 0.2628253996372223
vt 0.35999423265457153 0.4762849509716034
vt 0.35079967975616455 0.4810391664505005
vt 0.3511626124382019 0.4592539072036743
vt 0.3419680595397949 0.4640081524848938
vt 0.5604597330093384 0.39528223872184753
vt 0.5529589056968689 0.3843294382095337
vt 0.5698962807655334 0.38872259855270386
vt 0.562395453453064 0.37782996892929077
vt 0.5223507285118103 0.2776297628879547
vt 0.521987795829773 0.26788055896759033
vt 0.5338439345359802 0.27720850706100464
vt 0.5333600044250488 0.26745930314064026
vt 0.5409818291664124 0.3604980409145355
vt 0.5357796549797058 0.34834161400794983
vt 0.5515071749687195 0.3559243381023407
vt 0.5463050007820129 0.343767911195755
vt 0.3637446463108063 0.26463082432746887
vt 0.36592230200767517 0.2670380473136902
vt 0.3603571653366089 0.2676398456096649
vt 0.36592230200767517 0.2726348042488098
vt 0.6482919454574585 0.4723130464553833
vt 0.6359518766403198 0.46497103571891785
vt 0.6540990471839905 0.462443470954895
vt 0.6417589783668518 0.45510146021842957
vt 0.258491188287735 0.2820229232311249
vt 0.2534099817276001 0.28370797634124756
vt 0.2656290531158447 0.2962856590747833
vt 0.2565554678440094 0.2993548512458801
vt 0.26575005054473877 0.27462074160575867
vt 0.2628464996814728 0.27835193276405334
vt 0.27929991483688354 0.28178220987319946
vt 0.27421870827674866 0.28984636068344116
vt 0.2626045346260071 0.27871301770210266
vt 0.25861215591430664 0.2818423807621002
vt 0.27373477816581726 0.2900269031524658
vt 0.2661129832267761 0.295924574136734
vt 0.48109620809555054 0.3185523748397827
vt 0.4780716896057129 0.3286626636981964
vt 0.4605294466018677 0.31313613057136536
vt 0.4576258957386017 0.32324641942977905
vt 0.46682044863700867 0.3595351576805115
vt 0.4625861346721649 0.36862239241600037
vt 0.44903624057769775 0.3496655821800232
vt 0.444801926612854 0.3587528169155121
vt 0.44782644510269165 0.3961849510669708
vt 0.44201934337615967 0.40430930256843567
vt 0.4323408603668213 0.38336655497550964
vt 0.42641279101371765 0.39143070578575134
vt 0.39386892318725586 0.4543793201446533
vt 0.3851582705974579 0.460938960313797
vt 0.3827386498451233 0.4381908178329468
vt 0.37390705943107605 0.4448106288909912
vt 0.3232160210609436 0.49259379506111145
vt 0.31256967782974243 0.49554264545440674
vt 0.3171669542789459 0.4737573564052582
vt 0.3066416084766388 0.4766460061073303
vt 0.022215282544493675 0.21173234283924103
vt 0.02451392263174057 0.20234420895576477
vt 0.042419109493494034 0.2200973927974701
vt 0.04459676891565323 0.21076945960521698
vt 0.2644192576408386 0.03040909394621849
vt 0.2731298804283142 0.030709994956851006
vt 0.26127374172210693 0.05093057453632355
vt 0.2699843645095825 0.05117129534482956
vt 0.5298515558242798 0.20745953917503357
vt 0.5333600044250488 0.19391897320747375
vt 0.5408608317375183 0.2103481888771057
vt 0.5443692803382874 0.1968076229095459
f 1/1/1 2/2/2 3/3/3
f 3/3/3 2/2/2 3/3/3
f 3/3/3 3/3/3 4/4/4
f 4/4/4 3/3/3 4/4/4
f 4/4/4 4/4/4 5/5/5
f 5/5/5 4/4/4 6/6/6
f 5/5/5 6/6/6 6/6/6
f 6/6/6 6/6/6 7/7/7
f 6/6/6 7/7/7 7/7/7
f 7/7/7 7/7/7 8/8/8
f 7/7/7 8/8/8 9/9/9
f 9/9/9 8/8/8 9/9/9
f 9/9/9 9/9/9 10/10/10
f 10/10/10 9/9/9 10/10/10
f 10/10/10 10/10/10 11/11/11
f 11/11/11 10/10/10 12/12/12
f 11/11/11 12/12/12 12/12/12
f 12/12/12 12/12/12 13/13/13
f 12/12/12 13/13/13 13/13/13
f 13/13/13 13/13/13 14/14/14
f 13/13/13 14/14/14 15/15/15
f 15/15/15 14/14/14 15/15/15
f 15/15/15 15/15/15 16/16/16
f 16/16/16 15/15/15 16/16/16
f 16/16/16 16/16/16 17/17/17
f 17/17/17 16/16/16 18/18/18
f 17/17/17 18/18/18 18/18/18
f 18/18/18 18/18/18 19/19/19
f 18/18/18 19/19/19 19/19/19
f 19/19/19 19/19/19 20/20/20
f 19/19/19 20/20/20 21/21/21
f 21/21/21 20/20/20 21/21/21
f 21/21/21 21/21/21 22/22/22
f 22/22/22 21/21/21 22/22/22
f 22/22/22 22/22/22 23/23/23
f 23/23/23 22/22/22 24/24/24
f 23/23/23 24/24/24 24/24/24
f 24/24/24 24/24/24 25/25/25
f 24/24/24 25/25/25 25/25/25
f 25/25/25 25/25/25 26/26/26
f 25/25/25 26/26/26 27/27/27
f 27/27/27 26/26/26 27/27/27
f 27/27/27 27/27/27 28/28/28
f 28/28/28 27/27/27 28/28/28
f 28/28/28 28/28/28 29/29/29
f 29/29/29 28/28/28 30/30/30
f 29/29/29 30/30/30 30/30/30
f 30/30/30 30/30/30 31/31/31
f 30/30/30 31/31/31 31/31/31
f 31/31/31 31/31/31 32/32/32
f 31/31/31 32/32/32 33/33/33
f 33/33/33 32/32/32 33/33/33
f 33/33/33 33/33/33 34/34/34
f 34/34/34 33/33/33 34/34/34
f 34/34/34 34/34/34 35/35/35
f 35/35/35 34/34/34 36/36/36
f 35/35/35 36/36/36 36/36/36
f 36/36/36 36/36/36 37/37/37
f 36/36/36 37/37/37 37/37/37
f 37/37/37 37/37/37 38/38/38
f 37/37/37 38/38/38 39/39/39
f 39/39/39 38/38/38 39/39/39
f 39/39/39 39/39/39 40/40/40
f 40/40/40 39/39/39 40/40/40
f 40/40/40 40/40/40 41/41/41
f 41/41/41 40/40/40 42/42/42
f 41/41/41 42/42/42 42/42/42
f 42/42/42 42/42/42 43/43/43
f 42/42/42 43/43/43 43/43/43
f 43/43/43 43/43/43 44/44/44
f 43/43/43 44/44/44 45/45/45
f 45/45/45 44/44/44 45/45/45
f 45/45/45 45/45/45 46/46/46
f 46/46/46 45/45/45 46/46/46
f 46/46/46 46/46/46 47/47/47
f 47/47/47 46/46/46 48/48/48
f 47/47/47 48/48/48 48/48/48
f 48/48/48 48/48/48 49/49/49
f 48/48/48 49/49/49 49/49/49
f 49/49/49 49/49/49 50/50/50
f 49/49/49 50/50/50 51/51/51
f 51/51/51 50/50/50 51/51/51
f 51/51/51 51/51/51 52/52/52
f 52/52/52 51/51/51 52/52/52
f 52/52/52 52/52/52 53/53/53
f 53/53/53 52/52/52 54/54/54
f 53/53/53 54/54/54 54/54/54
f 54/54/54 54/54/54 55/55/55
f 54/54/54 55/55/55 55/55/55
f 55/55/55 55/55/55 56/56/56
f 55/55/55 56/56/56 57/57/57
f 57/57/57 56/56/56 57/57/57
f 57/57/57 57/57/57 58/58/58
f 58/58/58 57/57/57 58/58/58
f 58/58/58 58/58/58 59/59/59
f 59/59/59 58/58/58 60/60/60
f 59/59/59 60/60/60 60/60/60
f 60/60/60 60/60/60 61/61/61
f 60/60/60 61/61/61 61/61/61
f 61/61/61 61/61/61 62/62/62
f 61/61/61 62/62/62 63/63/63
f 63/63/63 62/62/62 63/63/63
f 63/63/63 63/63/63 64/64/64
f 64/64/64 63/63/63 64/64/64
f 64/64/64 64/64/64 65/65/65
f 65/65/65 64/64/64 66/66/66
f 65/65/65 66/66/66 66/66/66
f 66/66/66 66/66/66 67/67/67
f 66/66/66 67/67/67 67/67/67
f 67/67/67 67/67/67 68/68/68
f 67/67/67 68/68/68 69/69/69
f 69/69/69 68/68/68 69/69/69
f 69/69/69 69/69/69 70/70/70
f 70/70/70 69/69/69 70/70/70
f 70/70/70 70/70/70 71/71/71
f 71/71/71 70/70/70 72/72/72
f 71/71/71 72/72/72 72/72/72
f 72/72/72 72/72/72 73/73/73
f 72/72/72 73/73/73 73/73/73
f 73/73/73 73/73/73 74/74/74
f 73/73/73 74/74/74 75/75/75
f 75/75/75 74/74/74 75/75/75
f 75/75/75 75/75/75 76/76/76
f 76/76/76 75/75/75 76/76/76
f 76/76/76 76/76/76 77/77/77
f 77/77/77 76/76/76 78/78/78
f 77/77/77 78/78/78 78/78/78
f 78/78/78 78/78/78 79/79/79
f 78/78/78 79/79/79 79/79/79
f 79/79/79 79/79/79 80/80/80
f 79/79/79 80/80/80 81/81/81
f 81/81/81 80/80/80 81/81/81
f 81/81/81 81/81/81 82/82/82
f 82/82/82 81/81/81 82/82/82
f 82/82/82 82/82/82 83/83/83
f 83/83/83 82/82/82 84/84/84
f 83/83/83 84/84/84 84/84/84
f 84/84/84 84/84/84 85/85/85
f 84/84/84 85/85/85 85/85/85
f 85/85/85 85/85/85 86/86/86
f 85/85/85 86/86/86 87/87/87
f 87/87/87 86/86/86 87/87/87
f 87/87/87 87/87/87 88/88/88
f 88/88/88 87/87/87 88/88/88
f 88/88/88 88/88/88 89/89/89
f 89/89/89 88/88/88 90/90/90
f 89/89/89 90/90/90 90/90/90
f 90/90/90 90/90/90 91/91/91
f 90/90/90 91/91/91 91/91/91
f 91/91/91 91/91/91 92/92/92
f 91/91/91 92/92/92 93/93/93
f 93/93/93 92/92/92 93/93/93
f 93/93/93 93/93/93 94/94/94
f 94/94/94 93/93/93 94/94/94
f 94/94/94 94/94/94 95/95/95
f 95/95/95 94/94/94 96/96/96
f 95/95/95 96/96/96 96/96/96
f 96/96/96 96/96/96 97/97/97
f 96/96/96 97/97/97 97/97/97
f 97/97/97 97/97/97 98/98/98
f 97/97/97 98/98/98 99/99/99
f 99/99/99 98/98/98 99/99/99
f 99/99/99 99/99/99 100/100/100
f 100/100/100 99/99/99 100/100/100
f 100/100/100 100/100/100 101/101/101
f 101/101/101 100/100/100 102/102/102
f 101/101/101 102/102/102 102/102/102
f 102/102/102 102/102/102 103/103/103
f 102/102/102 103/103/103 103/103/103
f 103/103/103 103/103/103 104/104/104
f 103/103/103 104/104/104 105/105/105
f 105/105/105 104/104/104 105/105/105
f 105/105/105 105/105/105 106/106/106
f 106/106/106 105/105/105 106/106/106
f 106/106/106 106/106/106 107/107/107
f 107/107/107 106/106/106 108/108/108
f 107/107/107 108/108/108 108/108/108
f 108/108/108 108/108/108 109/109/109
f 108/108/108 109/109/109 109/109/109
f 109/109/109 109/109/109 110/110/110
f 109/109/109 110/110/110 111/111/111
f 111/111/111 110/110/110 111/111/111
f 111/111/111 111/111/111 112/112/112
f 112/112/112 111/111/111 112/112/112
f 112/112/112 112/112/112 113/113/113
f 113/113/113 112/112/112 114/114/114
f 113/113/113 114/114/114 114/114/114
f 114/114/114 114/114/114 115/115/115
f 114/114/114 115/115/115 115/115/115
f 115/115/115 115/115/115 116/116/116
f 115/115/115 116/116/116 117/117/117
f 117/117/117 116/116/116 117/117/117
f 117/117/117 117/117/117 118/118/118
f 118/118/118 117/117/117 118/118/118
f 118/118/118 118/118/118 119/119/119
f 119/119/119 118/118/118 120/120/120
f 119/119/119 120/120/120 120/120/120
f 120/120/120 120/120/120 121/121/121
f 120/120/120 121/121/121 121/121/121
f 121/121/121 121/121/121 122/122/122
f 121/121/121 122/122/122 123/123/123
f 123/123/123 122/122/122 123/123/123
f 123/123/123 123/123/123 124/124/124
f 124/124/124 123/123/123 124/124/124
f 124/124/124 124/124/124 125/125/125
f 125/125/125 124/124/124 126/126/126
f 125/125/125 126/126/126 126/126/126
f 126/126/126 126/126/126 127/127/127
f 126/126/126 127/127/127 127/127/127
f 127/127/127 127/127/127 128/128/128
f 127/127/127 128/128/128 129/129/129
f 129/129/129 128/128/128 129/129/129
f 129/129/129 129/129/129 130/130/130
f 130/130/130 129/129/129 130/130/130
f 130/130/130 130/130/130 131/131/131
f 131/131/131 130/130/130 132/132/132
f 131/131/131 132/132/132 132/132/132
f 132/132/132 132/132/132 133/133/133
f 132/132/132 133/133/133 133/133/133
f 133/133/133 133/133/133 134/134/134
f 133/133/133 134/134/134 135/135/135
f 135/135/135 134/134/134 135/135/135
f 135/135/135 135/135/135 136/136/136
f 136/136/136 135/135/135 136/136/136
f 136/136/136 136/136/136 137/137/137
f 137/137/137 136/136/136 138/138/138
f 137/137/137 138/138/138 138/138/138
f 138/138/138 138/138/138 139/139/139
f 138/138/138 139/139/139 139/139/139
f 139/139/139 139/139/139 140/140/140
f 139/139/139 140/140/140 141/141/141
f 141/141/141 140/140/140 141/141/141
f 141/141/141 141/141/141 142/142/142
f 142/142/142 141/141/141 142/142/142
f 142/142/142 142/142/142 143/143/143
f 143/143/143 142/142/142 144/144/144
f 143/143/143 144/144/144 144/144/144
f 144/144/144 144/144/144 145/145/145
f 144/144/144 145/145/145 145/145/145
f 145/145/145 145/145/145 146/146/146
f 145/145/145 146/146/146 147/147/147
f 147/147/147 146/146/146 147/147/147
f 147/147/147 147/147/147 148/148/148
f 148/148/148 147/147/147 148/148/148
f 148/148/148 148/148/148 149/149/149
f 149/149/149 148/148/148 150/150/150
f 149/149/149 150/150/150 150/150/150
f 150/150/150 150/150/150 151/151/151
f 150/150/150 151/151/151 151/151/151
f 151/151/151 151/151/151 152/152/152
f 151/151/151 152/152/152 153/153/153
f 153/153/153 152/152/152 153/153/153
f 153/153/153 153/153/153 154/154/154
f 154/154/154 153/153/153 154/154/154
f 154/154/154 154/154/154 155/155/155
f 155/155/155 154/154/154 156/156/156
f 155/155/155 156/156/156 156/156/156
f 156/156/156 156/156/156 157/157/157
f 156/156/156 157/157/157 157/157/157
f 157/157/157 157/157/157 158/158/158
f 157/157/157 158/158/158 159/159/159
f 159/159/159 158/158/158 159/159/159
f 159/159/159 159/159/159 160/160/160
f 160/160/160 159/159/159 160/160/160
f 160/160/160 160/160/160 161/161/161
f 161/161/161 160/160/160 162/162/162
f 161/161/161 162/162/162 162/162/162
f 162/162/162 162/162/162 163/163/163
f 162/162/162 163/163/163 163/163/163
f 163/163/163 163/163/163 164/164/164
f 163/163/163 164/164/164 165/165/165
f 165/165/165 164/164/164 165/165/165
f 165/165/165 165/165/165 166/166/166
f 166/166/166 165/165/165 166/166/166
f 166/166/166 166/166/166 167/167/167
f 167/167/167 166/166/166 168/168/168
f 167/167/167 168/168/168 168/168/168
f 168/168/168 168/168/168 169/169/169
f 168/168/168 169/169/169 169/169/169
f 169/169/169 169/169/169 170/170/170
f 169/169/169 170/170/170 171/171/171
f 171/171/171 170/170/170 171/171/171
f 171/171/171 171/171/171 172/172/172
f 172/172/172 171/171/171 172/172/172
f 172/172/172 172/172/172 173/173/173
f 173/173/173 172/172/172 174/174/174
f 173/173/173 174/174/174 174/174/174
f 174/174/174 174/174/174 175/175/175
f 174/174/174 175/175/175 175/175/175
f 175/175/175 175/175/175 176/176/176
f 175/175/175 176/176/176 177/177/177
f 177/177/177 176/176/176 177/177/177
f 177/177/177 177/177/177 178/178/178
f 178/178/178 177/177/177 178/178/178
f 178/178/178 178/178/178 179/179/179
f 179/179/179 178/178/178 180/180/180
f 179/179/179 180/180/180 180/180/180
f 180/180/180 180/180/180 181/181/181
f 180/180/180 181/181/181 181/181/181
f 181/181/181 181/181/181 182/182/182
f 181/181/181 182/182/182 183/183/183
f 183/183/183 182/182/182 183/183/183
f 183/183/183 183/183/183 184/184/184
f 184/184/184 183/183/183 184/184/184
f 184/184/184 184/184/184 185/185/185
f 185/185/185 184/184/184 186/186/186
f 185/185/185 186/186/186 186/186/186
f 186/186/186 186/186/186 187/187/187
f 186/186/186 187/187/187 187/187/187
f 187/187/187 187/187/187 188/188/188
f 187/187/187 188/188/188 189/189/189
f 189/189/189 188/188/188 189/189/189
f 189/189/189 189/189/189 190/190/190
f 190/190/190 189/189/189 190/190/190
f 190/190/190 190/190/190 191/191/191
f 191/191/191 190/190/190 192/192/192
f 191/191/191 192/192/192 192/192/192
f 192/192/192 192/192/192 193/193/193
f 192/192/192 193/193/193 193/193/193
f 193/193/193 193/193/193 194/194/194
f 193/193/193 194/194/194 195/195/195
f 195/195/195 194/194/194 195/195/195
f 195/195/195 195/195/195 196/196/196
f 196/196/196 195/195/195 196/196/196
f 196/196/196 196/196/196 197/197/197
f 197/197/197 196/196/196 198/198/198
f 197/197/197 198/198/198 198/198/198
f 198/198/198 198/198/198 199/199/199
f 198/198/198 199/199/199 199/199/199
f 199/199/199 199/199/199 200/200/200
f 199/199/199 200/200/200 201/201/201
f 201/201/201 200/200/200 201/201/201
f 201/201/201 201/201/201 202/202/202
f 202/202/202 201/201/201 202/202/202
f 202/202/202 202/202/202 203/203/203
f 203/203/203 202/202/202 204/204/204
f 203/203/203 204/204/204 204/204/204
f 204/204/204 204/204/204 205/205/205
f 204/204/204 205/205/205 205/205/205
f 205/205/205 205/205/205 206/206/206
f 205/205/205 206/206/206 207/207/207
f 207/207/207 206/206/206 207/207/207
f 207/207/207 207/207/207 208/208/208
f 208/208/208 207/207/207 208/208/208
f 208/208/208 208/208/208 209/209/209
f 209/209/209 208/208/208 210/210/210
f 209/209/209 210/210/210 210/210/210
f 210/210/210 210/210/210 211/211/211
f 210/210/210 211/211/211 211/211/211
f 211/211/211 211/211/211 212/212/212
f 211/211/211 212/212/212 213/213/213
f 213/213/213 212/212/212 213/213/213
f 213/213/213 213/213/213 214/214/214
f 214/214/214 213/213/213 214/214/214
f 214/214/214 214/214/214 215/215/215
f 215/215/215 214/214/214 216/216/216
f 215/215/215 216/216/216 216/216/216
f 216/216/216 216/216/216 217/217/217
f 216/216/216 217/217/217 217/217/217
f 217/217/217 217/217/217 218/218/218
f 217/217/217 218/218/218 219/219/219
f 219/219/219 218/218/218 220/220/220
f 219/219/219 220/220/220 219/219/219
f 219/219/219 220/220/220 221/221/221
f 219/219/219 221/221/221 222/222/222
f 222/222/222 221/221/221 222/222/222
f 222/222/222 222/222/222 223/223/223
f 223/223/223 222/222/222 223/223/223
f 223/223/223 223/223/223 224/224/224
f 224/224/224 223/223/223 225/225/225
f 224/224/224 225/225/225 224/224/224
f 224/224/224 225/225/225 226/226/226
f 224/224/224 226/226/226 224/224/224
f 224/224/224 226/226/226 227/227/227
f 224/224/224 227/227/227 228/228/228
f 228/228/228 227/227/227 228/228/228
f 228/228/228 228/228/228 229/229/229
f 229/229/229 228/228/228 229/229/229
f 229/229/229 229/229/229 230/230/230
f 230/230/230 229/229/229 231/231/231
f 230/230/230 231/231/231 232/232/232
f 232/232/232 231/231/231 233/233/233
f 232/232/232 233/233/233 232/232/232
f 232/232/232 233/233/233 234/234/234
f 232/232/232 234/234/234 232/232/232
f 232/232/232 234/234/234 235/235/235
f 232/232/232 235/235/235 232/232/232
f 232/232/232 235/235/235 236/236/236
f 232/232/232 236/236/236 237/237/237
f 237/237/237 236/236/236 238/238/238
f 237/237/237 238/238/238 239/239/239
f 239/239/239 238/238/238 238/238/238
f 239/239/239 238/238/238 240/240/240
f 240/240/240 238/238/238 241/241/241
f 240/240/240 241/241/241 242/242/242
f 242/242/242 241/241/241 242/242/242
f 242/242/242 242/242/242 232/232/232
f 232/232/232 242/242/242 232/232/232
f 232/232/232 232/232/232 243/243/243
f 243/243/243 232/232/232 237/237/237
f 243/243/243 237/237/237 244/244/244
f 244/244/244 237/237/237 245/245/245
f 244/244/244 245/245/245 246/246/246
f 246/246/246 245/245/245 246/246/246
f 246/246/246 246/246/246 236/236/236
f 236/236/236 246/246/246 236/236/236
f 236/236/236 236/236/236 238/238/238
f 238/238/238 236/236/236 247/247/247
f 238/238/238 247/247/247 248/248/248
f 248/248/248 247/247/247 249/249/249
f 248/248/248 249/249/249 250/250/250
f 250/250/250 249/249/249 249/249/249
f 250/250/250 249/249/249 251/251/251
f 251/251/251 249/249/249 252/252/252
f 251/251/251 252/252/252 253/253/253
f 253/253/253 252/252/252 253/253/253
f 253/253/253 253/253/253 238/238/238
f 238/238/238 253/253/253 238/238/238
f 238/238/238 238/238/238 254/254/254
f 254/254/254 238/238/238 248/248/248
f 254/254/254 248/248/248 255/255/255
f 255/255/255 248/248/248 256/256/256
f 255/255/255 256/256/256 257/257/257
f 257/257/257 256/256/256 257/257/257
f 257/257/257 257/257/257 258/258/258
f 258/258/258 257/257/257 258/258/258
f 258/258/258 258/258/258 259/259/259
f 259/259/259 258/258/258 249/249/249
f 259/259/259 249/249/249 260/260/260
f 260/260/260 249/249/249 247/247/247
f 260/260/260 247/247/247 261/261/261
f 261/261/261 247/247/247 262/262/262
f 261/261/261 262/262/262 263/263/263
f 263/263/263 262/262/262 264/264/264
f 263/263/263 264/264/264 265/265/265
f 265/265/265 264/264/264 264/264/264
f 265/265/265 264/264/264 266/266/266
f 266/266/266 264/264/264 267/267/267
f 266/266/266 267/267/267 268/268/268
f 268/268/268 267/267/267 268/268/268
f 268/268/268 268/268/268 262/262/262
f 262/262/262 268/268/268 262/262/262
f 262/262/262 262/262/262 264/264/264
f 264/264/264 262/262/262 269/269/269
f 264/264/264 269/269/269 270/270/270
f 270/270/270 269/269/269 271/271/271
f 270/270/270 271/271/271 272/272/272
f 272/272/272 271/271/271 271/271/271
f 272/272/272 271/271/271 273/273/273
f 273/273/273 271/271/271 274/274/274
f 273/273/273 274/274/274 275/275/275
f 275/275/275 274/274/274 275/275/275
f 275/275/275 275/275/275 276/276/276
f 276/276/276 275/275/275 276/276/276
f 276/276/276 276/276/276 265/265/265
f 265/265/265 276/276/276 263/263/263
f 265/265/265 263/263/263 263/263/263
f 263/263/263 263/263/263 264/264/264
f 263/263/263 264/264/264 264/264/264
f 264/264/264 264/264/264 270/270/270
f 264/264/264 270/270/270 277/277/277
f 277/277/277 270/270/270 270/270/270
f 277/277/277 270/270/270 278/278/278
f 278/278/278 270/270/270 279/279/279
f 278/278/278 279/279/279 280/280/280
f 280/280/280 279/279/279 280/280/280
f 280/280/280 280/280/280 269/269/269
f 269/269/269 280/280/280 269/269/269
f 269/269/269 269/269/269 271/271/271
f 271/271/271 269/269/269 281/281/281
f 271/271/271 281/281/281 282/282/282
f 282/282/282 281/281/281 283/283/283
f 282/282/282 283/283/283 284/284/284
f 284/284/284 283/283/283 283/283/283
f 284/284/284 283/283/283 285/285/285
f 285/285/285 283/283/283 286/286/286
f 285/285/285 286/286/286 287/287/287
f 287/287/287 286/286/286 287/287/287
f 287/287/287 287/287/287 271/271/271
f 271/271/271 287/287/287 271/271/271
f 271/271/271 271/271/271 288/288/288
f 288/288/288 271/271/271 282/282/282
f 288/288/288 282/282/282 289/289/289
f 289/289/289 282/282/282 290/290/290
f 289/289/289 290/290/290 291/291/291
f 291/291/291 290/290/290 291/291/291
f 291/291/291 291/291/291 281/281/281
f 281/281/281 291/291/291 281/281/281
f 281/281/281 281/281/281 283/283/283
f 283/283/283 281/281/281 292/292/292
f 283/283/283 292/292/292 293/293/293
f 293/293/293 292/292/292 294/294/294
f 293/293/293 294/294/294 295/295/295
f 295/295/295 294/294/294 294/294/294
f 295/295/295 294/294/294 296/296/296
f 296/296/296 294/294/294 297/297/297
f 296/296/296 297/297/297 298/298/298
f 298/298/298 297/297/297 298/298/298
f 298/298/298 298/298/298 283/283/283
f 283/283/283 298/298/298 283/283/283
f 283/283/283 283/283/283 299/299/299
f 299/299/299 283/283/283 293/293/293
f 299/299/299 293/293/293 300/300/300
f 300/300/300 293/293/293 301/301/301
f 300/300/300 301/301/301 302/302/302
f 302/302/302 301/301/301 302/302/302
f 302/302/302 302/302/302 292/292/292
f 292/292/292 302/302/302 292/292/292
f 292/292/292 292/292/292 294/294/294
f 294/294/294 292/292/292 303/303/303
f 294/294/294 303/303/303 304/304/304
f 304/304/304 303/303/303 305/305/305
f 304/304/304 305/305/305 306/306/306
f 306/306/306 305/305/305 305/305/305
f 306/306/306 305/305/305 307/307/307
f 307/307/307 305/305/305 308/308/308
f 307/307/307 308/308/308 309/309/309
f 309/309/309 308/308/308 309/309/309
f 309/309/309 309/309/309 294/294/294
f 294/294/294 309/309/309 294/294/294
f 294/294/294 294/294/294 310/310/310
f 310/310/310 294/294/294 304/304/304
f 310/310/310 304/304/304 311/311/311
f 311/311/311 304/304/304 312/312/312
f 311/311/311 312/312/312 313/313/313
f 313/313/313 312/312/312 313/313/313
f 313/313/313 313/313/313 314/314/314
f 314/314/314 313/313/313 314/314/314
f 314/314/314 314/314/314 315/315/315
f 315/315/315 314/314/314 305/305/305
f 315/315/315 305/305/305 316/316/316
f 316/316/316 305/305/305 303/303/303
f 316/316/316 303/303/303 317/317/317
f 317/317/317 303/303/303 318/318/318
f 317/317/317 318/318/318 319/319/319
f 319/319/319 318/318/318 320/320/320
f 319/319/319 320/320/320 321/321/321
f 321/321/321 320/320/320 320/320/320
f 321/321/321 320/320/320 322/322/322
f 322/322/322 320/320/320 323/323/323
f 322/322/322 323/323/323 324/324/324
f 324/324/324 323/323/323 324/324/324
f 324/324/324 324/324/324 318/318/318
f 318/318/318 324/324/324 318/318/318
f 318/318/318 318/318/318 320/320/320
f 320/320/320 318/318/318 325/325/325
f 320/320/320 325/325/325 326/326/326
f 326/326/326 325/325/325 327/327/327
f 326/326/326 327/327/327 328/328/328
f 328/328/328 327/327/327 327/327/327
f 328/328/328 327/327/327 329/329/329
f 329/329/329 327/327/327 330/330/330
f 329/329/329 330/330/330 331/331/331
f 331/331/331 330/330/330 331/331/331
f 331/331/331 331/331/331 332/332/332
f 332/332/332 331/331/331 332/332/332
f 332/332/332 332/332/332 321/321/321
f 321/321/321 332/332/332 319/319/319
f 321/321/321 319/319/319 319/319/319
f 319/319/319 319/319/319 320/320/320
f 319/319/319 320/320/320 320/320/320
f 320/320/320 320/320/320 326/326/326
f 320/320/320 326/326/326 333/333/333
f 333/333/333 326/326/326 326/326/326
f 333/333/333 326/326/326 334/334/334
f 334/334/334 326/326/326 335/335/335
f 334/334/334 335/335/335 336/336/336
f 336/336/336 335/335/335 336/336/336
f 336/336/336 336/336/336 325/325/325
f 325/325/325 336/336/336 325/325/325
f 325/325/325 325/325/325 327/327/327
f 327/327/327 325/325/325 337/337/337
f 327/327/327 337/337/337 338/338/338
f 338/338/338 337/337/337 339/339/339
f 338/338/338 339/339/339 340/340/340
f 340/340/340 339/339/339 339/339/339
f 340/340/340 339/339/339 341/341/341
f 341/341/341 339/339/339 342/342/342
f 341/341/341 342/342/342 343/343/343
f 343/343/343 342/342/342 343/343/343
f 343/343/343 343/343/343 327/327/327
f 327/327/327 343/343/343 327/327/327
f 327/327/327 327/327/327 344/344/344
f 344/344/344 327/327/327 338/338/338
f 344/344/344 338/338/338 345/345/345
f 345/345/345 338/338/338 346/346/346
f 345/345/345 346/346/346 347/347/347
f 347/347/347 346/346/346 347/347/347
f 347/347/347 347/347/347 337/337/337
f 337/337/337 347/347/347 337/337/337
f 337/337/337 337/337/337 339/339/339
f 339/339/339 337/337/337 348/348/348
f 339/339/339 348/348/348 349/349/349
f 349/349/349 348/348/348 350/350/350
f 349/349/349 350/350/350 351/351/351
f 351/351/351 350/350/350 350/350/350
f 351/351/351 350/350/350 352/352/352
f 352/352/352 350/350/350 353/353/353
f 352/352/352 353/353/353 354/354/354
f 354/354/354 353/353/353 354/354/354
f 354/354/354 354/354/354 339/339/339
f 339/339/339 354/354/354 339/339/339
f 339/339/339 339/339/339 355/355/355
f 355/355/355 339/339/339 349/349/349
f 355/355/355 349/349/349 356/356/356
f 356/356/356 349/349/349 357/357/357
f 356/356/356 357/357/357 358/358/358
f 358/358/358 357/357/357 358/358/358
f 358/358/358 358/358/358 348/348/348
f 348/348/348 358/358/358 348/348/348
f 348/348/348 348/348/348 350/350/350
f 350/350/350 348/348/348 359/359/359
f 350/350/350 359/359/359 360/360/360
f 360/360/360 359/359/359 361/361/361
f 360/360/360 361/361/361 362/362/362
f 362/362/362 361/361/361 361/361/361
f 362/362/362 361/361/361 363/363/363
f 363/363/363 361/361/361 364/364/364
f 363/363/363 364/364/364 365/365/365
f 365/365/365 364/364/364 365/365/365
f 365/365/365 365/365/365 350/350/350
f 350/350/350 365/365/365 350/350/350
f 350/350/350 350/350/350 366/366/366
f 366/366/366 350/350/350 360/360/360
f 366/366/366 360/360/360 367/367/367
f 367/367/367 360/360/360 368/368/368
f 367/367/367 368/368/368 369/369/369
f 369/369/369 368/368/368 369/369/369
f 369/369/369 369/369/369 370/370/370
f 370/370/370 369/369/369 370/370/370
f 370/370/370 370/370/370 371/371/371
f 371/371/371 370/370/370 361/361/361
f 371/371/371 361/361/361 372/372/372
f 372/372/372 361/361/361 359/359/359
f 372/372/372 359/359/359 373/373/373
f 373/373/373 359/359/359 374/374/374
f 373/373/373 374/374/374 375/375/375
f 375/375/375 374/374/374 376/376/376
f 375/375/375 376/376/376 377/377/377
f 377/377/377 376/376/376 376/376/376
f 377/377/377 376/376/376 378/378/378
f 378/378/378 376/376/376 379/379/379
f 378/378/378 379/379/379 380/380/380
f 380/380/380 379/379/379 380/380/380
f 380/380/380 380/380/380 374/374/374
f 374/374/374 380/380/380 374/374/374
f 374/374/374 374/374/374 376/376/376
f 376/376/376 374/374/374 381/381/381
f 376/376/376 381/381/381 382/382/382
f 382/382/382 381/381/381 383/383/383
f 382/382/382 383/383/383 384/384/384
f 384/384/384 383/383/383 383/383/383
f 384/384/384 383/383/383 385/385/385
f 385/385/385 383/383/383 386/386/386
f 385/385/385 386/386/386 387/387/387
f 387/387/387 386/386/386 387/387/387
f 387/387/387 387/387/387 388/388/388
f 388/388/388 387/387/387 388/388/388
f 388/388/388 388/388/388 377/377/377
f 377/377/377 388/388/388 375/375/375
f 377/377/377 375/375/375 375/375/375
f 375/375/375 375/375/375 376/376/376
f 375/375/375 376/376/376 376/376/376
f 376/376/376 376/376/376 382/382/382
f 376/376/376 382/382/382 389/389/389
f 389/389/389 382/382/382 382/382/382
f 389/389/389 382/382/382 390/390/390
f 390/390/390 382/382/382 391/391/391
f 390/390/390 391/391/391 392/392/392
f 392/392/392 391/391/391 392/392/392
f 392/392/392 392/392/392 381/381/381
f 381/381/381 392/392/392 381/381/381
f 381/381/381 381/381/381 383/383/383
f 383/383/383 381/381/381 393/393/393
f 383/383/383 393/393/393 394/394/394
f 394/394/394 393/393/393 395/395/395
f 394/394/394 395/395/395 396/396/396
f 396/396/396 395/395/395 395/395/395
f 396/396/396 395/395/395 397/397/397
f 397/397/397 395/395/395 398/398/398
f 397/397/397 398/398/398 399/399/399
f 399/399/399 398/398/398 399/399/399
f 399/399/399 399/399/399 383/383/383
f 383/383/383 399/399/399 383/383/383
f 383/383/383 383/383/383 400/400/400
f 400/400/400 383/383/383 394/394/394
f 400/400/400 394/394/394 401/401/401
f 401/401/401 394/394/394 402/402/402
f 401/401/401 402/402/402 403/403/403
f 403/403/403 402/402/402 403/403/403
f 403/403/403 403/403/403 393/393/393
f 393/393/393 403/403/403 393/393/393
f 393/393/393 393/393/393 395/395/395
f 395/395/395 393/393/393 404/404/404
f 395/395/395 404/404/404 405/405/405
f 405/405/405 404/404/404 406/406/406
f 405/405/405 406/406/406 407/407/407
f 407/407/407 406/406/406 406/406/406
f 407/407/407 406/406/406 408/408/408
f 408/408/408 406/406/406 409/409/409
f 408/408/408 409/409/409 410/410/410
f 410/410/410 409/409/409 410/410/410
f 410/410/410 410/410/410 395/395/395
f 395/395/395 410/410/410 395/395/395
f 395/395/395 395/395/395 411/411/411
f 411/411/411 395/395/395 405/405/405
f 411/411/411 405/405/405 412/412/412
f 412/412/412 405/405/405 413/413/413
f 412/412/412 413/413/413 414/414/414
f 414/414/414 413/413/413 414/414/414
f 414/414/414 414/414/414 404/404/404
f 404/404/404 414/414/414 404/404/404
f 404/404/404 404/404/404 406/406/406
f 406/406/406 404/404/404 415/415/415
f 406/406/406 415/415/415 416/416/416
f 416/416/416 415/415/415 417/417/417
f 416/416/416 417/417/417 418/418/418
f 418/418/418 417/417/417 417/417/417
f 418/418/418 417/417/417 419/419/419
f 419/419/419 417/417/417 420/420/420
f 419/419/419 420/420/420 421/421/421
f 421/421/421 420/420/420 421/421/421
f 421/421/421 421/421/421 406/406/406
f 406/406/406 421/421/421 406/406/406
f 406/406/406 406/406/406 422/422/422
f 422/422/422 406/406/406 416/416/416
f 422/422/422 416/416/416 423/423/423
f 423/423/423 416/416/416 424/424/424
f 423/423/423 424/424/424 425/425/425
f 425/425/425 424/424/424 425/425/425
f 425/425/425 425/425/425 426/426/426
f 426/426/426 425/425/425 426/426/426
f 426/426/426 426/426/426 427/427/427
f 427/427/427 426/426/426 417/417/417
f 427/427/427 417/417/417 428/428/428
f 428/428/428 417/417/417 415/415/415
f 428/428/428 415/415/415 429/429/429
f 429/429/429 415/415/415 430/430/430
f 429/429/429 430/430/430 431/431/431
f 431/431/431 430/430/430 432/432/432
f 431/431/431 432/432/432 433/433/433
f 433/433/433 432/432/432 432/432/432
f 433/433/433 432/432/432 434/434/434
f 434/434/434 432/432/432 435/435/435
f 434/434/434 435/435/435 436/436/436
f 436/436/436 435/435/435 436/436/436
f 436/436/436 436/436/436 430/430/430
f 430/430/430 436/436/436 430/430/430
f 430/430/430 430/430/430 432/432/432
f 432/432/432 430/430/430 437/437/437
f 432/432/432 437/437/437 438/438/438
f 438/438/438 437/437/437 439/439/439
f 438/438/438 439/439/439 440/440/440
f 440/440/440 439/439/439 440/440/440
f 440/440/440 440/440/440 441/441/441
f 441/441/441 440/440/440 441/441/441
f 441/441/441 441/441/441 433/433/433
f 433/433/433 441/441/441 431/431/431
f 433/433/433 431/431/431 431/431/431
f 431/431/431 431/431/431 432/432/432
f 431/431/431 432/432/432 432/432/432
f 432/432/432 432/432/432 438/438/438
f 432/432/432 438/438/438 442/442/442
f 442/442/442 438/438/438 438/438/438
f 442/442/442 438/438/438 443/443/443
f 443/443/443 438/438/438 444/444/444
f 443/443/443 444/444/444 445/445/445
f 445/445/445 444/444/444 445/445/445
f 445/445/445 445/445/445 437/437/437
f 437/437/437 445/445/445 437/437/437
f 437/437/437 437/437/437 439/439/439
f 439/439/439 437/437/437 235/235/235
f 439/439/439 235/235/235 439/439/439
f 439/439/439 235/235/235 234/234/234
f 439/439/439 234/234/234 446/446/446
f 446/446/446 234/234/234 234/234/234
f 446/446/446 234/234/234 447/447/447
f 447/447/447 234/234/234 448/448/448
f 447/447/447 448/448/448 449/449/449
f 449/449/449 448/448/448 449/449/449
f 449/449/449 449/449/449 440/440/440
f 440/440/440 449/449/449 440/440/440
f 440/440/440 440/440/440 450/450/450
f 450/450/450 440/440/440 439/439/439
f 450/450/450 439/439/439 450/450/450
f 450/450/450 439/439/439 451/451/451
f 450/450/450 451/451/451 452/452/452
f 452/452/452 451/451/451 452/452/452
f 452/452/452 452/452/452 453/453/453
f 453/453/453 452/452/452 453/453/453
f 453/453/453 453/453/453 454/454/454
f 454/454/454 453/453/453 455/455/455
f 454/454/454 455/455/455 454/454/454
f 454/454/454 455/455/455 456/456/456
f 454/454/454 456/456/456 454/454/454
f 454/454/454 456/456/456 457/457/457
f 454/454/454 457/457/457 458/458/458
f 458/458/458 457/457/457 458/458/458
f 458/458/458 458/458/458 459/459/459
f 459/459/459 458/458/458 459/459/459
f 459/459/459 459/459/459 460/460/460
f 460/460/460 459/459/459 461/461/461
f 460/460/460 461/461/461 460/460/460
f 460/460/460 461/461/461 462/462/462
f 460/460/460 462/462/462 460/460/460
f 460/460/460 462/462/462 463/463/463
f 460/460/460 463/463/463 464/464/464
f 464/464/464 463/463/463 464/464/464
f 464/464/464 464/464/464 465/465/465
f 465/465/465 464/464/464 465/465/465
f 465/465/465 465/465/465 466/466/466
f 466/466/466 465/465/465 467/467/467
f 466/466/466 467/467/467 466/466/466
f 466/466/466 467/467/467 468/468/468
f 466/466/466 468/468/468 466/466/466
f 466/466/466 468/468/468 469/469/469
f 466/466/466 469/469/469 470/470/470
f 470/470/470 469/469/469 470/470/470
f 470/470/470 470/470/470 471/471/471
f 471/471/471 470/470/470 471/471/471
f 471/471/471 471/471/471 472/472/472
f 472/472/472 471/471/471 473/473/473
f 472/472/472 473/473/473 472/472/472
f 472/472/472 473/473/473 474/474/474
f 472/472/472 474/474/474 472/472/472
f 472/472/472 474/474/474 475/475/475
f 472/472/472 475/475/475 476/476/476
f 476/476/476 475/475/475 476/476/476
f 476/476/476 476/476/476 477/477/477
f 477/477/477 476/476/476 477/477/477
f 477/477/477 477/477/477 478/478/478
f 478/478/478 477/477/477 479/479/479
f 478/478/478 479/479/479 478/478/478
f 478/478/478 479/479/479 480/480/480
f 478/478/478 480/480/480 478/478/478
f 478/478/478 480/480/480 481/481/481
f 478/478/478 481/481/481 482/482/482
f 482/482/482 481/481/481 482/482/482
f 482/482/482 482/482/482 483/483/483
f 483/483/483 482/482/482 483/483/483
f 483/483/483 483/483/483 484/484/484
f 484/484/484 483/483/483 485/485/485
f 484/484/484 485/485/485 484/484/484
f 484/484/484 485/485/485 486/486/486
f 484/484/484 486/486/486 484/484/484
f 484/484/484 486/486/486 487/487/487
f 484/484/484 487/487/487 488/488/488
f 488/488/488 487/487/487 488/488/488
f 488/488/488 488/488/488 489/489/489
f 489/489/489 488/488/488 489/489/489
f 489/489/489 489/489/489 490/490/490
f 490/490/490 489/489/489 491/491/491
f 490/490/490 491/491/491 492/492/492
f 492/492/492 491/491/491 492/492/492
f 492/492/492 492/492/492 493/493/493
f 493/493/493 492/492/492 493/493/493
f 493/493/493 493/493/493 494/494/494
f 494/494/494 493/493/493 495/495/495
f 494/494/494 495/495/495 496/496/496
f 496/496/496 495/495/495 496/496/496
f 496/496/496 496/496/496 497/497/497
f 497/497/497 496/496/496 497/497/497
f 497/497/497 497/497/497 498/498/498
f 498/498/498 497/497/497 499/499/499
f 498/498/498 499/499/499 500/500/500
f 500/500/500 499/499/499 500/500/500
f 500/500/500 500/500/500 501/501/501
f 501/501/501 500/500/500 501/501/501
f 501/501/501 501/501/501 502/502/502
f 502/502/502 501/501/501 503/503/503
f 502/502/502 503/503/503 504/504/504
f 504/504/504 503/503/503 504/504/504
f 504/504/504 504/504/504 505/505/505
f 505/505/505 504/504/504 505/505/505
f 505/505/505 505/505/505 506/506/506
f 506/506/506 505/505/505 507/507/507
f 506/506/506 507/507/507 508/508/508
f 508/508/508 507/507/507 508/508/508
f 508/508/508 508/508/508 509/509/509
f 509/509/509 508/508/508 509/509/509
f 509/509/509 509/509/509 510/510/510
f 510/510/510 509/509/509 511/511/511
f 510/510/510 511/511/511 512/512/512
f 512/512/512 511/511/511 512/512/512
f 512/512/512 512/512/512 513/513/513
f 513/513/513 512/512/512 513/513/513
f 513/513/513 513/513/513 514/514/514
f 514/514/514 513/513/513 515/515/515
f 514/514/514 515/515/515 516/516/516
f 516/516/516 515/515/515 516/516/516
f 516/516/516 516/516/516 517/517/517
f 517/517/517 516/516/516 517/517/517
f 517/517/517 517/517/517 518/518/518
f 518/518/518 517/517/517 519/519/519
f 518/518/518 519/519/519 520/520/520
f 520/520/520 519/519/519 520/520/520
f 520/520/520 520/520/520 521/521/521
f 521/521/521 520/520/520 521/521/521
f 521/521/521 521/521/521 522/522/522
f 522/522/522 521/521/521 523/523/523
f 522/522/522 523/523/523 524/524/524
f 524/524/524 523/523/523 524/524/524
f 524/524/524 524/524/524 525/525/525
f 525/525/525 524/524/524 525/525/525
f 525/525/525 525/525/525 526/526/526
f 526/526/526 525/525/525 527/527/527
f 526/526/526 527/527/527 528/528/528
f 528/528/528 527/527/527 528/528/528
f 528/528/528 528/528/528 529/529/529
f 529/529/529 528/528/528 529/529/529
f 529/529/529 529/529/529 530/530/530
f 530/530/530 529/529/529 531/531/531
f 530/530/530 531/531/531 532/532/532
f 532/532/532 531/531/531 532/532/532
f 532/532/532 532/532/532 533/533/533
f 533/533/533 532/532/532 533/533/533
f 533/533/533 533/533/533 534/534/534
f 534/534/534 533/533/533 535/535/535
f 534/534/534 535/535/535 536/536/536
f 536/536/536 535/535/535 536/536/536
f 536/536/536 536/536/536 537/537/537
f 537/537/537 536/536/536 537/537/537
f 537/537/537 537/537/537 538/538/538
f 538/538/538 537/537/537 539/539/539
f 538/538/538 539/539/539 540/540/540
f 540/540/540 539/539/539 540/540/540
f 540/540/540 540/540/540 541/541/541
f 541/541/541 540/540/540 541/541/541
f 541/541/541 541/541/541 542/542/542
f 542/542/542 541/541/541 543/543/543
f 542/542/542 543/543/543 544/544/544
f 544/544/544 543/543/543 544/544/544
f 544/544/544 544/544/544 545/545/545
f 545/545/545 544/544/544 545/545/545
f 545/545/545 545/545/545 546/546/546
f 546/546/546 545/545/545 547/547/547
f 546/546/546 547/547/547 548/548/548
f 548/548/548 547/547/547 548/548/548
f 548/548/548 548/548/548 549/549/549
f 549/549/549 548/548/548 549/549/549
f 549/549/549 549/549/549 550/550/550
f 550/550/550 549/549/549 551/551/551
f 550/550/550 551/551/551 552/552/552
f 552/552/552 551/551/551 552/552/552
f 552/552/552 552/552/552 553/553/553
f 553/553/553 552/552/552 553/553/553
f 553/553/553 553/553/553 554/554/554
f 554/554/554 553/553/553 555/555/555
f 554/554/554 555/555/555 556/556/556
f 556/556/556 555/555/555 556/556/556
f 556/556/556 556/556/556 557/557/557
f 557/557/557 556/556/556 557/557/557
f 557/557/557 557/557/557 558/558/558
f 558/558/558 557/557/557 559/559/559
f 558/558/558 559/559/559 560/560/560
f 560/560/560 559/559/559 560/560/560
f 560/560/560 560/560/560 561/561/561
f 561/561/561 560/560/560 561/561/561
f 561/561/561 561/561/561 562/562/562
f 562/562/562 561/561/561 563/563/563
f 562/562/562 563/563/563 564/564/564
f 564/564/564 563/563/563 564/564/564
f 564/564/564 564/564/564 565/565/565
f 565/565/565 564/564/564 565/565/565
f 565/565/565 565/565/565 566/566/566
f 566/566/566 565/565/565 567/567/567
f 566/566/566 567/567/567 568/568/568
f 568/568/568 567/567/567 568/568/568
f 568/568/568 568/568/568 569/569/569
f 569/569/569 568/568/568 569/569/569
f 569/569/569 569/569/569 570/570/570
f 570/570/570 569/569/569 571/571/571
f 570/570/570 571/571/571 572/572/572
f 572/572/572 571/571/571 572/572/572
f 572/572/572 572/572/572 573/573/573
f 573/573/573 572/572/572 573/573/573
f 573/573/573 573/573/573 574/574/574
f 574/574/574 573/573/573 575/575/575
f 574/574/574 575/575/575 576/576/576
f 576/576/576 575/575/575 576/576/576
f 576/576/576 576/576/576 577/577/577
f 577/577/577 576/576/576 577/577/577
f 577/577/577 577/577/577 578/578/578
f 578/578/578 577/577/577 579/579/579
f 578/578/578 579/579/579 580/580/580
f 580/580/580 579/579/579 580/580/580
f 580/580/580 580/580/580 581/581/581
f 581/581/581 580/580/580 581/581/581
f 581/581/581 581/581/581 582/582/582
f 582/582/582 581/581/581 583/583/583
f 582/582/582 583/583/583 584/584/584
f 584/584/584 583/583/583 584/584/584
f 584/584/584 584/584/584 585/585/585
f 585/585/585 584/584/584 585/585/585
f 585/585/585 585/585/585 586/586/586
f 586/586/586 585/585/585 587/587/587
f 586/586/586 587/587/587 588/588/588
f 588/588/588 587/587/587 588/588/588
f 588/588/588 588/588/588 589/589/589
f 589/589/589 588/588/588 589/589/589
f 589/589/589 589/589/589 590/590/590
f 590/590/590 589/589/589 591/591/591
f 590/590/590 591/591/591 592/592/592
f 592/592/592 591/591/591 592/592/592
f 592/592/592 592/592/592 593/593/593
f 593/593/593 592/592/592 593/593/593
f 593/593/593 593/593/593 594/594/594
f 594/594/594 593/593/593 595/595/595
f 594/594/594 595/595/595 596/596/596
f 596/596/596 595/595/595 596/596/596
f 596/596/596 596/596/596 597/597/597
f 597/597/597 596/596/596 597/597/597
f 597/597/597 597/597/597 598/598/598
f 598/598/598 597/597/597 599/599/599
f 598/598/598 599/599/599 600/600/600
f 600/600/600 599/599/599 600/600/600
f 600/600/600 600/600/600 601/601/601
f 601/601/601 600/600/600 601/601/601
f 601/601/601 601/601/601 602/602/602
f 602/602/602 601/601/601 603/603/603
f 602/602/602 603/603/603 604/604/604
f 604/604/604 603/603/603 604/604/604
f 604/604/604 604/604/604 605/605/605
f 605/605/605 604/604/604 605/605/605
f 605/605/605 605/605/605 606/606/606
f 606/606/606 605/605/605 607/607/607
f 606/606/606 607/607/607 608/608/608
f 608/608/608 607/607/607 608/608/608
f 608/608/608 608/608/608 609/609/609
f 609/609/609 608/608/608 609/609/609
f 609/609/609 609/609/609 610/610/610
f 610/610/610 609/609/609 611/611/611
f 610/610/610 611/611/611 612/612/612
f 612/612/612 611/611/611 612/612/612
f 612/612/612 612/612/612 613/613/613
f 613/613/613 612/612/612 613/613/613
f 613/613/613 613/613/613 614/614/614
f 614/614/614 613/613/613 615/615/615
f 614/614/614 615/615/615 616/616/616
f 616/616/616 615/615/615 616/616/616
f 616/616/616 616/616/616 617/617/617
f 617/617/617 616/616/616 617/617/617
f 617/617/617 617/617/617 618/618/618
f 618/618/618 617/617/617 619/619/619
f 618/618/618 619/619/619 620/620/620
f 620/620/620 619/619/619 620/620/620
f 620/620/620 620/620/620 621/621/621
f 621/621/621 620/620/620 621/621/621
f 621/621/621 621/621/621 622/622/622
f 622/622/622 621/621/621 623/623/623
f 622/622/622 623/623/623 624/624/624
f 624/624/624 623/623/623 624/624/624
f 624/624/624 624/624/624 625/625/625
f 625/625/625 624/624/624 625/625/625
f 625/625/625 625/625/625 626/626/626
f 626/626/626 625/625/625 627/627/627
f 626/626/626 627/627/627 628/628/628
f 628/628/628 627/627/627 628/628/628
f 628/628/628 628/628/628 629/629/629
f 629/629/629 628/628/628 629/629/629
f 629/629/629 629/629/629 630/630/630
f 630/630/630 629/629/629 631/631/631
f 630/630/630 631/631/631 632/632/632
f 632/632/632 631/631/631 632/632/632
f 632/632/632 632/632/632 633/633/633
f 633/633/633 632/632/632 633/633/633
f 633/633/633 633/633/633 634/634/634
f 634/634/634 633/633/633 635/635/635
f 634/634/634 635/635/635 636/636/636
f 636/636/636 635/635/635 636/636/636
f 636/636/636 636/636/636 637/637/637
f 637/637/637 636/636/636 637/637/637
f 637/637/637 637/637/637 638/638/638
f 638/638/638 637/637/637 639/639/639
f 638/638/638 639/639/639 640/640/640
f 640/640/640 639/639/639 640/640/640
f 640/640/640 640/640/640 641/641/641
f 641/641/641 640/640/640 641/641/641
f 641/641/641 641/641/641 642/642/642
f 642/642/642 641/641/641 643/643/643
f 642/642/642 643/643/643 644/644/644
f 644/644/644 643/643/643 644/644/644
f 644/644/644 644/644/644 645/645/645
f 645/645/645 644/644/644 645/645/645
f 645/645/645 645/645/645 646/646/646
f 646/646/646 645/645/645 647/647/647
f 646/646/646 647/647/647 648/648/648
f 648/648/648 647/647/647 648/648/648
f 648/648/648 648/648/648 649/649/649
f 649/649/649 648/648/648 649/649/649
f 649/649/649 649/649/649 650/650/650
f 650/650/650 649/649/649 651/651/651
f 650/650/650 651/651/651 652/652/652
f 652/652/652 651/651/651 652/652/652
f 652/652/652 652/652/652 653/653/653
f 653/653/653 652/652/652 653/653/653
f 653/653/653 653/653/653 654/654/654
f 654/654/654 653/653/653 655/655/655
f 654/654/654 655/655/655 656/656/656
f 656/656/656 655/655/655 656/656/656
f 656/656/656 656/656/656 657/657/657
f 657/657/657 656/656/656 657/657/657
f 657/657/657 657/657/657 658/658/658
f 658/658/658 657/657/657 659/659/659
f 658/658/658 659/659/659 660/660/660
f 660/660/660 659/659/659 660/660/660
f 660/660/660 660/660/660 661/661/661
f 661/661/661 660/660/660 661/661/661
f 661/661/661 661/661/661 662/662/662
f 662/662/662 661/661/661 663/663/663
f 662/662/662 663/663/663 664/664/664
f 664/664/664 663/663/663 664/664/664
f 664/664/664 664/664/664 665/665/665
f 665/665/665 664/664/664 665/665/665
f 665/665/665 665/665/665 666/666/666
f 666/666/666 665/665/665 667/667/667
f 666/666/666 667/667/667 668/668/668
f 668/668/668 667/667/667 668/668/668
f 668/668/668 668/668/668 669/669/669
f 669/669/669 668/668/668 669/669/669
f 669/669/669 669/669/669 670/670/670
f 670/670/670 669/669/669 671/671/671
f 670/670/670 671/671/671 672/672/672
f 672/672/672 671/671/671 672/672/672
f 672/672/672 672/672/672 673/673/673
f 673/673/673 672/672/672 673/673/673
f 673/673/673 673/673/673 674/674/674
f 674/674/674 673/673/673 675/675/675
f 674/674/674 675/675/675 676/676/676
f 676/676/676 675/675/675 676/676/676
f 676/676/676 676/676/676 677/677/677
f 677/677/677 676/676/676 677/677/677
f 677/677/677 677/677/677 678/678/678
f 678/678/678 677/677/677 679/679/679
f 678/678/678 679/679/679 680/680/680
f 680/680/680 679/679/679 680/680/680
f 680/680/680 680/680/680 681/681/681
f 681/681/681 680/680/680 681/681/681
f 681/681/681 681/681/681 682/682/682
f 682/682/682 681/681/681 683/683/683
f 682/682/682 683/683/683 684/684/684
f 684/684/684 683/683/683 684/684/684
f 684/684/684 684/684/684 685/685/685
f 685/685/685 684/684/684 685/685/685
f 685/685/685 685/685/685 686/686/686
f 686/686/686 685/685/685 687/687/687
f 686/686/686 687/687/687 688/688/688
f 688/688/688 687/687/687 688/688/688
f 688/688/688 688/688/688 689/689/689
f 689/689/689 688/688/688 689/689/689
f 689/689/689 689/689/689 690/690/690
f 690/690/690 689/689/689 691/691/691
f 690/690/690 691/691/691 692/692/692
f 692/692/692 691/691/691 692/692/692
f 692/692/692 692/692/692 693/693/693
f 693/693/693 692/692/692 693/693/693
f 693/693/693 693/693/693 694/694/694
f 694/694/694 693/693/693 695/695/695
f 694/694/694 695/695/695 696/696/696
f 696/696/696 695/695/695 696/696/696
f 696/696/696 696/696/696 697/697/697
f 697/697/697 696/696/696 697/697/697
f 697/697/697 697/697/697 698/698/698
f 698/698/698 697/697/697 699/699/699
f 698/698/698 699/699/699 700/700/700
f 700/700/700 699/699/699 700/700/700
f 700/700/700 700/700/700 701/701/701
f 701/701/701 700/700/700 701/701/701
f 701/701/701 701/701/701 702/702/702
f 702/702/702 701/701/701 703/703/703
f 702/702/702 703/703/703 704/704/704
f 704/704/704 703/703/703 705/705/705
f 704/704/704 705/705/705 706/706/706
f 706/706/706 705/705/705 705/705/705
f 706/706/706 705/705/705 707/707/707
f 707/707/707 705/705/705 705/705/705
f 707/707/707 705/705/705 708/708/708
f 708/708/708 705/705/705 709/709/709
f 708/708/708 709/709/709 710/710/710
f 710/710/710 709/709/709 711/711/711
f 710/710/710 711/711/711 712/712/712
f 712/712/712 711/711/711 713/713/713
f 712/712/712 713/713/713 714/714/714
f 714/714/714 713/713/713 714/714/714
f 714/714/714 714/714/714 705/705/705
f 705/705/705 714/714/714 705/705/705
f 705/705/705 705/705/705 709/709/709
f 709/709/709 705/705/705 715/715/715
f 709/709/709 715/715/715 716/716/716
f 716/716/716 715/715/715 717/717/717
f 716/716/716 717/717/717 718/718/718
f 718/718/718 717/717/717 718/718/718
f 718/718/718 718/718/718 708/708/708
f 708/708/708 718/718/718 708/708/708
f 708/708/708 708/708/708 719/719/719
f 719/719/719 708/708/708 710/710/710
f 719/719/719 710/710/710 720/720/720
f 720/720/720 710/710/710 721/721/721
f 720/720/720 721/721/721 722/722/722
f 722/722/722 721/721/721 723/723/723
f 722/722/722 723/723/723 724/724/724
f 724/724/724 723/723/723 724/724/724
f 724/724/724 724/724/724 725/725/725
f 725/725/725 724/724/724 725/725/725
f 725/725/725 725/725/725 726/726/726
f 726/726/726 725/725/725 727/727/727
f 726/726/726 727/727/727 728/728/728
f 728/728/728 727/727/727 729/729/729
f 728/728/728 729/729/729 720/720/720
f 720/720/720 729/729/729 729/729/729
f 720/720/720 729/729/729 719/719/719
f 719/719/719 729/729/729 729/729/729
f 719/719/719 729/729/729 730/730/730
f 730/730/730 729/729/729 731/731/731
f 730/730/730 731/731/731 732/732/732
f 732/732/732 731/731/731 733/733/733
f 732/732/732 733/733/733 734/734/734
f 734/734/734 733/733/733 735/735/735
f 734/734/734 735/735/735 736/736/736
f 736/736/736 735/735/735 736/736/736
f 736/736/736 736/736/736 729/729/729
f 729/729/729 736/736/736 729/729/729
f 729/729/729 729/729/729 731/731/731
f 731/731/731 729/729/729 737/737/737
f 731/731/731 737/737/737 738/738/738
f 738/738/738 737/737/737 739/739/739
f 738/738/738 739/739/739 740/740/740
f 740/740/740 739/739/739 740/740/740
f 740/740/740 740/740/740 730/730/730
f 730/730/730 740/740/740 730/730/730
f 730/730/730 730/730/730 741/741/741
f 741/741/741 730/730/730 732/732/732
f 741/741/741 732/732/732 742/742/742
f 742/742/742 732/732/732 743/743/743
f 742/742/742 743/743/743 744/744/744
f 744/744/744 743/743/743 745/745/745
f 744/744/744 745/745/745 746/746/746
f 746/746/746 745/745/745 746/746/746
f 746/746/746 746/746/746 747/747/747
f 747/747/747 746/746/746 747/747/747
f 747/747/747 747/747/747 742/742/742
f 742/742/742 747/747/747 748/748/748
f 742/742/742 748/748/748 742/742/742
f 742/742/742 748/748/748 749/749/749
f 742/742/742 749/749/749 741/741/741
f 741/741/741 749/749/749 750/750/750
f 741/741/741 750/750/750 751/751/751
f 751/751/751 750/750/750 752/752/752
f 751/751/751 752/752/752 753/753/753
f 753/753/753 752/752/752 754/754/754
f 753/753/753 754/754/754 755/755/755
f 755/755/755 754/754/754 756/756/756
f 755/755/755 756/756/756 757/757/757
f 757/757/757 756/756/756 757/757/757
f 757/757/757 757/757/757 752/752/752
f 752/752/752 757/757/757 752/752/752
f 752/752/752 752/752/752 754/754/754
f 754/754/754 752/752/752 758/758/758
f 754/754/754 758/758/758 758/758/758
f 758/758/758 758/758/758 759/759/759
f 758/758/758 759/759/759 759/759/759
f 759/759/759 759/759/759 760/760/760
f 759/759/759 760/760/760 761/761/761
f 761/761/761 760/760/760 760/760/760
f 761/761/761 760/760/760 762/762/762
f 762/762/762 760/760/760 763/763/763
f 762/762/762 763/763/763 753/753/753
f 753/753/753 763/763/763 763/763/763
f 753/753/753 763/763/763 751/751/751
f 751/751/751 763/763/763 763/763/763
f 751/751/751 763/763/763 764/764/764
f 764/764/764 763/763/763 765/765/765
f 764/764/764 765/765/765 766/766/766
f 766/766/766 765/765/765 767/767/767
f 766/766/766 767/767/767 768/768/768
f 768/768/768 767/767/767 769/769/769
f 768/768/768 769/769/769 770/770/770
f 770/770/770 769/769/769 770/770/770
f 770/770/770 770/770/770 763/763/763
f 763/763/763 770/770/770 763/763/763
f 763/763/763 763/763/763 765/765/765
f 765/765/765 763/763/763 771/771/771
f 765/765/765 771/771/771 772/772/772
f 772/772/772 771/771/771 773/773/773
f 772/772/772 773/773/773 774/774/774
f 774/774/774 773/773/773 774/774/774
f 774/774/774 774/774/774 764/764/764
f 764/764/764 774/774/774 764/764/764
f 764/764/764 764/764/764 775/775/775
f 775/775/775 764/764/764 766/766/766
f 775/775/775 766/766/766 776/776/776
f 776/776/776 766/766/766 777/777/777
f 776/776/776 777/777/777 778/778/778
f 778/778/778 777/777/777 779/779/779
f 778/778/778 779/779/779 780/780/780
f 780/780/780 779/779/779 780/780/780
f 780/780/780 780/780/780 781/781/781
f 781/781/781 780/780/780 781/781/781
f 781/781/781 781/781/781 782/782/782
f 782/782/782 781/781/781 783/783/783
f 782/782/782 783/783/783 784/784/784
f 784/784/784 783/783/783 785/785/785
f 784/784/784 785/785/785 776/776/776
f 776/776/776 785/785/785 785/785/785
f 776/776/776 785/785/785 775/775/775
f 775/775/775 785/785/785 785/785/785
f 775/775/775 785/785/785 786/786/786
f 786/786/786 785/785/785 787/787/787
f 786/786/786 787/787/787 788/788/788
f 788/788/788 787/787/787 789/789/789
f 788/788/788 789/789/789 790/790/790
f 790/790/790 789/789/789 791/791/791
f 790/790/790 791/791/791 792/792/792
f 792/792/792 791/791/791 792/792/792
f 792/792/792 792/792/792 785/785/785
f 785/785/785 792/792/792 785/785/785
f 785/785/785 785/785/785 787/787/787
f 787/787/787 785/785/785 793/793/793
f 787/787/787 793/793/793 794/794/794
f 794/794/794 793/793/793 795/795/795
f 794/794/794 795/795/795 796/796/796
f 796/796/796 795/795/795 796/796/796
f 796/796/796 796/796/796 786/786/786
f 786/786/786 796/796/796 786/786/786
f 786/786/786 786/786/786 797/797/797
f 797/797/797 786/786/786 788/788/788
f 797/797/797 788/788/788 798/798/798
f 798/798/798 788/788/788 799/799/799
f 798/798/798 799/799/799 800/800/800
f 800/800/800 799/799/799 801/801/801
f 800/800/800 801/801/801 802/802/802
f 802/802/802 801/801/801 802/802/802
f 802/802/802 802/802/802 803/803/803
f 803/803/803 802/802/802 803/803/803
f 803/803/803 803/803/803 798/798/798
f 798/798/798 803/803/803 804/804/804
f 798/798/798 804/804/804 798/798/798
f 798/798/798 804/804/804 805/805/805
f 798/798/798 805/805/805 797/797/797
f 797/797/797 805/805/805 806/806/806
f 797/797/797 806/806/806 807/807/807
f 807/807/807 806/806/806 808/808/808
f 807/807/807 808/808/808 809/809/809
f 809/809/809 808/808/808 810/810/810
f 809/809/809 810/810/810 811/811/811
f 811/811/811 810/810/810 812/812/812
f 811/811/811 812/812/812 813/813/813
f 813/813/813 812/812/812 813/813/813
f 813/813/813 813/813/813 808/808/808
f 808/808/808 813/813/813 808/808/808
f 808/808/808 808/808/808 810/810/810
f 810/810/810 808/808/808 814/814/814
f 810/810/810 814/814/814 814/814/814
f 814/814/814 814/814/814 815/815/815
f 814/814/814 815/815/815 815/815/815
f 815/815/815 815/815/815 816/816/816
f 815/815/815 816/816/816 817/817/817
f 817/817/817 816/816/816 816/816/816
f 817/817/817 816/816/816 818/818/818
f 818/818/818 816/816/816 819/819/819
f 818/818/818 819/819/819 809/809/809
f 809/809/809 819/819/819 819/819/819
f 809/809/809 819/819/819 807/807/807
f 807/807/807 819/819/819 819/819/819
f 807/807/807 819/819/819 820/820/820
f 820/820/820 819/819/819 821/821/821
f 820/820/820 821/821/821 822/822/822
f 822/822/822 821/821/821 823/823/823
f 822/822/822 823/823/823 824/824/824
f 824/824/824 823/823/823 825/825/825
f 824/824/824 825/825/825 826/826/826
f 826/826/826 825/825/825 826/826/826
f 826/826/826 826/826/826 819/819/819
f 819/819/819 826/826/826 819/819/819
f 819/819/819 819/819/819 821/821/821
f 821/821/821 819/819/819 827/827/827
f 821/821/821 827/827/827 828/828/828
f 828/828/828 827/827/827 829/829/829
f 828/828/828 829/829/829 830/830/830
f 830/830/830 829/829/829 830/830/830
f 830/830/830 830/830/830 820/820/820
f 820/820/820 830/830/830 820/820/820
f 820/820/820 820/820/820 831/831/831
f 831/831/831 820/820/820 822/822/822
f 831/831/831 822/822/822 832/832/832
f 832/832/832 822/822/822 833/833/833
f 832/832/832 833/833/833 834/834/834
f 834/834/834 833/833/833 835/835/835
f 834/834/834 835/835/835 836/836/836
f 836/836/836 835/835/835 836/836/836
f 836/836/836 836/836/836 837/837/837
f 837/837/837 836/836/836 837/837/837
f 837/837/837 837/837/837 838/838/838
f 838/838/838 837/837/837 839/839/839
f 838/838/838 839/839/839 840/840/840
f 840/840/840 839/839/839 841/841/841
f 840/840/840 841/841/841 832/832/832
f 832/832/832 841/841/841 841/841/841
f 832/832/832 841/841/841 831/831/831
f 831/831/831 841/841/841 841/841/841
f 831/831/831 841/841/841 842/842/842
f 842/842/842 841/841/841 843/843/843
f 842/842/842 843/843/843 844/844/844
f 844/844/844 843/843/843 845/845/845
f 844/844/844 845/845/845 846/846/846
f 846/846/846 845/845/845 847/847/847
f 846/846/846 847/847/847 848/848/848
f 848/848/848 847/847/847 848/848/848
f 848/848/848 848/848/848 841/841/841
f 841/841/841 848/848/848 841/841/841
f 841/841/841 841/841/841 843/843/843
f 843/843/843 841/841/841 849/849/849
f 843/843/843 849/849/849 850/850/850
f 850/850/850 849/849/849 851/851/851
f 850/850/850 851/851/851 852/852/852
f 852/852/852 851/851/851 852/852/852
f 852/852/852 852/852/852 842/842/842
f 842/842/842 852/852/852 842/842/842
f 842/842/842 842/842/842 853/853/853
f 853/853/853 842/842/842 844/844/844
f 853/853/853 844/844/844 854/854/854
f 854/854/854 844/844/844 855/855/855
f 854/854/854 855/855/855 856/856/856
f 856/856/856 855/855/855 857/857/857
f 856/856/856 857/857/857 858/858/858
f 858/858/858 857/857/857 858/858/858
f 858/858/858 858/858/858 859/859/859
f 859/859/859 858/858/858 859/859/859
f 859/859/859 859/859/859 854/854/854
f 854/854/854 859/859/859 860/860/860
f 854/854/854 860/860/860 854/854/854
f 854/854/854 860/860/860 861/861/861
f 854/854/854 861/861/861 853/853/853
f 853/853/853 861/861/861 862/862/862
f 853/853/853 862/862/862 863/863/863
f 863/863/863 862/862/862 864/864/864
f 863/863/863 864/864/864 865/865/865
f 865/865/865 864/864/864 866/866/866
f 865/865/865 866/866/866 867/867/867
f 867/867/867 866/866/866 868/868/868
f 867/867/867 868/868/868 869/869/869
f 869/869/869 868/868/868 869/869/869
f 869/869/869 869/869/869 864/864/864
f 864/864/864 869/869/869 864/864/864
f 864/864/864 864/864/864 866/866/866
f 866/866/866 864/864/864 870/870/870
f 866/866/866 870/870/870 870/870/870
f 870/870/870 870/870/870 871/871/871
f 870/870/870 871/871/871 871/871/871
f 871/871/871 871/871/871 872/872/872
f 871/871/871 872/872/872 873/873/873
f 873/873/873 872/872/872 872/872/872
f 873/873/873 872/872/872 874/874/874
f 874/874/874 872/872/872 875/875/875
f 874/874/874 875/875/875 865/865/865
f 865/865/865 875/875/875 875/875/875
f 865/865/865 875/875/875 863/863/863
f 863/863/863 875/875/875 875/875/875
f 863/863/863 875/875/875 876/876/876
f 876/876/876 875/875/875 877/877/877
f 876/876/876 877/877/877 878/878/878
f 878/878/878 877/877/877 879/879/879
f 878/878/878 879/879/879 880/880/880
f 880/880/880 879/879/879 881/881/881
f 880/880/880 881/881/881 882/882/882
f 882/882/882 881/881/881 882/882/882
f 882/882/882 882/882/882 875/875/875
f 875/875/875 882/882/882 875/875/875
f 875/875/875 875/875/875 877/877/877
f 877/877/877 875/875/875 883/883/883
f 877/877/877 883/883/883 884/884/884
f 884/884/884 883/883/883 885/885/885
f 884/884/884 885/885/885 886/886/886
f 886/886/886 885/885/885 886/886/886
f 886/886/886 886/886/886 876/876/876
f 876/876/876 886/886/886 876/876/876
f 876/876/876 876/876/876 887/887/887
f 887/887/887 876/876/876 878/878/878
f 887/887/887 878/878/878 888/888/888
f 888/888/888 878/878/878 889/889/889
f 888/888/888 889/889/889 890/890/890
f 890/890/890 889/889/889 891/891/891
f 890/890/890 891/891/891 892/892/892
f 892/892/892 891/891/891 892/892/892
f 892/892/892 892/892/892 893/893/893
f 893/893/893 892/892/892 893/893/893
f 893/893/893 893/893/893 894/894/894
f 894/894/894 893/893/893 895/895/895
f 894/894/894 895/895/895 896/896/896
f 896/896/896 895/895/895 897/897/897
f 896/896/896 897/897/897 888/888/888
f 888/888/888 897/897/897 897/897/897
f 888/888/888 897/897/897 887/887/887
f 887/887/887 897/897/897 897/897/897
f 887/887/887 897/897/897 898/898/898
f 898/898/898 897/897/897 899/899/899
f 898/898/898 899/899/899 900/900/900
f 900/900/900 899/899/899 901/901/901
f 900/900/900 901/901/901 902/902/902
f 902/902/902 901/901/901 903/903/903
f 902/902/902 903/903/903 904/904/904
f 904/904/904 903/903/903 904/904/904
f 904/904/904 904/904/904 897/897/897
f 897/897/897 904/904/904 897/897/897
f 897/897/897 897/897/897 899/899/899
f 899/899/899 897/897/897 905/905/905
f 899/899/899 905/905/905 906/906/906
f 906/906/906 905/905/905 907/907/907
f 906/906/906 907/907/907 908/908/908
f 908/908/908 907/907/907 908/908/908
f 908/908/908 908/908/908 898/898/898
f 898/898/898 908/908/908 898/898/898
f 898/898/898 898/898/898 909/909/909
f 909/909/909 898/898/898 900/900/900
f 909/909/909 900/900/900 910/910/910
f 910/910/910 900/900/900 911/911/911
f 910/910/910 911/911/911 912/912/912
f 912/912/912 911/911/911 913/913/913
f 912/912/912 913/913/913 914/914/914
f 914/914/914 913/913/913 914/914/914
f 914/914/914 914/914/914 915/915/915
f 915/915/915 914/914/914 915/915/915
f 915/915/915 915/915/915 910/910/910
f 910/910/910 915/915/915 916/916/916
f 910/910/910 916/916/916 910/910/910
f 910/910/910 916/916/916 917/917/917
f 910/910/910 917/917/917 909/909/909
f 909/909/909 917/917/917 918/918/918
f 909/909/909 918/918/918 707/707/707
f 707/707/707 918/918/918 919/919/919
f 707/707/707 919/919/919 706/706/706
f 706/706/706 919/919/919 920/920/920
f 706/706/706 920/920/920 921/921/921
f 921/921/921 920/920/920 922/922/922
f 921/921/921 922/922/922 923/923/923
f 923/923/923 922/922/922 923/923/923
f 923/923/923 923/923/923 919/919/919
f 919/919/919 923/923/923 919/919/919
f 919/919/919 919/919/919 920/920/920
f 920/920/920 919/919/919 924/924/924
f 920/920/920 924/924/924 924/924/924
f 924/924/924 924/924/924 925/925/925
f 924/924/924 925/925/925 925/925/925
f 925/925/925 925/925/925 926/926/926
f 925/925/925 926/926/926 927/927/927
f 927/927/927 926/926/926 928/928/928
f 927/927/927 928/928/928 928/928/928
f 928/928/928 928/928/928 929/929/929
f 928/928/928 929/929/929 929/929/929
f 929/929/929 929/929/929 930/930/930
f 929/929/929 930/930/930 931/931/931
f 931/931/931 930/930/930 932/932/932
f 931/931/931 932/932/932 932/932/932
f 932/932/932 932/932/932 933/933/933
f 932/932/932 933/933/933 933/933/933
f 933/933/933 933/933/933 934/934/934
f 933/933/933 934/934/934 935/935/935
f 935/935/935 934/934/934 936/936/936
f 935/935/935 936/936/936 936/936/936
f 936/936/936 936/936/936 937/937/937
f 936/936/936 937/937/937 937/937/937
f 937/937/937 937/937/937 938/938/938
f 937/937/937 938/938/938 939/939/939
f 939/939/939 938/938/938 940/940/940
f 939/939/939 940/940/940 940/940/940
f 940/940/940 940/940/940 941/941/941
f 940/940/940 941/941/941 941/941/941
f 941/941/941 941/941/941 942/942/942
f 941/941/941 942/942/942 943/943/943
f 943/943/943 942/942/942 944/944/944
f 943/943/943 944/944/944 944/944/944
f 944/944/944 944/944/944 945/945/945
f 944/944/944 945/945/945 945/945/945
f 945/945/945 945/945/945 946/946/946
f 945/945/945 946/946/946 947/947/947
f 947/947/947 946/946/946 948/948/948
f 947/947/947 948/948/948 948/948/948
f 948/948/948 948/948/948 949/949/949
f 948/948/948 949/949/949 949/949/949
f 949/949/949 949/949/949 950/950/950
f 949/949/949 950/950/950 951/951/951
f 951/951/951 950/950/950 952/952/952
f 951/951/951 952/952/952 952/952/952
f 952/952/952 952/952/952 953/953/953
f 952/952/952 953/953/953 953/953/953
f 953/953/953 953/953/953 954/954/954
f 953/953/953 954/954/954 955/955/955
f 955/955/955 954/954/954 956/956/956
f 955/955/955 956/956/956 956/956/956
f 956/956/956 956/956/956 957/957/957
f 956/956/956 957/957/957 957/957/957
f 957/957/957 957/957/957 958/958/958
f 957/957/957 958/958/958 959/959/959
f 959/959/959 958/958/958 960/960/960
f 959/959/959 960/960/960 960/960/960
f 960/960/960 960/960/960 961/961/961
f 960/960/960 961/961/961 961/961/961
f 961/961/961 961/961/961 962/962/962
f 961/961/961 962/962/962 963/963/963
f 963/963/963 962/962/962 964/964/964
f 963/963/963 964/964/964 964/964/964
f 964/964/964 964/964/964 965/965/965
f 964/964/964 965/965/965 965/965/965
f 965/965/965 965/965/965 966/966/966
f 965/965/965 966/966/966 967/967/967
f 967/967/967 966/966/966 968/968/968
f 967/967/967 968/968/968 968/968/968
f 968/968/968 968/968/968 969/969/969
f 968/968/968 969/969/969 969/969/969
f 969/969/969 969/969/969 970/970/970
f 969/969/969 970/970/970 971/971/971
f 971/971/971 970/970/970 972/972/972
f 971/971/971 972/972/972 972/972/972
f 972/972/972 972/972/972 973/973/973
f 972/972/972 973/973/973 973/973/973
f 973/973/973 973/973/973 974/974/974
f 973/973/973 974/974/974 975/975/975
f 975/975/975 974/974/974 976/976/976
f 975/975/975 976/976/976 976/976/976
f 976/976/976 976/976/976 977/977/977
f 976/976/976 977/977/977 977/977/977
f 977/977/977 977/977/977 978/978/978
f 977/977/977 978/978/978 979/979/979
f 979/979/979 978/978/978 980/980/980
f 979/979/979 980/980/980 980/980/980
f 980/980/980 980/980/980 981/981/981
f 980/980/980 981/981/981 981/981/981
f 981/981/981 981/981/981 982/982/982
f 981/981/981 982/982/982 983/983/983
f 983/983/983 982/982/982 984/984/984
f 983/983/983 984/984/984 984/984/984
f 984/984/984 984/984/984 985/985/985
f 984/984/984 985/985/985 985/985/985
f 985/985/985 985/985/985 986/986/986
f 985/985/985 986/986/986 987/987/987
f 987/987/987 986/986/986 988/988/988
f 987/987/987 988/988/988 988/988/988
f 988/988/988 988/988/988 989/989/989
f 988/988/988 989/989/989 989/989/989
f 989/989/989 989/989/989 990/990/990
f 989/989/989 990/990/990 991/991/991
f 991/991/991 990/990/990 992/992/992
f 991/991/991 992/992/992 992/992/992
f 992/992/992 992/992/992 993/993/993
f 992/992/992 993/993/993 993/993/993
f 993/993/993 993/993/993 994/994/994
f 993/993/993 994/994/994 995/995/995
f 995/995/995 994/994/994 996/996/996
f 995/995/995 996/996/996 996/996/996
f 996/996/996 996/996/996 997/997/997
f 996/996/996 997/997/997 997/997/997
f 997/997/997 997/997/997 998/998/998
f 997/997/997 998/998/998 999/999/999
f 999/999/999 998/998/998 1000/1000/1000
f 999/999/999 1000/1000/1000 1000/1000/1000
f 1000/1000/1000 1000/1000/1000 1001/1001/1001
f 1000/1000/1000 1001/1001/1001 1001/1001/1001
f 1001/1001/1001 1001/1001/1001 1002/1002/1002
f 1001/1001/1001 1002/1002/1002 1003/1003/1003
f 1003/1003/1003 1002/1002/1002 1004/1004/1004
f 1003/1003/1003 1004/1004/1004 1004/1004/1004
f 1004/1004/1004 1004/1004/1004 1005/1005/1005
f 1004/1004/1004 1005/1005/1005 1005/1005/1005
f 1005/1005/1005 1005/1005/1005 1006/1006/1006
f 1005/1005/1005 1006/1006/1006 1007/1007/1007
f 1007/1007/1007 1006/1006/1006 1008/1008/1008
f 1007/1007/1007 1008/1008/1008 1008/1008/1008
f 1008/1008/1008 1008/1008/1008 1009/1009/1009
f 1008/1008/1008 1009/1009/1009 1009/1009/1009
f 1009/1009/1009 1009/1009/1009 1010/1010/1010
f 1009/1009/1009 1010/1010/1010 1011/1011/1011
f 1011/1011/1011 1010/1010/1010 1012/1012/1012
f 1011/1011/1011 1012/1012/1012 1012/1012/1012
f 1012/1012/1012 1012/1012/1012 1013/1013/1013
f 1012/1012/1012 1013/1013/1013 1013/1013/1013
f 1013/1013/1013 1013/1013/1013 1014/1014/1014
f 1013/1013/1013 1014/1014/1014 1015/1015/1015
f 1015/1015/1015 1014/1014/1014 1016/1016/1016
f 1015/1015/1015 1016/1016/1016 1016/1016/1016
f 1016/1016/1016 1016/1016/1016 1017/1017/1017
f 1016/1016/1016 1017/1017/1017 1017/1017/1017
f 1017/1017/1017 1017/1017/1017 1018/1018/1018
f 1017/1017/1017 1018/1018/1018 1019/1019/1019
f 1019/1019/1019 1018/1018/1018 1020/1020/1020
f 1019/1019/1019 1020/1020/1020 1020/1020/1020
f 1020/1020/1020 1020/1020/1020 1021/1021/1021
f 1020/1020/1020 1021/1021/1021 1021/1021/1021
f 1021/1021/1021 1021/1021/1021 1022/1022/1022
f 1021/1021/1021 1022/1022/1022 1023/1023/1023
f 1023/1023/1023 1022/1022/1022 1024/1024/1024
f 1023/1023/1023 1024/1024/1024 1024/1024/1024
f 1024/1024/1024 1024/1024/1024 1025/1025/1025
f 1024/1024/1024 1025/1025/1025 1025/1025/1025
f 1025/1025/1025 1025/1025/1025 1026/1026/1026
f 1025/1025/1025 1026/1026/1026 1027/1027/1027
f 1027/1027/1027 1026/1026/1026 1028/1028/1028
f 1027/1027/1027 1028/1028/1028 1028/1028/1028
f 1028/1028/1028 1028/1028/1028 1029/1029/1029
f 1028/1028/1028 1029/1029/1029 1029/1029/1029
f 1029/1029/1029 1029/1029/1029 1030/1030/1030
f 1029/1029/1029 1030/1030/1030 1031/1031/1031
f 1031/1031/1031 1030/1030/1030 1032/1032/1032
f 1031/1031/1031 1032/1032/1032 1032/1032/1032
f 1032/1032/1032 1032/1032/1032 1033/1033/1033
f 1032/1032/1032 1033/1033/1033 1033/1033/1033
f 1033/1033/1033 1033/1033/1033 1034/1034/1034
f 1033/1033/1033 1034/1034/1034 1035/1035/1035
f 1035/1035/1035 1034/1034/1034 1036/1036/1036
f 1035/1035/1035 1036/1036/1036 1036/1036/1036
f 1036/1036/1036 1036/1036/1036 1037/1037/1037
f 1036/1036/1036 1037/1037/1037 1037/1037/1037
f 1037/1037/1037 1037/1037/1037 1038/1038/1038
f 1037/1037/1037 1038/1038/1038 1039/1039/1039
f 1039/1039/1039 1038/1038/1038 1040/1040/1040
f 1039/1039/1039 1040/1040/1040 1040/1040/1040
f 1040/1040/1040 1040/1040/1040 1041/1041/1041
f 1040/1040/1040 1041/1041/1041 1041/1041/1041
f 1041/1041/1041 1041/1041/1041 1042/1042/1042
f 1041/1041/1041 1042/1042/1042 1043/1043/1043
f 1043/1043/1043 1042/1042/1042 1044/1044/1044
f 1043/1043/1043 1044/1044/1044 1044/1044/1044
f 1044/1044/1044 1044/1044/1044 1045/1045/1045
f 1044/1044/1044 1045/1045/1045 1045/1045/1045
f 1045/1045/1045 1045/1045/1045 1046/1046/1046
f 1045/1045/1045 1046/1046/1046 1047/1047/1047
f 1047/1047/1047 1046/1046/1046 1048/1048/1048
f 1047/1047/1047 1048/1048/1048 1048/1048/1048
f 1048/1048/1048 1048/1048/1048 1049/1049/1049
f 1048/1048/1048 1049/1049/1049 1049/1049/1049
f 1049/1049/1049 1049/1049/1049 1050/1050/1050
f 1049/1049/1049 1050/1050/1050 1051/1051/1051
f 1051/1051/1051 1050/1050/1050 1052/1052/1052
f 1051/1051/1051 1052/1052/1052 1052/1052/1052
f 1052/1052/1052 1052/1052/1052 1053/1053/1053
f 1052/1052/1052 1053/1053/1053 1053/1053/1053
f 1053/1053/1053 1053/1053/1053 1054/1054/1054
f 1053/1053/1053 1054/1054/1054 1055/1055/1055
f 1055/1055/1055 1054/1054/1054 1056/1056/1056
f 1055/1055/1055 1056/1056/1056 1056/1056/1056
f 1056/1056/1056 1056/1056/1056 1057/1057/1057
f 1056/1056/1056 1057/1057/1057 1057/1057/1057
f 1057/1057/1057 1057/1057/1057 1058/1058/1058
f 1057/1057/1057 1058/1058/1058 1059/1059/1059
f 1059/1059/1059 1058/1058/1058 1060/1060/1060
f 1059/1059/1059 1060/1060/1060 1060/1060/1060
f 1060/1060/1060 1060/1060/1060 1061/1061/1061
f 1060/1060/1060 1061/1061/1061 1061/1061/1061
f 1061/1061/1061 1061/1061/1061 1062/1062/1062
f 1061/1061/1061 1062/1062/1062 1063/1063/1063
f 1063/1063/1063 1062/1062/1062 1064/1064/1064
f 1063/1063/1063 1064/1064/1064 1064/1064/1064
f 1064/1064/1064 1064/1064/1064 1065/1065/1065
f 1064/1064/1064 1065/1065/1065 1065/1065/1065
f 1065/1065/1065 1065/1065/1065 1066/1066/1066
f 1065/1065/1065 1066/1066/1066 1067/1067/1067
f 1067/1067/1067 1066/1066/1066 1068/1068/1068
f 1067/1067/1067 1068/1068/1068 1068/1068/1068
f 1068/1068/1068 1068/1068/1068 1069/1069/1069
f 1068/1068/1068 1069/1069/1069 1069/1069/1069
f 1069/1069/1069 1069/1069/1069 1070/1070/1070
f 1069/1069/1069 1070/1070/1070 1071/1071/1071
f 1071/1071/1071 1070/1070/1070 1072/1072/1072
f 1071/1071/1071 1072/1072/1072 1072/1072/1072
f 1072/1072/1072 1072/1072/1072 1073/1073/1073
f 1072/1072/1072 1073/1073/1073 1073/1073/1073
f 1073/1073/1073 1073/1073/1073 1074/1074/1074
f 1073/1073/1073 1074/1074/1074 1075/1075/1075
f 1075/1075/1075 1074/1074/1074 1076/1076/1076
f 1075/1075/1075 1076/1076/1076 1076/1076/1076
f 1076/1076/1076 1076/1076/1076 1077/1077/1077
f 1076/1076/1076 1077/1077/1077 1077/1077/1077
f 1077/1077/1077 1077/1077/1077 1078/1078/1078
f 1077/1077/1077 1078/1078/1078 1079/1079/1079
f 1079/1079/1079 1078/1078/1078 1080/1080/1080
f 1079/1079/1079 1080/1080/1080 1080/1080/1080
f 1080/1080/1080 1080/1080/1080 1081/1081/1081
f 1080/1080/1080 1081/1081/1081 1081/1081/1081
f 1081/1081/1081 1081/1081/1081 1082/1082/1082
f 1081/1081/1081 1082/1082/1082 1083/1083/1083
f 1083/1083/1083 1082/1082/1082 1084/1084/1084
f 1083/1083/1083 1084/1084/1084 1084/1084/1084
f 1084/1084/1084 1084/1084/1084 1085/1085/1085
f 1084/1084/1084 1085/1085/1085 1085/1085/1085
f 1085/1085/1085 1085/1085/1085 1086/1086/1086
f 1085/1085/1085 1086/1086/1086 1087/1087/1087
f 1087/1087/1087 1086/1086/1086 1088/1088/1088
f 1087/1087/1087 1088/1088/1088 1088/1088/1088
f 1088/1088/1088 1088/1088/1088 1089/1089/1089
f 1088/1088/1088 1089/1089/1089 1089/1089/1089
f 1089/1089/1089 1089/1089/1089 1090/1090/1090
f 1089/1089/1089 1090/1090/1090 1091/1091/1091
f 1091/1091/1091 1090/1090/1090 1092/1092/1092
f 1091/1091/1091 1092/1092/1092 1092/1092/1092
f 1092/1092/1092 1092/1092/1092 1093/1093/1093
f 1092/1092/1092 1093/1093/1093 1093/1093/1093
f 1093/1093/1093 1093/1093/1093 1094/1094/1094
f 1093/1093/1093 1094/1094/1094 1095/1095/1095
f 1095/1095/1095 1094/1094/1094 1096/1096/1096
f 1095/1095/1095 1096/1096/1096 1096/1096/1096
f 1096/1096/1096 1096/1096/1096 1097/1097/1097
f 1096/1096/1096 1097/1097/1097 1097/1097/1097
f 1097/1097/1097 1097/1097/1097 1098/1098/1098
f 1097/1097/1097 1098/1098/1098 1099/1099/1099
f 1099/1099/1099 1098/1098/1098 1100/1100/1100
f 1099/1099/1099 1100/1100/1100 1100/1100/1100
f 1100/1100/1100 1100/1100/1100 1101/1101/1101
f 1100/1100/1100 1101/1101/1101 1101/1101/1101
f 1101/1101/1101 1101/1101/1101 1102/1102/1102
f 1101/1101/1101 1102/1102/1102 1103/1103/1103
f 1103/1103/1103 1102/1102/1102 1104/1104/1104
f 1103/1103/1103 1104/1104/1104 1104/1104/1104
f 1104/1104/1104 1104/1104/1104 1105/1105/1105
f 1104/1104/1104 1105/1105/1105 1105/1105/1105
f 1105/1105/1105 1105/1105/1105 1106/1106/1106
f 1105/1105/1105 1106/1106/1106 1107/1107/1107
f 1107/1107/1107 1106/1106/1106 1108/1108/1108
f 1107/1107/1107 1108/1108/1108 1108/1108/1108
f 1108/1108/1108 1108/1108/1108 1109/1109/1109
f 1108/1108/1108 1109/1109/1109 1109/1109/1109
f 1109/1109/1109 1109/1109/1109 1110/1110/1110
f 1109/1109/1109 1110/1110/1110 1111/1111/1111
f 1111/1111/1111 1110/1110/1110 1112/1112/1112