# Exported by SketchfabDownloader
o model_0
v 17.086017608642578 4.556975364685059 43.80601501464844
v 17.65801239013672 4.5639777183532715 42.57000732421875
v 17.05301856994629 4.830989837646484 42.54996871948242
v 16.9940242767334 4.968977451324463 41.441017150878906
v 16.31400489807129 4.986983776092529 42.49997329711914
v 16.2490234375 5.116988658905029 41.40103530883789
v 15.556018829345703 5.110986232757568 41.24195861816406
v 15.467018127441406 5.086977958679199 40.38795852661133
v 16.214021682739258 5.15498161315918 40.46501541137695
v 16.92500877380371 5.017974376678467 40.5090217590332
v 17.620018005371094 4.718991279602051 41.47500228881836
v 16.296022415161133 5.0239763259887695 39.66298294067383
v 16.901016235351562 4.9589738845825195 39.69697189331055
v 17.382007598876953 4.797978401184082 39.712982177734375
v 17.55402374267578 4.8009796142578125 40.53102493286133
v 17.93201446533203 4.561976909637451 40.57802963256836
v 15.624017715454102 4.782973289489746 38.77696228027344
v 16.19400978088379 4.936986446380615 38.83903884887695
v 17.24400520324707 4.833991050720215 38.87499237060547
v 16.993009567260742 4.894991874694824 37.85002517700195
v 15.999015808105469 4.837972164154053 37.823997497558594
v 15.465014457702637 4.568979740142822 37.78401565551758
v 15.7239990234375 4.663992404937744 36.46598815917969
v 15.271008491516113 4.312991142272949 36.42497634887695
v 15.447005271911621 4.721992492675781 34.67999267578125
v 16.056007385253906 5.063990116119385 34.76604080200195
v 16.262008666992188 4.900973796844482 36.49098587036133
v 16.782011032104492 5.011972427368164 36.51298904418945
v 17.291004180908203 5.331982612609863 34.7549934387207
v 17.536014556884766 4.885988712310791 37.829986572265625
v 18.16802215576172 4.524984359741211 38.86899948120117
v 17.779022216796875 4.619976997375488 39.75202560424805
v 18.42901039123535 4.22598123550415 40.57400131225586
v 18.51403045654297 3.9679923057556152 42.60099792480469
v 18.050004959106445 4.025992393493652 43.82502365112305
v 17.068008422851562 4.293984889984131 45.079010009765625
v 15.762020111083984 4.567979335784912 44.920963287353516
v 17.034021377563477 4.090974807739258 46.3060302734375
v 17.552019119262695 3.6519832611083984 46.21099853515625
v 17.028011322021484 3.9329800605773926 47.451969146728516
v 16.28902244567871 4.007986068725586 47.436988830566406
v 15.769021034240723 4.327976226806641 46.282997131347656
v 15.773001670837402 4.138991355895996 47.40599822998047
v 16.191017150878906 3.769984006881714 48.251007080078125
v 17.059003829956055 3.8759806156158447 47.89596176147461
v 17.587020874023438 3.3649842739105225 48.05194854736328
v 17.03300666809082 3.7159852981567383 48.426002502441406
v 16.537025451660156 3.6269946098327637 48.53199005126953
v 16.25402069091797 3.2579874992370605 48.71803283691406
v 16.869007110595703 3.0779852867126465 48.85594940185547
v 17.74602508544922 2.7699790000915527 48.15503692626953
v 17.63001251220703 2.973989486694336 48.373008728027344
v 17.378026962280273 3.3979756832122803 48.499969482421875
v 17.425025939941406 2.980991840362549 48.674964904785156
v 17.8850154876709 3.138986349105835 47.7640380859375
v 17.97201156616211 3.2929794788360596 47.075950622558594
v 18.010005950927734 3.412980794906616 46.100982666015625
v 18.047012329101562 3.689976453781128 45.02301788330078
v 18.541015625 3.7499771118164062 43.800025939941406
v 18.591007232666016 3.2799949645996094 45.8640022277832
v 18.592021942138672 3.4809842109680176 44.92995071411133
v 19.019014358520508 2.8569891452789307 46.01802444458008
v 18.989009857177734 3.057978391647339 44.82602310180664
v 19.113012313842773 3.1189794540405273 43.8650016784668
v 18.84801483154297 3.7819881439208984 41.02501678466797
v 18.576017379760742 4.060984134674072 39.81400680541992
v 18.528003692626953 4.242987155914307 38.857017517089844
v 18.37902069091797 4.533987522125244 37.85095977783203
v 18.257020950317383 4.913978576660156 36.3640251159668
v 17.800024032592773 5.084977626800537 36.439022064208984
v 18.38201332092285 5.054986953735352 34.59797286987305
v 17.77800750732422 5.431977272033691 33.48902130126953
v 17.03300666809082 5.689986228942871 32.419952392578125
v 18.53302764892578 3.212991952896118 46.71200942993164
v 16.668001174926758 6.103989124298096 29.535961151123047
v 16.354001998901367 5.5549798011779785 32.47697448730469
v 15.641011238098145 5.2449727058410645 32.44401550292969
v 15.020012855529785 4.740978717803955 32.33999252319336
v 14.965024948120117 4.2419867515563965 34.600032806396484
v 14.925000190734863 3.8479907512664795 36.42797088623047
v 15.046998023986816 4.191989421844482 37.800025939941406
v 15.118017196655273 4.410984992980957 38.710018157958984
v 15.056002616882324 4.619976997375488 39.4480094909668
v 14.854008674621582 4.7589850425720215 40.21596145629883
v 14.751008033752441 4.869983196258545 41.03297805786133
v 15.60101318359375 5.065990924835205 42.33003234863281
v 15.69001293182373 4.862980842590332 43.575965881347656
v 14.918000221252441 4.656990051269531 44.717037200927734
v 14.674003601074219 4.816985130310059 43.32297897338867
v 14.570014953613281 4.913978576660156 42.11000442504883
v 14.102007865905762 4.359987258911133 40.67802429199219
v 14.5280122756958 4.154976844787598 39.939002990722656
v 14.828011512756348 3.984978199005127 39.209999084472656
v 14.908007621765137 3.8549933433532715 38.51198959350586
v 14.900018692016602 3.5799784660339355 37.65096664428711
v 14.854008674621582 3.2599880695343018 36.30896759033203
v 14.663022994995117 3.614990472793579 34.59497833251953
v 14.59400749206543 4.082992076873779 32.19496154785156
v 14.460013389587402 4.820986270904541 29.483997344970703
v 15.048013687133789 5.482974529266357 29.614986419677734
v 15.121009826660156 6.245977878570557 26.051990509033203
v 16.08200454711914 6.48698091506958 25.96903419494629
v 16.706022262573242 6.762976169586182 22.45903205871582
v 17.54600715637207 5.975984573364258 29.376977920532227
v 18.01201057434082 6.075979232788086 25.524009704589844
v 18.343029022216797 5.6429901123046875 29.085975646972656
v 18.786027908325195 5.559981346130371 25.214000701904297
v 18.906021118164062 5.114987850189209 28.87596321105957
v 18.781030654907227 4.877985954284668 32.03597640991211
v 18.833024978637695 4.6139750480651855 34.52597427368164
v 18.74100685119629 4.298986434936523 37.05698013305664
v 18.822017669677734 3.8259832859039307 38.7950325012207
v 18.9990291595459 3.5289807319641113 40.174949645996094
v 19.684019088745117 2.0509910583496094 40.962005615234375
v 19.67501449584961 2.4799790382385254 42.62796401977539
v 19.73101806640625 2.2069849967956543 45.00700759887695
v 19.315006256103516 2.655979871749878 44.83098602294922
v 19.328018188476562 2.432982921600342 46.096954345703125
v 19.141014099121094 2.707977771759033 47.18100357055664
v 18.501018524169922 3.1929850578308105 47.27098083496094
v 18.65302085876465 2.993976354598999 47.84699249267578
v 17.930009841918945 2.6329917907714844 48.26299285888672
v 17.74602508544922 2.7699790000915527 48.15503692626953
v 17.76502227783203 2.082982063293457 48.298946380615234
v 17.442018508911133 2.196981430053711 47.88603591918945
v 18.552024841308594 2.476978063583374 48.36102294921875
v 18.981021881103516 2.8139941692352295 47.83201217651367
v 19.263011932373047 2.319983959197998 47.711978912353516
v 19.07002067565918 2.407994270324707 48.1390266418457
v 18.352006912231445 1.966982126235962 48.377967834472656
v 17.6500244140625 6.4249796867370605 22.15801239013672
v 18.392005920410156 5.858984470367432 21.839950561523438
v 19.335018157958984 1.671980381011963 47.59700012207031
v 19.455013275146484 2.062995195388794 47.43202590942383
v 19.129016876220703 1.956978678703308 47.87199401855469
v 18.845022201538086 1.840998649597168 48.2270393371582
v 19.416030883789062 2.3669800758361816 46.70302200317383
v 19.766019821166992 2.112992525100708 46.230003356933594
v 19.706008911132812 2.1729931831359863 46.86397171020508
v 20.074007034301758 1.7829986810684204 47.21096420288086
v 19.769012451171875 1.568984866142273 47.580989837646484
v 20.06102180480957 1.411990761756897 47.492977142333984
v 19.67501449584961 1.1949958801269531 47.65701675415039
v 19.335018157958984 1.671980381011963 47.59700012207031
v 20.323026657104492 1.5109848976135254 46.97998046875
v 20.165010452270508 1.706992506980896 46.68794631958008
v 20.34001922607422 1.2479941844940186 46.87698745727539
v 20.1770076751709 1.4839955568313599 46.287025451660156
v 20.229028701782227 1.2149827480316162 47.281002044677734
v 20.28401756286621 0.9499914050102234 47.070987701416016
v 20.274024963378906 0.8449952006340027 46.44703674316406
v 19.88702964782715 -0.009999679401516914 47.11799240112305
v 19.859027862548828 0.24398791790008545 47.404029846191406
v 19.590023040771484 0.2469889521598816 47.65102767944336
v 19.398021697998047 0.5849854946136475 47.686981201171875
v 19.012014389038086 0.5849854946136475 47.63201904296875
v 20.229028701782227 1.2149827480316162 47.281002044677734
v 19.11800765991211 -0.07100071758031845 47.74502944946289
v 19.296009063720703 -0.4520121216773987 47.657955169677734
v 19.624008178710938 -0.36600247025489807 47.45899200439453
v 19.505029678344727 -0.5809966325759888 47.448036193847656
v 19.71001625061035 -0.4560135006904602 47.24495315551758
v 19.594030380249023 -0.6610041856765747 47.22294998168945
v 19.11001968383789 -0.6610041856765747 47.53501892089844
v 19.31302833557129 -0.8090152740478516 46.90498352050781
v 19.662029266357422 -0.5790159106254578 46.88298034667969
v 19.852027893066406 -0.08000382035970688 46.778018951416016
v 19.721025466918945 0.017989972606301308 46.375972747802734
v 19.696016311645508 -0.35599902272224426 46.62502670288086
v 19.466020584106445 -0.26700830459594727 46.419979095458984
v 19.447023391723633 -0.19700416922569275 46.357994079589844
v 19.437030792236328 -0.16201210021972656 46.32897186279297
v 19.425006866455078 -0.14700692892074585 46.3120231628418
v 19.18501853942871 -0.3450152277946472 45.953983306884766
v 19.410018920898438 -0.14000451564788818 46.297977447509766
v 19.382017135620117 -0.10001072287559509 46.28599548339844
v 19.208024978637695 -0.11201485991477966 46.08899688720703
v 19.225017547607422 -0.027005543932318687 46.14798355102539
v 19.235010147094727 0.027993423864245415 46.184967041015625
v 19.533031463623047 -0.4290041923522949 46.46997833251953
v 19.13802146911621 -0.5700128078460693 45.849021911621094
v 19.168025970458984 -0.3590000569820404 45.92196273803711
v 19.048006057739258 -0.08200450986623764 45.96297073364258
v 19.199020385742188 -0.10901382565498352 46.08000946044922
v 19.127012252807617 -0.19600382447242737 45.94696044921875
v 19.099010467529297 -0.08100416511297226 45.9640007019043
v 19.014019012451172 -0.7009980082511902 45.82402420043945
v 19.557025909423828 -0.6260121464729309 46.787010192871094
v 19.13802146911621 -0.83000248670578 46.590946197509766
v 19.13802146911621 -0.8719969391822815 47.131004333496094
v 18.905006408691406 -0.8000121116638184 47.31096267700195
v 18.654008865356445 -0.6280128359794617 47.36994934082031
v 18.81902503967285 -0.526997983455658 47.57696533203125
v 18.99502182006836 -0.32800936698913574 47.723026275634766
v 18.783008575439453 0.06298549473285675 47.736976623535156
v 18.611019134521484 0.30098757147789 47.576026916503906
v 18.625019073486328 0.3569868803024292 47.56095504760742
v 19.258014678955078 -0.04801278933882713 45.64397430419922
v 18.58002471923828 0.18398721516132355 47.608985900878906
v 18.560012817382812 0.08999480307102203 47.613948822021484
v 18.55702018737793 0.06698687374591827 47.61703872680664
v 18.552024841308594 0.012988247908651829 47.62602615356445
v 18.550020217895508 -0.061997611075639725 47.64203643798828
v 18.639020919799805 -0.1550096869468689 47.708984375
v 18.551008224487305 -0.08000382035970688 47.63801193237305
v 18.531023025512695 -0.14800727367401123 47.60299301147461
v 18.528003692626953 -0.3100031316280365 47.56198501586914
v 18.495006561279297 -0.1890014111995697 47.55702209472656
v 18.4730167388916 -0.20600727200508118 47.51601028442383
v 18.412017822265625 -0.28401419520378113 47.392982482910156
v 18.407020568847656 -0.39801350235939026 47.34195327758789
v 18.411029815673828 -0.28401419520378113 47.39195251464844
v 18.336029052734375 -0.281013160943985 47.219017028808594
v 18.305007934570312 -0.2900162637233734 47.1459846496582
v 18.162010192871094 -0.3410138487815857 46.826988220214844
v 18.030019760131836 -0.39401212334632874 46.52802658081055
v 18.09200668334961 -0.34901660680770874 46.67296600341797
v 18.003005981445312 -0.4099976420402527 46.46595001220703
v 18.48100471496582 -0.6610041856765747 47.044960021972656
v 17.98801612854004 -0.41700005531311035 46.42400360107422
v 18.292022705078125 -0.6620045304298401 46.65995407104492
v 17.986013412475586 -0.41800040006637573 46.41698455810547
v 18.10403060913086 -0.6230111122131348 46.31895065307617
v 17.982006072998047 -0.4200010895729065 46.406028747558594
v 17.981016159057617 -0.4190007448196411 46.4000358581543
v 18.072021484375 -0.5819969773292542 46.184967041015625
v 17.96001625061035 -0.37200453877449036 46.137027740478516
v 18.026010513305664 -0.5030097365379333 46.013999938964844
v 17.954004287719727 -0.36300143599510193 46.07701110839844
v 17.983020782470703 -0.29699864983558655 45.97102355957031
v 17.987028121948242 -0.2900162637233734 45.95697784423828
v 17.98900604248047 -0.2900162637233734 45.95295333862305
v 18.05601692199707 -0.06699933856725693 45.65595626831055
v 17.987028121948242 -0.2700093388557434 45.94199752807617
v 17.962018966674805 -0.20300623774528503 45.9520149230957
v 17.974016189575195 -0.08200450986623764 45.85398483276367
v 17.945026397705078 -0.15200865268707275 45.96100616455078
v 17.92100715637207 -0.0629979595541954 45.96297073364258
v 17.922021865844727 -0.007998989894986153 45.92795181274414
v 17.919029235839844 -0.061997611075639725 45.965965270996094
v 17.917024612426758 -0.009999679401516914 46.03497314453125
v 17.922021865844727 0.024992387741804123 45.946022033691406
v 17.919029235839844 0.027993423864245415 46.022987365722656
v 17.92100715637207 0.04800032451748848 45.968963623046875
v 17.928007125854492 0.05698342248797417 46.00501251220703
v 18.0200252532959 0.2840017080307007 46.09901428222656
v 17.987028121948242 0.18398721516132355 46.143959045410156
v 18.009017944335938 0.2119968831539154 46.181034088134766
v 18.06002426147461 0.3579872250556946 46.1300048828125
v 18.121023178100586 0.5099996328353882 46.10397720336914
v 18.106006622314453 0.5039975643157959 46.05603790283203
v 18.12700843811035 0.5099996328353882 46.11699295043945
v 18.065019607543945 0.2569923996925354 46.2569694519043
v 18.176010131835938 0.47998932003974915 46.26099395751953
v 18.09900665283203 0.2919844686985016 46.30902862548828
v 18.1190185546875 0.31499239802360535 46.3349609375
v 18.15102767944336 0.3029882609844208 46.35602951049805
v 18.224023818969727 0.2849820554256439 46.39900588989258
v 18.69301986694336 0.5209834575653076 46.46201705932617
v 18.230009078979492 0.2849820554256439 46.40303039550781
v 18.337017059326172 0.2840017080307007 46.475032806396484
v 18.245025634765625 0.25899308919906616 46.44095230102539
v 18.18301010131836 0.5309869050979614 46.21998596191406
v 18.217023849487305 0.5339879393577576 46.25603103637695
v 18.277008056640625 0.5239844918251038 46.284027099609375
v 18.707019805908203 0.5599969029426575 46.443946838378906
v 18.51301383972168 0.6019913554191589 46.34797668457031
v 18.62101173400879 0.6129952073097229 46.38795852661133
v 18.71300506591797 0.5829848051071167 46.43795394897461
v 18.662025451660156 0.6649931073188782 46.38299560546875
v 18.75701141357422 0.6579906940460205 46.42400360107422
v 18.7290096282959 0.7119893431663513 46.390953063964844
v 18.78001594543457 0.6889814138412476 46.41398620605469
v 18.826025009155273 0.7599858641624451 46.390953063964844
v 18.685029983520508 0.5019968748092651 46.47597122192383
v 18.790008544921875 -0.90800940990448 46.46501541137695
v 18.011022567749023 -0.5370014309883118 47.93996810913086
v 17.942007064819336 -0.5879990458488464 47.70598602294922
v 17.603025436401367 -0.5750145316123962 47.90700912475586
v 17.16801643371582 -0.7740031480789185 46.16802215576172
v 17.544004440307617 -0.7290076613426208 46.12495040893555
v 17.091012954711914 -0.7270069718360901 45.89396667480469
v 16.696002960205078 -0.502009391784668 46.2240104675293
v 17.187013626098633 -0.35299795866012573 48.015995025634766
v 17.772022247314453 -0.35299795866012573 48.35100555419922
v 18.11501121520996 -0.4350062608718872 48.133033752441406
v 18.209007263183594 -0.2090083211660385 48.24894714355469
v 18.352006912231445 -0.3960128128528595 47.95597839355469
v 18.20302391052246 -0.5050104260444641 47.67499542236328
v 17.85602569580078 -0.0890069305896759 48.46897888183594
v 17.309011459350586 -0.12499934434890747 48.41897964477539
v 17.440013885498047 0.3169930875301361 48.50296401977539
v 17.922021865844727 0.2019934356212616 48.49294662475586
v 18.08000946044922 0.9759803414344788 48.40896224975586
v 18.453004837036133 0.8249883055686951 48.195953369140625
v 18.129011154174805 1.3369848728179932 48.34098434448242
v 17.732023239135742 1.657995581626892 48.25896453857422
v 18.495006561279297 -0.1890014111995697 47.55702209472656
v 18.531023025512695 -0.14800727367401123 47.60299301147461
v 18.47801399230957 -0.3100031316280365 47.711978912353516
v 18.522018432617188 -0.15901106595993042 47.811038970947266
v 18.443012237548828 0.06898756325244904 48.02498245239258
v 18.551008224487305 -0.08000382035970688 47.63801193237305
v 18.550020217895508 -0.061997611075639725 47.64203643798828
v 18.527015686035156 0.06198514625430107 47.76497268676758
v 18.552024841308594 0.012988247908651829 47.62602615356445
v 18.55702018737793 0.06698687374591827 47.61703872680664
v 18.560012817382812 0.08999480307102203 47.613948822021484
v 18.58002471923828 0.18398721516132355 47.608985900878906
v 18.611019134521484 0.30098757147789 47.576026916503906
v 18.674022674560547 0.6249993443489075 47.60599136352539
v 18.625019073486328 0.3569868803024292 47.56095504760742
v 18.663013458251953 0.6719955205917358 47.45702362060547
v 18.663013458251953 0.682999312877655 47.448036193847656
v 18.786027908325195 1.051986575126648 47.347007751464844
v 18.747018814086914 1.0889993906021118 47.738006591796875
v 18.552024841308594 1.2129820585250854 48.14398956298828
v 17.34700584411621 1.7009904384613037 48.033973693847656
v 17.221027374267578 1.7879804372787476 47.83697509765625
v 17.220012664794922 1.7319810390472412 47.86497116088867
v 17.1920108795166 1.5979949235916138 47.902984619140625
v 17.183006286621094 1.5549800395965576 47.920963287353516
v 17.32002067565918 1.449983835220337 48.18396759033203
v 17.170021057128906 1.492998719215393 47.94998550415039
v 17.15201187133789 1.3829807043075562 47.97002410888672
v 17.29901885986328 1.1199899911880493 48.28799057006836
v 17.094005584716797 1.1229910850524902 48.105037689208984
v 16.991004943847656 0.5449917316436768 48.280967712402344
v 17.079015731811523 0.24298757314682007 48.39201354980469
v 16.983016967773438 0.49599483609199524 48.28902053833008
v 16.97801971435547 0.4719865620136261 48.29201889038086
v 16.945022583007812 0.32499584555625916 48.261962890625
v 16.93000602722168 0.2679961919784546 48.24801254272461
v 16.921001434326172 0.23398447036743164 48.24201965332031
v 16.919025421142578 0.22500136494636536 48.240989685058594
v 16.99701690673828 0.13999204337596893 48.3230094909668
v 16.90200424194336 0.16900205612182617 48.17095184326172
v 16.88201904296875 0.1359906643629074 48.108970642089844
v 16.90200424194336 -0.07600244134664536 47.992027282714844
v 16.875019073486328 0.1259872168302536 48.08799743652344
v 16.851024627685547 0.10600032657384872 48.020023345947266
v 16.821020126342773 0.06898756325244904 47.927982330322266
v 16.7700138092041 0.03599618375301361 47.67396545410156
v 16.740009307861328 -0.2389986515045166 47.09299087524414
v 16.76301383972168 0.029994113370776176 47.64203643798828
v 16.657020568847656 -0.038009338080883026 47.17594909667969
v 16.573015213012695 -0.17401625216007233 46.65695571899414
v 16.56401252746582 -0.18600037693977356 46.591976165771484
v 16.54001808166504 -0.2300155609846115 46.387020111083984
v 16.522010803222656 -0.22601418197155 46.331966400146484
v 16.517013549804688 -0.24700142443180084 46.257999420166016
v 16.52401351928711 -0.22801487147808075 46.07598114013672
v 16.66701316833496 -0.38901039958000183 45.78395080566406
v 16.522010803222656 -0.2389986515045166 46.02701187133789
v 16.498016357421875 -0.2389986515045166 45.97401809692383
v 16.494009017944336 -0.23799830675125122 45.965965270996094
v 16.494009017944336 -0.23799830675125122 45.965965270996094
v 16.495023727416992 -0.2310159057378769 45.96100616455078
v 16.713022232055664 -0.24199968576431274 45.656986236572266
v 16.50800895690918 -0.14200520515441895 45.881980895996094
v 16.511001586914062 -0.11301520466804504 45.85801315307617
v 16.52401351928711 -0.0550152063369751 45.80099105834961
v 16.523025512695312 -0.04601209983229637 45.805015563964844
v 16.527006149291992 -0.035008303821086884 45.79996109008789
v 16.54701805114746 0.014988938346505165 45.77599334716797
v 16.91402816772461 0.35398584604263306 45.42497253417969
v 16.61202621459961 0.17398376762866974 45.705955505371094
v 16.67500114440918 0.3289972245693207 45.63901138305664
v 16.700010299682617 0.4619830846786499 45.606990814208984
v 16.755023956298828 0.5879865288734436 45.548004150390625
v 16.769025802612305 0.6459865570068359 45.53096389770508
v 16.792003631591797 0.7479817271232605 45.500999450683594
v 16.84602928161621 0.8600003719329834 45.442012786865234
v 16.89000701904297 1.1449986696243286 45.37703323364258
v 16.904008865356445 1.243992805480957 45.3559684753418
v 16.931020736694336 1.4209938049316406 45.31598663330078
v 16.895004272460938 1.2769842147827148 45.36102294921875
v 16.928001403808594 1.4219942092895508 45.317955017089844
v 16.92500877380371 1.4229944944381714 45.324039459228516
v 16.88602638244629 1.3309828042984009 45.39295196533203
v 16.891023635864258 1.4159921407699585 45.514015197753906
v 16.864009857177734 1.4339983463287354 45.709983825683594
v 16.821020126342773 1.308995246887207 45.74303436279297
v 16.857009887695312 1.426995873451233 45.73900604248047
v 16.851024627685547 1.3799797296524048 45.87898635864258
v 16.816022872924805 1.2869876623153687 45.77000045776367
v 16.79400634765625 1.163985252380371 46.02898025512695
v 16.88201904296875 1.3289821147918701 45.97298812866211
v 16.884023666381836 1.3239803314208984 45.98197937011719
v 16.901016235351562 1.2569972276687622 46.11895751953125
v 16.94101333618164 1.1799907684326172 46.2490119934082
v 16.782011032104492 0.7709896564483643 46.35003662109375
v 16.945022583007812 1.1759893894195557 46.25200653076172
v 17.052003860473633 1.1229910850524902 46.3329963684082
v 17.075008392333984 1.1099865436553955 46.350975036621094
v 17.1610164642334 0.8069821000099182 46.532989501953125
v 17.18501091003418 1.0499858856201172 46.43795394897461
v 17.220012664794922 1.0279983282089233 46.46595001220703
v 17.26802635192871 0.7869951725006104 46.537017822265625
v 17.421016693115234 0.896993100643158 46.50096893310547
v 17.533021926879883 0.8619810342788696 46.5090217590332
v 17.544004440307617 0.8319907188415527 46.5169792175293
v 17.58600616455078 0.8389931321144104 46.5150146484375
v 17.59402084350586 0.8439948558807373 46.51295471191406
v 17.26802635192871 0.7869951725006104 46.537017822265625
v 17.110010147094727 0.6189972758293152 46.41398620605469
v 17.02202606201172 0.5059982538223267 46.3349609375
v 16.65501594543457 0.4369944930076599 46.27101516723633
v 16.97801971435547 0.453000009059906 46.299007415771484
v 16.948015213012695 0.4369944930076599 46.287025451660156
v 16.796010971069336 0.3789944648742676 46.27700424194336
v 16.64400863647461 0.3339989483356476 46.26801681518555
v 16.733007431030273 0.3529855012893677 46.26998519897461
v 16.709014892578125 0.34000101685523987 46.26502227783203
v 16.618009567260742 0.3079899847507477 46.26099395751953
v 16.622018814086914 0.3109910190105438 46.26202392578125
v 16.618009567260742 0.30899032950401306 46.25996398925781
v 16.621002197265625 0.321994811296463 46.257999420166016
v 16.636018753051758 0.4179879128932953 46.262962341308594
v 16.638023376464844 0.4279913604259491 46.25996398925781
v 16.640026092529297 0.4419962167739868 46.26099395751953
v 16.678020477294922 0.5469924211502075 46.28496551513672
v 16.684005737304688 0.6339824199676514 46.28899002075195
v 16.73100471496582 0.829990029335022 46.20303726196289
v 16.769025802612305 1.0309993028640747 46.09901428222656
v 16.77901840209961 1.0889993906021118 46.066993713378906
v 16.77800178527832 1.12199068069458 46.03600311279297
v 16.780006408691406 1.1259920597076416 46.02495574951172
v 16.784013748168945 1.1359955072402954 46.00594711303711
v 18.42901039123535 0.2359851598739624 47.2419548034668
v 18.423025131225586 0.20299378037452698 47.251976013183594
v 18.431015014648438 0.23198378086090088 47.23896026611328
v 18.567012786865234 0.2419872283935547 46.967994689941406
v 18.437026977539062 0.24998998641967773 47.22997283935547
v 18.499013900756836 0.47498759627342224 47.129974365234375
v 18.50502586364746 0.5199831128120422 47.10197830200195
v 18.619009017944336 0.5899872183799744 46.719970703125
v 18.511011123657227 0.5379893183708191 47.0949592590332
v 18.586009979248047 0.2309834361076355 46.903953552246094
v 18.582029342651367 0.2359851598739624 46.91603088378906
v 18.602014541625977 0.2629944682121277 46.83195114135742
v 18.603031158447266 0.24898964166641235 46.835975646972656
v 18.627023696899414 0.2849820554256439 46.73298263549805
v 18.626008987426758 0.33499929308891296 46.71303939819336
v 18.6290283203125 0.37499308586120605 46.694969177246094
v 18.663013458251953 0.4109854996204376 46.55302810668945
v 18.683027267456055 0.46898552775382996 46.462955474853516
v 18.686017990112305 0.4419962167739868 46.45096969604492
v 18.685029983520508 0.5019968748092651 46.47597122192383
v 18.69301986694336 0.5209834575653076 46.46201705932617
v 18.707019805908203 0.5599969029426575 46.443946838378906
v 18.71300506591797 0.5829848051071167 46.43795394897461
v 18.745014190673828 0.8319907188415527 46.48598861694336
v 18.75701141357422 0.6579906940460205 46.42400360107422
v 18.575029373168945 0.7879955172538757 46.9759521484375
v 18.590017318725586 0.8499969244003296 46.94898986816406
v 18.615026473999023 0.9449896812438965 46.900020599365234
v 18.745014190673828 0.8869896531105042 46.51295471191406
v 18.74402618408203 0.8959927558898926 46.51997756958008
v 18.745014190673828 0.9119982719421387 46.52503204345703
v 18.64401626586914 1.0309993028640747 46.863037109375
v 18.745014190673828 1.108986258506775 46.62297058105469
v 18.66002082824707 1.0799962282180786 46.84196853637695
v 18.678030014038086 1.1519811153411865 46.82296371459961
v 18.706005096435547 1.1659859418869019 46.7139778137207
v 18.679018020629883 1.1669862270355225 46.80901336669922
v 18.671030044555664 1.1799907684326172 46.76996612548828
v 18.64401626586914 1.209981083869934 46.71097946166992
v 18.49700927734375 1.3449876308441162 46.550968170166016
v 18.853012084960938 0.9669972658157349 46.49095153808594
v 18.85603141784668 0.9659969210624695 46.488983154296875
v 18.852022171020508 0.8129841685295105 46.415016174316406
v 18.854026794433594 0.808982789516449 46.41202163696289
v 18.826025009155273 0.8030006885528564 46.41698455810547
v 18.803020477294922 0.7989993095397949 46.4229736328125
v 18.78001594543457 0.6889814138412476 46.41398620605469
v 18.806013107299805 0.7949979305267334 46.41801452636719
v 18.826025009155273 0.7599858641624451 46.390953063964844
v 18.412017822265625 -0.28401419520378113 47.392982482910156
v 18.37001609802246 -0.3960128128528595 47.511985778808594
v 18.411029815673828 -0.28401419520378113 47.39195251464844
v 18.336029052734375 -0.281013160943985 47.219017028808594
v 18.305007934570312 -0.2900162637233734 47.1459846496582
v 18.162010192871094 -0.3410138487815857 46.826988220214844
v 17.94101905822754 -0.510012149810791 46.77099609375
v 18.09200668334961 -0.34901660680770874 46.67296600341797
v 18.030019760131836 -0.39401212334632874 46.52802658081055
v 17.745010375976562 -0.6220107674598694 46.06998825073242
v 18.003005981445312 -0.4099976420402527 46.46595001220703
v 17.98801612854004 -0.41700005531311035 46.42400360107422
v 17.986013412475586 -0.41800040006637573 46.41698455810547
v 17.982006072998047 -0.4200010895729065 46.406028747558594
v 17.981016159057617 -0.4190007448196411 46.4000358581543
v 17.96001625061035 -0.37200453877449036 46.137027740478516
v 17.954004287719727 -0.36300143599510193 46.07701110839844
v 17.983020782470703 -0.29699864983558655 45.97102355957031
v 17.69301414489746 -0.6469993591308594 45.833011627197266
v 17.987028121948242 -0.2900162637233734 45.95697784423828
v 17.84101104736328 -0.5130131840705872 45.82898712158203
v 17.98900604248047 -0.2900162637233734 45.95295333862305
v 18.4730167388916 -0.20600727200508118 47.51601028442383
v 17.48201560974121 -0.7140024900436401 45.82495880126953
v 17.08102035522461 -0.6120073199272156 45.65296173095703
v 16.803010940551758 -0.0290062353014946 45.558956146240234
v 17.183006286621094 -0.08600589632987976 45.37600326538086
v 17.47100830078125 -0.45301246643066406 45.51298522949219
v 17.4480037689209 -0.6320142149925232 45.62599563598633
v 17.729005813598633 -0.4200010895729065 45.592010498046875
v 17.84101104736328 -0.5130131840705872 45.82898712158203
v 17.76900291442871 -0.1650131344795227 45.50596237182617
v 17.541011810302734 -0.20600727200508118 45.43798828125
v 17.573020935058594 0.06898756325244904 45.342018127441406
v 17.318016052246094 0.43599414825439453 45.280033111572266
v 17.651012420654297 0.29898688197135925 45.298946380615234
v 17.93701171875 0.6439858675003052 45.270015716552734
v 18.06400489807129 0.5389896631240845 45.43798828125
v 18.09502601623535 0.5130006670951843 45.496036529541016
v 18.09601402282715 0.512000322341919 45.4990348815918
v 17.94801902770996 -0.14600658416748047 45.837039947509766
v 17.933029174804688 -0.20700761675834656 45.855953216552734
v 17.9520263671875 -0.2640072703361511 45.88900375366211
v 17.987028121948242 -0.2700093388557434 45.94199752807617
v 17.962018966674805 -0.20300623774528503 45.9520149230957
v 17.945026397705078 -0.15200865268707275 45.96100616455078
v 17.905029296875 -0.06699933856725693 45.95997619628906
v 17.86500358581543 -0.0290062353014946 45.94302749633789
v 17.933029174804688 -0.20700761675834656 45.855953216552734
v 17.94801902770996 -0.14600658416748047 45.837039947509766
v 17.899017333984375 0.00498548848554492 45.949954986572266
v 17.922021865844727 -0.007998989894986153 45.92795181274414
v 17.922021865844727 0.024992387741804123 45.946022033691406
v 17.92100715637207 0.04800032451748848 45.968963623046875
v 18.058019638061523 0.4169875681400299 46.19095993041992
v 18.0200252532959 0.2840017080307007 46.09901428222656
v 18.06002426147461 0.3579872250556946 46.1300048828125
v 18.09502601623535 0.521983802318573 46.11802291870117
v 18.106006622314453 0.5039975643157959 46.05603790283203
v 18.098018646240234 0.5019968748092651 45.53901290893555
v 17.98900604248047 -0.2900162637233734 45.95295333862305
v 17.74602508544922 0.07699032127857208 46.10500717163086
v 17.974016189575195 -0.08200450986623764 45.85398483276367
v 18.090028762817383 0.5369889736175537 46.15397644042969
v 17.977008819580078 0.5059982538223267 46.30500030517578
v 17.981016159057617 0.47398725152015686 46.29395294189453
v 17.99600601196289 0.32499584555625916 46.240020751953125
v 17.97602081298828 0.2669958472251892 46.19695281982422
v 17.919029235839844 0.0709882527589798 46.009037017822266
v 17.87702751159668 0.018990319222211838 46.06203079223633
v 17.958011627197266 0.6139955520629883 46.33702087402344
v 17.974016189575195 0.6399844884872437 46.316986083984375
v 17.95301628112793 0.6389841437339783 46.34395217895508
v 17.950023651123047 0.6599913835525513 46.35003662109375
v 17.947031021118164 0.6479872465133667 46.35303497314453
v 17.88800811767578 0.6929827928543091 46.37999725341797
v 18.448007583618164 1.25199556350708 46.56997299194336
v 18.463024139404297 1.178990364074707 46.5989990234375
v 18.798023223876953 1.0539872646331787 46.547969818115234
v 18.472028732299805 0.9889848232269287 46.68794631958008
v 18.745014190673828 0.9119982719421387 46.52503204345703
v 18.46200942993164 0.9750000238418579 46.68701171875
v 18.74402618408203 0.8959927558898926 46.51997756958008
v 18.443012237548828 0.956993818283081 46.6810188293457
v 18.745014190673828 0.8869896531105042 46.51295471191406
v 18.516006469726562 0.6850000023841858 46.44001388549805
v 18.41402244567871 0.9389876127243042 46.66997146606445
v 18.3950252532959 0.9319851994514465 46.666038513183594
v 18.08700942993164 0.7589855194091797 46.562950134277344
v 18.042015075683594 0.6789979338645935 46.478031158447266
v 18.035015106201172 0.7369979619979858 46.543006896972656
v 17.997020721435547 0.7339969277381897 46.54197692871094
v 17.96100425720215 0.7349972724914551 46.547969818115234
v 17.95600700378418 0.7359976172447205 46.54899978637695
v 18.853012084960938 0.9669972658157349 46.49095153808594
v 18.85603141784668 0.9659969210624695 46.488983154296875
v 17.88800811767578 0.6929827928543091 46.37999725341797
v 17.950023651123047 0.6599913835525513 46.35003662109375
v 17.974016189575195 0.6399844884872437 46.316986083984375
v 18.18301010131836 0.5309869050979614 46.21998596191406
v 18.090028762817383 0.5369889736175537 46.15397644042969
v 18.12700843811035 0.5099996328353882 46.11699295043945
v 18.09502601623535 0.521983802318573 46.11802291870117
v 18.121023178100586 0.5099996328353882 46.10397720336914
v 18.106006622314453 0.5039975643157959 46.05603790283203
v 18.217023849487305 0.5339879393577576 46.25603103637695
v 18.277008056640625 0.5239844918251038 46.284027099609375
v 18.51301383972168 0.6019913554191589 46.34797668457031
v 18.62101173400879 0.6129952073097229 46.38795852661133
v 18.62101173400879 0.6129952073097229 46.38795852661133
v 18.662025451660156 0.6649931073188782 46.38299560546875
v 18.7290096282959 0.7119893431663513 46.390953063964844
v 18.806013107299805 0.7949979305267334 46.41801452636719
v 18.826025009155273 0.7599858641624451 46.390953063964844
v 18.803020477294922 0.7989993095397949 46.4229736328125
v 18.826025009155273 0.8030006885528564 46.41698455810547
v 18.852022171020508 0.8129841685295105 46.415016174316406
v 18.854026794433594 0.808982789516449 46.41202163696289
v 15.741019248962402 1.7819983959197998 45.573001861572266
v 15.7239990234375 1.744985580444336 45.59294509887695
v 15.70401382446289 1.7889807224273682 45.52197265625
v 15.635025978088379 1.7249987125396729 45.50896072387695
v 15.626021385192871 1.7359824180603027 45.47403335571289
v 15.632006645202637 1.8009848594665527 45.36598587036133
v 15.620009422302246 1.7299803495407104 45.47197341918945
v 15.61902141571045 1.7299803495407104 45.471038818359375
v 15.615013122558594 1.7239983081817627 45.47300338745117
v 15.535017013549805 1.6319866180419922 45.49201202392578
v 15.602001190185547 1.6949883699417114 45.503997802734375
v 15.558022499084473 1.6019963026046753 45.55202865600586
v 15.347023963928223 1.3789793252944946 45.65895462036133
v 15.496007919311523 1.45798659324646 45.68798065185547
v 15.477999687194824 1.41999351978302 45.702022552490234
v 15.39201831817627 1.2289875745773315 45.77702331542969
v 15.114008903503418 1.0969821214675903 45.72196578979492
v 15.366021156311035 1.1719880104064941 45.80099105834961
v 15.315014839172363 1.0479851961135864 45.89003372192383
v 15.224010467529297 0.8449952006340027 45.984039306640625
v 15.077003479003906 0.7129896879196167 45.98600387573242
v 15.216021537780762 0.8020003437995911 46.09395980834961
v 15.215005874633789 0.7959982752799988 46.111000061035156
v 15.130013465881348 0.6009910106658936 46.196014404296875
v 15.111016273498535 0.5499934554100037 46.23702621459961
v 14.882009506225586 0.21099653840065002 46.38496017456055
v 15.110001564025879 0.5209834575653076 46.274009704589844
v 14.671011924743652 0.563998281955719 45.9029541015625
v 14.804018020629883 1.0279983282089233 45.63002395629883
v 14.451008796691895 1.036981463432312 45.62403106689453
v 14.545005798339844 1.1879935264587402 45.54603576660156
v 14.612016677856445 1.274983525276184 45.57197189331055
v 14.786008834838867 1.1299934387207031 45.68395233154297
v 15.114008903503418 1.0969821214675903 45.72196578979492
v 15.087023735046387 1.18699312210083 45.73301696777344
v 15.347023963928223 1.3789793252944946 45.65895462036133
v 15.322014808654785 1.4379796981811523 45.67197036743164
v 15.535017013549805 1.6319866180419922 45.49201202392578
v 15.524009704589844 1.8239928483963013 45.38003158569336
v 15.566999435424805 1.814989686012268 45.373008728027344
v 15.632006645202637 1.8009848594665527 45.36598587036133
v 15.474018096923828 1.833996295928955 45.34098815917969
v 15.412004470825195 1.8459804058074951 45.298946380615234
v 15.142998695373535 1.8279942274093628 45.182003021240234
v 15.110001564025879 1.8279942274093628 45.18902587890625
v 14.848023414611816 1.882993221282959 45.20896911621094
v 14.745022773742676 1.8969980478286743 45.22198486328125
v 14.660003662109375 1.879992127418518 45.249977111816406
v 14.670022964477539 1.9069814682006836 45.2270393371582
v 14.607020378112793 1.9069814682006836 45.177978515625
v 14.566006660461426 1.8389979600906372 45.22095489501953
v 14.496003150939941 1.4959796667099 45.42497253417969
v 14.541024208068848 1.5489979982376099 45.43695831298828
v 14.411999702453613 1.2469937801361084 45.545005798339844
v 14.368020057678223 1.4019873142242432 45.48695755004883
v 14.351000785827637 1.4809945821762085 45.442012786865234
v 14.329010963439941 1.5339927673339844 45.445011138916016
v 14.301998138427734 1.603996992111206 45.44697570800781
v 14.340019226074219 1.8299949169158936 45.370948791503906
v 14.269000053405762 1.6689794063568115 45.470008850097656
v 14.2260103225708 1.7389835119247437 45.52300262451172
v 14.371012687683105 2.015979051589966 45.38499450683594
v 14.195015907287598 1.7699942588806152 45.58198928833008
v 14.351000785827637 2.0349855422973633 45.46298599243164
v 14.186012268066406 1.7709945440292358 45.60895538330078
v 14.160014152526855 1.7739956378936768 45.68498229980469
v 13.927000045776367 1.5569807291030884 46.07401657104492
v 14.07900333404541 1.6829842329025269 45.80099105834961
v 14.414003372192383 1.9889897108078003 45.30699920654297
v 14.497018814086914 1.9509966373443604 45.2390251159668
v 14.601008415222168 1.9079817533493042 45.180973052978516
v 14.607020378112793 1.9069814682006836 45.177978515625
v 13.828006744384766 1.4129910469055176 46.3060302734375
v 13.841018676757812 1.4779934883117676 46.23496627807617
v 13.927000045776367 1.6919872760772705 46.3389892578125
v 13.877009391784668 1.527990698814392 46.152008056640625
v 13.966998100280762 1.6769821643829346 46.03497314453125
v 14.336999893188477 2.0449891090393066 45.489952087402344
v 14.301998138427734 2.080981492996216 45.64097595214844
v 14.076998710632324 1.928989052772522 46.06998825073242
v 14.22801399230957 2.139981746673584 45.849021911621094
v 14.252007484436035 2.154987096786499 46.181034088134766
v 14.283000946044922 2.0959866046905518 46.36398696899414
v 14.223017692565918 1.951996922492981 46.503963470458984
v 14.315010070800781 2.0649960041046143 46.42597198486328
v 14.327007293701172 2.0579936504364014 46.44301223754883
v 14.444008827209473 1.9889897108078003 46.55995559692383
v 14.358000755310059 1.856984257698059 46.57503128051758
v 14.497018814086914 1.9279886484146118 46.594974517822266
v 14.513023376464844 1.944994568824768 46.594974517822266
v 14.502015113830566 1.9309897422790527 46.596004486083984
v 14.5280122756958 1.936991810798645 46.60901641845703
v 14.22801399230957 2.139981746673584 45.849021911621094
v 14.253022193908691 2.1429829597473145 45.911006927490234
v 14.25801944732666 2.171992778778076 46.09199142456055
v 14.257003784179688 2.171992778778076 46.09498977661133
v 14.185023307800293 1.7779970169067383 46.54600524902344
v 14.075021743774414 1.6329869031906128 46.46903991699219
v 13.8720121383667 1.3499892950057983 46.3349609375
v 13.91601848602295 1.3509896993637085 46.39797592163086
v 13.879013061523438 1.3189986944198608 46.36295700073242
v 13.895017623901367 1.3199989795684814 46.39198303222656
v 13.879013061523438 1.2969911098480225 46.387020111083984
v 13.927000045776367 1.6919872760772705 46.3389892578125
v 13.853015899658203 1.3789793252944946 46.31998062133789
v 13.830999374389648 1.4079893827438354 46.306968688964844
v 13.828006744384766 1.4129910469055176 46.3060302734375
v 15.626021385192871 1.7359824180603027 45.47403335571289
v 15.635025978088379 1.7249987125396729 45.50896072387695
v 15.703024864196777 1.7879804372787476 45.471038818359375
v 15.7239990234375 1.744985580444336 45.59294509887695
v 15.789006233215332 1.7729952335357666 45.62599563598633
v 15.636013984680176 1.595994234085083 45.7879753112793
v 15.634010314941406 1.5809890031814575 45.81700134277344
v 15.854013442993164 1.7629917860031128 45.793033599853516
v 15.834000587463379 1.656995177268982 46.038997650146484
v 15.621025085449219 1.5029821395874023 46.00201416015625
v 15.835016250610352 1.6549944877624512 46.0460205078125
v 15.8300199508667 1.6399893760681152 46.07701110839844
v 15.844019889831543 1.6459914445877075 46.06296920776367
v 15.848001480102539 1.6399893760681152 46.08000946044922
v 15.606009483337402 1.070993185043335 46.47700119018555
v 15.512012481689453 1.204999327659607 46.194984436035156
v 15.413019180297852 0.9709986448287964 46.35003662109375
v 15.391002655029297 0.9169999957084656 46.35499954223633
v 15.351004600524902 0.8009999990463257 46.37297821044922
v 15.610016822814941 1.4479831457138062 46.04695510864258
v 15.58901596069336 1.3939845561981201 46.08103942871094
v 15.586023330688477 1.4099900722503662 46.06203079223633
v 15.55500316619873 1.3059941530227661 46.13496780395508
v 16.1350154876709 1.504982829093933 46.23196792602539
v 16.223026275634766 1.45798659324646 46.29601287841797
v 16.07102394104004 1.051986575126648 46.61201477050781
v 16.403003692626953 1.4309972524642944 46.22298049926758
v 16.486019134521484 1.426995873451233 46.18403244018555
v 16.52401351928711 1.4229944944381714 46.1669921875
v 16.6350040435791 1.3259810209274292 46.169986724853516
v 16.61600685119629 1.4599872827529907 46.009971618652344
v 16.70701026916504 1.4379796981811523 45.93301010131836
v 16.816022872924805 1.2869876623153687 45.77000045776367
v 16.821020126342773 1.308995246887207 45.74303436279297
v 16.789011001586914 1.4709911346435547 45.720001220703125
v 16.88602638244629 1.4329979419708252 45.514949798583984
v 16.891023635864258 1.4159921407699585 45.514015197753906
v 16.837024688720703 1.4649890661239624 45.373008728027344
v 16.88602638244629 1.3309828042984009 45.39295196533203
v 16.851024627685547 1.219984531402588 45.13200378417969
v 16.895004272460938 1.2769842147827148 45.36102294921875
v 16.904008865356445 1.243992805480957 45.3559684753418
v 16.89000701904297 1.1449986696243286 45.37703323364258
v 16.82200813293457 0.9829827547073364 45.20400619506836
v 16.84602928161621 0.8600003719329834 45.442012786865234
v 16.597009658813477 0.5789834260940552 45.35100555419922
v 16.792003631591797 0.7479817271232605 45.500999450683594
v 16.769025802612305 0.6459865570068359 45.53096389770508
v 16.755023956298828 0.5879865288734436 45.548004150390625
v 16.680025100708008 0.4289917051792145 45.54603576660156
v 16.700010299682617 0.4619830846786499 45.606990814208984
v 16.67500114440918 0.3289972245693207 45.63901138305664
v 16.454010009765625 0.07899101078510284 45.5770263671875
v 16.61202621459961 0.17398376762866974 45.705955505371094
v 16.54701805114746 0.014988938346505165 45.77599334716797
v 16.527006149291992 -0.035008303821086884 45.79996109008789
v 16.523025512695312 -0.04601209983229637 45.805015563964844
v 16.511001586914062 -0.11301520466804504 45.85801315307617
v 16.50800895690918 -0.14200520515441895 45.881980895996094
v 16.3490047454834 -0.3360121250152588 45.881980895996094
v 16.495023727416992 -0.2310159057378769 45.96100616455078
v 16.494009017944336 -0.23799830675125122 45.965965270996094
v 16.498016357421875 -0.2389986515045166 45.97401809692383
v 16.522010803222656 -0.2389986515045166 46.02701187133789
v 16.473007202148438 -0.41700005531311035 46.36894989013672
v 16.52401351928711 -0.22801487147808075 46.07598114013672
v 16.517013549804688 -0.24700142443180084 46.257999420166016
v 16.522010803222656 -0.22601418197155 46.331966400146484
v 16.54001808166504 -0.2300155609846115 46.387020111083984
v 16.56401252746582 -0.18600037693977356 46.591976165771484
v 16.573015213012695 -0.17401625216007233 46.65695571899414
v 16.658008575439453 -0.13100141286849976 47.56394958496094
v 16.657020568847656 -0.038009338080883026 47.17594909667969
v 16.76301383972168 0.029994113370776176 47.64203643798828
v 16.837024688720703 0.017989972606301308 48.220951080322266
v 16.7700138092041 0.03599618375301361 47.67396545410156
v 16.821020126342773 0.06898756325244904 47.927982330322266
v 16.851024627685547 0.10600032657384872 48.020023345947266
v 16.875019073486328 0.1259872168302536 48.08799743652344
v 16.88201904296875 0.1359906643629074 48.108970642089844
v 16.90200424194336 0.16900205612182617 48.17095184326172
v 16.89802360534668 0.12998859584331512 48.33695983886719
v 16.919025421142578 0.22500136494636536 48.240989685058594
v 16.921001434326172 0.23398447036743164 48.24201965332031
v 16.9370059967041 0.2739982604980469 48.38798904418945
v 16.93000602722168 0.2679961919784546 48.24801254272461
v 16.945022583007812 0.32499584555625916 48.261962890625
v 16.97801971435547 0.4719865620136261 48.29201889038086
v 16.983016967773438 0.49599483609199524 48.28902053833008
v 17.011016845703125 1.0769952535629272 48.47796630859375
v 16.991004943847656 0.5449917316436768 48.280967712402344
v 17.094005584716797 1.1229910850524902 48.105037689208984
v 17.15201187133789 1.3829807043075562 47.97002410888672
v 17.170021057128906 1.492998719215393 47.94998550415039
v 17.183006286621094 1.5549800395965576 47.920963287353516
v 17.176006317138672 1.806986927986145 48.18003463745117
v 17.1920108795166 1.5979949235916138 47.902984619140625
v 17.220012664794922 1.7319810390472412 47.86497116088867
v 17.221027374267578 1.7879804372787476 47.83697509765625
v 17.23700523376465 1.9379920959472656 47.66197967529297
v 17.238019943237305 2.0349855422973633 47.62602615356445
v 17.23700523376465 1.9409931898117065 47.65495681762695
v 17.235027313232422 1.9469952583312988 47.64203643798828
v 17.163021087646484 1.8709890842437744 47.21096420288086
v 17.382007598876953 2.342991828918457 48.001014709472656
v 17.000009536743164 2.0379865169525146 48.715972900390625
v 16.841005325317383 1.5869910717010498 48.790035247802734
v 16.754009246826172 0.25499171018600464 48.675994873046875
v 16.681013107299805 0.024992387741804123 48.661949157714844
v 16.581005096435547 -0.16301244497299194 48.47796630859375
v 16.46400260925293 -0.2700093388557434 47.870025634765625
v 16.312026977539062 -0.5340003967285156 46.679988861083984
v 16.292015075683594 -0.5550076365470886 46.11502456665039
v 15.992015838623047 -0.7170035243034363 46.16202926635742
v 15.982023239135742 -0.6940155625343323 46.42503356933594
v 16.074016571044922 -0.41099798679351807 47.713008880615234
v 16.240018844604492 -0.2300155609846115 48.6119499206543
v 16.366025924682617 0.03199480473995209 48.88001251220703
v 16.467021942138672 0.3519851565361023 48.94002914428711
v 16.26500129699707 1.5449966192245483 48.962032318115234
v 17.000009536743164 2.0379865169525146 48.715972900390625
v 16.649003982543945 2.5509836673736572 48.877952575683594
v 17.25602912902832 2.41499662399292 48.6939697265625
v 16.077007293701172 2.759995698928833 48.658016204833984
v 15.980018615722656 2.3229849338531494 48.60698699951172
v 15.447005271911621 0.6399844884872437 48.88900375366211
v 15.978014945983887 0.5289862155914307 49.09199142456055
v 15.863017082214355 0.1319892853498459 49.00697708129883
v 15.745000839233398 -0.129000723361969 48.749961853027344
v 15.66000747680664 -0.29699864983558655 48.148948669433594
v 15.504023551940918 -0.6870131492614746 46.44301223754883
v 15.50901985168457 -0.6930152177810669 46.144989013671875
v 16.014005661010742 -0.608005940914154 45.94199752807617
v 16.040002822875977 -0.42300212383270264 45.74200439453125
v 16.156015396118164 -0.035008303821086884 45.5260009765625
v 16.44802474975586 0.3629889488220215 45.430965423583984
v 16.351009368896484 0.42599067091941833 45.37001037597656
v 16.6710205078125 1.0019893646240234 45.064964294433594
v 16.622018814086914 1.3449876308441162 44.91600036621094
v 16.752004623413086 1.4999810457229614 45.04595947265625
v 16.59102439880371 1.6089986562728882 44.99895477294922
v 16.69100570678711 1.5549800395965576 45.064029693603516
v 16.7240047454834 1.5369938611984253 45.08603286743164
v 16.76202392578125 1.5169869661331177 45.11000061035156
v 16.44901466369629 1.6829842329025269 44.94895935058594
v 16.375003814697266 1.5259900093078613 44.83697509765625
v 16.426010131835938 1.6949883699417114 44.93903350830078
v 16.397018432617188 1.7089931964874268 44.946990966796875
v 16.34601402282715 1.721997618675232 44.95401382446289
v 16.013017654418945 1.744985580444336 44.96000671386719
v 16.132022857666016 1.768993854522705 45.04801940917969
v 16.07802391052246 1.7699942588806152 45.03996658325195
v 16.001020431518555 1.7709945440292358 45.02695083618164
v 15.797021865844727 1.7649924755096436 45.29595184326172
v 15.620009422302246 1.7299803495407104 45.47197341918945
v 15.61902141571045 1.7299803495407104 45.471038818359375
v 15.801003456115723 1.6819838285446167 44.99895477294922
v 15.824007987976074 1.5409952402114868 44.907012939453125
v 16.060014724731445 1.5889917612075806 44.858978271484375
v 16.311012268066406 1.373997688293457 44.82302474975586
v 16.13800811767578 0.366990327835083 45.43695831298828
v 16.351009368896484 0.42599067091941833 45.37001037597656
v 15.88701057434082 0.41498687863349915 45.412986755371094
v 15.614025115966797 0.8229876160621643 45.31598663330078
v 15.710025787353516 1.075994849205017 45.15503692626953
v 15.940020561218262 1.4209938049316406 44.87995147705078
v 15.477010726928711 1.0769952535629272 45.249977111816406
v 15.695009231567383 1.3259810209274292 45.01796340942383
v 15.550006866455078 0.8030006885528564 45.327972412109375
v 15.673020362854004 0.5819844603538513 45.401004791259766
v 15.54300594329834 0.44099587202072144 45.39997482299805
v 16.14102554321289 0.31499239802360535 45.411956787109375
v 16.13800811767578 0.366990327835083 45.43695831298828
v 16.351009368896484 0.42599067091941833 45.37001037597656
v 15.224010467529297 0.3939996659755707 45.605960845947266
v 15.444013595581055 0.2679961919784546 45.46701431274414
v 15.172016143798828 -0.19600382447242737 45.85295486450195
v 15.622014045715332 -0.3460155725479126 45.674964904785156
v 15.771024703979492 0.041998252272605896 45.45399856567383
v 15.53902530670166 -0.5620100498199463 45.88600540161133
v 15.077003479003906 -0.3240079879760742 46.08899688720703
v 15.067010879516602 0.023992042988538742 45.8800163269043
v 14.957009315490723 0.10499998182058334 46.08899688720703
v 15.477010726928711 1.0769952535629272 45.249977111816406
v 15.442008972167969 1.4079893827438354 45.4439811706543
v 15.615013122558594 1.7239983081817627 45.47300338745117
v 15.61902141571045 1.7299803495407104 45.471038818359375
v 15.602001190185547 1.6949883699417114 45.503997802734375
v 15.558022499084473 1.6019963026046753 45.55202865600586
v 15.496007919311523 1.45798659324646 45.68798065185547
v 15.477999687194824 1.41999351978302 45.702022552490234
v 15.39201831817627 1.2289875745773315 45.77702331542969
v 15.366021156311035 1.1719880104064941 45.80099105834961
v 15.315014839172363 1.0479851961135864 45.89003372192383
v 15.224010467529297 0.8449952006340027 45.984039306640625
v 14.958024978637695 0.25599205493927 46.20697021484375
v 15.216021537780762 0.8020003437995911 46.09395980834961
v 15.130013465881348 0.6009910106658936 46.196014404296875
v 15.215005874633789 0.7959982752799988 46.111000061035156
v 15.111016273498535 0.5499934554100037 46.23702621459961
v 15.110001564025879 0.5209834575653076 46.274009704589844
v 15.1170015335083 0.4879920780658722 46.32503890991211
v 15.114008903503418 0.47898897528648376 46.328033447265625
v 15.121009826660156 0.48399069905281067 46.33599090576172
v 15.145003318786621 0.4879920780658722 46.359962463378906
v 15.198013305664062 0.4939941465854645 46.36501693725586
v 15.164000511169434 0.4619830846786499 46.36501693725586
v 15.100008964538574 0.4159872233867645 46.357994079589844
v 15.087023735046387 0.4059837758541107 46.39301300048828
v 15.065007209777832 0.3779941201210022 46.400970458984375
v 14.933015823364258 0.21499791741371155 46.37999725341797
v 15.050017356872559 0.3509848117828369 46.41698455810547
v 14.946001052856445 0.2509903311729431 46.41398620605469
v 14.93801212310791 0.2459886074066162 46.41698455810547
v 15.097016334533691 0.4159872233867645 46.39301300048828
v 15.111016273498535 0.42599067091941833 46.39694595336914
v 15.164000511169434 0.4619830846786499 46.36501693725586
v 15.18101978302002 0.4939941465854645 46.39797592163086
v 15.198013305664062 0.4939941465854645 46.36501693725586
v 15.187005043029785 0.49999621510505676 46.4000358581543
v 14.963021278381348 -0.19300279021263123 46.341983795166016
v 14.93801212310791 0.2459886074066162 46.41698455810547
v 14.949020385742188 0.24998998641967773 46.462955474853516
v 14.981002807617188 0.24498826265335083 46.60096740722656
v 14.98402214050293 0.2409868836402893 46.62699508666992
v 15.006011962890625 0.3229951560497284 46.83494567871094
v 15.096000671386719 0.23798584938049316 47.57902526855469
v 15.0180082321167 0.3779941201210022 46.95198440551758
v 15.029016494750977 0.44499725103378296 47.06303024291992
v 15.021000862121582 0.5369889736175537 47.242984771728516
v 15.034012794494629 0.5289862155914307 47.44700622558594
v 15.049002647399902 0.6449862122535706 47.408992767333984
v 15.053998947143555 0.7549841403961182 47.60795593261719
v 15.0180082321167 0.6449862122535706 48.18996047973633
v 15.11502456665039 0.8339914083480835 47.683982849121094
v 15.191012382507324 0.9339858889579773 47.780982971191406
v 15.153018951416016 0.8929917216300964 47.64896774291992
v 15.17901611328125 0.9329855442047119 47.627994537353516
v 15.21102523803711 0.981982409954071 47.60702133178711
v 15.210009574890137 0.948991060256958 47.77695846557617
v 15.264008522033691 1.0379817485809326 47.52397155761719
v 15.222006797790527 0.8610007166862488 48.017024993896484
v 15.123013496398926 0.7799927592277527 48.0629997253418
v 15.11502456665039 0.772990345954895 48.06196975708008
v 15.13300609588623 0.8039810657501221 48.015995025634766
v 15.183023452758789 0.904995858669281 47.84699249267578
v 15.192001342773438 0.919981062412262 47.82302474975586
v 15.222006797790527 0.8610007166862488 48.017024993896484
v 15.04400634765625 0.7229931354522705 48.252037048339844
v 15.027012825012207 0.4779886305332184 48.349037170410156
v 15.128009796142578 0.24798929691314697 48.01899337768555
v 15.293025016784668 0.0029847982805222273 48.09698486328125
v 15.28201675415039 0.1259872168302536 48.62196731567383
v 15.158015251159668 0.45998239517211914 48.668033599853516
v 15.339008331298828 0.3179934322834015 48.862037658691406
v 15.166004180908203 -0.2090083211660385 46.988033294677734
v 15.064018249511719 -0.3760059177875519 46.31099319458008
v 15.238011360168457 0.6839996576309204 48.705955505371094
v 15.094023704528809 0.7409993410110474 48.48395919799805
v 15.045021057128906 0.7959982752799988 48.249977111816406
v 15.11502456665039 0.772990345954895 48.06196975708008
v 15.13300609588623 0.8039810657501221 48.015995025634766
v 15.135009765625 1.0129930973052979 47.932945251464844
v 15.183023452758789 0.904995858669281 47.84699249267578
v 15.15101432800293 1.020995855331421 47.8869743347168
v 15.212014198303223 1.043983817100525 47.72003173828125
v 15.192001342773438 0.919981062412262 47.82302474975586
v 15.210009574890137 0.948991060256958 47.77695846557617
v 15.265024185180664 1.0839976072311401 47.60599136352539
v 15.367009162902832 1.1389966011047363 47.40196990966797
v 15.251023292541504 1.2379907369613647 47.54194641113281
v 15.275016784667969 1.3539907932281494 47.436988830566406
v 15.247014999389648 1.2869876623153687 47.53398895263672
v 15.242018699645996 1.3889827728271484 47.566009521484375
v 15.470010757446289 1.8879948854446411 47.219017028808594
v 15.238011360168457 1.5349931716918945 47.685951232910156
v 15.466002464294434 1.9299893379211426 47.26395797729492
v 15.46800708770752 1.943994164466858 47.26601791381836
v 15.235018730163574 1.5989952087402344 47.71797180175781
v 15.48401165008545 2.113992929458618 47.291954040527344
v 15.483022689819336 2.2009828090667725 47.3299674987793
v 15.500016212463379 2.3399908542633057 47.339988708496094
v 15.503007888793945 2.377983808517456 47.34794616699219
v 15.49501895904541 2.4449870586395264 47.392982482910156
v 15.236007690429688 1.622983455657959 47.7660026550293
v 15.240015029907227 1.6519935131072998 47.79399871826172
v 15.240575790405273 1.6540741920471191 47.793907165527344
v 15.240602493286133 1.654274344444275 47.794185638427734
v 15.386006355285645 2.2239906787872314 47.839969635009766
v 15.240790367126465 1.6547144651412964 47.79549789428711
v 15.387022018432617 1.1449986696243286 47.36601638793945
v 15.502019882202148 2.5849952697753906 47.63295364379883
v 15.505012512207031 2.662982225418091 47.88201141357422
v 15.54100227355957 2.7119791507720947 47.93996810913086
v 15.548002243041992 2.714980125427246 47.95597839355469
v 15.687020301818848 2.9119880199432373 48.17601013183594
v 15.552010536193848 2.7269842624664307 47.957008361816406
v 15.49501895904541 2.6619818210601807 47.68997573852539
v 15.875014305114746 3.335994243621826 48.39594650268555
v 15.60301685333252 2.298996686935425 48.251007080078125
v 15.60301685333252 3.9059908390045166 48.28799057006836
v 15.564006805419922 3.46097731590271 48.49800491333008
v 15.250007629394531 3.8909857273101807 48.5830192565918
v 15.300025939941406 3.5589911937713623 48.705955505371094
v 14.949020385742188 4.389977931976318 48.24295425415039
v 14.979025840759277 4.453979969024658 47.41395568847656
v 14.964010238647461 4.492973327636719 46.253971099853516
v 14.13602066040039 4.281980514526367 44.4100227355957
v 13.596007347106934 4.28798246383667 42.880950927734375
v 13.68901538848877 4.292984485626221 41.689979553222656
v 12.839010238647461 3.0699825286865234 42.42197799682617
v 13.555020332336426 3.684994697570801 44.26396179199219
v 13.294004440307617 3.2289774417877197 44.42996597290039
v 13.715012550354004 3.3739874362945557 45.56597900390625
v 13.712019920349121 3.669989585876465 46.03197479248047
v 14.171022415161133 4.2189788818359375 47.25103759765625
v 14.172011375427246 4.169981956481934 48.26299285888672
v 13.96200180053711 2.434983491897583 45.49397659301758
v 13.741010665893555 2.7769815921783447 45.855953216552734
v 13.961012840270996 2.4539902210235596 45.484989166259766
v 13.448012351989746 3.04799485206604 46.4539680480957
v 13.659998893737793 3.7819881439208984 47.80794906616211
v 14.06299877166748 2.4039928913116455 45.56101608276367
v 14.07900333404541 2.377983808517456 45.58198928833008
v 14.34902286529541 2.0729787349700928 45.298946380615234
v 14.021023750305176 2.3529951572418213 45.79499816894531
v 13.437004089355469 3.0039796829223633 47.072017669677734
v 13.936003684997559 2.301997661590576 46.253971099853516
v 14.076277732849121 2.303978443145752 45.71017074584961
v 14.080018043518066 2.3006973266601562 45.70446014404297
v 14.085549354553223 2.295795440673828 45.6960334777832
v 14.109007835388184 2.2749884128570557 45.65998458862305
v 14.115795135498047 2.2689661979675293 45.64865493774414
v 14.115821838378906 2.2689461708068848 45.64865493774414
v 14.118012428283691 2.2669856548309326 45.64500427246094
v 14.120390892028809 2.265084981918335 45.64181900024414
v 14.124211311340332 2.2617838382720947 45.63573455810547
v 14.06500244140625 2.400991916656494 45.558956146240234
v 14.124211311340332 2.2617838382720947 45.63573455810547
v 14.120444297790527 2.265044927597046 45.641727447509766
v 14.120978355407715 2.264624834060669 45.64097595214844
v 14.121699333190918 2.2640445232391357 45.64004135131836
v 14.122581481933594 2.2632644176483154 45.63854217529297
v 14.122608184814453 2.2632243633270264 45.638450622558594
v 14.124211311340332 2.2617838382720947 45.63573455810547
v 14.120444297790527 2.265044927597046 45.641727447509766
v 14.122528076171875 2.2634644508361816 45.63816833496094
v 14.12429141998291 2.261723756790161 45.63563919067383
v 14.126001358032227 2.2599833011627197 45.633018493652344
v 14.34902286529541 2.0729787349700928 45.298946380615234
v 14.12274169921875 2.2633042335510254 45.63788604736328
v 14.122020721435547 2.2639846801757812 45.63901138305664
v 14.12228775024414 2.263704538345337 45.63854217529297
v 14.122528076171875 2.2634644508361816 45.63816833496094
v 14.346004486083984 2.0659964084625244 45.293983459472656
v 14.336010932922363 2.074859380722046 45.30943298339844
v 14.334381103515625 2.0762999057769775 45.31196212768555
v 14.294116020202637 2.111992120742798 45.37422561645508
v 14.292966842651367 2.1130125522613525 45.37600326538086
v 14.272019386291504 2.1315789222717285 45.40840148925781
v 14.251580238342285 2.149705171585083 45.4399528503418
v 14.221921920776367 2.1759941577911377 45.48583221435547
v 14.208001136779785 2.1883184909820557 45.50736618041992
v 14.205008506774902 2.190979480743408 45.51195526123047
v 14.168457984924316 2.2229104042053223 45.56803894042969
v 14.146601676940918 2.2420170307159424 45.60146713256836
v 14.29200553894043 2.061995029449463 45.51195526123047
v 14.146601676940918 2.2420170307159424 45.60146713256836
v 14.168457984924316 2.2229104042053223 45.56803894042969
v 14.205008506774902 2.190979480743408 45.51195526123047
v 14.208001136779785 2.1883184909820557 45.50736618041992
v 14.221921920776367 2.1759941577911377 45.48583221435547
v 14.251580238342285 2.149705171585083 45.4399528503418
v 14.272019386291504 2.1315789222717285 45.40840148925781
v 14.292966842651367 2.1130125522613525 45.37600326538086
v 14.294116020202637 2.111992120742798 45.37422561645508
v 14.334381103515625 2.0762999057769775 45.31196212768555
v 14.336010932922363 2.074859380722046 45.30943298339844
v 14.346004486083984 2.0659964084625244 45.293983459472656
v 14.351000785827637 2.0609946250915527 45.29098892211914
v 14.357011795043945 2.056993246078491 45.27900314331055
v 14.593019485473633 1.8599852323532104 44.88603973388672
v 14.324014663696289 2.0919852256774902 45.314022064208984
v 14.326125144958496 2.089524507522583 45.31196212768555
v 14.336010932922363 2.0779805183410645 45.30269241333008
v 14.342022895812988 2.070997953414917 45.29698181152344
v 14.346004486083984 2.0659964084625244 45.293983459472656
v 14.351000785827637 2.0349855422973633 45.46298599243164
v 14.336999893188477 2.0449891090393066 45.489952087402344
v 14.301998138427734 2.080981492996216 45.64097595214844
v 14.22801399230957 2.139981746673584 45.849021911621094
v 14.253022193908691 2.1429829597473145 45.911006927490234
v 14.25801944732666 2.171992778778076 46.09199142456055
v 14.257003784179688 2.171992778778076 46.09498977661133
v 14.252007484436035 2.154987096786499 46.181034088134766
v 14.283000946044922 2.0959866046905518 46.36398696899414
v 14.315010070800781 2.0649960041046143 46.42597198486328
v 14.327007293701172 2.0579936504364014 46.44301223754883
v 14.382020950317383 2.0369863510131836 46.68495178222656
v 14.444008827209473 1.9889897108078003 46.55995559692383
v 14.448016166687012 1.9919908046722412 46.64796829223633
v 14.502015113830566 1.9539976119995117 46.61201477050781
v 14.513023376464844 1.944994568824768 46.594974517822266
v 14.5280122756958 1.936991810798645 46.60901641845703
v 14.343011856079102 2.068997383117676 46.78794479370117
v 14.088006973266602 2.243997573852539 46.8979606628418
v 14.29000186920166 2.1169939041137695 46.93700408935547
v 14.175004005432129 2.2069849967956543 47.114994049072266
v 14.118012428283691 2.253981113433838 47.09598922729492
v 14.171022415161133 2.212986946105957 47.12594985961914
v 14.20001220703125 2.195981025695801 47.175010681152344
v 14.183019638061523 2.2029836177825928 47.135032653808594
v 14.208001136779785 2.190979480743408 47.18203353881836
v 14.27800464630127 2.146984338760376 47.192989349365234
v 14.020008087158203 2.3399908542633057 47.0949592590332
v 13.463001251220703 2.0149986743927 47.64999771118164
v 13.82001781463623 2.132979393005371 47.416015625
v 13.880001068115234 2.270987033843994 47.141021728515625
v 14.118012428283691 2.253981113433838 47.09598922729492
v 14.256014823913574 2.1009883880615234 47.247947692871094
v 14.27800464630127 2.146984338760376 47.192989349365234
v 14.284016609191895 2.132979393005371 47.20497131347656
v 14.320006370544434 2.0369863510131836 47.281002044677734
v 14.298017501831055 2.02598237991333 47.286991119384766
v 14.296012878417969 2.024982213973999 47.286991119384766
v 13.807005882263184 2.039987325668335 47.416015625
v 13.450016021728516 1.9189856052398682 47.620033264160156
v 13.467997550964355 1.8119887113571167 47.441951751708984
v 13.800004959106445 1.9379920959472656 47.33296585083008
v 14.376997947692871 2.054992437362671 47.35796356201172
v 14.362009048461914 2.0209808349609375 47.28998947143555
v 14.857001304626465 2.017979621887207 47.5389518737793
v 14.857001304626465 1.9649814367294312 47.511985778808594
v 15.245011329650879 1.6669987440109253 47.82695770263672
v 13.463001251220703 2.0149986743927 47.64999771118164
v 13.351022720336914 1.9329904317855835 47.91600036621094
v 13.591999053955078 2.2899935245513916 47.379032135009766
v 13.880001068115234 2.270987033843994 47.141021728515625
v 13.869020462036133 2.5039873123168945 47.134002685546875
v 13.946023941040039 2.4129960536956787 47.075950622558594
v 13.980998992919922 2.3719818592071533 47.086997985839844
v 14.020008087158203 2.3399908542633057 47.0949592590332
v 14.118012428283691 2.253981113433838 47.09598922729492
v 13.692008018493652 2.712979316711426 47.294952392578125
v 13.68500804901123 2.713979721069336 47.30197525024414
v 13.678007125854492 2.728984832763672 47.319950103759766
v 13.642017364501953 2.772980213165283 47.41301727294922
v 13.64100170135498 2.817995548248291 47.42696762084961
v 13.567017555236816 2.989995002746582 47.63295364379883
v 13.645998001098633 2.989995002746582 47.50299835205078
v 13.65700626373291 3.0539770126342773 47.551963806152344
v 13.65700626373291 3.0569779872894287 47.55402374267578
v 13.612011909484863 3.419983148574829 47.711978912353516
v 13.558012962341309 2.8559887409210205 48.004947662353516
v 13.392009735107422 1.8699886798858643 48.15700149536133
v 13.369004249572754 1.530991792678833 47.9959602355957
v 13.467997550964355 1.8119887113571167 47.441951751708984
v 13.422014236450195 1.5629827976226807 47.40702819824219
v 13.529023170471191 1.7699942588806152 47.27098083496094
v 13.576022148132324 0.8819879293441772 47.20197677612305
v 13.439007759094238 1.2309882640838623 48.030975341796875
v 13.442000389099121 1.3819804191589355 48.23003387451172
v 13.445019721984863 1.6119797229766846 48.3499755859375
v 13.610008239746094 2.3299872875213623 48.39398193359375
v 13.731017112731934 1.6949883699417114 48.69696807861328
v 13.638009071350098 1.273983120918274 48.55998611450195
v 13.68901538848877 2.7159805297851562 47.29897689819336
v 13.686022758483887 2.7199819087982178 47.30300521850586
v 13.851011276245117 2.0599942207336426 47.26395797729492
v 13.990002632141113 2.6419949531555176 48.64397048950195
v 14.287009239196777 1.7699942588806152 48.962032318115234
v 14.247011184692383 1.4829952716827393 48.934974670410156
v 13.673999786376953 2.6749863624572754 48.36298751831055
v 13.837011337280273 3.3299922943115234 48.455963134765625
v 13.62302017211914 3.3239901065826416 48.060001373291016
v 13.665021896362305 3.5679943561553955 48.077980041503906
v 13.586014747619629 3.4579763412475586 47.55795669555664
v 13.65700626373291 3.0569779872894287 47.55402374267578
v 13.65700626373291 3.0539770126342773 47.551963806152344
v 13.645998001098633 2.989995002746582 47.50299835205078
v 13.64100170135498 2.817995548248291 47.42696762084961
v 13.642017364501953 2.772980213165283 47.41301727294922
v 13.678007125854492 2.728984832763672 47.319950103759766
v 13.686022758483887 2.7199819087982178 47.30300521850586
v 13.68901538848877 2.7159805297851562 47.29897689819336
v 13.692008018493652 2.712979316711426 47.294952392578125
v 13.869020462036133 2.5039873123168945 47.134002685546875
v 13.946023941040039 2.4129960536956787 47.075950622558594
v 13.980998992919922 2.3719818592071533 47.086997985839844
v 14.371012687683105 2.015979051589966 45.38499450683594
v 14.593019485473633 1.8599852323532104 44.88603973388672
v 14.414003372192383 1.9889897108078003 45.30699920654297
v 14.497018814086914 1.9509966373443604 45.2390251159668
v 14.601008415222168 1.9079817533493042 45.180973052978516
v 14.607020378112793 1.9069814682006836 45.177978515625
v 14.670022964477539 1.9069814682006836 45.2270393371582
v 14.745022773742676 1.8969980478286743 45.22198486328125
v 14.848023414611816 1.882993221282959 45.20896911621094
v 15.011008262634277 1.7809979915618896 44.708984375
v 15.110001564025879 1.8279942274093628 45.18902587890625
v 15.142998695373535 1.8279942274093628 45.182003021240234
v 15.627010345458984 1.7859797477722168 44.58698272705078
v 15.412004470825195 1.8459804058074951 45.298946380615234
v 15.474018096923828 1.833996295928955 45.34098815917969
v 15.524009704589844 1.8239928483963013 45.38003158569336
v 15.566999435424805 1.814989686012268 45.373008728027344
v 15.632006645202637 1.8009848594665527 45.36598587036133
v 15.797021865844727 1.7649924755096436 45.29595184326172
v 15.703024864196777 1.7879804372787476 45.471038818359375
v 15.70401382446289 1.7889807224273682 45.52197265625
v 15.741019248962402 1.7819983959197998 45.573001861572266
v 15.789006233215332 1.7729952335357666 45.62599563598633
v 15.709010124206543 1.7939825057983398 45.80595397949219
v 15.854013442993164 1.7629917860031128 45.793033599853516
v 15.669012069702148 1.7429848909378052 45.94199752807617
v 15.834000587463379 1.656995177268982 46.038997650146484
v 15.66500473022461 1.7249987125396729 45.9849739074707
v 15.662012100219727 1.7009904384613037 46.056976318359375
v 15.835016250610352 1.6549944877624512 46.0460205078125
v 15.844019889831543 1.6459914445877075 46.06296920776367
v 15.848001480102539 1.6399893760681152 46.08000946044922
v 15.546025276184082 1.6439907550811768 46.32597351074219
v 16.1350154876709 1.504982829093933 46.23196792602539
v 16.17402458190918 1.439980387687683 46.390018463134766
v 16.223026275634766 1.45798659324646 46.29601287841797
v 16.403003692626953 1.4309972524642944 46.22298049926758
v 16.663005828857422 1.3269814252853394 46.306968688964844
v 16.486019134521484 1.426995873451233 46.18403244018555
v 16.52401351928711 1.4229944944381714 46.1669921875
v 16.61600685119629 1.4599872827529907 46.009971618652344
v 16.70701026916504 1.4379796981811523 45.93301010131836
v 16.88201904296875 1.3289821147918701 45.97298812866211
v 16.851024627685547 1.3799797296524048 45.87898635864258
v 16.857009887695312 1.426995873451233 45.73900604248047
v 16.789011001586914 1.4709911346435547 45.720001220703125
v 16.864009857177734 1.4339983463287354 45.709983825683594
v 16.88602638244629 1.4329979419708252 45.514949798583984
v 16.92500877380371 1.4229944944381714 45.324039459228516
v 16.837024688720703 1.4649890661239624 45.373008728027344
v 16.76202392578125 1.5169869661331177 45.11000061035156
v 16.928001403808594 1.4219942092895508 45.317955017089844
v 16.931020736694336 1.4209938049316406 45.31598663330078
v 16.979007720947266 1.3989862203598022 45.27095031738281
v 16.796010971069336 1.5349931716918945 44.44597625732422
v 16.7240047454834 1.5369938611984253 45.08603286743164
v 16.69100570678711 1.5549800395965576 45.064029693603516
v 16.59102439880371 1.6089986562728882 44.99895477294922
v 16.44901466369629 1.6829842329025269 44.94895935058594
v 16.426010131835938 1.6949883699417114 44.93903350830078
v 16.296022415161133 1.783979058265686 44.49101257324219
v 16.397018432617188 1.7089931964874268 44.946990966796875
v 16.34601402282715 1.721997618675232 44.95401382446289
v 16.132022857666016 1.768993854522705 45.04801940917969
v 16.07802391052246 1.7699942588806152 45.03996658325195
v 16.001020431518555 1.7709945440292358 45.02695083618164
v 15.42400074005127 1.4229944944381714 43.19695281982422
v 15.489007949829102 1.6269848346710205 46.42503356933594
v 15.400007247924805 1.4609876871109009 43.022987365722656
v 15.90301513671875 1.4329979419708252 42.93095016479492
v 16.395015716552734 1.3939845561981201 42.93301010131836
v 15.42400074005127 1.4229944944381714 43.19695281982422
v 15.021000862121582 1.18699312210083 42.13996505737305
v 15.228018760681152 1.3819804191589355 41.68398666381836
v 15.721007347106934 1.3879824876785278 41.49195098876953
v 16.187009811401367 1.2629992961883545 41.46901321411133
v 15.156011581420898 1.2719824314117432 43.54497528076172
v 14.750019073486328 0.9389876127243042 42.66803741455078
v 14.539020538330078 1.3979859352111816 41.52696990966797
v 15.5570068359375 1.5109848976135254 40.69600296020508
v 16.049007415771484 1.3369848728179932 40.64600372314453
v 16.86200714111328 0.8829882740974426 40.74000930786133
v 16.929018020629883 0.7699893116950989 41.644004821777344
v 17.099029541015625 0.8849889636039734 42.9680290222168
v 17.4480037689209 1.0229965448379517 44.34401321411133
v 17.05400848388672 1.3399858474731445 45.205970764160156
v 17.10902214050293 1.2969911098480225 45.24501419067383
v 17.059003829956055 1.335984468460083 45.2270393371582
v 17.144023895263672 1.2689814567565918 45.2330322265625
v 17.20002555847168 1.2259865999221802 45.226009368896484
v 17.41802406311035 1.0589890480041504 45.19501876831055
v 17.449018478393555 1.0349806547164917 45.19398880004883
v 17.46601104736328 1.021996259689331 45.19398880004883
v 17.49201011657715 1.0019893646240234 45.195953369140625
v 18.25902557373047 0.4029827415943146 44.31096267700195
v 17.497005462646484 0.9979879856109619 45.196983337402344
v 17.803016662597656 0.7529834508895874 45.205970764160156
v 17.786022186279297 0.7659879326820374 45.22198486328125
v 17.874008178710938 0.6949834823608398 45.255035400390625
v 17.899017333984375 0.674996554851532 45.255035400390625
v 17.911012649536133 0.6649931073188782 45.254005432128906
v 17.93701171875 0.6439858675003052 45.270015716552734
v 18.06400489807129 0.5389896631240845 45.43798828125
v 18.156024932861328 0.46398377418518066 45.484989166259766
v 18.09502601623535 0.5130006670951843 45.496036529541016
v 18.09601402282715 0.512000322341919 45.4990348815918
v 18.098018646240234 0.5019968748092651 45.53901290893555
v 18.157012939453125 0.4419962167739868 45.60502243041992
v 18.11501121520996 0.46498411893844604 45.6650390625
v 18.153005599975586 0.41898825764656067 45.74396896362305
v 18.141008377075195 0.42599067091941833 45.76597213745117
v 18.132003784179688 0.4309924244880676 45.77599334716797
v 18.134008407592773 0.4309924244880676 45.7800178527832
v 18.166017532348633 0.43499380350112915 45.597999572753906
v 18.339021682739258 0.3129917085170746 45.47600173950195
v 18.39002799987793 0.2779996395111084 45.442012786865234
v 18.416025161743164 0.2569923996925354 45.42403793334961
v 18.443012237548828 0.24798929691314697 45.40699768066406
v 19.256011962890625 0.016989627853035927 44.46002197265625
v 18.46101951599121 0.24298757314682007 45.396976470947266
v 18.611019134521484 0.20799550414085388 45.3439826965332
v 18.72000503540039 0.18298687040805817 45.32197952270508
v 18.77301597595215 0.17198307812213898 45.32703399658203
v 18.923015594482422 0.13899169862270355 45.3170166015625
v 19.0980224609375 0.1019989475607872 45.33003234863281
v 19.139009475708008 0.09399618953466415 45.3559684753418
v 19.204015731811523 0.08599342405796051 45.459991455078125
v 19.316020965576172 0.06998790800571442 45.59696960449219
v 19.28101921081543 0.07699032127857208 45.590980529785156
v 19.2860164642334 0.07799066603183746 45.597999572753906
v 19.291011810302734 0.07999135553836823 45.61298370361328
v 19.303009033203125 0.08699376881122589 45.65399169921875
v 19.89402961730957 0.38999825716018677 46.10697555541992
v 19.359012603759766 0.14999550580978394 45.79602813720703
v 19.347015380859375 0.23298412561416626 46.0460205078125
v 19.33702278137207 0.24998998641967773 46.100982666015625
v 16.129003524780273 1.4619879722595215 40.134037017822266
v 20.321022033691406 0.9750000238418579 46.39198303222656
v 20.092016220092773 1.4629883766174316 45.80099105834961
v 20.21200942993164 0.9879844784736633 45.965030670166016
v 20.019020080566406 1.56098210811615 45.26701736450195
v 20.08202362060547 1.0119928121566772 45.38995361328125
v 19.951021194458008 0.38099515438079834 45.57899475097656
v 19.822021484375 0.4659844636917114 44.44597625732422
v 19.256011962890625 0.016989627853035927 44.46002197265625
v 19.099010467529297 0.054982732981443405 43.6970329284668
v 19.582006454467773 0.431992769241333 43.64300537109375
v 19.98602294921875 1.0739941596984863 44.49101257324219
v 19.963016510009766 1.7749959230422974 44.13203430175781
v 19.952009201049805 1.9429938793182373 42.50100326538086
v 19.875032424926758 1.078995943069458 43.61201477050781
v 19.398021697998047 0.9119982719421387 41.7190055847168
v 19.171018600463867 0.35898756980895996 42.29595184326172
v 19.11800765991211 1.3529903888702393 40.380001068115234
v 19.684019088745117 2.0509910583496094 40.962005615234375
v 19.519031524658203 2.34999418258667 40.17803955078125
v 19.013031005859375 1.5429959297180176 39.73095703125
v 18.05502700805664 1.1009835004806519 39.80501937866211
v 17.915021896362305 0.6189972758293152 40.659019470214844
v 16.952022552490234 1.0379817485809326 40.202945709228516
v 17.839006423950195 0.35898756980895996 41.32997131347656
v 17.139026641845703 1.219984531402588 39.49800491333008
v 16.491016387939453 1.491998314857483 39.008975982666016
v 17.263029098510742 1.232988953590393 38.985008239746094
v 18.165029525756836 1.2699817419052124 39.246986389160156
v 15.691001892089844 1.8929966688156128 39.558021545410156
v 14.924012184143066 1.8399983644485474 40.38402557373047
v 15.156011581420898 2.311981201171875 39.72599411010742
v 13.938008308410645 2.0659964084625244 40.89496612548828
v 13.207008361816406 1.7579901218414307 41.964969635009766
v 14.133001327514648 1.204999327659607 42.165992736816406
v 12.781003952026367 1.5629827976226807 42.867000579833984
v 13.548020362854004 1.028998613357544 42.95295333862305
v 12.718000411987305 1.284986972808838 43.60002899169922
v 14.208001136779785 0.7459810376167297 43.32803726196289
v 13.91601848602295 0.4879920780658722 43.89299774169922
v 14.442005157470703 0.7159907221794128 44.353004455566406
v 14.03101634979248 0.23298412561416626 44.63398742675781
v 14.469017028808594 0.8469958901405334 45.033973693847656
v 14.477005958557129 1.2939900159835815 44.82695770263672
v 14.582011222839355 1.58799147605896 44.676963806152344
v 14.357011795043945 2.056993246078491 45.27900314331055
v 14.351000785827637 2.0609946250915527 45.29098892211914
v 15.156011581420898 1.2719824314117432 43.54497528076172
v 14.401018142700195 1.4729918241500854 45.29201889038086
v 14.458009719848633 0.5369889736175537 45.386959075927734
v 14.414003372192383 1.2419921159744263 45.546974182128906
v 14.411999702453613 1.2469937801361084 45.545005798339844
v 14.368020057678223 1.4019873142242432 45.48695755004883
v 14.351000785827637 1.4809945821762085 45.442012786865234
v 14.329010963439941 1.5339927673339844 45.445011138916016
v 14.301998138427734 1.603996992111206 45.44697570800781
v 14.269000053405762 1.6689794063568115 45.470008850097656
v 14.156006813049316 1.9709835052490234 45.46195602416992
v 14.2260103225708 1.7389835119247437 45.52300262451172
v 14.195015907287598 1.7699942588806152 45.58198928833008
v 14.186012268066406 1.7709945440292358 45.60895538330078
v 14.00301456451416 2.2399961948394775 45.60895538330078
v 14.160014152526855 1.7739956378936768 45.68498229980469
v 14.07900333404541 1.6829842329025269 45.80099105834961
v 13.869020462036133 1.7569897174835205 45.95697784423828
v 13.927000045776367 1.5569807291030884 46.07401657104492
v 13.877009391784668 1.527990698814392 46.152008056640625
v 13.841018676757812 1.4779934883117676 46.23496627807617
v 13.694011688232422 1.3239803314208984 46.52699661254883
v 13.828006744384766 1.4129910469055176 46.3060302734375
v 13.830999374389648 1.4079893827438354 46.306968688964844
v 13.711005210876465 1.3179982900619507 46.5169792175293
v 13.708012580871582 1.3179982900619507 46.5210075378418
v 13.684019088745117 1.3109959363937378 46.547035217285156
v 14.018004417419434 2.304978609085083 45.47703170776367
v 13.980010032653809 2.3639791011810303 45.52403259277344
v 13.775023460388184 1.3139969110488892 46.463985443115234
v 13.853015899658203 1.3789793252944946 46.31998062133789
v 13.8720121383667 1.3499892950057983 46.3349609375
v 13.879013061523438 1.3189986944198608 46.36295700073242
v 13.864023208618164 1.2989917993545532 46.39900588989258
v 13.879013061523438 1.2969911098480225 46.387020111083984
v 15.548002243041992 2.714980125427246 47.95597839355469
v 15.483022689819336 2.6779873371124268 48.07695007324219
v 15.552010536193848 2.7269842624664307 47.957008361816406
v 15.508005142211914 3.0609793663024902 48.30203628540039
v 15.57301139831543 2.728984832763672 47.91000747680664
v 13.589007377624512 0.27099722623825073 44.335025787353516
v 15.260001182556152 2.623988628387451 48.47197341918945
v 15.43602466583252 2.548982858657837 48.148948669433594
v 15.124002456665039 2.197981834411621 48.55998611450195
v 14.84901237487793 2.2099859714508057 48.72898864746094
v 15.564006805419922 3.46097731590271 48.49800491333008
v 15.875014305114746 3.335994243621826 48.39594650268555
v 15.687020301818848 2.9119880199432373 48.17601013183594
v 15.57301139831543 2.728984832763672 47.91000747680664
v 15.548002243041992 2.714980125427246 47.95597839355469
v 15.483022689819336 2.6779873371124268 48.07695007324219
v 15.54100227355957 2.7119791507720947 47.93996810913086
v 15.393007278442383 2.6519784927368164 47.73894500732422
v 15.57301139831543 2.728984832763672 47.91000747680664
v 15.49501895904541 2.6619818210601807 47.68997573852539
v 15.253000259399414 2.68599009513855 47.5059928894043
v 15.357016563415527 2.1839969158172607 47.826019287109375
v 15.319022178649902 2.548982858657837 47.57396697998047
v 15.291021347045898 2.508989095687866 47.5100212097168
v 15.271008491516113 2.4959845542907715 47.48895263671875
v 15.258023262023926 2.477978467941284 47.482025146484375
v 15.20902156829834 2.3719818592071533 47.47996520996094
v 15.19502067565918 2.3389904499053955 47.482025146484375
v 15.106019973754883 2.1919796466827393 47.44700622558594
v 15.040024757385254 2.098987579345703 47.42902755737305
v 15.03000545501709 2.080981492996216 47.42902755737305
v 14.988003730773926 1.9759852886199951 47.45796203613281
v 14.969006538391113 2.0349855422973633 47.379032135009766
v 15.253000259399414 2.68599009513855 47.5059928894043
v 15.325007438659668 2.6039817333221436 47.569007873535156
v 15.319022178649902 2.5609869956970215 47.570037841796875
v 15.318007469177246 2.5549850463867188 47.569007873535156
v 15.00200366973877 1.9319900274276733 47.51694869995117
v 15.137014389038086 1.9579790830612183 47.696998596191406
v 15.104016304016113 1.8649870157241821 47.688011169433594
v 15.245011329650879 1.6669987440109253 47.82695770263672
v 14.857001304626465 2.017979621887207 47.5389518737793
v 15.318007469177246 1.7539887428283691 48.3189811706543
v 15.246000289916992 1.6629972457885742 47.840999603271484
v 15.250007629394531 1.672980785369873 47.858978271484375
v 15.245011329650879 1.6669987440109253 47.82695770263672
v 15.301013946533203 1.8469808101654053 47.980979919433594
v 15.245011329650879 1.6619969606399536 47.832950592041016
v 15.240015029907227 1.6519935131072998 47.79399871826172
v 15.240790367126465 1.6547144651412964 47.79549789428711
v 15.142998695373535 1.974984884262085 47.48398971557617
v 15.240602493286133 1.654274344444275 47.794185638427734
v 15.240575790405273 1.6540741920471191 47.793907165527344
v 15.234003067016602 1.6349875926971436 47.74502944946289
v 15.240015029907227 1.6519935131072998 47.79399871826172
v 15.236007690429688 1.622983455657959 47.7660026550293
v 15.235018730163574 1.5989952087402344 47.71797180175781
v 15.248003959655762 1.0739941596984863 47.2459831237793
v 15.242018699645996 1.3889827728271484 47.566009521484375
v 15.247014999389648 1.2869876623153687 47.53398895263672
v 15.249019622802734 1.0739941596984863 47.27294921875
v 15.251023292541504 1.2379907369613647 47.54194641113281
v 15.264008522033691 1.0379817485809326 47.52397155761719
v 15.265024185180664 1.0839976072311401 47.60599136352539
v 15.21102523803711 0.981982409954071 47.60702133178711
v 15.212014198303223 1.043983817100525 47.72003173828125
v 15.17901611328125 0.9329855442047119 47.627994537353516
v 15.15101432800293 1.020995855331421 47.8869743347168
v 15.153018951416016 0.8929917216300964 47.64896774291992
v 15.11502456665039 0.8339914083480835 47.683982849121094
v 15.135009765625 1.0129930973052979 47.932945251464844
v 15.110001564025879 1.0159941911697388 48.02695083618164
v 15.039010047912598 0.9759803414344788 48.03696823120117
v 15.097016334533691 1.033980369567871 48.076011657714844
v 15.106019973754883 1.163985252380371 48.30699920654297
v 15.109012603759766 1.0499858856201172 48.09099197387695
v 15.12902545928955 1.0919803380966187 48.093990325927734
v 15.145003318786621 1.124991774559021 48.09895324707031
v 15.183023452758789 1.2729828357696533 48.23902130126953
v 15.087023735046387 1.3039934635162354 48.48695373535156
v 15.185001373291016 1.281985878944397 48.24295425415039
v 15.22502613067627 1.3669952154159546 48.23799133300781
v 15.228018760681152 1.3759983777999878 48.23799133300781
v 15.279024124145508 1.4879969358444214 48.24398422241211
v 15.28201675415039 1.5299913883209229 48.28199768066406
v 15.276005744934082 1.537994146347046 48.207000732421875
v 15.274001121520996 1.5599818229675293 48.18396759033203
v 15.280013084411621 1.7079927921295166 48.06196975708008
v 15.293025016784668 1.8009848594665527 48.00298309326172
v 15.295001983642578 1.8089876174926758 47.99998474121094
v 15.238011360168457 1.5349931716918945 47.685951232910156
v 15.053998947143555 0.7549841403961182 47.60795593261719
v 15.060998916625977 1.4669897556304932 48.597999572753906
v 14.729018211364746 1.450984239578247 48.833946228027344
v 14.80300235748291 1.173988699913025 48.73694610595703
v 14.797017097473145 0.9659969210624695 48.514949798583984
v 14.780024528503418 0.2459886074066162 46.987003326416016
v 15.049002647399902 0.6449862122535706 47.408992767333984
v 15.021000862121582 0.5369889736175537 47.242984771728516
v 15.029016494750977 0.44499725103378296 47.06303024291992
v 15.0180082321167 0.3779941201210022 46.95198440551758
v 15.006011962890625 0.3229951560497284 46.83494567871094
v 14.98402214050293 0.2409868836402893 46.62699508666992
v 14.839019775390625 0.13398997485637665 46.551998138427734
v 14.981002807617188 0.24498826265335083 46.60096740722656
v 14.949020385742188 0.24998998641967773 46.462955474853516
v 14.93801212310791 0.2459886074066162 46.41698455810547
v 14.946001052856445 0.2509903311729431 46.41398620605469
v 15.065007209777832 0.3779941201210022 46.400970458984375
v 15.1170015335083 0.4879920780658722 46.32503890991211
v 15.087023735046387 0.4059837758541107 46.39301300048828
v 15.097016334533691 0.4159872233867645 46.39301300048828
v 15.121009826660156 0.48399069905281067 46.33599090576172
v 15.111016273498535 0.42599067091941833 46.39694595336914
v 15.145003318786621 0.4879920780658722 46.359962463378906
v 15.17901611328125 0.497995525598526 46.390953063964844
v 15.18101978302002 0.4939941465854645 46.39797592163086
v 15.187005043029785 0.49999621510505676 46.4000358581543
v 15.050017356872559 0.3509848117828369 46.41698455810547
v 14.645013809204102 0.15499722957611084 46.46800994873047
v 14.694016456604004 0.14399342238903046 46.50199890136719
v 14.72500991821289 0.12398652732372284 46.55302810668945
v 14.765007972717285 0.17798514664173126 46.74000549316406
v 14.729018211364746 0.22600170969963074 46.92998123168945
v 14.721002578735352 0.2359851598739624 46.97895050048828
v 14.680015563964844 0.28798308968544006 47.11003112792969
v 14.667003631591797 0.29798653721809387 47.13699722290039
v 14.23001766204834 0.6939831376075745 48.17601013183594
v 14.627005577087402 0.29798653721809387 47.14701461791992
v 14.556014060974121 0.3119913637638092 47.19701385498047
v 14.293020248413086 0.34598308801651 47.34101867675781
v 14.210005760192871 0.39099863171577454 47.34101867675781
v 14.029012680053711 0.4629834294319153 47.26901626586914
v 14.008010864257812 0.46998587250709534 47.261993408203125
v 13.957005500793457 0.4929938018321991 47.25899887084961
v 13.76000690460205 0.8389931321144104 47.976951599121094
v 13.931007385253906 0.5009965300559998 47.247947692871094
v 13.857023239135742 0.5249848365783691 47.22201156616211
v 13.766018867492676 0.615996241569519 47.16096496582031
v 13.666998863220215 0.7359976172447205 47.08400344848633
v 13.645009994506836 0.7579851746559143 47.0699577331543
v 13.617008209228516 0.7879955172538757 47.05095291137695
v 13.597023010253906 0.8119838237762451 47.04795455932617
v 13.58401107788086 0.8719844818115234 47.03896713256836
v 13.581018447875977 0.9419886469841003 47.028011322021484
v 13.581018447875977 0.9519920945167542 47.02201843261719
v 13.580002784729004 1.0249972343444824 46.95198440551758
v 13.582006454467773 1.0910000801086426 46.83101272583008
v 13.582006454467773 1.105985164642334 46.82296371459961
v 13.582006454467773 1.12199068069458 46.810977935791016
v 13.581018447875977 1.1619845628738403 46.77296447753906
v 13.590022087097168 1.181991457939148 46.747962951660156
v 13.618023872375488 1.232988953590393 46.654991149902344
v 13.673999786376953 1.6329869031906128 46.76097869873047
v 13.664006233215332 1.2939900159835815 46.562950134277344
v 13.684019088745117 1.3109959363937378 46.547035217285156
v 13.708012580871582 1.3179982900619507 46.5210075378418
v 13.711005210876465 1.3179982900619507 46.5169792175293
v 14.057013511657715 1.9419934749603271 46.666038513183594
v 13.775023460388184 1.3139969110488892 46.463985443115234
v 14.171022415161133 2.212986946105957 47.12594985961914
v 14.183019638061523 2.2029836177825928 47.135032653808594
v 13.923018455505371 2.1759941577911377 47.10197830200195
v 14.27800464630127 2.146984338760376 47.192989349365234
v 14.284016609191895 2.132979393005371 47.20497131347656
v 14.256014823913574 2.1009883880615234 47.247947692871094
v 14.175004005432129 2.2069849967956543 47.114994049072266
v 14.29000186920166 2.1169939041137695 46.93700408935547
v 14.343011856079102 2.068997383117676 46.78794479370117
v 14.382020950317383 2.0369863510131836 46.68495178222656
v 14.358000755310059 1.856984257698059 46.57503128051758
v 14.448016166687012 1.9919908046722412 46.64796829223633
v 14.497018814086914 1.9279886484146118 46.594974517822266
v 14.502015113830566 1.9539976119995117 46.61201477050781
v 14.502015113830566 1.9309897422790527 46.596004486083984
v 14.5280122756958 1.936991810798645 46.60901641845703
v 14.171022415161133 2.212986946105957 47.12594985961914
v 14.185023307800293 1.7779970169067383 46.54600524902344
v 14.075021743774414 1.6329869031906128 46.46903991699219
v 13.91601848602295 1.3509896993637085 46.39797592163086
v 13.895017623901367 1.3199989795684814 46.39198303222656
v 13.864023208618164 1.2989917993545532 46.39900588989258
v 13.879013061523438 1.2969911098480225 46.387020111083984
v 15.444013595581055 1.657995581626892 48.39295196533203
v 15.279024124145508 1.4879969358444214 48.24398422241211
v 15.228018760681152 1.3759983777999878 48.23799133300781
v 15.22502613067627 1.3669952154159546 48.23799133300781
v 15.185001373291016 1.281985878944397 48.24295425415039
v 15.183023452758789 1.2729828357696533 48.23902130126953
v 15.145003318786621 1.124991774559021 48.09895324707031
v 15.12902545928955 1.0919803380966187 48.093990325927734
v 15.109012603759766 1.0499858856201172 48.09099197387695
v 15.097016334533691 1.033980369567871 48.076011657714844
v 15.110001564025879 1.0159941911697388 48.02695083618164
v 15.276005744934082 1.537994146347046 48.207000732421875
v 15.274001121520996 1.5599818229675293 48.18396759033203
v 15.280013084411621 1.7079927921295166 48.06196975708008
v 15.293025016784668 1.8009848594665527 48.00298309326172
v 15.295001983642578 1.8089876174926758 47.99998474121094
v 15.301013946533203 1.8469808101654053 47.980979919433594
v 15.250007629394531 1.672980785369873 47.858978271484375
v 15.246000289916992 1.6629972457885742 47.840999603271484
v 15.245011329650879 1.6619969606399536 47.832950592041016
v 15.240015029907227 1.6519935131072998 47.79399871826172
v 17.238019943237305 2.0349855422973633 47.62602615356445
v 17.442018508911133 2.196981430053711 47.88603591918945
v 17.74602508544922 2.7699790000915527 48.15503692626953
v 17.63001251220703 2.973989486694336 48.373008728027344
v 17.425025939941406 2.980991840362549 48.674964904785156
v 17.25602912902832 2.41499662399292 48.6939697265625
v 15.687020301818848 2.9119880199432373 48.17601013183594
v 15.552010536193848 2.7269842624664307 47.957008361816406
v 15.57301139831543 2.728984832763672 47.91000747680664
v 17.235027313232422 1.9469952583312988 47.64203643798828
v 17.23700523376465 1.9409931898117065 47.65495681762695
v 17.24002456665039 1.9499962329864502 47.65196228027344
v 17.238019943237305 2.0349855422973633 47.62602615356445
v 17.163021087646484 1.8709890842437744 47.21096420288086
v 17.23700523376465 1.9379920959472656 47.66197967529297
v 15.54100227355957 2.7119791507720947 47.93996810913086
v 15.505012512207031 2.662982225418091 47.88201141357422
v 15.57301139831543 2.728984832763672 47.91000747680664
v 15.49501895904541 2.6619818210601807 47.68997573852539
v 15.00200366973877 1.9319900274276733 47.51694869995117
v 14.857001304626465 1.9649814367294312 47.511985778808594
v 14.870013236999512 1.9819873571395874 47.48398971557617
v 14.859004974365234 1.985988736152649 47.47996520996094
v 14.818017959594727 1.9949917793273926 47.47603225708008
v 14.759023666381836 1.998993158340454 47.451969146728516
v 14.513023376464844 2.012998104095459 47.351036071777344
v 14.362009048461914 2.0209808349609375 47.28998947143555
v 14.392013549804688 2.032984972000122 47.29298400878906
v 14.367005348205566 2.0289835929870605 47.28596115112305
v 14.303013801574707 2.02598237991333 47.286991119384766
v 14.296012878417969 2.024982213973999 47.286991119384766
v 13.800004959106445 1.9379920959472656 47.33296585083008
v 13.467997550964355 1.8119887113571167 47.441951751708984
v 14.298017501831055 2.02598237991333 47.286991119384766
v 14.320006370544434 2.0369863510131836 47.281002044677734
v 15.245011329650879 1.6669987440109253 47.82695770263672
v 14.988003730773926 1.9759852886199951 47.45796203613281
v 14.974002838134766 2.0349855422973633 47.37800216674805
v 14.969006538391113 2.0349855422973633 47.379032135009766
v 15.142998695373535 1.974984884262085 47.48398971557617
v 15.01600456237793 2.039987325668335 47.383995056152344
v 15.137014389038086 1.9579790830612183 47.696998596191406
v 15.00200366973877 1.9319900274276733 47.51694869995117
v 14.857001304626465 2.017979621887207 47.5389518737793
v 14.870013236999512 1.9819873571395874 47.48398971557617
v 14.859004974365234 1.985988736152649 47.47996520996094
v 14.818017959594727 1.9949917793273926 47.47603225708008
v 14.759023666381836 1.998993158340454 47.451969146728516
v 14.376997947692871 2.054992437362671 47.35796356201172
v 14.513023376464844 2.012998104095459 47.351036071777344
v 14.392013549804688 2.032984972000122 47.29298400878906
v 14.367005348205566 2.0289835929870605 47.28596115112305
v 14.303013801574707 2.02598237991333 47.286991119384766
v 14.296012878417969 2.024982213973999 47.286991119384766
v 13.807005882263184 2.039987325668335 47.416015625
v 18.296005249023438 0.21499791741371155 46.803955078125
v 18.302017211914062 0.20099309086799622 46.835975646972656
v 18.49302864074707 0.3239955008029938 46.76996612548828
v 18.522018432617188 0.2739982604980469 46.89402770996094
v 18.305007934570312 0.18498757481575012 46.91996383666992
v 18.359006881713867 0.1619996428489685 47.13802719116211
v 18.371004104614258 0.1569979190826416 47.18999099731445
v 18.53700828552246 0.2459886074066162 46.96397018432617
v 18.373008728027344 0.15499722957611084 47.19495391845703
v 18.603031158447266 0.24898964166641235 46.835975646972656
v 18.582029342651367 0.2359851598739624 46.91603088378906
v 18.602014541625977 0.2629944682121277 46.83195114135742
v 18.627023696899414 0.2849820554256439 46.73298263549805
v 18.290019989013672 0.2359851598739624 46.719032287597656
v 18.403013229370117 0.34398239850997925 46.547969818115234
v 18.285022735595703 0.25999343395233154 46.562950134277344
v 18.27102279663086 0.2579927444458008 46.51201629638672
v 18.6290283203125 0.37499308586120605 46.694969177246094
v 18.663013458251953 0.4109854996204376 46.55302810668945
v 18.523008346557617 0.3939996659755707 46.47297286987305
v 18.686017990112305 0.4419962167739868 46.45096969604492
v 18.373008728027344 0.2820010185241699 46.46501541137695
v 18.36202621459961 0.2729979157447815 46.46201705932617
v 18.340009689331055 0.25499171018600464 46.45799255371094
v 18.3060245513916 0.23998653888702393 46.459022521972656
v 18.256006240844727 0.2220003306865692 46.46903991699219
v 18.230009078979492 0.17998583614826202 46.42400360107422
v 19.577011108398438 -0.5080114603042603 46.606021881103516
v 19.578025817871094 -0.5120128393173218 46.60798645019531
v 19.662029266357422 -0.5790159106254578 46.88298034667969
v 19.581018447875977 -0.5239969491958618 46.61397933959961
v 19.577011108398438 -0.5080114603042603 46.606021881103516
v 19.578025817871094 -0.5120128393173218 46.60798645019531
v 19.581018447875977 -0.5239969491958618 46.61397933959961
v 19.467008590698242 -0.2860148847103119 46.45199966430664
v 19.482025146484375 -0.3040010631084442 46.4840202331543
v 19.473020553588867 -0.2989993393421173 46.47297286987305
v 19.576021194458008 -0.5090118050575256 46.606021881103516
v 19.576021194458008 -0.510012149810791 46.60798645019531
v 19.523012161254883 -0.36300143599510193 46.52699661254883
v 19.473020553588867 -0.2989993393421173 46.47297286987305
v 19.565013885498047 -0.49900832772254944 46.56903839111328
v 19.571853637695312 -0.5052304863929749 46.591976165771484
v 19.576021194458008 -0.5090118050575256 46.606021881103516
v 19.573030471801758 -0.5110124945640564 46.6049919128418
v 19.565013885498047 -0.49900832772254944 46.56903839111328
v 19.571853637695312 -0.5052304863929749 46.591976165771484
v 19.576021194458008 -0.5090118050575256 46.606021881103516
v 19.577011108398438 -0.5120128393173218 46.60761260986328
v 19.581018447875977 -0.5239969491958618 46.61397933959961
v 19.576021194458008 -0.5090118050575256 46.606021881103516
v 19.577011108398438 -0.5120128393173218 46.60761260986328
v 19.576021194458008 -0.510012149810791 46.60798645019531
v 19.581018447875977 -0.5239969491958618 46.61397933959961
v 15.01600456237793 2.039987325668335 47.383995056152344
v 15.110001564025879 1.9689828157424927 47.307029724121094
v 15.134021759033203 1.8309952020645142 47.1579704284668
v 15.180005073547363 1.672980785369873 47.07997512817383
v 15.078019142150879 1.840998649597168 46.900020599365234
v 15.065007209777832 1.5819894075393677 46.766971588134766
v 15.064018249511719 1.840998649597168 46.866031646728516
v 15.039010047912598 1.6749814748764038 46.74000549316406
v 15.026023864746094 1.8009848594665527 46.75901412963867
v 15.009004592895508 1.7819983959197998 46.709014892578125
v 15.259012222290039 1.3459879159927368 47.2459831237793
v 15.10102367401123 1.3149973154067993 46.748992919921875
v 15.106019973754883 1.2489944696426392 46.747962951660156
v 15.095011711120605 1.3599928617477417 46.75096130371094
v 15.249019622802734 1.078995943069458 47.22397994995117
v 15.250007629394531 1.0779955387115479 47.21199417114258
v 15.258023262023926 0.9809820652008057 47.05497741699219
v 15.218025207519531 0.9989883303642273 46.79899215698242
v 15.239026069641113 0.8289896845817566 46.85395431518555
v 15.217010498046875 0.969998300075531 46.691036224365234
v 15.240015029907227 0.8030006885528564 46.81303787231445
v 15.265024185180664 0.7499824166297913 46.698997497558594
v 15.274001121520996 0.7499824166297913 46.68598175048828
v 15.305022239685059 0.7479817271232605 46.64197540283203
v 15.306999206542969 0.7489820718765259 46.64094543457031
v 15.264008522033691 1.021996259689331 46.66800308227539
v 15.313011169433594 0.7509827613830566 46.635982513427734
v 15.400007247924805 0.956993818283081 46.55396270751953
v 15.305022239685059 0.6799982786178589 46.54497528076172
v 15.139018058776855 1.1449986696243286 46.734012603759766
v 15.135009765625 1.1429979801177979 46.722965240478516
v 15.056002616882324 1.1749889850616455 46.65901565551758
v 15.36000919342041 1.2549965381622314 46.606956481933594
v 15.139018058776855 1.1449986696243286 46.734012603759766
v 15.106019973754883 1.2489944696426392 46.747962951660156
v 15.10102367401123 1.3149973154067993 46.748992919921875
v 15.095011711120605 1.3599928617477417 46.75096130371094
v 15.190024375915527 1.633987307548523 46.698997497558594
v 15.065007209777832 1.5819894075393677 46.766971588134766
v 15.039010047912598 1.6749814748764038 46.74000549316406
v 15.073022842407227 1.760991096496582 46.6930046081543
v 15.009004592895508 1.7819983959197998 46.709014892578125
v 15.24100399017334 1.7029911279678345 46.64300537109375
v 15.319022178649902 1.656995177268982 46.578025817871094
v 15.347023963928223 1.630986213684082 46.55499267578125
v 15.498011589050293 1.5789883136749268 46.4229736328125
v 15.380022048950195 1.6239838600158691 46.52503204345703
v 15.489007949829102 1.6269848346710205 46.42503356933594
v 15.546025276184082 1.6439907550811768 46.32597351074219
v 15.609002113342285 1.4379796981811523 46.093021392822266
v 15.662012100219727 1.7009904384613037 46.056976318359375
v 15.610016822814941 1.4479831457138062 46.04695510864258
v 15.621025085449219 1.5029821395874023 46.00201416015625
v 15.66500473022461 1.7249987125396729 45.9849739074707
v 15.634010314941406 1.5809890031814575 45.81700134277344
v 15.669012069702148 1.7429848909378052 45.94199752807617
v 15.636013984680176 1.595994234085083 45.7879753112793
v 15.709010124206543 1.7939825057983398 45.80595397949219
v 15.7239990234375 1.744985580444336 45.59294509887695
v 15.741019248962402 1.7819983959197998 45.573001861572266
v 15.55500316619873 1.3059941530227661 46.13496780395508
v 15.512012481689453 1.204999327659607 46.194984436035156
v 15.413019180297852 0.9709986448287964 46.35003662109375
v 15.391002655029297 0.9169999957084656 46.35499954223633
v 15.351004600524902 0.8009999990463257 46.37297821044922
v 15.29601764678955 0.6479872465133667 46.48102569580078
v 15.290005683898926 0.632982075214386 46.48598861694336
v 15.288002014160156 0.6270000338554382 46.491981506347656
v 15.586023330688477 1.4099900722503662 46.06203079223633
v 15.58901596069336 1.3939845561981201 46.08103942871094
v 19.565013885498047 -0.49900832772254944 46.56903839111328
v 19.571853637695312 -0.5052304863929749 46.591976165771484
v 19.577011108398438 -0.5080114603042603 46.606021881103516
v 19.576021194458008 -0.5090118050575256 46.606021881103516
v 19.577011108398438 -0.5120128393173218 46.60761260986328
v 19.578025817871094 -0.5120128393173218 46.60798645019531
v 19.581018447875977 -0.5239969491958618 46.61397933959961
v 18.423025131225586 0.20299378037452698 47.251976013183594
v 18.567012786865234 0.2419872283935547 46.967994689941406
v 18.393020629882812 0.1809861809015274 47.25000762939453
v 18.380008697509766 0.1680017113685608 47.239990234375
v 18.376028060913086 0.16099929809570312 47.21995544433594
v 18.359006881713867 0.1469944715499878 47.21396255493164
v 18.360023498535156 0.14799481630325317 47.21199417114258
v 18.35801887512207 0.1469944715499878 47.21096420288086
v 18.357030868530273 0.14499376714229584 47.21096420288086
v 18.360023498535156 0.1459941267967224 47.219017028808594
v 18.35101890563965 0.1359906643629074 47.20703125
v 18.373008728027344 0.15399688482284546 47.19701385498047
v 18.376028060913086 0.1629999876022339 47.236995697021484
v 18.365018844604492 0.15099585056304932 47.22397994995117
v 18.377016067504883 0.1619996428489685 47.24102020263672
v 18.74402618408203 0.15399688482284546 46.66800308227539
v 18.567012786865234 0.2419872283935547 46.967994689941406
v 18.373008728027344 0.15399688482284546 47.19701385498047
v 19.565013885498047 -0.49900832772254944 46.56903839111328
v 19.571853637695312 -0.5052304863929749 46.591976165771484
v 19.581018447875977 -0.5239969491958618 46.61397933959961
v 19.577011108398438 -0.5120128393173218 46.60761260986328
v 19.576021194458008 -0.5090118050575256 46.606021881103516
v 15.470010757446289 1.8879948854446411 47.219017028808594
v 15.134021759033203 1.8309952020645142 47.1579704284668
v 15.466002464294434 1.9299893379211426 47.26395797729492
v 15.110001564025879 1.9689828157424927 47.307029724121094
v 15.03000545501709 2.080981492996216 47.42902755737305
v 15.01600456237793 2.039987325668335 47.383995056152344
v 14.974002838134766 2.0349855422973633 47.37800216674805
v 14.969006538391113 2.0349855422973633 47.379032135009766
v 15.46800708770752 1.943994164466858 47.26601791381836
v 15.040024757385254 2.098987579345703 47.42902755737305
v 15.48401165008545 2.113992929458618 47.291954040527344
v 15.106019973754883 2.1919796466827393 47.44700622558594
v 15.483022689819336 2.2009828090667725 47.3299674987793
v 15.19502067565918 2.3389904499053955 47.482025146484375
v 15.20902156829834 2.3719818592071533 47.47996520996094
v 15.500016212463379 2.3399908542633057 47.339988708496094
v 15.503007888793945 2.377983808517456 47.34794616699219
v 15.258023262023926 2.477978467941284 47.482025146484375
v 15.49501895904541 2.4449870586395264 47.392982482910156
v 15.271008491516113 2.4959845542907715 47.48895263671875
v 15.291021347045898 2.508989095687866 47.5100212097168
v 15.319022178649902 2.548982858657837 47.57396697998047
v 15.325007438659668 2.549983263015747 47.57499694824219
v 15.502019882202148 2.5849952697753906 47.63295364379883
v 15.49501895904541 2.6619818210601807 47.68997573852539
v 18.582029342651367 0.2359851598739624 46.91603088378906
v 18.586009979248047 0.2309834361076355 46.903953552246094
v 18.53700828552246 0.2459886074066162 46.96397018432617
v 18.74402618408203 0.15399688482284546 46.66800308227539
v 19.581018447875977 -0.5239969491958618 46.61397933959961
v 19.578025817871094 -0.5120128393173218 46.60798645019531
v 19.565013885498047 -0.49900832772254944 46.56903839111328
v 19.577011108398438 -0.5080114603042603 46.606021881103516
v 18.567012786865234 0.2419872283935547 46.967994689941406
v 18.74402618408203 0.15399688482284546 46.66800308227539
v 18.586009979248047 0.2309834361076355 46.903953552246094
v 18.6290283203125 0.37499308586120605 46.694969177246094
v 18.49302864074707 0.3239955008029938 46.76996612548828
v 18.626008987426758 0.33499929308891296 46.71303939819336
v 18.627023696899414 0.2849820554256439 46.73298263549805
v 18.602014541625977 0.2629944682121277 46.83195114135742
v 18.522018432617188 0.2739982604980469 46.89402770996094
v 18.603031158447266 0.24898964166641235 46.835975646972656
v 16.333026885986328 0.7549841403961182 46.61697769165039
v 16.44901466369629 0.808982789516449 46.56997299194336
v 16.470014572143555 0.5489931106567383 46.50602340698242
v 16.631023406982422 0.5140010118484497 46.41801452636719
v 16.51300621032715 0.4809896647930145 46.46595001220703
v 16.535022735595703 0.2779996395111084 46.39797592163086
v 16.529010772705078 0.2729979157447815 46.39900588989258
v 16.471004486083984 0.25599205493927 46.4229736328125
v 16.499004364013672 0.23498481512069702 46.402000427246094
v 16.610021591186523 0.34898412227630615 46.35602951049805
v 16.613014221191406 0.3529855012893677 46.35303497314453
v 16.614002227783203 0.3529855012893677 46.346012115478516
v 16.636018753051758 0.4179879128932953 46.262962341308594
v 16.614002227783203 0.3469834327697754 46.34001922607422
v 16.617021560668945 0.31999412178993225 46.284027099609375
v 16.621002197265625 0.321994811296463 46.257999420166016
v 16.618009567260742 0.30899032950401306 46.25996398925781
v 16.618009567260742 0.3079899847507477 46.26099395751953
v 16.638023376464844 0.4279913604259491 46.25996398925781
v 16.640026092529297 0.4419962167739868 46.26099395751953
v 16.678020477294922 0.5469924211502075 46.28496551513672
v 16.684005737304688 0.6339824199676514 46.28899002075195
v 16.73100471496582 0.829990029335022 46.20303726196289
v 16.769025802612305 1.0309993028640747 46.09901428222656
v 16.77901840209961 1.0889993906021118 46.066993713378906
v 16.77800178527832 1.12199068069458 46.03600311279297
v 16.780006408691406 1.1259920597076416 46.02495574951172
v 16.784013748168945 1.1359955072402954 46.00594711303711
v 16.204002380371094 0.883988618850708 46.62802505493164
v 16.036022186279297 0.9659969210624695 46.65602111816406
v 15.96500301361084 0.9789813756942749 46.638980865478516
v 15.936013221740723 0.9779810309410095 46.635982513427734
v 15.578007698059082 0.9459900259971619 46.56903839111328
v 15.565022468566895 0.9429889917373657 46.56800842285156
v 15.5570068359375 0.9359865784645081 46.57100296020508
v 15.430012702941895 0.7949979305267334 46.52896499633789
v 15.37601375579834 0.7289952039718628 46.51997756958008
v 15.311006546020508 0.6549896597862244 46.50096893310547
v 15.29601764678955 0.6479872465133667 46.48102569580078
v 15.303017616271973 0.6439858675003052 46.49703598022461
v 15.290005683898926 0.632982075214386 46.48598861694336
v 15.288002014160156 0.6270000338554382 46.491981506347656
v 16.322019577026367 0.7759913802146912 46.62699508666992
v 16.332012176513672 0.7549841403961182 46.61697769165039
v 15.570018768310547 0.9539927840232849 46.581024169921875
v 15.5570068359375 0.9359865784645081 46.57100296020508
v 15.565022468566895 0.9429889917373657 46.56800842285156
v 15.578007698059082 0.9459900259971619 46.56903839111328
v 15.936013221740723 0.9779810309410095 46.635982513427734
v 15.964014053344727 1.1919949054718018 46.96200180053711
v 15.96500301361084 0.9789813756942749 46.638980865478516
v 16.012001037597656 1.1919949054718018 46.96397018432617
v 16.030010223388672 1.1939955949783325 46.96696472167969
v 16.036022186279297 0.9659969210624695 46.65602111816406
v 16.111021041870117 1.1829917430877686 46.991966247558594
v 16.474023818969727 1.085998296737671 47.03999710083008
v 16.204002380371094 0.883988618850708 46.62802505493164
v 16.48401641845703 1.085998296737671 47.044960021972656
v 16.493019104003906 1.0829973220825195 47.044960021972656
v 16.493019104003906 1.0819969177246094 47.05095291137695
v 16.501008987426758 1.0719934701919556 47.0579719543457
v 16.825027465820312 0.8109834790229797 47.09299087524414
v 16.544025421142578 1.0229965448379517 47.09701919555664
v 16.567005157470703 0.9719989895820618 47.176979064941406
v 16.80600357055664 0.6109945178031921 47.60402297973633
v 16.56801986694336 0.969998300075531 47.17997360229492
v 16.62800407409668 0.8129841685295105 47.56797790527344
v 16.626026153564453 0.8099831342697144 47.57396697998047
v 16.630006790161133 0.7169910669326782 47.66703796386719
v 16.755023956298828 0.497995525598526 47.77302551269531
v 16.64400863647461 0.6369834542274475 47.74999237060547
v 16.81802749633789 0.38099515438079834 47.857948303222656
v 16.81802749633789 0.38499653339385986 47.8540153503418
v 16.856021881103516 0.41498687863349915 47.78903579711914
v 16.856021881103516 0.41498687863349915 47.78903579711914
v 16.856021881103516 0.41498687863349915 47.78800582885742
v 16.852014541625977 0.4059837758541107 47.7660026550293
v 16.84602928161621 0.40898481011390686 47.73295211791992
v 16.837024688720703 0.40998515486717224 47.688011169433594
v 16.851024627685547 0.453000009059906 47.5
v 16.797025680541992 0.4619830846786499 47.216957092285156
v 16.744016647338867 0.44099587202072144 46.96003723144531
v 16.641016006469727 0.44499725103378296 46.678958892822266
v 16.64400863647461 0.3619886040687561 46.707984924316406
v 16.55602264404297 0.276999294757843 46.55902099609375
v 16.51300621032715 0.4809896647930145 46.46595001220703
v 16.471004486083984 0.25599205493927 46.4229736328125
v 16.470014572143555 0.19399067759513855 46.4289665222168
v 16.463014602661133 0.2509903311729431 46.41099166870117
v 16.452007293701172 0.16400033235549927 46.40303039550781
v 16.471004486083984 0.11198239028453827 46.44095230102539
v 16.451017379760742 0.14799481630325317 46.40303039550781
v 16.470014572143555 0.10900136083364487 46.43898391723633
v 16.47201919555664 0.10800101608037949 46.44198226928711
v 16.471004486083984 0.10800101608037949 46.43898391723633
v 16.452007293701172 0.10499998182058334 46.402000427246094
v 16.462026596069336 0.08999480307102203 46.402000427246094
v 16.46002197265625 0.08899445831775665 46.394981384277344
v 16.470014572143555 0.5489931106567383 46.50602340698242
v 16.333026885986328 0.7549841403961182 46.61697769165039
v 16.333026885986328 0.7549841403961182 46.61800765991211
v 16.322019577026367 0.7759913802146912 46.62699508666992
v 16.422027587890625 0.16099929809570312 46.41398620605469
v 16.332012176513672 0.7549841403961182 46.61697769165039
v 19.576021194458008 -0.510012149810791 46.60798645019531
v 19.581018447875977 -0.5239969491958618 46.61397933959961
v 19.573030471801758 -0.5110124945640564 46.6049919128418
v 14.842011451721191 3.3519797325134277 38.980979919433594
v 14.5780029296875 3.497990131378174 39.724029541015625
v 14.102007865905762 4.359987258911133 40.67802429199219
v 14.04899787902832 3.5809788703918457 40.4310302734375
v 13.345010757446289 3.38499116897583 41.354034423828125
v 13.207008361816406 1.7579901218414307 41.964969635009766
v 12.604018211364746 2.448988437652588 43.25397491455078
v 12.781003952026367 1.5629827976226807 42.867000579833984
v 13.149002075195312 2.592978000640869 44.83098602294922
v 14.239022254943848 2.6669836044311523 45.52403259277344
v 13.164017677307129 2.2329938411712646 45.18602752685547
v 13.961012840270996 2.4539902210235596 45.484989166259766
v 13.825014114379883 2.319983959197998 45.48002624511719
v 13.96200180053711 2.434983491897583 45.49397659301758
v 14.06299877166748 2.4039928913116455 45.56101608276367
v 14.07900333404541 2.377983808517456 45.58198928833008
v 14.00301456451416 2.2399961948394775 45.60895538330078
v 12.618019104003906 1.7179962396621704 44.55402755737305
v 12.747017860412598 0.9419886469841003 44.20001220703125
v 13.134012222290039 0.4869917333126068 44.173980712890625
v 13.351022720336914 -0.04701244458556175 44.85701370239258
v 12.687006950378418 0.4989958703517914 44.98800277709961
v 12.942010879516602 0.0809917002916336 45.04099655151367
v 12.564020156860352 1.0239969491958618 45.48695755004883
v 13.135001182556152 1.890995979309082 45.48695755004883
v 13.097006797790527 1.6199824810028076 45.74696731567383
v 13.869020462036133 1.7569897174835205 45.95697784423828
v 12.870003700256348 1.1229910850524902 46.34395217895508
v 13.694011688232422 1.3239803314208984 46.52699661254883
v 12.877004623413086 0.8259886503219604 46.68794631958008
v 13.684019088745117 1.3109959363937378 46.547035217285156
v 13.664006233215332 1.2939900159835815 46.562950134277344
v 13.618023872375488 1.232988953590393 46.654991149902344
v 13.590022087097168 1.181991457939148 46.747962951660156
v 13.546016693115234 1.12199068069458 46.840003967285156
v 12.92101001739502 0.6029917001724243 46.972023010253906
v 13.580002784729004 1.0249972343444824 46.95198440551758
v 13.581018447875977 0.9519920945167542 47.02201843261719
v 13.581018447875977 0.9419886469841003 47.028011322021484
v 13.077021598815918 0.43499380350112915 47.1250114440918
v 13.58401107788086 0.8719844818115234 47.03896713256836
v 13.597023010253906 0.8119838237762451 47.04795455932617
v 13.617008209228516 0.7879955172538757 47.05095291137695
v 13.645009994506836 0.7579851746559143 47.0699577331543
v 13.364996910095215 0.23698550462722778 47.26395797729492
v 13.666998863220215 0.7359976172447205 47.08400344848633
v 13.766018867492676 0.615996241569519 47.16096496582031
v 13.857023239135742 0.5249848365783691 47.22201156616211
v 13.931007385253906 0.5009965300559998 47.247947692871094
v 13.445019721984863 0.13799135386943817 47.34195327758789
v 13.957005500793457 0.4929938018321991 47.25899887084961
v 13.764015197753906 -0.08600589632987976 47.37200927734375
v 14.008010864257812 0.46998587250709534 47.261993408203125
v 14.029012680053711 0.4629834294319153 47.26901626586914
v 14.210005760192871 0.39099863171577454 47.34101867675781
v 14.352015495300293 0.2509903311729431 47.423038482666016
v 14.499022483825684 -0.14100486040115356 47.62995910644531
v 13.801020622253418 -0.19000175595283508 47.44101333618164
v 13.86600112915039 -0.292997270822525 47.4940071105957
v 13.638998031616211 -0.608005940914154 47.19401931762695
v 13.549997329711914 -0.5450041890144348 47.17201614379883
v 13.200996398925781 -0.33701246976852417 47.144020080566406
v 12.831021308898926 -0.19000175595283508 47.0949592590332
v 12.628011703491211 -0.04501175507903099 46.9739875793457
v 12.46500015258789 0.14099238812923431 46.74702835083008
v 12.443999290466309 0.640984833240509 46.086002349853516
v 12.452014923095703 0.1209854930639267 45.752960205078125
v 12.46999740600586 -0.32700902223587036 46.39198303222656
v 12.617003440856934 -0.510012149810791 46.58195877075195
v 12.806012153625488 -0.6240114569664001 46.68794631958008
v 13.003010749816895 -0.6650055646896362 46.72998809814453
v 13.134012222290039 -0.732008695602417 46.766971588134766
v 13.307016372680664 -0.7970110774040222 46.78401184082031
v 13.683003425598145 -1.2480067014694214 46.551998138427734
v 13.690004348754883 -1.0060031414031982 46.92295837402344
v 13.300016403198242 -1.0100045204162598 46.40902328491211
v 13.221997261047363 -0.9030076861381531 46.30902862548828
v 12.729008674621582 -0.4020148813724518 45.86100769042969
v 12.617003440856934 -0.510012149810791 46.58195877075195
v 13.194023132324219 -0.326008677482605 45.445945739746094
v 13.745018005371094 -0.3690035045146942 45.78095245361328
v 13.14400577545166 -0.629013180732727 45.8969612121582
v 13.261007308959961 -0.7370104193687439 45.969993591308594
v 13.662002563476562 -0.4250028133392334 45.85398483276367
v 13.875004768371582 -0.18800106644630432 45.93095016479492
v 13.91601848602295 -0.150007963180542 45.925987243652344
v 14.024015426635742 -0.023004164919257164 45.98600387573242
v 14.153014183044434 0.1319892853498459 46.06399917602539
v 14.082022666931152 0.05100135877728462 46.03094482421875
v 14.087018966674805 0.05798376724123955 46.03600311279297
v 14.112000465393066 0.11898480355739594 46.07701110839844
v 14.113016128540039 0.1309889405965805 46.08796691894531
v 14.099015235900879 0.19499102234840393 46.143959045410156
v 14.160014152526855 0.34200170636177063 46.21595764160156
v 14.073018074035645 0.2959858477115631 46.23599624633789
v 14.082022666931152 0.3279968798160553 46.253971099853516
v 14.069998741149902 0.321994811296463 46.25996398925781
v 14.069010734558105 0.3239955008029938 46.26202392578125
v 14.164022445678711 0.34598308801651 46.20800018310547
v 14.254011154174805 0.4669848084449768 46.037967681884766
v 14.407003402709961 0.42098894715309143 45.53995132446289
v 14.284016609191895 0.5249848365783691 45.994991302490234
v 14.421003341674805 0.896993100643158 45.72299575805664
v 14.432011604309082 0.9329855442047119 45.69696807861328
v 14.428004264831543 0.9979879856109619 45.65399169921875
v 14.42501163482666 1.0409828424453735 45.63798141479492
v 14.42501163482666 1.051986575126648 45.631988525390625
v 14.42300796508789 1.075994849205017 45.61298370361328
v 15.269004821777344 2.3809850215911865 39.14698791503906
v 14.360004425048828 2.729985237121582 40.0890007019043
v 15.938016891479492 1.833996295928955 38.50702667236328
v 17.00102424621582 1.4099900722503662 37.91500473022461
v 17.609010696411133 1.3229800462722778 38.51301956176758
v 18.39002799987793 1.4759927988052368 38.75701904296875
v 18.923015594482422 2.0289835929870605 39.101951599121094
v 18.53302764892578 1.546997308731079 38.11003494262695
v 17.882022857666016 1.373997688293457 37.20201110839844
v 17.112014770507812 1.3799797296524048 37.159034729003906
v 16.32501220703125 1.6359879970550537 37.193023681640625
v 16.214021682739258 1.7189966440200806 37.972023010253906
v 15.777009963989258 2.004995346069336 37.24395751953125
v 15.54100227355957 2.178995370864868 38.0780143737793
v 15.790021896362305 1.8159900903701782 35.968997955322266
v 16.587017059326172 1.4549856185913086 35.911041259765625
v 17.246009826660156 1.300992488861084 35.90898132324219
v 17.98900604248047 1.3889827728271484 35.95298767089844
v 18.51801109313965 1.6619969606399536 37.340023040771484
v 18.600011825561523 1.783979058265686 36.061973571777344
v 18.97500991821289 2.28499174118042 37.920997619628906
v 16.700010299682617 1.178990364074707 34.0009880065918
v 17.397024154663086 1.2149827480316162 34.018028259277344
v 16.872026443481445 0.9509917497634888 31.358001708984375
v 17.53801918029785 1.116989016532898 31.369985580444336
v 17.047006607055664 0.674996554851532 28.141998291015625
v 18.09200668334961 1.4339983463287354 34.0890007019043
v 18.625019073486328 1.8659873008728027 34.212032318115234
v 18.992029190063477 2.4939839839935303 35.27997589111328
v 18.662025451660156 1.9269883632659912 31.64198112487793
v 19.01500701904297 2.644995927810669 31.78598403930664
v 18.18301010131836 1.439980387687683 31.47101402282715
v 17.71000862121582 1.0119928121566772 28.07701873779297
v 18.33501434326172 1.416992425918579 28.127954483032227
v 17.42702865600586 0.575982391834259 24.464962005615234
v 18.09502601623535 1.0479851961135864 24.311969757080078
v 17.079015731811523 -0.036008648574352264 18.367961883544922
v 18.24302101135254 1.1239913702011108 20.910953521728516
v 18.58002471923828 1.6129800081253052 24.311033248901367
v 16.678020477294922 0.2820010185241699 24.655029296875
v 16.81802749633789 -0.07100071758031845 21.304012298583984
v 15.785025596618652 -0.09700968861579895 21.60297203063965
v 15.870018005371094 -0.17999830842018127 18.814952850341797
v 14.532020568847656 0.13899169862270355 19.27495574951172
v 14.636998176574707 0.3159927427768707 21.87796401977539
v 15.777009963989258 0.2969861924648285 24.90296173095703
v 14.832018852233887 0.7579851746559143 25.10501480102539
v 15.578007698059082 0.7749910354614258 28.438993453979492
v 15.492000579833984 1.2499948740005493 31.568950653076172
v 15.39201831817627 1.6929876804351807 34.16896057128906
v 15.317018508911133 2.2089855670928955 35.998023986816406
v 15.287013053894043 2.475977659225464 37.30800247192383
v 15.194005012512207 2.6509780883789062 38.16902160644531
v 15.050017356872559 2.7909862995147705 38.776023864746094
v 14.93801212310791 2.8059914112091064 39.449039459228516
v 14.92200756072998 3.2339792251586914 38.313961029052734
v 14.997007369995117 2.989995002746582 37.44601058959961
v 14.975018501281738 2.696993827819824 36.12798309326172
v 14.660003662109375 2.8619909286499023 34.46501922607422
v 14.925000190734863 2.1659908294677734 34.31202697753906
v 14.463006019592285 3.3139867782592773 32.1150016784668
v 14.573006629943848 2.515991449356079 31.913040161132812
v 14.939001083374023 1.7309807538986206 31.74197769165039
v 14.883025169372559 1.25099515914917 28.621009826660156
v 13.955000877380371 1.8199914693832397 25.249019622802734
v 14.289012908935547 2.2669856548309326 28.784019470214844
v 14.085015296936035 3.1069953441619873 29.034011840820312
v 14.057013511657715 3.999983310699463 29.259004592895508
v 13.5700101852417 4.885988712310791 25.75096893310547
v 13.29502010345459 3.892986297607422 25.54498291015625
v 13.46000862121582 2.8389828205108643 25.38300323486328
v 12.654008865356445 2.5619874000549316 22.221960067749023
v 13.483013153076172 1.3949848413467407 22.064006805419922
v 12.188006401062012 2.248979330062866 19.922033309936523
v 13.216012954711914 1.0569883584976196 19.60603141784668
v 11.809000968933105 3.4879868030548096 20.112009048461914
v 12.711000442504883 4.894991874694824 22.557998657226562
v 12.624004364013672 5.781977653503418 20.225955963134766
v 12.057004928588867 4.692982196807861 20.300018310546875
v 11.764005661010742 4.5299859046936035 18.89996910095215
v 11.731008529663086 3.3299922943115234 18.89697265625
v 12.19701099395752 2.1499853134155273 18.64997673034668
v 13.242010116577148 1.085998296737671 18.2559814453125
v 14.474014282226562 0.29498550295829773 17.795976638793945
v 15.778024673461914 -0.0629979595541954 17.228017807006836
v 12.218011856079102 5.599975109100342 18.637990951538086
v 14.240999221801758 0.23898619413375854 16.6259765625
v 13.090006828308105 0.9759803414344788 17.140005111694336
v 12.082013130187988 1.9559783935546875 17.620983123779297
v 11.471007347106934 3.052976608276367 17.84897232055664
v 11.471007347106934 4.2909836769104 17.910018920898438
v 11.703995704650879 5.235989570617676 16.998998641967773
v 12.991013526916504 6.206984519958496 17.61302375793457
v 13.60901927947998 6.506988048553467 20.141033172607422
v 14.359016418457031 6.442986011505127 22.729997634887695
v 14.811017990112305 6.900983810424805 19.935983657836914
v 16.0470027923584 6.940977573394775 19.59395408630371
v 17.083024978637695 6.5749711990356445 19.311004638671875
v 17.898027420043945 6.091984748840332 18.989009857177734
v 18.468019485473633 5.38598108291626 18.676006317138672
v 18.769006729125977 5.000988483428955 21.502975463867188
v 19.010011672973633 4.6519880294799805 24.871971130371094
v 19.221010208129883 4.342981815338135 28.650033950805664
v 19.135028839111328 3.9139935970306396 34.47896957397461
v 19.040016174316406 3.893986701965332 36.2719841003418
v 19.05901336669922 3.4529945850372314 38.18400192260742
v 19.155014038085938 3.172978162765503 39.61701202392578
v 19.291011810302734 2.701995611190796 39.402034759521484
v 19.19402313232422 3.0639805793762207 37.628963470458984
v 19.163028717041016 3.288978099822998 36.27095413208008
v 19.184030532836914 3.2349793910980225 34.487022399902344
v 19.16901397705078 3.498990535736084 31.898996353149414
v 19.179006576538086 3.574976682662964 28.463991165161133
v 19.08201789855957 2.694993257522583 28.40903091430664
v 18.95200538635254 2.28499174118042 24.358036041259766
v 19.148014068603516 3.0539770126342773 24.54595184326172
v 19.10601234436035 3.8969876766204834 24.661022186279297
v 18.9990291595459 4.22598123550415 21.26796531677246
v 18.77301597595215 4.655989646911621 18.36899185180664
v 18.408010482788086 4.6139750480651855 16.196964263916016
v 18.94302749633789 3.870978832244873 18.188005447387695
v 19.10301971435547 3.3879921436309814 21.105985641479492
v 18.190011978149414 5.391983509063721 16.441993713378906
v 17.509029388427734 6.013978004455566 16.775972366333008
v 16.662015914916992 6.470975399017334 17.094968795776367
v 15.612020492553711 6.789985656738281 17.442991256713867
v 14.368020057678223 6.738987922668457 17.888015747070312
v 13.677019119262695 6.392988681793213 15.311973571777344
v 15.19502067565918 6.540979862213135 15.877030372619629
v 16.263025283813477 6.276988506317139 15.542021751403809
v 17.12900733947754 5.849981307983398 15.299988746643066
v 17.907005310058594 5.326981067657471 15.027993202209473
v 16.888004302978516 5.757989406585693 14.109014511108398
v 16.035005569458008 6.180975437164307 14.441963195800781
v 14.95201301574707 6.42197847366333 14.810958862304688
v 18.18301010131836 4.537988662719727 14.949999809265137
v 17.47600555419922 5.131973743438721 12.956991195678711
v 16.77901840209961 5.686985015869141 13.249959945678711
v 15.978014945983887 6.161988735198975 13.562028884887695
v 18.56102752685547 3.8389878273010254 15.946971893310547
v 18.54502296447754 3.0429933071136475 15.83901596069336
v 18.408010482788086 2.260983467102051 15.815983772277832
v 18.676025390625 2.1259970664978027 17.985015869140625
v 18.65302085876465 1.8119887113571167 20.898033142089844
v 18.312009811401367 1.3519901037216187 17.998029708862305
v 17.80600929260254 0.6259996891021729 18.129955291748047
v 17.56700897216797 0.6909821033477783 15.38800048828125
v 16.919025421142578 0.07498963177204132 16.600040435791016
v 16.50400161743164 -0.10301175713539124 15.223960876464844
v 15.001015663146973 -0.43700695037841797 14.403013229370117
v 13.964005470275879 0.05100135877728462 15.57797622680664
v 12.677014350891113 0.6679941415786743 15.692954063415527
v 11.614006996154785 1.622983455657959 16.095001220703125
v 10.988012313842773 2.7409889698028564 16.190034866333008
v 10.76699447631836 3.9229767322540283 15.699975967407227
v 10.307003021240234 2.3529951572418213 14.216033935546875
v 11.110010147094727 1.3069945573806763 14.68802261352539
v 12.13101577758789 0.31999412178993225 14.389998435974121
v 13.369004249572754 -0.34901660680770874 13.878029823303223
v 11.630999565124512 0.04399894177913666 13.281981468200684
v 16.14602279663086 -0.4089972972869873 13.224960327148438
v 14.661018371582031 -0.637996256351471 13.184980392456055
v 12.886008262634277 -0.6570028066635132 12.86401653289795
v 17.32002067565918 0.4329931139945984 13.531972885131836
v 18.123027801513672 1.4889973402023315 15.846975326538086
v 18.387008666992188 2.2649848461151123 14.541959762573242
v 18.444026947021484 3.0039796829223633 14.6549711227417
v 17.942007064819336 1.2859872579574585 13.209043502807617
v 18.109025955200195 2.0379865169525146 12.890982627868652
v 17.29201889038086 0.24298757314682007 12.589025497436523
v 15.936013221740723 -0.5879990458488464 12.392964363098145
v 17.96001625061035 1.0999830961227417 12.22396183013916
v 17.126014709472656 -0.04201072081923485 11.686993598937988
v 18.197011947631836 1.8849939107894897 12.067038536071777
v 18.214004516601562 2.794987678527832 13.043037414550781
v 18.164012908935547 2.6129848957061768 12.064042091369629
v 18.12401580810547 3.5529892444610596 13.230016708374023
v 17.939014434814453 3.327991485595703 12.194000244140625
v 17.79302406311035 4.248989105224609 12.66701889038086
v 17.640005111694336 3.9879791736602783 11.51602554321289
v 18.107023239135742 3.1949856281280518 11.119970321655273
v 18.24302101135254 2.3659796714782715 11.01697826385498
v 18.169010162353516 1.6219831705093384 11.100028038024902
v 17.83702850341797 0.7979989647865295 11.259011268615723
v 16.87702178955078 -0.357999712228775 10.53403377532959
v 15.55302619934082 -0.8169980049133301 11.331012725830078
v 13.677019119262695 -1.092012882232666 10.68796157836914
v 15.070003509521484 -1.0130056142807007 9.846977233886719
v 15.916027069091797 -0.9030076861381531 7.427016258239746
v 14.15002155303955 -1.4730042219161987 6.364971160888672
v 15.434020042419434 -1.1560149192810059 5.691958904266357
v 16.288005828857422 -0.5299990177154541 5.191974639892578
v 17.65801239013672 0.44499725103378296 10.058955192565918
v 18.04001235961914 1.2189841270446777 9.83995532989502
v 18.14301300048828 1.9739845991134644 9.708030700683594
v 17.683021545410156 0.9519920945167542 8.265005111694336
v 17.241012573242188 0.6959838271141052 6.537999629974365
v 17.820009231567383 1.680983543395996 8.10695743560791
v 18.014015197753906 2.8539881706237793 9.718985557556152
v 17.703006744384766 3.8479907512664795 9.917012214660645
v 17.743005752563477 2.5849952697753906 8.09703254699707
v 17.346017837524414 2.3749828338623047 6.31899881362915
v 16.87002182006836 2.1079907417297363 4.419995307922363
v 16.944005966186523 1.2029986381530762 4.528980731964111
v 16.276010513305664 2.1419825553894043 2.5889670848846436
v 16.429027557373047 1.173988699913025 2.804035186767578
v 16.847017288208008 0.4169875681400299 4.721015930175781
v 15.777009963989258 3.166975975036621 2.5199615955352783
v 16.561019897460938 3.1639950275421143 4.427953720092773
v 17.139026641845703 3.3439769744873047 6.417965888977051
v 17.534011840820312 3.59098219871521 8.248993873596191
v 16.64801597595215 4.3259758949279785 6.636030197143555
v 15.9970121383667 4.1539764404296875 4.63599967956543
v 15.073022842407227 4.080991268157959 2.642991542816162
v 15.001015663146973 3.0939908027648926 0.38903647661209106
v 15.624017715454102 2.0959866046905518 0.5140325427055359
v 15.467792510986328 2.0681769847869873 0.003000000026077032
v 15.341519355773926 2.2803902626037598 0.003000000026077032
v 14.871028900146484 3.0897693634033203 0.003000000026077032
v 14.658614158630371 3.290118455886841 0.003000000026077032
v 13.85472583770752 4.179485321044922 0.003000000026077032
v 13.375016212463379 4.875985622406006 0.8339662551879883
v 13.25526237487793 4.684739589691162 0.003000000026077032
v 12.047224998474121 5.213001728057861 0.003000000026077032
v 12.302016258239746 5.473971843719482 1.4180301427841187
v 11.644866943359375 5.380459308624268 0.003000000026077032
v 11.073004722595215 5.748986721038818 2.3180017471313477
v 11.42590618133545 5.409109115600586 0.003000000026077032
v 11.091333389282227 5.420012950897217 0.003000000026077032
v 10.222010612487793 5.560981750488281 0.7969824075698853
v 10.294578552246094 5.4675092697143555 0.003000000026077032
v 9.711254119873047 5.410409927368164 0.003000000026077032
v 9.454005241394043 5.2869873046875 1.9190443754196167
v 9.452348709106445 5.325820446014404 0.003000000026077032
v 9.177145004272461 5.175688743591309 0.003000000026077032
v 8.62200927734375 4.855978488922119 0.8170192241668701
v 8.738048553466797 4.907556056976318 0.003000000026077032
v 7.931915760040283 4.605192184448242 0.003000000026077032
v 7.915991306304932 4.297986030578613 1.6039793491363525
v 7.725646495819092 4.484930515289307 0.003000000026077032
v 6.859102249145508 3.526059865951538 0.003000000026077032
v 6.9529924392700195 2.5279955863952637 1.0230052471160889
v 6.612995624542236 2.8933017253875732 0.003000000026077032
v 6.331699848175049 1.8727096319198608 0.003000000026077032
v 6.355960845947266 1.6817837953567505 0.003000000026077032
v 7.151005268096924 0.7629868984222412 0.9849914312362671
v 6.600330829620361 0.14935527741909027 0.003000000026077032
v 7.1794610023498535 -1.1540942192077637 0.003000000026077032
v 8.315010070800781 -2.3660123348236084 0.6610316634178162
v 7.536851406097412 -1.9268807172775269 0.003000000026077032
v 8.066204071044922 -2.7055892944335938 0.003000000026077032
v 8.273889541625977 -2.8664448261260986 0.003000000026077032
v 9.437012672424316 -2.675999164581299 1.3520210981369019
v 8.893898963928223 -3.4324800968170166 0.003000000026077032
v 9.834427833557129 -3.5390167236328125 0.003000000026077032
v 10.187917709350586 -3.548379898071289 0.003000000026077032
v 10.501996994018555 -3.2539985179901123 0.482011079788208
v 10.753901481628418 -3.329444408416748 0.003000000026077032
v 11.893004417419434 -2.284003973007202 2.0699758529663086
v 11.650531768798828 -3.0394845008850098 0.003000000026077032
v 12.059969902038574 -2.4925758838653564 0.003000000026077032
v 12.585662841796875 -2.283663749694824 0.003000000026077032
v 12.92101001739502 -1.9380046129226685 1.599953293800354
v 12.926140785217285 -1.995444416999817 0.003000000026077032
v 13.791241645812988 -1.4922908544540405 0.003000000026077032
v 14.008999824523926 -1.3389980792999268 0.7070039510726929
v 13.969615936279297 -1.3103281259536743 0.003000000026077032
v 14.80882740020752 -0.804313600063324 0.003000000026077032
v 15.393007278442383 -0.5990028381347656 1.9759713411331177
v 15.010848045349121 -0.5278182625770569 0.003000000026077032
v 15.38336181640625 -0.0033373821061104536 0.003000000026077032
v 15.921024322509766 0.2509903311729431 1.652011513710022
v 15.50236701965332 0.16572092473506927 0.003000000026077032
v 15.55770206451416 0.680098295211792 0.003000000026077032
v 15.937002182006836 1.1679866313934326 0.9129899740219116
v 15.665565490722656 1.1171890497207642 0.003000000026077032
v 15.59564208984375 1.4326179027557373 0.003000000026077032
v 14.877013206481934 -1.2660129070281982 4.068039894104004
v 13.799016952514648 -1.6269973516464233 4.743018627166748
v 12.35999584197998 -1.8320080041885376 5.269032001495361
v 12.091017723083496 -1.9600121974945068 3.7399606704711914
v 13.47801685333252 -1.631999135017395 3.4420299530029297
v 14.522001266479492 -1.2020107507705688 2.7160229682922363
v 10.572000503540039 -2.374995231628418 2.613029956817627
v 10.649991989135742 -1.8990111351013184 4.249963283538818
v 9.430011749267578 -1.9000115394592285 2.983991861343384
v 9.501004219055176 -1.3170104026794434 4.63103723526001
v 10.789010047912598 -1.7250111103057861 5.910959243774414
v 9.531997680664062 -1.0070035457611084 6.298962116241455
v 11.129995346069336 -1.441013216972351 7.6629638671875
v 11.684009552001953 -1.1589959859848022 9.677974700927734
v 12.310005187988281 -0.9030076861381531 11.42595386505127
v 10.473007202148438 -0.5279983282089233 10.393963813781738
v 10.173996925354004 0.7099886536598206 12.145968437194824
v 9.653995513916016 1.9329904317855835 12.149994850158691
v 9.161995887756348 1.8049862384796143 10.533004760742188
v 9.648999214172363 0.456981360912323 10.671951293945312
v 8.570013999938965 1.6629972457885742 8.676977157592773
v 9.050017356872559 0.24298757314682007 8.635967254638672
v 9.611993789672852 3.4639785289764404 11.9190092086792
v 8.702993392944336 3.180980920791626 8.538966178894043
v 10.096004486083984 3.6449809074401855 13.380011558532715
v 11.127002716064453 4.926982879638672 14.864983558654785
v 12.493001937866211 5.904980182647705 15.9849853515625
v 13.3820161819458 6.297976016998291 13.83898639678955
v 14.76901626586914 6.371981143951416 12.74604320526123
v 15.950014114379883 6.144983291625977 12.430041313171387
v 16.69100570678711 5.499980449676514 12.135013580322266
v 17.150009155273438 4.610973834991455 11.88296127319336
v 17.119014739990234 4.647986888885498 10.23001766204834
v 17.076025009155273 4.566978931427002 8.531007766723633
v 16.49700164794922 5.310975551605225 10.556036949157715
v 15.806026458740234 6.004974842071533 10.88598918914795
v 16.467021942138672 5.346987724304199 8.7880220413208
v 15.5570068359375 5.920985698699951 9.157954216003418
v 16.09100914001465 5.161983966827393 6.911957740783691
v 14.564002990722656 6.251979827880859 11.253954887390137
v 12.970012664794922 6.0719780921936035 11.877999305725098
v 11.691998481750488 5.550978183746338 12.502042770385742
v 10.266016960144043 4.671975135803223 11.509003639221191
v 9.95300579071045 4.631981372833252 9.817015647888184
v 9.566010475158691 4.540989875793457 8.024001121520996
v 9.062013626098633 4.299986839294434 6.182018280029297
v 8.297989845275879 2.935976266860962 6.624045372009277
v 8.252006530761719 1.373997688293457 6.657003402709961
v 8.720013618469238 0.025992732495069504 6.548017978668213
v 9.908011436462402 -0.7880079746246338 8.268000602722168
v 8.673014640808105 -0.3800072968006134 4.916983127593994
v 8.027008056640625 0.9269834756851196 5.165009021759033
v 7.928014755249023 2.6759867668151855 4.982992649078369
v 8.535012245178223 4.017989635467529 4.590963840484619
v 9.411014556884766 5.014973163604736 4.024970054626465
v 10.105009078979492 5.2609782218933105 5.588029384613037
v 10.770012855529785 5.495979309082031 7.4300127029418945
v 11.217019081115723 5.549977779388428 9.236977577209473
v 12.642012596130371 6.129977703094482 8.551980972290039
v 12.750998497009277 6.088983535766602 10.311007499694824
v 13.982013702392578 6.149984836578369 7.85499906539917
v 15.171000480651855 5.803985595703125 7.356044769287109
v 15.367009162902832 5.034980297088623 4.9329938888549805
v 14.355008125305176 4.882987976074219 2.901035785675049
v 13.50601863861084 5.463988304138184 3.4070122241973877
v 12.33202075958252 5.864986419677734 4.055025577545166
v 14.492022514343262 5.638988494873047 5.43297815322876
v 13.291011810302734 6.050970554351807 6.07200288772583
v 11.131011009216309 5.809987545013428 4.887021541595459
v 10.337997436523438 5.589971542358398 3.217973232269287
v 8.690008163452148 4.7359771728515625 2.739992141723633
v 8.085014343261719 3.6809933185577393 3.1989665031433105
v 7.5969953536987305 3.1779797077178955 1.96099054813385
v 7.723001480102539 2.1289780139923096 3.4480221271514893
v 7.962989807128906 0.3509848117828369 3.3510215282440186
v 8.536001205444336 -0.9949994087219238 3.221999406814575
v 8.44499683380127 -1.647004246711731 1.8449829816818237
v 7.805001258850098 -0.07600244134664536 1.9879560470581055
v 7.448999881744385 1.6359879970550537 2.1359851360321045
v 19.533031463623047 -0.4290041923522949 46.46997833251953
v 19.557025909423828 -0.6260121464729309 46.787010192871094
v 19.565013885498047 -0.49900832772254944 46.56903839111328
v 19.437030792236328 -0.16201210021972656 46.32897186279297
v 19.447023391723633 -0.19700416922569275 46.357994079589844
v 19.533031463623047 -0.4290041923522949 46.46997833251953
v 19.466020584106445 -0.26700830459594727 46.419979095458984
v 19.467008590698242 -0.2860148847103119 46.45199966430664
v 19.473020553588867 -0.2989993393421173 46.47297286987305
v 19.565013885498047 -0.49900832772254944 46.56903839111328
v 14.090999603271484 3.0449938774108887 48.725990295410156
v 14.5780029296875 2.982992649078369 48.8370361328125
v 14.510004043579102 2.644995927810669 48.830013275146484
v 14.732998847961426 3.6509828567504883 48.79199981689453
v 14.151010513305664 3.6429800987243652 48.6710319519043
v 14.84700870513916 4.100977897644043 48.584983825683594
v 14.390998840332031 4.040977478027344 48.530025482177734
v 18.6080265045166 -0.8890028595924377 46.09002685546875
v 18.813013076782227 -0.8550111055374146 45.99199676513672
v 18.7280216217041 -0.7360100746154785 45.690975189208984
v 18.738014221191406 -0.5650110840797424 45.53901290893555
v 19.026016235351562 -0.4560135006904602 45.59294509887695
v 18.870031356811523 -0.2389986515045166 45.39594650268555
v 18.584007263183594 -0.281013160943985 45.386024475097656
v 18.7280216217041 -0.7360100746154785 45.690975189208984
v 18.232013702392578 -0.47700074315071106 45.656986236572266
v 18.242006301879883 -0.702998697757721 45.906978607177734
v 18.332021713256836 -0.8209993839263916 46.22597885131836
v 18.1190185546875 0.22698205709457397 45.574031829833984
v 18.405017852783203 0.09999825805425644 45.39594650268555
v 18.39002799987793 0.2779996395111084 45.442012786865234
v 18.416025161743164 0.2569923996925354 45.42403793334961
v 18.443012237548828 0.24798929691314697 45.40699768066406
v 18.46101951599121 0.24298757314682007 45.396976470947266
v 18.611019134521484 0.20799550414085388 45.3439826965332
v 18.72000503540039 0.18298687040805817 45.32197952270508
v 18.77301597595215 0.17198307812213898 45.32703399658203
v 18.923015594482422 0.13899169862270355 45.3170166015625
v 19.0980224609375 0.1019989475607872 45.33003234863281
v 19.139009475708008 0.09399618953466415 45.3559684753418
v 19.204015731811523 0.08599342405796051 45.459991455078125
v 19.28101921081543 0.07699032127857208 45.590980529785156
v 19.2860164642334 0.07799066603183746 45.597999572753906
v 19.291011810302734 0.07999135553836823 45.61298370361328
v 19.303009033203125 0.08699376881122589 45.65399169921875
v 19.35700798034668 0.10499998182058334 45.84499740600586
v 19.359012603759766 0.14999550580978394 45.79602813720703
v 19.347015380859375 0.23298412561416626 46.0460205078125
v 19.29301643371582 0.1629999876022339 46.150978088378906
v 19.33702278137207 0.24998998641967773 46.100982666015625
v 19.327030181884766 0.24998998641967773 46.13796615600586
v 19.344022750854492 0.27099722623825073 46.10603713989258
v 19.342018127441406 0.28898343443870544 46.13300323486328
v 19.343008041381836 0.3319982588291168 46.11895751953125
v 19.342018127441406 0.32999756932258606 46.12897872924805
v 19.34902000427246 0.36398929357528687 46.12495040893555
v 19.2650146484375 0.11998514831066132 46.196014404296875
v 19.235010147094727 0.027993423864245415 46.184967041015625
v 19.231029510498047 0.023992042988538742 46.19301986694336
v 19.230012893676758 0.027993423864245415 46.20303726196289
v 19.225017547607422 -0.027005543932318687 46.14798355102539
v 19.208024978637695 -0.11201485991477966 46.08899688720703
v 19.22600555419922 -0.22701452672481537 45.852020263671875
v 19.13802146911621 -0.5700128078460693 45.849021911621094
v 19.168025970458984 -0.3590000569820404 45.92196273803711
v 19.12201690673828 -0.2050069272518158 45.9520149230957
v 19.127012252807617 -0.19600382447242737 45.94696044921875
v 19.099010467529297 -0.08100416511297226 45.9640007019043
v 19.127012252807617 -0.19600382447242737 45.94696044921875
v 19.18501853942871 -0.3450152277946472 45.953983306884766
v 19.12201690673828 -0.2050069272518158 45.9520149230957
v 19.048006057739258 -0.08200450986623764 45.96297073364258
v 19.099010467529297 -0.08100416511297226 45.9640007019043
v 19.22600555419922 -0.22701452672481537 45.852020263671875
v 19.199020385742188 -0.10901382565498352 46.08000946044922
v 19.208024978637695 -0.11201485991477966 46.08899688720703
v 15.253000259399414 2.68599009513855 47.5059928894043
v 15.325007438659668 2.6039817333221436 47.569007873535156
v 15.49501895904541 2.6619818210601807 47.68997573852539
v 15.319022178649902 2.5609869956970215 47.570037841796875
v 15.325007438659668 2.549983263015747 47.57499694824219
v 15.318007469177246 2.5549850463867188 47.569007873535156
v 15.319022178649902 2.548982858657837 47.57396697998047
v 15.367009162902832 1.1389966011047363 47.40196990966797
v 15.249019622802734 1.0739941596984863 47.27294921875
v 15.255003929138184 1.0879989862442017 47.21995544433594
v 15.248003959655762 1.0739941596984863 47.2459831237793
v 15.249019622802734 1.078995943069458 47.22397994995117
v 15.250007629394531 1.0779955387115479 47.21199417114258
v 15.387022018432617 1.1449986696243286 47.36601638793945
v 15.43602466583252 1.1579831838607788 47.26002883911133
v 15.578007698059082 1.205999732017517 47.139991760253906
v 15.579023361206055 1.204999327659607 47.11302947998047
v 15.594012260437012 1.205999732017517 47.129974365234375
v 15.605020523071289 1.2069799900054932 47.12201690673828
v 15.644002914428711 1.209981083869934 47.10300827026367
v 15.258023262023926 0.9809820652008057 47.05497741699219
v 15.239026069641113 0.8289896845817566 46.85395431518555
v 15.240015029907227 0.8030006885528564 46.81303787231445
v 15.265024185180664 0.7499824166297913 46.698997497558594
v 15.274001121520996 0.7499824166297913 46.68598175048828
v 15.306999206542969 0.7489820718765259 46.64094543457031
v 15.305022239685059 0.7479817271232605 46.64197540283203
v 15.313011169433594 0.7509827613830566 46.635982513427734
v 15.305022239685059 0.6799982786178589 46.54497528076172
v 15.311006546020508 0.6549896597862244 46.50096893310547
v 15.303017616271973 0.6439858675003052 46.49703598022461
v 15.288002014160156 0.6270000338554382 46.491981506347656
v 15.944002151489258 1.189994215965271 46.96200180053711
v 19.168025970458984 -0.3590000569820404 45.92196273803711
v 19.048006057739258 -0.08200450986623764 45.96297073364258
v 19.12201690673828 -0.2050069272518158 45.9520149230957
v 16.97801971435547 0.453000009059906 46.299007415771484
v 16.614002227783203 0.3529855012893677 46.346012115478516
v 17.02202606201172 0.5059982538223267 46.3349609375
v 17.110010147094727 0.6189972758293152 46.41398620605469
v 16.618009567260742 0.3079899847507477 46.26099395751953
v 16.617021560668945 0.31999412178993225 46.284027099609375
v 16.622018814086914 0.3109910190105438 46.26202392578125
v 16.733007431030273 0.3529855012893677 46.26998519897461
v 16.709014892578125 0.34000101685523987 46.26502227783203
v 16.982027053833008 0.3839961886405945 46.23796081542969
v 16.614002227783203 0.3469834327697754 46.34001922607422
v 16.796010971069336 0.3789944648742676 46.27700424194336
v 16.948015213012695 0.4369944930076599 46.287025451660156
v 17.24400520324707 0.9219817519187927 46.66997146606445
v 17.26802635192871 0.7869951725006104 46.537017822265625
v 17.48201560974121 0.9119982719421387 46.606956481933594
v 17.51402473449707 0.896993100643158 46.58495330810547
v 17.521026611328125 0.8879899978637695 46.57503128051758
v 17.544004440307617 0.8319907188415527 46.5169792175293
v 17.53101921081543 0.8879899978637695 46.5720329284668
v 17.58600616455078 0.8389931321144104 46.5150146484375
v 17.59402084350586 0.8449952006340027 46.518009185791016
v 17.59402084350586 0.8439948558807373 46.51295471191406
v 16.613014221191406 0.3529855012893677 46.35303497314453
v 16.793018341064453 0.5239844918251038 46.84196853637695
v 16.610021591186523 0.34898412227630615 46.35602951049805
v 16.535022735595703 0.2779996395111084 46.39797592163086
v 16.529010772705078 0.2729979157447815 46.39900588989258
v 16.64400863647461 0.3619886040687561 46.707984924316406
v 16.744016647338867 0.44099587202072144 46.96003723144531
v 17.48201560974121 0.9119982719421387 46.606956481933594
v 17.374019622802734 0.8669827580451965 46.81996536254883
v 17.317028045654297 0.7539837956428528 47.057037353515625
v 17.222015380859375 0.629000723361969 47.31395721435547
v 17.220012664794922 0.6270000338554382 47.31901550292969
v 17.204008102416992 0.5959892868995667 47.364986419677734
v 16.55602264404297 0.276999294757843 46.55902099609375
v 16.499004364013672 0.23498481512069702 46.402000427246094
v 16.470014572143555 0.19399067759513855 46.4289665222168
v 16.49700164794922 0.23298412561416626 46.39797592163086
v 16.46400260925293 0.18998929858207703 46.40303039550781
v 16.462026596069336 0.15399688482284546 46.39797592163086
v 16.471004486083984 0.11198239028453827 46.44095230102539
v 16.471004486083984 0.10800101608037949 46.43898391723633
v 16.47201919555664 0.10800101608037949 46.44198226928711
v 16.461009979248047 0.11698411405086517 46.39797592163086
v 16.462026596069336 0.08999480307102203 46.402000427246094
v 16.46002197265625 0.08899445831775665 46.394981384277344
v 16.797025680541992 0.4619830846786499 47.216957092285156
v 16.93500328063965 0.5029972195625305 47.569007873535156
v 16.851024627685547 0.453000009059906 47.5
v 16.837024688720703 0.40998515486717224 47.688011169433594
v 16.84602928161621 0.40898481011390686 47.73295211791992
v 16.95301055908203 0.4939941465854645 47.672000885009766
v 16.852014541625977 0.4059837758541107 47.7660026550293
v 16.98101234436035 0.5389896631240845 47.732017517089844
v 16.856021881103516 0.41498687863349915 47.78800582885742
v 16.856021881103516 0.41498687863349915 47.78903579711914
v 16.860002517700195 0.4429965615272522 47.942962646484375
v 16.824012756347656 0.3929993212223053 47.87096405029297
v 16.81802749633789 0.38499653339385986 47.8540153503418
v 16.81802749633789 0.38099515438079834 47.857948303222656
v 16.863021850585938 0.4479982852935791 47.958038330078125
v 16.988012313842773 0.596989631652832 47.75402069091797
v 16.863021850585938 0.44999897480010986 47.96000671386719
v 16.863021850585938 0.45500069856643677 47.96796417236328
v 16.873014450073242 0.48599138855934143 47.97901153564453
v 16.94200325012207 0.6069931387901306 47.92301940917969
v 16.961027145385742 0.6229986548423767 47.920963287353516
v 17.186025619506836 0.6599913835525513 47.37097930908203
v 17.178009033203125 0.5749820470809937 47.423973083496094
v 17.21202278137207 0.588986873626709 47.497005462646484
v 17.219022750854492 0.5589965581893921 47.43998336791992
v 17.178009033203125 0.5749820470809937 47.423973083496094
v 17.178009033203125 0.5749820470809937 47.423038482666016
v 17.179025650024414 0.575982391834259 47.42097854614258
v 17.18501091003418 0.5869861841201782 47.40496826171875
v 17.585018157958984 0.44499725103378296 47.15497589111328
v 17.179025650024414 0.5749820470809937 47.423038482666016
v 17.219022750854492 0.5669993162155151 47.42799758911133
v 17.25202178955078 0.5579962134361267 47.423973083496094
v 16.49700164794922 0.23298412561416626 46.39797592163086
v 16.463014602661133 0.2509903311729431 46.41099166870117
v 16.46400260925293 0.18998929858207703 46.40303039550781
v 16.452007293701172 0.16400033235549927 46.40303039550781
v 16.462026596069336 0.15399688482284546 46.39797592163086
v 16.451017379760742 0.14799481630325317 46.40303039550781
v 16.461009979248047 0.11698411405086517 46.39797592163086
v 16.452007293701172 0.10499998182058334 46.402000427246094
v 16.46002197265625 0.08899445831775665 46.394981384277344
v 16.422027587890625 0.16099929809570312 46.41398620605469
v 16.49700164794922 0.23298412561416626 46.39797592163086
v 16.499004364013672 0.23498481512069702 46.402000427246094
v 16.463014602661133 0.2509903311729431 46.41099166870117
v 16.471004486083984 0.25599205493927 46.4229736328125
v 16.422027587890625 0.16099929809570312 46.41398620605469
v 16.451017379760742 0.14799481630325317 46.40303039550781
v 16.470014572143555 0.10900136083364487 46.43898391723633
v 14.42300796508789 1.075994849205017 45.61298370361328
v 14.42501163482666 1.051986575126648 45.631988525390625
v 14.42501163482666 1.0409828424453735 45.63798141479492
v 14.428004264831543 0.9979879856109619 45.65399169921875
v 14.432011604309082 0.9329855442047119 45.69696807861328
v 14.421003341674805 0.896993100643158 45.72299575805664
v 14.284016609191895 0.5249848365783691 45.994991302490234
v 14.254011154174805 0.4669848084449768 46.037967681884766
v 14.297001838684082 0.29998722672462463 46.27101516723633
v 14.164022445678711 0.34598308801651 46.20800018310547
v 14.20001220703125 0.3069896399974823 46.26202392578125
v 14.160014152526855 0.34200170636177063 46.21595764160156
v 14.151010513305664 0.31399205327033997 46.26099395751953
v 14.082022666931152 0.3279968798160553 46.253971099853516
v 14.069998741149902 0.3239955008029938 46.26202392578125
v 14.069010734558105 0.3239955008029938 46.26202392578125
v 14.364012718200684 0.2779996395111084 46.302005767822266
v 14.472009658813477 0.22798240184783936 46.372039794921875
v 14.537016868591309 0.1969917118549347 46.41398620605469
v 14.346004486083984 2.0659964084625244 45.293983459472656
v 14.34902286529541 2.0729787349700928 45.298946380615234
v 14.342022895812988 2.070997953414917 45.29698181152344
v 14.336010932922363 2.0779805183410645 45.30269241333008
v 14.326125144958496 2.089524507522583 45.31196212768555
v 14.324014663696289 2.0919852256774902 45.314022064208984
v 14.06500244140625 2.400991916656494 45.558956146240234
v 14.018004417419434 2.304978609085083 45.47703170776367
v 13.980010032653809 2.3639791011810303 45.52403259277344
v 13.896005630493164 1.9379920959472656 45.165992736816406
v 14.324094772338867 2.0896244049072266 45.31196212768555
v 14.593019485473633 1.8599852323532104 44.88603973388672
v 14.325002670288086 2.0659964084625244 45.29201889038086
v 14.32174301147461 2.047990083694458 45.28050231933594
v 14.313006401062012 1.9999935626983643 45.249977111816406
v 14.30600643157959 1.9639811515808105 45.226009368896484
v 14.477005958557129 1.2939900159835815 44.82695770263672
v 14.320006370544434 1.9999935626983643 45.249977111816406
v 14.292806625366211 2.045189142227173 45.31196212768555
v 14.336010932922363 2.040607452392578 45.27703857421875
v 14.338923454284668 2.047990083694458 45.28200149536133
v 14.351000785827637 2.0609946250915527 45.29098892211914
v 14.343439102172852 2.059433937072754 45.28958511352539
v 14.346004486083984 2.0659964084625244 45.293983459472656
v 14.336010932922363 2.074859380722046 45.30943298339844
v 14.334381103515625 2.0762999057769775 45.31196212768555
v 14.294116020202637 2.111992120742798 45.37422561645508
v 14.292966842651367 2.1130125522613525 45.37600326538086
v 14.272019386291504 2.1315789222717285 45.40840148925781
v 14.251580238342285 2.149705171585083 45.4399528503418
v 14.221921920776367 2.1759941577911377 45.48583221435547
v 14.208001136779785 2.1883184909820557 45.50736618041992
v 14.205008506774902 2.190979480743408 45.51195526123047
v 14.168457984924316 2.2229104042053223 45.56803894042969
v 14.126001358032227 2.2599833011627197 45.633018493652344
v 14.146601676940918 2.2420170307159424 45.60146713256836
v 14.12429141998291 2.261723756790161 45.63563919067383
v 14.12234115600586 2.2634644508361816 45.63826370239258
v 14.122528076171875 2.2634644508361816 45.63816833496094
v 14.122528076171875 2.2634644508361816 45.63826370239258
v 14.118012428283691 2.2669856548309326 45.64500427246094
v 14.115821838378906 2.2689461708068848 45.64865493774414
v 14.115795135498047 2.2689661979675293 45.64865493774414
v 14.121699333190918 2.2641847133636475 45.63957214355469
v 14.109007835388184 2.2749884128570557 45.65998458862305
v 14.085549354553223 2.295795440673828 45.6960334777832
v 14.080018043518066 2.3006973266601562 45.70446014404297
v 14.076277732849121 2.303978443145752 45.71017074584961
v 14.021023750305176 2.3529951572418213 45.79499816894531
v 15.42400074005127 1.4229944944381714 43.19695281982422
v 14.122528076171875 2.2634644508361816 45.63816833496094
v 14.324014663696289 2.0919852256774902 45.314022064208984
v 14.12429141998291 2.261723756790161 45.63563919067383
v 14.126001358032227 2.2599833011627197 45.633018493652344
v 14.168457984924316 2.2229104042053223 45.56803894042969
v 14.205008506774902 2.190979480743408 45.51195526123047
v 14.272019386291504 2.1322991847991943 45.40680694580078
v 14.208001136779785 2.1883184909820557 45.50736618041992
v 14.221921920776367 2.1759941577911377 45.48583221435547
v 14.251580238342285 2.149705171585083 45.4399528503418
v 14.272019386291504 2.1315789222717285 45.40840148925781
v 14.292966842651367 2.1130125522613525 45.37600326538086
v 14.294116020202637 2.111992120742798 45.37422561645508
v 14.342022895812988 2.070997953414917 45.29698181152344
v 14.334381103515625 2.0762999057769775 45.31196212768555
v 14.336010932922363 2.074859380722046 45.30943298339844
v 14.346004486083984 2.0659964084625244 45.293983459472656
v 14.336010932922363 2.0779805183410645 45.30269241333008
v 14.326125144958496 2.089524507522583 45.31196212768555
v 14.342022895812988 2.070997953414917 45.29698181152344
v 14.325002670288086 2.0659964084625244 45.29201889038086
v 14.346004486083984 2.0659964084625244 45.293983459472656
v 14.343439102172852 2.059433937072754 45.28958511352539
v 14.357011795043945 2.056993246078491 45.27900314331055
v 14.338923454284668 2.047990083694458 45.28200149536133
v 14.336010932922363 2.0779805183410645 45.30269241333008
v 14.326125144958496 2.089524507522583 45.31196212768555
v 14.324094772338867 2.0896244049072266 45.31196212768555
v 14.324014663696289 2.0919852256774902 45.314022064208984
v 14.235548973083496 2.1504454612731934 45.4399528503418
v 14.077880859375 2.303978443145752 45.70473861694336
v 14.021023750305176 2.3529951572418213 45.79499816894531
v 14.313006401062012 1.9999935626983643 45.249977111816406
v 14.30600643157959 1.9639811515808105 45.226009368896484
v 14.320006370544434 1.9999935626983643 45.249977111816406
v 14.582011222839355 1.58799147605896 44.676963806152344
v 14.336010932922363 2.040607452392578 45.27703857421875
v 14.32174301147461 2.047990083694458 45.28050231933594
v 15.222006797790527 0.8610007166862488 48.017024993896484
v 15.04400634765625 0.7229931354522705 48.252037048339844
v 15.123013496398926 0.7799927592277527 48.0629997253418
v 15.11502456665039 0.772990345954895 48.06196975708008
v 18.875028610229492 1.4219942092895508 47.78800582885742
v 18.846010208129883 1.5359934568405151 47.02201843261719
v 18.843019485473633 1.3029931783676147 47.19102096557617
v 18.82802963256836 1.3319830894470215 47.12201690673828
v 18.679018020629883 1.2579976320266724 46.7139778137207
v 18.841014862060547 1.266980767250061 47.22697448730469
v 18.80002784729004 1.108986258506775 47.31498718261719
v 18.7960205078125 1.0929807424545288 47.32903289794922
v 18.84400749206543 1.273983120918274 47.22500991821289
v 18.846010208129883 1.5359934568405151 47.02201843261719
v 19.335018157958984 1.671980381011963 47.59700012207031
v 19.129016876220703 1.956978678703308 47.87199401855469
v 18.897016525268555 1.3959852457046509 47.207969665527344
v 18.846010208129883 1.5359934568405151 47.02201843261719
v 18.679018020629883 1.2579976320266724 46.7139778137207
v 18.82802963256836 1.3319830894470215 47.12201690673828
v 18.843019485473633 1.3029931783676147 47.19102096557617
v 18.84400749206543 1.273983120918274 47.22500991821289
v 18.814027786254883 1.1029841899871826 47.35403060913086
v 18.841014862060547 1.266980767250061 47.22697448730469
v 18.80002784729004 1.108986258506775 47.31498718261719
v 18.7960205078125 1.0929807424545288 47.32903289794922
v 18.786027908325195 1.051986575126648 47.347007751464844
v 18.663013458251953 0.6719955205917358 47.45702362060547
v 18.663013458251953 0.682999312877655 47.448036193847656
v 16.709014892578125 0.34000101685523987 46.26502227783203
v 16.982027053833008 0.3839961886405945 46.23796081542969
v 16.64400863647461 0.3339989483356476 46.26801681518555
v 16.622018814086914 0.3109910190105438 46.26202392578125
v 16.982027053833008 0.3839961886405945 46.23796081542969
v 16.64400863647461 0.3339989483356476 46.26801681518555
v 19.19402313232422 0.0969972237944603 46.23496627807617
v 19.199020385742188 0.08999480307102203 46.240020751953125
v 19.2650146484375 0.11998514831066132 46.196014404296875
v 19.454023361206055 0.1259872168302536 46.144989013671875
v 19.29301643371582 0.1629999876022339 46.150978088378906
v 19.327030181884766 0.24998998641967773 46.13796615600586
v 19.342018127441406 0.28898343443870544 46.13300323486328
v 19.533031463623047 0.36498963832855225 46.11699295043945
v 19.342018127441406 0.32999756932258606 46.12897872924805
v 19.34902000427246 0.36398929357528687 46.12495040893555
v 19.227020263671875 0.04900066927075386 46.25303649902344
v 19.318025588989258 -0.0840051993727684 46.29601287841797
v 19.382017135620117 -0.10001072287559509 46.28599548339844
v 19.410018920898438 -0.14000451564788818 46.297977447509766
v 19.816009521484375 0.26899653673171997 46.282997131347656
v 19.615032196044922 0.453000009059906 46.13300323486328
v 19.62702751159668 0.4659844636917114 46.13496780395508
v 19.685009002685547 0.4809896647930145 46.15903091430664
v 19.909019470214844 0.4629834294319153 46.274009704589844
v 19.991018295288086 0.5839851498603821 46.290958404541016
v 20.321022033691406 0.9750000238418579 46.39198303222656
v 19.867015838623047 0.5239844918251038 46.23599624633789
v 14.414003372192383 1.2419921159744263 45.546974182128906
v 19.19402313232422 0.0969972237944603 46.23496627807617
v 19.199020385742188 0.08999480307102203 46.240020751953125
v 19.219005584716797 0.05000101402401924 46.21296310424805
v 19.227020263671875 0.04900066927075386 46.25303649902344
v 19.230012893676758 0.027993423864245415 46.20303726196289
v 19.318025588989258 -0.0840051993727684 46.29601287841797
v 19.231029510498047 0.023992042988538742 46.19301986694336
v 17.41802406311035 1.0589890480041504 45.19501876831055
v 17.20002555847168 1.2259865999221802 45.226009368896484
v 17.100017547607422 1.1079858541488647 45.27900314331055
v 17.144023895263672 1.2689814567565918 45.2330322265625
v 17.138011932373047 0.8359920978546143 45.37497329711914
v 17.449018478393555 1.0349806547164917 45.19398880004883
v 17.46601104736328 1.021996259689331 45.19398880004883
v 17.376022338867188 0.674996554851532 45.368980407714844
v 17.49201011657715 1.0019893646240234 45.195953369140625
v 17.497005462646484 0.9979879856109619 45.196983337402344
v 17.647005081176758 0.6739962100982666 45.30203628540039
v 17.786022186279297 0.7659879326820374 45.22198486328125
v 17.649009704589844 0.6069931387901306 45.28200149536133
v 17.803016662597656 0.7529834508895874 45.205970764160156
v 17.665014266967773 0.45998239517211914 45.295013427734375
v 17.874008178710938 0.6949834823608398 45.255035400390625
v 17.899017333984375 0.674996554851532 45.255035400390625
v 17.911012649536133 0.6649931073188782 45.254005432128906
v 17.803016662597656 0.7529834508895874 45.205970764160156
v 17.034021377563477 0.6529889702796936 45.358028411865234
v 17.108007431030273 0.7879955172538757 45.356998443603516
v 17.03701400756836 1.1129876375198364 45.30596923828125
v 17.10902214050293 1.2969911098480225 45.24501419067383
v 17.059003829956055 1.335984468460083 45.2270393371582
v 17.138011932373047 0.8359920978546143 45.37497329711914
v 17.100017547607422 1.1079858541488647 45.27900314331055
v 17.05400848388672 1.3399858474731445 45.205970764160156
v 16.979007720947266 1.3989862203598022 45.27095031738281
v 17.059003829956055 1.335984468460083 45.2270393371582
v 17.03701400756836 1.1129876375198364 45.30596923828125
v 17.05400848388672 1.3399858474731445 45.205970764160156
v 16.91402816772461 0.35398584604263306 45.42497253417969
v 14.223017692565918 0.9309848546981812 48.543975830078125
v 13.694011688232422 1.0239969491958618 48.32600402832031
v 14.21601676940918 1.18699312210083 48.78498077392578
v 14.667003631591797 0.29798653721809387 47.13699722290039
v 14.680015563964844 0.28798308968544006 47.11003112792969
v 14.905014991760254 -0.01100002508610487 47.38698959350586
v 15.173004150390625 -0.281013160943985 47.15094757080078
v 14.721002578735352 0.2359851598739624 46.97895050048828
v 14.729018211364746 0.22600170969963074 46.92998123168945
v 14.765007972717285 0.17798514664173126 46.74000549316406
v 14.72500991821289 0.12398652732372284 46.55302810668945
v 14.732998847961426 -0.13800382614135742 46.19301986694336
v 14.694016456604004 0.14399342238903046 46.50199890136719
v 14.645013809204102 0.15499722957611084 46.46800994873047
v 14.537016868591309 0.1969917118549347 46.41398620605469
v 14.339003562927246 0.07999135553836823 46.07794952392578
v 14.472009658813477 0.22798240184783936 46.372039794921875
v 14.364012718200684 0.2779996395111084 46.302005767822266
v 14.297001838684082 0.29998722672462463 46.27101516723633
v 14.20001220703125 0.3069896399974823 46.26202392578125
v 14.099015235900879 0.19499102234840393 46.143959045410156
v 14.151010513305664 0.31399205327033997 46.26099395751953
v 14.073018074035645 0.2959858477115631 46.23599624633789
v 14.069998741149902 0.321994811296463 46.25996398925781
v 14.069998741149902 0.3239955008029938 46.26202392578125
v 14.069010734558105 0.3239955008029938 46.26202392578125
v 14.113016128540039 0.1309889405965805 46.08796691894531
v 14.112000465393066 0.11898480355739594 46.07701110839844
v 14.087018966674805 0.05798376724123955 46.03600311279297
v 14.082022666931152 0.05100135877728462 46.03094482421875
v 14.169018745422363 -0.47199901938438416 45.71194839477539
v 14.024015426635742 -0.023004164919257164 45.98600387573242
v 13.90001392364502 -0.4200010895729065 45.74200439453125
v 13.91601848602295 -0.150007963180542 45.925987243652344
v 13.777000427246094 -0.39801350235939026 45.79097366333008
v 13.875004768371582 -0.18800106644630432 45.93095016479492
v 13.662002563476562 -0.4250028133392334 45.85398483276367
v 13.768022537231445 -0.9110104441642761 45.90903854370117
v 14.169018745422363 -0.47199901938438416 45.71194839477539
v 14.497018814086914 -0.6800107359886169 45.849021911621094
v 14.036012649536133 -1.065003514289856 45.97795104980469
v 14.83501148223877 -0.9700107574462891 46.11895751953125
v 14.2760009765625 -1.287000060081482 46.111000061035156
v 15.067999839782715 -1.271994948387146 46.45499801635742
v 14.483017921447754 -1.5059956312179565 46.35303497314453
v 15.16501522064209 -1.4890097379684448 46.79496765136719
v 14.667003631591797 -1.6730132102966309 46.634952545166016
v 14.964010238647461 -1.5699976682662964 47.192989349365234
v 14.703021049499512 -1.6460039615631104 47.03896713256836
v 15.172016143798828 -1.230000376701355 47.452999114990234
v 15.385018348693848 -1.0100045204162598 47.12800979614258
v 15.148022651672363 -0.8840011358261108 47.639976501464844
v 15.281002044677734 -0.5930007696151733 47.388954162597656
v 14.920003890991211 -0.6740086674690247 47.72901916503906
v 14.994014739990234 -0.29599830508232117 47.57902526855469
v 14.460013389587402 -0.41800040006637573 47.66600799560547
v 14.499022483825684 -0.14100486040115356 47.62995910644531
v 14.144998550415039 -0.42200177907943726 47.451969146728516
v 15.299010276794434 -0.7720024585723877 46.81303787231445
v 15.067999839782715 -1.271994948387146 46.45499801635742
v 14.83501148223877 -0.9700107574462891 46.11895751953125
v 15.053009986877441 -0.4300045371055603 46.44001388549805
v 14.497018814086914 -0.6800107359886169 45.849021911621094
v 14.667003631591797 0.29798653721809387 47.13699722290039
v 14.627005577087402 0.29798653721809387 47.14701461791992
v 14.556014060974121 0.3119913637638092 47.19701385498047
v 14.352015495300293 0.2509903311729431 47.423038482666016
v 14.293020248413086 0.34598308801651 47.34101867675781
v 14.210005760192871 0.39099863171577454 47.34101867675781
v 18.134008407592773 0.4309924244880676 45.7800178527832
v 18.132003784179688 0.4309924244880676 45.77599334716797
v 18.1190185546875 0.4009820520877838 45.765037536621094
v 18.11501121520996 0.46498411893844604 45.6650390625
v 18.101011276245117 0.36999136209487915 45.74303436279297
v 18.091018676757812 0.34998446702957153 45.72795867919922
v 18.069028854370117 0.2609937787055969 45.762977600097656
v 17.986013412475586 0.015989283099770546 45.76597213745117
v 17.974016189575195 -0.08200450986623764 45.85398483276367
v 18.134008407592773 0.4309924244880676 45.7800178527832
v 18.141008377075195 0.42599067091941833 45.76597213745117
v 18.1190185546875 0.4009820520877838 45.765037536621094
v 18.153005599975586 0.41898825764656067 45.74396896362305
v 18.1190185546875 0.22698205709457397 45.574031829833984
v 18.157012939453125 0.4419962167739868 45.60502243041992
v 18.101011276245117 0.36999136209487915 45.74303436279297
v 18.091018676757812 0.34998446702957153 45.72795867919922
v 19.318025588989258 -0.0840051993727684 46.29601287841797
v 19.382017135620117 -0.10001072287559509 46.28599548339844
v 19.231029510498047 0.023992042988538742 46.19301986694336
v 19.235010147094727 0.027993423864245415 46.184967041015625
v 19.230012893676758 0.027993423864245415 46.20303726196289
v 19.2650146484375 0.11998514831066132 46.196014404296875
v 19.219005584716797 0.05000101402401924 46.21296310424805
v 19.19402313232422 0.0969972237944603 46.23496627807617
v 18.157012939453125 0.4419962167739868 45.60502243041992
v 18.166017532348633 0.43499380350112915 45.597999572753906
v 18.339021682739258 0.3129917085170746 45.47600173950195
v 18.091018676757812 0.34998446702957153 45.72795867919922
v 18.069028854370117 0.2609937787055969 45.762977600097656
v 18.1190185546875 0.22698205709457397 45.574031829833984
v 17.986013412475586 0.015989283099770546 45.76597213745117
v 17.928007125854492 0.05698342248797417 46.00501251220703
v 17.919029235839844 0.027993423864245415 46.022987365722656
v 17.919029235839844 0.0709882527589798 46.009037017822266
v 17.87702751159668 0.018990319222211838 46.06203079223633
v 17.917024612426758 -0.009999679401516914 46.03497314453125
v 17.739025115966797 0.07298894226551056 46.1669921875
v 17.75802230834961 0.07398928701877594 46.14994812011719
v 17.744020462036133 0.08299238979816437 46.159969329833984
v 17.644012451171875 0.14299307763576508 46.16596221923828
v 17.404024124145508 0.2859824001789093 46.1629638671875
v 16.15000343322754 1.4529849290847778 46.869964599609375
v 16.05501937866211 1.4549856185913086 46.8650016784668
v 16.03401756286621 1.4469828605651855 46.838035583496094
v 16.048017501831055 1.4559859037399292 46.86800003051758
v 15.957014083862305 1.5189876556396484 46.90095520019531
v 15.347023963928223 1.630986213684082 46.55499267578125
v 15.868013381958008 1.5809890031814575 46.93400573730469
v 15.675024032592773 1.7189966440200806 47.01396942138672
v 15.319022178649902 1.656995177268982 46.578025817871094
v 15.534002304077148 1.8439797163009644 47.114994049072266
v 15.516020774841309 1.8659873008728027 47.139991760253906
v 15.24100399017334 1.7029911279678345 46.64300537109375
v 15.064018249511719 1.840998649597168 46.866031646728516
v 15.073022842407227 1.760991096496582 46.6930046081543
v 15.026023864746094 1.8009848594665527 46.75901412963867
v 15.009004592895508 1.7819983959197998 46.709014892578125
v 15.48401165008545 1.8929966688156128 47.183998107910156
v 15.078019142150879 1.840998649597168 46.900020599365234
v 15.481019020080566 1.8919962644577026 47.188026428222656
v 15.134021759033203 1.8309952020645142 47.1579704284668
v 15.470010757446289 1.8879948854446411 47.219017028808594
v 15.380022048950195 1.6239838600158691 46.52503204345703
v 16.713022232055664 1.3179982900619507 46.741973876953125
v 16.328004837036133 1.4409807920455933 46.884010314941406
v 16.59102439880371 1.4449821710586548 46.9410285949707
v 16.69100570678711 1.465989351272583 46.99599075317383
v 16.755023956298828 1.4729918241500854 47.02098846435547
v 16.78302574157715 1.4719914197921753 47.0350341796875
v 17.10902214050293 1.3219996690750122 46.984004974365234
v 17.133014678955078 1.2529958486557007 46.8859748840332
v 17.142019271850586 1.2179838418960571 46.85002136230469
v 17.146026611328125 1.2019983530044556 46.83401107788086
v 17.150009155273438 1.1919949054718018 46.82399368286133
v 17.221027374267578 1.0329999923706055 46.679988861083984
v 17.257017135620117 1.0999830961227417 46.7750244140625
v 17.321008682250977 1.052986979484558 46.74103546142578
v 17.34302520751953 1.0309993028640747 46.722965240478516
v 17.4160213470459 0.961995542049408 46.663978576660156
v 17.421016693115234 0.896993100643158 46.50096893310547
v 17.49102020263672 0.9109979271888733 46.5970344543457
v 17.220012664794922 1.0279983282089233 46.46595001220703
v 17.18501091003418 1.0499858856201172 46.43795394897461
v 17.075008392333984 1.1099865436553955 46.350975036621094
v 17.052003860473633 1.1229910850524902 46.3329963684082
v 16.945022583007812 1.1759893894195557 46.25200653076172
v 16.94101333618164 1.1799907684326172 46.2490119934082
v 16.901016235351562 1.2569972276687622 46.11895751953125
v 16.884023666381836 1.3239803314208984 45.98197937011719
v 17.59402084350586 0.8439948558807373 46.51295471191406
v 17.59402084350586 0.8449952006340027 46.518009185791016
v 17.533021926879883 0.8619810342788696 46.5090217590332
v 17.53101921081543 0.8879899978637695 46.5720329284668
v 17.521026611328125 0.8909910321235657 46.57297134399414
v 17.51402473449707 0.896993100643158 46.58298873901367
v 17.51402473449707 0.896993100643158 46.58495330810547
v 17.48201560974121 0.9119982719421387 46.606956481933594
v 17.150009155273438 1.0069910287857056 46.93597412109375
v 17.374019622802734 0.8669827580451965 46.81996536254883
v 17.521026611328125 0.8879899978637695 46.57503128051758
v 17.521026611328125 0.8909910321235657 46.57297134399414
v 17.53101921081543 0.8879899978637695 46.5720329284668
v 17.4160213470459 0.961995542049408 46.663978576660156
v 17.34302520751953 1.0309993028640747 46.722965240478516
v 17.321008682250977 1.052986979484558 46.74103546142578
v 17.257017135620117 1.0999830961227417 46.7750244140625
v 17.150009155273438 1.1919949054718018 46.82399368286133
v 17.146026611328125 1.2019983530044556 46.83401107788086
v 16.948015213012695 0.7159907221794128 47.840999603271484
v 16.967012405395508 0.859000027179718 47.73997497558594
v 16.996028900146484 1.0089917182922363 47.583988189697266
v 17.016014099121094 1.1259920597076416 47.477996826171875
v 17.142019271850586 1.2179838418960571 46.85002136230469
v 17.032018661499023 1.2909890413284302 47.388954162597656
v 17.133014678955078 1.2529958486557007 46.8859748840332
v 17.10902214050293 1.3219996690750122 46.984004974365234
v 17.035011291503906 1.3379851579666138 47.360023498535156
v 17.106029510498047 1.3809800148010254 46.982975006103516
v 17.032018661499023 1.4149917364120483 47.3010368347168
v 17.06100845336914 1.4939990043640137 47.091026306152344
v 17.024002075195312 1.4999810457229614 47.22697448730469
v 17.023014068603516 1.5169869661331177 47.21096420288086
v 17.083024978637695 1.7379831075668335 47.159000396728516
v 17.135019302368164 1.840998649597168 47.0679931640625
v 17.112014770507812 1.8279942274093628 47.144954681396484
v 17.115007400512695 1.8389979600906372 47.144954681396484
v 17.08102035522461 1.9589793682098389 47.02595138549805
v 17.090024948120117 1.4649890661239624 46.982975006103516
v 17.14501190185547 1.5979949235916138 46.967994689941406
v 17.257017135620117 1.855983853340149 46.928951263427734
v 15.957014083862305 1.5189876556396484 46.90095520019531
v 16.048017501831055 1.4559859037399292 46.86800003051758
v 15.953006744384766 1.2119817733764648 46.953948974609375
v 16.05501937866211 1.4549856185913086 46.8650016784668
v 16.012001037597656 1.1919949054718018 46.96397018432617
v 16.15000343322754 1.4529849290847778 46.869964599609375
v 16.328004837036133 1.4409807920455933 46.884010314941406
v 16.030010223388672 1.1939955949783325 46.96696472167969
v 16.111021041870117 1.1829917430877686 46.991966247558594
v 16.533018112182617 1.32798171043396 46.998985290527344
v 16.474023818969727 1.085998296737671 47.03999710083008
v 16.48401641845703 1.085998296737671 47.044960021972656
v 16.493019104003906 1.0819969177246094 47.05095291137695
v 16.91800880432129 1.2159831523895264 47.239990234375
v 16.501008987426758 1.0719934701919556 47.0579719543457
v 16.544025421142578 1.0229965448379517 47.09701919555664
v 16.567005157470703 0.9719989895820618 47.176979064941406
v 16.56801986694336 0.969998300075531 47.17997360229492
v 16.919025421142578 0.9629958868026733 47.52902603149414
v 16.62800407409668 0.8129841685295105 47.56797790527344
v 16.626026153564453 0.8099831342697144 47.57396697998047
v 16.630006790161133 0.7169910669326782 47.66703796386719
v 16.64400863647461 0.6369834542274475 47.74999237060547
v 16.702014923095703 0.5949889421463013 47.81300735473633
v 16.798015594482422 0.5710006952285767 47.87096405029297
v 16.967012405395508 0.859000027179718 47.73997497558594
v 16.996028900146484 1.0089917182922363 47.583988189697266
v 17.016014099121094 1.1259920597076416 47.477996826171875
v 17.032018661499023 1.2909890413284302 47.388954162597656
v 17.035011291503906 1.3379851579666138 47.360023498535156
v 17.032018661499023 1.4149917364120483 47.3010368347168
v 17.024002075195312 1.4999810457229614 47.22697448730469
v 17.023014068603516 1.5169869661331177 47.21096420288086
v 16.99001693725586 1.725978970527649 46.98999786376953
v 17.083024978637695 1.7379831075668335 47.159000396728516
v 16.99001693725586 1.726979374885559 46.98999786376953
v 17.112014770507812 1.8279942274093628 47.144954681396484
v 16.991004943847656 1.7299803495407104 46.98896789550781
v 17.115007400512695 1.8389979600906372 47.144954681396484
v 17.08102035522461 1.9589793682098389 47.02595138549805
v 17.00102424621582 1.783979058265686 46.988033294677734
v 16.98902702331543 1.856984257698059 46.96397018432617
v 16.97401237487793 1.898998737335205 46.944026947021484
v 16.963003158569336 2.0229814052581787 46.87801742553711
v 16.59102439880371 1.4449821710586548 46.9410285949707
v 16.69100570678711 1.465989351272583 46.99599075317383
v 16.755023956298828 1.4729918241500854 47.02098846435547
v 16.78302574157715 1.4719914197921753 47.0350341796875
v 16.803010940551758 1.4959796667099 47.031009674072266
v 16.83902931213379 1.5439962148666382 47.02098846435547
v 18.686017990112305 0.4419962167739868 46.45096969604492
v 18.523008346557617 0.3939996659755707 46.47297286987305
v 18.683027267456055 0.46898552775382996 46.462955474853516
v 18.685029983520508 0.5019968748092651 46.47597122192383
v 18.337017059326172 0.2840017080307007 46.475032806396484
v 18.373008728027344 0.2820010185241699 46.46501541137695
v 18.36202621459961 0.2729979157447815 46.46201705932617
v 18.340009689331055 0.25499171018600464 46.45799255371094
v 18.3060245513916 0.23998653888702393 46.459022521972656
v 18.238025665283203 0.22898274660110474 46.431026458740234
v 18.230009078979492 0.17998583614826202 46.42400360107422
v 18.245025634765625 0.25899308919906616 46.44095230102539
v 15.964014053344727 1.1919949054718018 46.96200180053711
v 15.944002151489258 1.189994215965271 46.96200180053711
v 15.644002914428711 1.209981083869934 47.10300827026367
v 15.868013381958008 1.5809890031814575 46.93400573730469
v 15.605020523071289 1.2069799900054932 47.12201690673828
v 15.457025527954102 1.25099515914917 47.18596649169922
v 15.675024032592773 1.7189966440200806 47.01396942138672
v 15.534002304077148 1.8439797163009644 47.114994049072266
v 15.516020774841309 1.8659873008728027 47.139991760253906
v 15.48401165008545 1.8929966688156128 47.183998107910156
v 15.481019020080566 1.8919962644577026 47.188026428222656
v 15.43602466583252 1.1579831838607788 47.26002883911133
v 15.578007698059082 1.205999732017517 47.139991760253906
v 15.594012260437012 1.205999732017517 47.129974365234375
v 17.163021087646484 1.8709890842437744 47.21096420288086
v 17.235027313232422 1.9469952583312988 47.64203643798828
v 17.24002456665039 1.9499962329864502 47.65196228027344
v 17.74602508544922 0.07699032127857208 46.10500717163086
v 17.739025115966797 0.07298894226551056 46.1669921875
v 17.404024124145508 0.2859824001789093 46.1629638671875
v 17.739025115966797 0.07298894226551056 46.1669921875
v 17.917024612426758 -0.009999679401516914 46.03497314453125
v 17.905029296875 -0.06699933856725693 45.95997619628906
v 17.919029235839844 -0.061997611075639725 45.965965270996094
v 17.92100715637207 -0.0629979595541954 45.96297073364258
v 17.135019302368164 1.840998649597168 47.0679931640625
v 16.963003158569336 2.0229814052581787 46.87801742553711
v 17.08102035522461 1.9589793682098389 47.02595138549805
v 16.963003158569336 2.0229814052581787 46.87801742553711
v 17.257017135620117 1.855983853340149 46.928951263427734
v 17.135019302368164 1.840998649597168 47.0679931640625
v 13.580002784729004 1.0249972343444824 46.95198440551758
v 13.546016693115234 1.12199068069458 46.840003967285156
v 13.582006454467773 1.0910000801086426 46.83101272583008
v 13.582006454467773 1.105985164642334 46.82296371459961
v 13.582006454467773 1.12199068069458 46.810977935791016
v 13.581018447875977 1.1619845628738403 46.77296447753906
v 13.590022087097168 1.181991457939148 46.747962951660156
v 16.963003158569336 2.0229814052581787 46.87801742553711
v 17.257017135620117 1.855983853340149 46.928951263427734
v 16.97401237487793 1.898998737335205 46.944026947021484
v 16.98902702331543 1.856984257698059 46.96397018432617
v 17.00102424621582 1.783979058265686 46.988033294677734
v 16.991004943847656 1.7299803495407104 46.98896789550781
v 16.99001693725586 1.726979374885559 46.98999786376953
v 16.99001693725586 1.725978970527649 46.98999786376953
v 16.83902931213379 1.5439962148666382 47.02098846435547
v 17.14501190185547 1.5979949235916138 46.967994689941406
v 16.803010940551758 1.4959796667099 47.031009674072266
v 17.090024948120117 1.4649890661239624 46.982975006103516
v 17.106029510498047 1.3809800148010254 46.982975006103516
v 16.78302574157715 1.4719914197921753 47.0350341796875
v 17.10902214050293 1.3219996690750122 46.984004974365234
v 14.021023750305176 2.3529951572418213 45.79499816894531
v 14.077880859375 2.303978443145752 45.70473861694336
v 14.076277732849121 2.303978443145752 45.71017074584961
v 14.080018043518066 2.3006973266601562 45.70446014404297
v 14.085549354553223 2.295795440673828 45.6960334777832
v 14.109007835388184 2.2749884128570557 45.65998458862305
v 14.121833801269531 2.264124631881714 45.6392936706543
v 14.121699333190918 2.2641847133636475 45.63957214355469
v 14.121699333190918 2.2640445232391357 45.64004135131836
v 14.120978355407715 2.264624834060669 45.64097595214844
v 14.117558479309082 2.2677857875823975 45.64715576171875
v 14.120444297790527 2.265044927597046 45.641727447509766
v 14.120390892028809 2.265084981918335 45.64181900024414
v 14.118012428283691 2.2669856548309326 45.64500427246094
v 14.115821838378906 2.2689461708068848 45.64865493774414
v 14.115795135498047 2.2689661979675293 45.64865493774414
v 14.109007835388184 2.2749884128570557 45.65998458862305
v 14.324014663696289 2.0919852256774902 45.314022064208984
v 14.122020721435547 2.2639846801757812 45.63901138305664
v 14.122581481933594 2.2632644176483154 45.63854217529297
v 14.34902286529541 2.0729787349700928 45.298946380615234
v 14.34902286529541 2.0729787349700928 45.298946380615234
v 14.122688293457031 2.26332426071167 45.63798141479492
v 14.124211311340332 2.2617838382720947 45.63573455810547
v 14.122528076171875 2.2634644508361816 45.63826370239258
v 14.122608184814453 2.2632243633270264 45.638450622558594
v 14.122314453125 2.263664484024048 45.63863754272461
v 14.12228775024414 2.263704538345337 45.63854217529297
v 14.34902286529541 2.0729787349700928 45.298946380615234
v 14.12274169921875 2.2633042335510254 45.63788604736328
v 14.324014663696289 2.0919852256774902 45.314022064208984
v 14.122020721435547 2.2639846801757812 45.63901138305664
v 14.021023750305176 2.3529951572418213 45.79499816894531
v 14.076277732849121 2.303978443145752 45.71017074584961
v 14.34902286529541 2.0729787349700928 45.298946380615234
v 14.080018043518066 2.3006973266601562 45.70446014404297
v 14.085549354553223 2.295795440673828 45.6960334777832
v 14.117558479309082 2.2677857875823975 45.64715576171875
v 14.109007835388184 2.2749884128570557 45.65998458862305
v 17.945026397705078 -0.15200865268707275 45.96100616455078
v 17.92100715637207 -0.0629979595541954 45.96297073364258
v 17.905029296875 -0.06699933856725693 45.95997619628906
v 14.122581481933594 2.2632644176483154 45.63854217529297
v 14.120444297790527 2.265044927597046 45.641727447509766
v 14.122608184814453 2.2632243633270264 45.638450622558594
v 14.118012428283691 2.2669856548309326 45.64500427246094
v 14.124211311340332 2.2617838382720947 45.63573455810547
v 14.122528076171875 2.2634644508361816 45.63826370239258
v 14.122528076171875 2.2634644508361816 45.63816833496094
v 18.02301788330078 0.3769937753677368 43.19301986694336
v 17.80902862548828 0.3159927427768707 42.09202575683594
v 18.630016326904297 0.20499446988105774 42.693973541259766
v 18.34701156616211 0.25999343395233154 47.20703125
v 18.42901039123535 0.2359851598739624 47.2419548034668
v 18.361011505126953 0.21999964118003845 47.22603988647461
v 18.423025131225586 0.20299378037452698 47.251976013183594
v 18.393020629882812 0.1809861809015274 47.25000762939453
v 18.323017120361328 0.21899929642677307 47.21396255493164
v 18.380008697509766 0.1680017113685608 47.239990234375
v 18.376028060913086 0.1629999876022339 47.236995697021484
v 18.318021774291992 0.1759844571352005 47.204036712646484
v 18.329029083251953 0.16099929809570312 47.20497131347656
v 18.365018844604492 0.15099585056304932 47.22397994995117
v 18.376028060913086 0.16099929809570312 47.21995544433594
v 18.373008728027344 0.15399688482284546 47.19701385498047
v 18.361011505126953 0.21999964118003845 47.22603988647461
v 18.373008728027344 0.15499722957611084 47.19495391845703
v 18.371004104614258 0.1569979190826416 47.18999099731445
v 18.34701156616211 0.21999964118003845 47.15094757080078
v 18.359006881713867 0.1619996428489685 47.13802719116211
v 18.224023818969727 0.43999552726745605 46.825958251953125
v 18.098018646240234 0.6439858675003052 46.46595001220703
v 18.305007934570312 0.18498757481575012 46.91996383666992
v 18.302017211914062 0.20099309086799622 46.835975646972656
v 18.296005249023438 0.21499791741371155 46.803955078125
v 18.290019989013672 0.2359851598739624 46.719032287597656
v 18.285022735595703 0.25999343395233154 46.562950134277344
v 18.258010864257812 0.32499584555625916 46.4539680480957
v 18.27102279663086 0.2579927444458008 46.51201629638672
v 18.256006240844727 0.2220003306865692 46.46903991699219
v 18.245025634765625 0.25899308919906616 46.44095230102539
v 18.238025665283203 0.22898274660110474 46.431026458740234
v 18.230009078979492 0.17998583614826202 46.42400360107422
v 18.34701156616211 0.25999343395233154 47.20703125
v 18.230009078979492 0.2849820554256439 46.40303039550781
v 18.14301300048828 0.6300010681152344 46.67596435546875
v 18.042015075683594 0.6789979338645935 46.478031158447266
v 18.021015167236328 0.6959838271141052 46.550968170166016
v 18.010005950927734 0.7029862403869629 46.55302810668945
v 17.95600700378418 0.7359976172447205 46.54899978637695
v 17.88800811767578 0.6929827928543091 46.37999725341797
v 17.947031021118164 0.6479872465133667 46.35303497314453
v 17.95301628112793 0.6389841437339783 46.34395217895508
v 17.958011627197266 0.6139955520629883 46.33702087402344
v 17.977008819580078 0.5059982538223267 46.30500030517578
v 17.981016159057617 0.47398725152015686 46.29395294189453
v 18.1190185546875 0.31499239802360535 46.3349609375
v 18.09900665283203 0.2919844686985016 46.30902862548828
v 17.99600601196289 0.32499584555625916 46.240020751953125
v 17.97602081298828 0.2669958472251892 46.19695281982422
v 18.065019607543945 0.2569923996925354 46.2569694519043
v 18.009017944335938 0.2119968831539154 46.181034088134766
v 17.987028121948242 0.18398721516132355 46.143959045410156
v 17.919029235839844 0.0709882527589798 46.009037017822266
v 17.928007125854492 0.05698342248797417 46.00501251220703
v 18.15102767944336 0.3029882609844208 46.35602951049805
v 18.258010864257812 0.32499584555625916 46.4539680480957
v 18.224023818969727 0.2849820554256439 46.39900588989258
v 18.230009078979492 0.2849820554256439 46.40303039550781
v 18.42901039123535 0.2359851598739624 47.2419548034668
v 18.34701156616211 0.25999343395233154 47.20703125
v 18.431015014648438 0.23198378086090088 47.23896026611328
v 18.34701156616211 0.21999964118003845 47.15094757080078
v 18.323017120361328 0.21899929642677307 47.21396255493164
v 18.318021774291992 0.1759844571352005 47.204036712646484
v 18.361011505126953 0.21999964118003845 47.22603988647461
v 18.329029083251953 0.16099929809570312 47.20497131347656
v 18.35801887512207 0.1469944715499878 47.21096420288086
v 18.357030868530273 0.14499376714229584 47.21096420288086
v 18.35101890563965 0.1359906643629074 47.20703125
v 18.14702033996582 0.2909841239452362 47.17098617553711
v 18.377016067504883 0.1619996428489685 47.24102020263672
v 18.365018844604492 0.15099585056304932 47.22397994995117
v 18.360023498535156 0.14799481630325317 47.21199417114258
v 18.376028060913086 0.16099929809570312 47.21995544433594
v 14.122528076171875 2.2634644508361816 45.63826370239258
v 14.122688293457031 2.26332426071167 45.63798141479492
v 14.122314453125 2.263664484024048 45.63863754272461
v 15.020012855529785 1.1999976634979248 46.67203140258789
v 15.049002647399902 1.1799907684326172 46.70002746582031
v 15.036017417907715 1.1989972591400146 46.678958892822266
v 15.056002616882324 1.1909945011138916 46.694969177246094
v 15.135009765625 1.1429979801177979 46.722965240478516
v 15.218025207519531 0.9989883303642273 46.79899215698242
v 15.049002647399902 1.1799907684326172 46.70002746582031
v 15.020012855529785 1.1999976634979248 46.67203140258789
v 14.80099868774414 1.31699800491333 46.70695495605469
v 15.056002616882324 1.1749889850616455 46.65901565551758
v 15.036017417907715 1.1989972591400146 46.678958892822266
v 15.056002616882324 1.1909945011138916 46.694969177246094
v 15.135009765625 1.1429979801177979 46.722965240478516
v 15.264008522033691 1.021996259689331 46.66800308227539
v 15.139018058776855 1.1449986696243286 46.734012603759766
v 14.80099868774414 1.31699800491333 46.70695495605469
v 15.056002616882324 1.1749889850616455 46.65901565551758
v 15.049002647399902 1.1799907684326172 46.70002746582031
v 14.06500244140625 2.400991916656494 45.558956146240234
v 14.07900333404541 2.377983808517456 45.58198928833008
v 13.980010032653809 2.3639791011810303 45.52403259277344
v 14.00301456451416 2.2399961948394775 45.60895538330078
v 13.825014114379883 2.319983959197998 45.48002624511719
v 13.741010665893555 2.7769815921783447 45.855953216552734
v 13.96200180053711 2.434983491897583 45.49397659301758
v 14.239022254943848 2.6669836044311523 45.52403259277344
v 13.715012550354004 3.3739874362945557 45.56597900390625
v 13.961012840270996 2.4539902210235596 45.484989166259766
v 14.122608184814453 2.2632243633270264 45.638450622558594
v 14.122581481933594 2.2632644176483154 45.63854217529297
v 14.34902286529541 2.0729787349700928 45.298946380615234
v 15.148022651672363 -0.8840011358261108 47.639976501464844
v 14.812006950378418 -0.7589979767799377 47.698028564453125
v 14.920003890991211 -0.6740086674690247 47.72901916503906
v 14.479010581970215 -0.4970076382160187 47.576026916503906
v 14.748015403747559 -1.195008397102356 47.48398971557617
v 14.418011665344238 -1.024009346961975 47.364986419677734
v 14.703021049499512 -1.6460039615631104 47.03896713256836
v 14.964010238647461 -1.5699976682662964 47.192989349365234
v 15.172016143798828 -1.230000376701355 47.452999114990234
v 14.920003890991211 -0.6740086674690247 47.72901916503906
v 14.460013389587402 -0.41800040006637573 47.66600799560547
v 14.177007675170898 -0.41700005531311035 47.43099594116211
v 13.987998962402344 -0.6690069437026978 47.11396408081055
v 14.369009017944336 -1.3730098009109497 46.9410285949707
v 13.978006362915039 -1.0120052099227905 46.87202453613281
v 14.325002670288086 -1.4009994268417358 46.85694885253906
v 14.667003631591797 -1.6730132102966309 46.634952545166016
v 14.050013542175293 -1.3560038805007935 46.550968170166016
v 14.483017921447754 -1.5059956312179565 46.35303497314453
v 14.2760009765625 -1.287000060081482 46.111000061035156
v 13.9390230178833 -1.0120052099227905 46.884010314941406
v 14.325002670288086 -1.4009994268417358 46.85694885253906
v 13.9390230178833 -1.0120052099227905 46.884010314941406
v 13.987998962402344 -0.6690069437026978 47.11396408081055
v 13.86600112915039 -0.292997270822525 47.4940071105957
v 14.144998550415039 -0.42200177907943726 47.451969146728516
v 14.499022483825684 -0.14100486040115356 47.62995910644531
v 13.978006362915039 -1.0120052099227905 46.87202453613281
v 14.177007675170898 -0.41700005531311035 47.43099594116211
v 14.460013389587402 -0.41800040006637573 47.66600799560547
v 18.35101890563965 0.1359906643629074 47.20703125
v 18.14702033996582 0.2909841239452362 47.17098617553711
v 18.360023498535156 0.1459941267967224 47.219017028808594
v 18.377016067504883 0.1619996428489685 47.24102020263672
v 18.431015014648438 0.23198378086090088 47.23896026611328
v 18.34701156616211 0.21999964118003845 47.15094757080078
v 18.437026977539062 0.24998998641967773 47.22997283935547
v 18.404027938842773 0.6270000338554382 46.879981994628906
v 18.499013900756836 0.47498759627342224 47.129974365234375
v 18.50502586364746 0.5199831128120422 47.10197830200195
v 18.511011123657227 0.5379893183708191 47.0949592590332
v 18.575029373168945 0.7879955172538757 46.9759521484375
v 18.40100860595703 0.8729848265647888 46.6889762878418
v 18.590017318725586 0.8499969244003296 46.94898986816406
v 18.615026473999023 0.9449896812438965 46.900020599365234
v 18.64401626586914 1.0309993028640747 46.863037109375
v 18.66002082824707 1.0799962282180786 46.84196853637695
v 18.671030044555664 1.1799907684326172 46.76996612548828
v 18.679018020629883 1.1669862270355225 46.80901336669922
v 18.678030014038086 1.1519811153411865 46.82296371459961
v 18.224023818969727 0.43999552726745605 46.825958251953125
v 18.64401626586914 1.209981083869934 46.71097946166992
v 18.46200942993164 0.9750000238418579 46.68701171875
v 18.472028732299805 0.9889848232269287 46.68794631958008
v 18.443012237548828 0.956993818283081 46.6810188293457
v 18.41402244567871 0.9389876127243042 46.66997146606445
v 18.3950252532959 0.9319851994514465 46.666038513183594
v 18.08700942993164 0.7589855194091797 46.562950134277344
v 18.02301788330078 0.7119893431663513 46.54497528076172
v 18.035015106201172 0.7369979619979858 46.543006896972656
v 17.997020721435547 0.7339969277381897 46.54197692871094
v 17.96100425720215 0.7349972724914551 46.547969818115234
v 18.010005950927734 0.7029862403869629 46.55302810668945
v 17.95600700378418 0.7359976172447205 46.54899978637695
v 18.021015167236328 0.6959838271141052 46.550968170166016
v 18.14301300048828 0.6300010681152344 46.67596435546875
v 18.021015167236328 0.6959838271141052 46.550968170166016
v 16.332012176513672 0.7549841403961182 46.61697769165039
v 16.333026885986328 0.7549841403961182 46.61800765991211
v 16.333026885986328 0.7549841403961182 46.61697769165039
v 15.50236701965332 0.16572092473506927 0.003000000026077032
v 15.55770206451416 0.680098295211792 0.003000000026077032
v 15.38336181640625 -0.0033373821061104536 0.003000000026077032
v 14.658614158630371 3.290118455886841 0.003000000026077032
v 15.010848045349121 -0.5278182625770569 0.003000000026077032
v 14.80882740020752 -0.804313600063324 0.003000000026077032
v 13.969615936279297 -1.3103281259536743 0.003000000026077032
v 13.85472583770752 4.179485321044922 0.003000000026077032
v 13.25526237487793 4.684739589691162 0.003000000026077032
v 12.047224998474121 5.213001728057861 0.003000000026077032
v 13.791241645812988 -1.4922908544540405 0.003000000026077032
v 12.926140785217285 -1.995444416999817 0.003000000026077032
v 11.644866943359375 5.380459308624268 0.003000000026077032
v 11.42590618133545 5.409109115600586 0.003000000026077032
v 12.585662841796875 -2.283663749694824 0.003000000026077032
v 12.059969902038574 -2.4925758838653564 0.003000000026077032
v 11.650531768798828 -3.0394845008850098 0.003000000026077032
v 10.753901481628418 -3.329444408416748 0.003000000026077032
v 10.187917709350586 -3.548379898071289 0.003000000026077032
v 9.834427833557129 -3.5390167236328125 0.003000000026077032
v 8.893898963928223 -3.4324800968170166 0.003000000026077032
v 8.273889541625977 -2.8664448261260986 0.003000000026077032
v 8.066204071044922 -2.7055892944335938 0.003000000026077032
v 7.536851406097412 -1.9268807172775269 0.003000000026077032
v 7.1794610023498535 -1.1540942192077637 0.003000000026077032
v 11.091333389282227 5.420012950897217 0.003000000026077032
v 10.294578552246094 5.4675092697143555 0.003000000026077032
v 9.711254119873047 5.410409927368164 0.003000000026077032
v 9.452348709106445 5.325820446014404 0.003000000026077032
v 9.177145004272461 5.175688743591309 0.003000000026077032
v 8.738048553466797 4.907556056976318 0.003000000026077032
v 6.600330829620361 0.14935527741909027 0.003000000026077032
v 6.355960845947266 1.6817837953567505 0.003000000026077032
v 6.331699848175049 1.8727096319198608 0.003000000026077032
v 6.612995624542236 2.8933017253875732 0.003000000026077032
v 7.931915760040283 4.605192184448242 0.003000000026077032
v 7.725646495819092 4.484930515289307 0.003000000026077032
v 6.859102249145508 3.526059865951538 0.003000000026077032
v 14.871028900146484 3.0897693634033203 0.003000000026077032
v 15.341519355773926 2.2803902626037598 0.003000000026077032
v 15.59564208984375 1.4326179027557373 0.003000000026077032
v 15.467792510986328 2.0681769847869873 0.003000000026077032
v 15.665565490722656 1.1171890497207642 0.003000000026077032
v 14.122020721435547 2.2639846801757812 45.63901138305664
v 14.121833801269531 2.264124631881714 45.6392936706543
v 14.324014663696289 2.0919852256774902 45.314022064208984
v 16.961027145385742 0.6229986548423767 47.920963287353516
v 16.94200325012207 0.6069931387901306 47.92301940917969
v 16.947025299072266 0.6779975891113281 47.868995666503906
v 16.948015213012695 0.7159907221794128 47.840999603271484
v 16.873014450073242 0.48599138855934143 47.97901153564453
v 16.77800178527832 0.5130006670951843 47.84999084472656
v 16.453022003173828 0.7899962067604065 47.755985260009766
v 16.863021850585938 0.45500069856643677 47.96796417236328
v 16.863021850585938 0.44999897480010986 47.96000671386719
v 16.863021850585938 0.4479982852935791 47.958038330078125
v 16.860002517700195 0.4429965615272522 47.942962646484375
v 16.755023956298828 0.497995525598526 47.77302551269531
v 16.824012756347656 0.3929993212223053 47.87096405029297
v 16.81802749633789 0.38099515438079834 47.857948303222656
v 16.64400863647461 0.6369834542274475 47.74999237060547
v 16.702014923095703 0.5949889421463013 47.81300735473633
v 16.696002960205078 0.6049923896789551 47.814971923828125
v 16.702014923095703 0.5949889421463013 47.81300735473633
v 16.798015594482422 0.5710006952285767 47.87096405029297
v 16.696002960205078 0.6049923896789551 47.814971923828125
v 16.453022003173828 0.7899962067604065 47.755985260009766
v 16.453022003173828 0.7899962067604065 47.755985260009766
v 16.77800178527832 0.5130006670951843 47.84999084472656
v 16.696002960205078 0.6049923896789551 47.814971923828125
v 14.122528076171875 2.2634644508361816 45.63816833496094
v 14.12274169921875 2.2633042335510254 45.63788604736328
v 14.324014663696289 2.0919852256774902 45.314022064208984
v 14.018004417419434 2.304978609085083 45.47703170776367
v 14.156006813049316 1.9709835052490234 45.46195602416992
v 13.896005630493164 1.9379920959472656 45.165992736816406
v 14.401018142700195 1.4729918241500854 45.29201889038086
v 14.477005958557129 1.2939900159835815 44.82695770263672
v 16.98101234436035 0.5389896631240845 47.732017517089844
v 17.21202278137207 0.588986873626709 47.497005462646484
v 17.178009033203125 0.5749820470809937 47.423973083496094
v 17.179025650024414 0.5749820470809937 47.423038482666016
v 17.219022750854492 0.5669993162155151 47.42799758911133
v 17.25202178955078 0.5579962134361267 47.423973083496094
v 17.274009704589844 0.5459920763969421 47.40196990966797
v 17.219022750854492 0.5589965581893921 47.43998336791992
v 17.585018157958984 0.44499725103378296 47.15497589111328
v 14.06299877166748 2.4039928913116455 45.56101608276367
v 13.825014114379883 2.319983959197998 45.48002624511719
v 13.741010665893555 2.7769815921783447 45.855953216552734
v 13.978006362915039 -1.0120052099227905 46.87202453613281
v 13.9390230178833 -1.0120052099227905 46.884010314941406
v 14.369009017944336 -1.3730098009109497 46.9410285949707
v 16.961027145385742 0.6229986548423767 47.920963287353516
v 17.186025619506836 0.6599913835525513 47.37097930908203
v 16.947025299072266 0.6779975891113281 47.868995666503906
v 17.317028045654297 0.7539837956428528 47.057037353515625
v 17.222015380859375 0.629000723361969 47.31395721435547
v 17.220012664794922 0.6270000338554382 47.31901550292969
v 17.204008102416992 0.5959892868995667 47.364986419677734
v 17.18501091003418 0.5869861841201782 47.40496826171875
v 17.179025650024414 0.575982391834259 47.42097854614258
v 16.988012313842773 0.596989631652832 47.75402069091797
v 17.178009033203125 0.5749820470809937 47.423038482666016
v 17.404024124145508 0.2859824001789093 46.1629638671875
v 17.74602508544922 0.07699032127857208 46.10500717163086
v 17.644012451171875 0.14299307763576508 46.16596221923828
v 17.744020462036133 0.08299238979816437 46.159969329833984
v 17.75802230834961 0.07398928701877594 46.14994812011719
v 17.87702751159668 0.018990319222211838 46.06203079223633
v 17.899017333984375 0.00498548848554492 45.949954986572266
v 17.178009033203125 0.5749820470809937 47.423973083496094
v 16.988012313842773 0.596989631652832 47.75402069091797
v 17.178009033203125 0.5749820470809937 47.423038482666016
v 14.239022254943848 2.6669836044311523 45.52403259277344
v 13.294004440307617 3.2289774417877197 44.42996597290039
v 13.715012550354004 3.3739874362945557 45.56597900390625
v 15.187005043029785 0.49999621510505676 46.4000358581543
v 15.17901611328125 0.497995525598526 46.390953063964844
v 15.198013305664062 0.4939941465854645 46.36501693725586
v 15.145003318786621 0.4879920780658722 46.359962463378906
v 15.114008903503418 0.47898897528648376 46.328033447265625
v 18.798023223876953 1.0539872646331787 46.547969818115234
v 18.745014190673828 1.108986258506775 46.62297058105469
v 18.85603141784668 0.9659969210624695 46.488983154296875
v 18.49700927734375 1.3449876308441162 46.550968170166016
v 18.534015655517578 1.273983120918274 46.606956481933594
v 18.48100471496582 1.2399914264678955 46.58598327636719
v 18.47702407836914 1.2479941844940186 46.57896423339844
v 18.488006591796875 1.2999920845031738 46.56398010253906
v 18.344018936157227 1.3939845561981201 46.488983154296875
v 18.463024139404297 1.178990364074707 46.5989990234375
v 18.476009368896484 1.2409917116165161 46.581024169921875
v 18.448007583618164 1.25199556350708 46.56997299194336
v 18.706005096435547 1.1659859418869019 46.7139778137207
v 18.534015655517578 1.273983120918274 46.606956481933594
v 18.745014190673828 1.108986258506775 46.62297058105469
v 18.488006591796875 1.2999920845031738 46.56398010253906
v 18.344018936157227 1.3939845561981201 46.488983154296875
v 18.448007583618164 1.25199556350708 46.56997299194336
v 18.476009368896484 1.2409917116165161 46.581024169921875
v 18.798023223876953 1.0539872646331787 46.547969818115234
v 18.48100471496582 1.2399914264678955 46.58598327636719
v 18.745014190673828 1.108986258506775 46.62297058105469
v 16.44901466369629 0.808982789516449 46.56997299194336
v 16.332012176513672 0.7549841403961182 46.61697769165039
v 16.333026885986328 0.7549841403961182 46.61697769165039
v 15.011008262634277 1.7809979915618896 44.708984375
v 15.400007247924805 1.4609876871109009 43.022987365722656
v 15.42400074005127 1.4229944944381714 43.19695281982422
v 18.706005096435547 1.1659859418869019 46.7139778137207
v 18.49700927734375 1.3449876308441162 46.550968170166016
v 18.534015655517578 1.273983120918274 46.606956481933594
v 18.344018936157227 1.3939845561981201 46.488983154296875
v 18.745014190673828 1.108986258506775 46.62297058105469
v 18.47702407836914 1.2479941844940186 46.57896423339844
v 18.48100471496582 1.2399914264678955 46.58598327636719
v 20.274024963378906 0.8449952006340027 46.44703674316406
v 20.1770076751709 1.4839955568313599 46.287025451660156
v 20.321022033691406 0.9750000238418579 46.39198303222656
v 19.450016021728516 0.6270000338554382 46.259029388427734
v 19.517026901245117 0.5779830813407898 46.25200653076172
v 19.475025177001953 0.6009910106658936 46.238990783691406
v 19.539016723632812 0.5449917316436768 46.194984436035156
v 19.685009002685547 0.4809896647930145 46.15903091430664
v 19.909019470214844 0.4629834294319153 46.274009704589844
v 19.450016021728516 0.6270000338554382 46.259029388427734
v 19.423030853271484 0.6419851779937744 46.26895523071289
v 19.517026901245117 0.5779830813407898 46.25200653076172
v 19.517026901245117 0.5779830813407898 46.25200653076172
v 19.867015838623047 0.5239844918251038 46.23599624633789
v 19.423030853271484 0.6419851779937744 46.26895523071289
v 19.991018295288086 0.5839851498603821 46.290958404541016
v 19.909019470214844 0.4629834294319153 46.274009704589844
v 19.517026901245117 0.5779830813407898 46.25200653076172
v 19.991018295288086 0.5839851498603821 46.290958404541016
v 19.867015838623047 0.5239844918251038 46.23599624633789
v 19.517026901245117 0.5779830813407898 46.25200653076172
v 20.321022033691406 0.9750000238418579 46.39198303222656
v 19.867015838623047 0.5239844918251038 46.23599624633789
v 19.89402961730957 0.38999825716018677 46.10697555541992
v 19.423030853271484 0.6419851779937744 46.26895523071289
v 19.450016021728516 0.6270000338554382 46.259029388427734
v 19.685009002685547 0.4809896647930145 46.15903091430664
v 19.475025177001953 0.6009910106658936 46.238990783691406
v 19.539016723632812 0.5449917316436768 46.194984436035156
v 19.62702751159668 0.4659844636917114 46.13496780395508
v 19.615032196044922 0.453000009059906 46.13300323486328
v 19.533031463623047 0.36498963832855225 46.11699295043945
v 19.33702278137207 0.24998998641967773 46.100982666015625
v 19.344022750854492 0.27099722623825073 46.10603713989258
v 19.343008041381836 0.3319982588291168 46.11895751953125
v 19.34902000427246 0.36398929357528687 46.12495040893555
vn 0.2952016592025757 0.9329499006271362 0.2060592919588089
vn 0.47424817085266113 0.8667299747467041 0.15449213981628418
vn 0.2865736782550812 0.9455198049545288 0.15449213981628418
vn 0.2775801718235016 0.9569259285926819 0.08510008454322815
vn 0.1466177999973297 0.9763622879981995 0.15880759060382843
vn 0.0735248327255249 0.9955494403839111 0.058952588587999344
vn -0.15791665017604828 0.987392008304596 0.010923261754214764
vn -0.21914242208003998 0.969825029373169 -0.10684575140476227
vn -1.0291221271430812e-13 0.995171308517456 -0.0981530249118805
vn 0.25390365719795227 0.9670296907424927 -0.01966099627315998
vn 0.500879168510437 0.8625145554542542 0.07203252613544464
vn 0.011327626183629036 0.9927250742912292 -0.11986933648586273
vn 0.17467068135738373 0.9809424877166748 -0.08510008454322815
vn 0.3685375154018402 0.9291790127754211 -0.028397228568792343
vn 0.4103648066520691 0.9117932319641113 -0.0152922747656703
vn 0.5301722288131714 0.8478196263313293 -0.010923261754214764
vn -0.3332454562187195 0.9278550148010254 -0.16742929816246033
vn -0.016981827095150948 0.9981163144111633 -0.058952588587999344
vn 0.1950526088476181 0.9805957078933716 0.01966099627315998
vn -0.0471438430249691 0.996879518032074 0.0633138045668602
vn -0.23915062844753265 0.9702722430229187 -0.03713129088282585
vn -0.5708832144737244 0.8178653120994568 -0.07203252613544464
vn -0.49925440549850464 0.8647339940071106 0.05459024757146835
vn -0.71193528175354 0.7012627124786377 0.03713129088282585
vn -0.6186617612838745 0.7757773399353027 0.1242060661315918
vn -0.31144633889198303 0.9390038251876831 0.1458524912595749
vn -0.2429211437702179 0.9673678874969482 0.07203252613544464
vn -0.211560919880867 0.9705126285552979 0.11553031951189041
vn -0.07541158050298691 0.987057626247406 0.1415284425020218
vn 0.2022436112165451 0.9684134125709534 0.1458524912595749
vn 0.4374186098575592 0.8933972120285034 0.10250037163496017
vn 0.5299192070960999 0.8474149703979492 0.03276457265019417
vn 0.6163877248764038 0.7867608666419983 0.03276457265019417
vn 0.6394020318984985 0.7620096802711487 0.10250037163496017
vn 0.5011981725692749 0.8404403328895569 0.2060592919588089
vn 0.3890480697154999 0.8997973203659058 0.1975002884864807
vn 0.15976789593696594 0.9689071774482727 0.18892620503902435
vn 0.29192373156547546 0.9424290060997009 0.16312000155448914
vn 0.5729287266731262 0.8014110326766968 0.17173540592193604
vn 0.416579008102417 0.8973232507705688 0.1458524912595749
vn 0.1670723706483841 0.9668271541595459 0.19321508705615997
vn 0.20433959364891052 0.9704239964485168 0.12854042649269104
vn 0.35046860575675964 0.912651002407074 0.2103329300880432
vn 0.02451976016163826 0.8991397023200989 0.43697428703308105
vn 0.3023853302001953 0.9306463599205017 0.2060592919588089
vn 0.6480036377906799 0.7399794459342957 0.18033768236637115
vn 0.2894158661365509 0.7590382695198059 0.5831804275512695
vn -0.0657879188656807 0.6163216233253479 0.7847417593002319
vn -0.34796980023384094 0.3493022322654724 0.8700028657913208
vn 0.03937675058841705 0.2858865261077881 0.9574540853500366
vn 0.8467950820922852 0.3033011555671692 0.43697428703308105
vn 0.8618441224098206 0.3391176164150238 0.37712597846984863
vn 0.6904725432395935 0.5203083753585815 0.5025205612182617
vn 0.3665909469127655 0.19501447677612305 0.9097144603729248
vn 0.27826377749443054 0.8612895011901855 0.42514660954475403
vn 0.364715576171875 0.9174762964248657 0.15880759060382843
vn 0.4098673462867737 0.8958324193954468 0.17173540592193604
vn 0.42809292674064636 0.8746609687805176 0.22738653421401978
vn 0.6002873182296753 0.7838592529296875 0.15880759060382843
vn 0.42539793252944946 0.8901845216751099 0.16312000155448914
vn 0.6256479024887085 0.7655145525932312 0.15017375349998474
vn 0.7299312353134155 0.679238498210907 0.0763898640871048
vn 0.755874752998352 0.6452056765556335 0.1111890971660614
vn 0.7734150886535645 0.6281616687774658 0.08510008454322815
vn 0.8272009491920471 0.5618000030517578 0.010923261754214764
vn 0.6958663463592529 0.7172107696533203 0.03713129088282585
vn 0.7368679642677307 0.6675399541854858 0.10684575140476227
vn 0.529413104057312 0.8364756107330322 0.1415284425020218
vn 0.5794232487678528 0.8026446104049683 0.1415284425020218
vn 0.24113619327545166 0.961941123008728 0.12854042649269104
vn 0.56291663646698 0.821658730506897 0.08945280313491821
vn 0.28113794326782227 0.9532042741775513 0.1111890971660614
vn -0.07915608584880829 0.9841313362121582 0.15880759060382843
vn 0.46607059240341187 0.8802138566970825 0.08945280313491821
vn 0.05091783404350281 0.991998016834259 0.11553031951189041
vn -0.307964950799942 0.9380499720573425 0.15880759060382843
vn -0.5195627808570862 0.8395443558692932 0.15880759060382843
vn -0.7437461018562317 0.6503644585609436 0.15449213981628418
vn -0.821278989315033 0.5612436532974243 0.10250037163496017
vn -0.9293871521949768 0.3650472164154053 0.05459024757146835
vn -0.8603549003601074 0.5076278448104858 -0.04586252197623253
vn -0.7705885171890259 0.62142014503479 -0.1415284425020218
vn -0.7496526837348938 0.6043838858604431 -0.26970529556274414
vn -0.5799699425697327 0.7834845781326294 -0.22312943637371063
vn -0.3912019729614258 0.9086737632751465 -0.1458524912595749
vn -0.09420904517173767 0.9926173686981201 0.0763898640871048
vn 0.0075485073029994965 0.9851142168045044 0.17173540592193604
vn -0.19862471520900726 0.9671237468719482 0.15880759060382843
vn -0.32784926891326904 0.9381640553474426 0.1111890971660614
vn -0.4102942943572998 0.9116365313529968 -0.024029340595006943
vn -0.50639408826828 0.8317814469337463 -0.22738653421401978
vn -0.7944924235343933 0.44125795364379883 -0.417220801115036
vn -0.894424319267273 0.34340474009513855 -0.2864931523799896
vn -0.9891543984413147 0.12800343334674835 -0.07203252613544464
vn -0.9983147382736206 0.05282346159219742 0.024029340595006943
vn -0.9928513765335083 -0.06791289150714874 0.0981530249118805
vn -0.9784753918647766 0.18381187319755554 0.09380380809307098
vn -0.9209837317466736 0.36464324593544006 0.1372016966342926
vn -0.8402408957481384 0.5098093748092651 0.18463370203971863
vn -0.6252462863922119 0.7572146058082581 0.18892620503902435
vn -0.3257297873497009 0.9341451525688171 0.1458524912595749
vn -0.12987278401851654 0.9852766394615173 0.1111890971660614
vn 0.16166812181472778 0.9845220446586609 0.06767380982637405
vn 0.284715861082077 0.9544292092323303 0.08945280313491821
vn 0.45627471804618835 0.8884202837944031 0.05022686347365379
vn 0.558254063129425 0.8261458873748779 0.0763898640871048
vn 0.8186684846878052 0.5742622017860413 0.002184694167226553
vn 0.8778645992279053 0.47778674960136414 0.03276457265019417
vn 0.8379306197166443 0.5425835251808167 0.058952588587999344
vn 0.8197537064552307 0.5675988793373108 0.0763898640871048
vn 0.8300676345825195 0.5489569902420044 0.0981530249118805
vn 0.8541669845581055 0.5171253681182861 0.05459024757146835
vn 0.8709973096847534 0.49124404788017273 0.006554040592163801
vn 0.9005681872367859 0.43069884181022644 -0.058952588587999344
vn 0.8557628989219666 0.5173267126083374 -0.006554040592163801
vn 0.8168244361877441 0.5738662481307983 0.058952588587999344
vn 0.744252622127533 0.6562475562095642 0.1242060661315918
vn 0.7161548733711243 0.6961317658424377 0.05022686347365379
vn 0.7415997385978699 0.6682472825050354 0.058952588587999344
vn 0.3944539427757263 0.9116243124008179 0.11553031951189041
vn 0.17771822214126587 0.8004250526428223 0.5724822878837585
vn -0.020707732066512108 0.5522267818450928 0.8334367275238037
vn -0.5586943030357361 0.2762172520160675 0.7820260524749756
vn -0.4110099673271179 0.10070811957120895 0.9060511589050293
vn -0.7636996507644653 0.2449682354927063 0.5972883701324463
vn 0.14712245762348175 0.3797668516635895 0.913308322429657
vn 0.6517263650894165 0.687735378742218 0.3198012113571167
vn 0.9035100936889648 0.311014860868454 0.2948545813560486
vn 0.6288694143295288 0.11980988830327988 0.7682244777679443
vn 0.08884973078966141 -0.03629910945892334 0.9953833818435669
vn 0.4512872099876404 0.8923546671867371 -0.006554040592163801
vn 0.7380136251449585 0.6739898920059204 -0.03276457265019417
vn 0.8019910454750061 0.007543723098933697 0.5972883701324463
vn 0.6943155527114868 0.5399039387702942 0.4758462607860565
vn 0.8749428987503052 -0.30372828245162964 0.37712597846984863
vn 0.49522289633750916 -0.21938852965831757 0.8406086564064026
vn 0.6914812326431274 0.7168346047401428 0.08945280313491821
vn 0.772698700428009 0.6341374516487122 -0.028397228568792343
vn 0.571105420589447 0.8008226752281189 0.18033768236637115
vn 0.6732990741729736 0.6666299700737 0.3198012113571167
vn 0.33263835310935974 0.3791824281215668 0.8634653687477112
vn 0.6232002377510071 -0.007530525792390108 0.7820260524749756
vn 0.05747494846582413 0.0535682737827301 0.9969087839126587
vn -0.3507746458053589 0.24370317161083221 0.9041935205459595
vn 0.8627710938453674 0.47706761956214905 0.16742929816246033
vn 0.8798460960388184 0.4302964210510254 -0.2017817199230194
vn 0.9938732385635376 0.07547255605459213 -0.08074574917554855
vn 0.915834903717041 0.34717506170272827 -0.2017817199230194
vn 0.9347996115684509 0.06789036095142365 0.34862664341926575
vn 0.876002311706543 -0.2675797939300537 0.401274174451828
vn 0.9269040822982788 -0.3400425314903259 -0.15880759060382843
vn 0.9229511022567749 -0.36850807070732117 0.1111890971660614
vn 0.8070440292358398 -0.2308928519487381 0.5434780716896057
vn 0.545295774936676 -0.1269437074661255 0.8285757899284363
vn 0.12541215121746063 0.03682433068752289 0.991421103477478
vn -0.26644498109817505 0.1805758774280548 0.946783721446991
vn 0.3409695029258728 -0.5378444790840149 0.7710143327713013
vn 0.0776355117559433 0.02913709543645382 0.9965559244155884
vn 0.2994461953639984 -0.31008559465408325 0.9023185968399048
vn 0.6722853183746338 -0.2580661475658417 0.6938546895980835
vn 0.5018181800842285 -0.6188951134681702 0.6042742133140564
vn 0.8928565382957458 -0.360647052526474 0.26970529556274414
vn 0.4503672122955322 -0.8656015992164612 0.21886809170246124
vn 0.1408078819513321 -0.82752925157547 0.5434780716896057
vn 0.42043304443359375 -0.9041021466255188 0.0763898640871048
vn 0.8470519185066223 -0.5231671929359436 -0.09380380809307098
vn 0.8831372261047363 -0.42350059747695923 -0.2017817199230194
vn 0.6995930671691895 -0.47653907537460327 -0.5324283838272095
vn 0.7559434175491333 -0.43281206488609314 -0.4911448359489441
vn 0.43917766213417053 -0.5351395606994629 -0.7216291427612305
vn 0.4509594738483429 -0.5083705186843872 -0.7336177229881287
vn 0.7997502088546753 -0.06038396432995796 -0.5972883701324463
vn 0.5049237608909607 -0.4302526116371155 -0.7482877969741821
vn 0.8059415817260742 0.12038514018058777 -0.5796254277229309
vn 0.7110373377799988 0.294521301984787 -0.6385006904602051
vn 0.7051584124565125 0.3012818396091461 -0.641857385635376
vn 0.7051584124565125 0.3012818396091461 -0.641857385635376
vn 0.7051584124565125 0.3012818396091461 -0.641857385635376
vn 0.7051584124565125 0.3012818396091461 -0.641857385635376
vn 0.8250800967216492 -0.31058019399642944 -0.4719987213611603
vn 0.7982227206230164 -0.267302930355072 -0.5398051738739014
vn 0.7932931780815125 0.27444028854370117 -0.5434780716896057
vn 0.7251584529876709 0.39831432700157166 -0.5616858005523682
vn 0.7592499256134033 0.27410998940467834 -0.590256929397583
vn 0.7617833614349365 0.26698851585388184 -0.590256929397583
vn 0.7592499256134033 0.27410998940467834 -0.590256929397583
vn 0.5970312356948853 -0.7036837935447693 -0.3852050006389618
vn 0.6140736937522888 -0.735414981842041 -0.2864931523799896
vn 0.37712183594703674 -0.9116858243942261 -0.16312000155448914
vn 0.16518372297286987 -0.9754185676574707 0.1458524912595749
vn -0.34309151768684387 -0.8997484445571899 0.26970529556274414
vn -0.46786949038505554 -0.6997917890548706 0.5398051738739014
vn -0.30695614218711853 -0.561790943145752 0.7682244777679443
vn -0.11575736105442047 -0.30033448338508606 0.946783721446991
vn -0.17305034399032593 0.1571597456932068 0.9722933769226074
vn -0.35437482595443726 0.33174702525138855 0.87427818775177
vn -0.35437482595443726 0.33174702525138855 0.87427818775177
vn 0.8436611294746399 -0.37396925687789917 -0.3852050006389618
vn -0.4050361216068268 0.253390371799469 0.8784868121147156
vn -0.46108153462409973 0.15179407596588135 0.87427818775177
vn -0.45886579155921936 0.18038074672222137 0.8700028657913208
vn -0.4573875367641449 0.19403599202632904 0.8678402304649353
vn -0.4684048891067505 0.17671389877796173 0.865661084651947
vn -0.3100055754184723 -0.22523224353790283 0.9236704111099243
vn -0.6980041265487671 -0.1642829030752182 0.6969945430755615
vn -0.6980041265487671 -0.1642829030752182 0.6969945430755615
vn -0.4845113754272461 -0.45788007974624634 0.7453821301460266
vn -0.7597483992576599 -0.17948922514915466 0.6249527335166931
vn -0.8229766488075256 -0.19806411862373352 0.5324283838272095
vn -0.8229766488075256 -0.19806411862373352 0.5324283838272095
vn -0.72929447889328 -0.51308673620224 0.45262736082077026
vn -0.9082862138748169 -0.1427130401134491 0.3932546079158783
vn -0.909426212310791 -0.1352580189704895 0.3932546079158783
vn -0.9031058549880981 -0.10162004083395004 0.417220801115036
vn -0.9031058549880981 -0.10162004083395004 0.417220801115036
vn -0.9031058549880981 -0.10162004083395004 0.417220801115036
vn -0.9039182066917419 -0.09412074089050293 0.417220801115036
vn -0.7401190400123596 -0.5750506520271301 0.34862664341926575
vn -0.6452540755271912 -0.6839293837547302 0.34042292833328247
vn -0.7373003363609314 -0.5710974931716919 0.36088213324546814
vn -0.5756337642669678 -0.7762511968612671 0.25706008076667786
vn -0.736979067325592 -0.5839298367500305 0.34042292833328247
vn -0.5778903365135193 -0.7799869179725647 0.2401314377784729
vn -0.7737590670585632 -0.5770871639251709 0.2612801790237427
vn -0.8672626614570618 -0.49780768156051636 0.006554040592163801
vn -0.764092743396759 -0.6427925229072571 -0.05459024757146835
vn -0.8819191455841064 -0.4713956117630005 0.002184694167226553
vn -0.8138338327407837 -0.43861666321754456 -0.3811691105365753
vn -0.8997161388397217 -0.3364012837409973 -0.2781098484992981
vn -0.8758981823921204 -0.267920583486557 -0.401274174451828
vn -0.878767192363739 -0.26447343826293945 -0.3972681760787964
vn -0.8758981823921204 -0.267920583486557 -0.401274174451828
vn -0.8098292946815491 -0.20199964940547943 -0.5507928133010864
vn -0.8707258701324463 -0.278550922870636 -0.405272513628006
vn -0.8868675827980042 -0.24252164363861084 -0.3932546079158783
vn -0.8915194869041443 -0.23171158134937286 -0.3892335295677185
vn -0.8907315135002136 -0.22792133688926697 -0.3932546079158783
vn -0.8888295292854309 -0.23522943258285522 -0.3932546079158783
vn -0.9730715155601501 -0.09429703652858734 -0.2103329300880432
vn -0.9979294538497925 0.011318492703139782 -0.0633138045668602
vn -0.9985979795455933 0.026432543992996216 -0.04586252197623253
vn -0.9988822340965271 0.022634264081716537 -0.04149730131030083
vn -0.9951253533363342 0.09801129251718521 -0.010923261754214764
vn -0.9539385437965393 0.29011353850364685 0.0763898640871048
vn -0.9351305365562439 0.3439314067363739 0.08510008454322815
vn -0.9242843389511108 0.35783156752586365 0.1328723281621933
vn -0.9270907640457153 0.3579660952091217 0.1111890971660614
vn -0.8565504550933838 0.401728093624115 0.3239381015300751
vn -0.8886986374855042 0.39567410945892334 0.23163928091526031
vn -0.8723162412643433 0.40214329957962036 0.2781098484992981
vn -0.8882799744606018 0.39906641840934753 0.22738653421401978
vn -0.8350281119346619 0.4081098735332489 0.3690181374549866
vn -0.8369342684745789 0.415008544921875 0.3568037748336792
vn -0.49652594327926636 0.477858304977417 0.7246471047401428
vn -0.8595914840698242 0.4259188175201416 0.28230419754981995
vn -0.6419737935066223 0.4850741922855377 0.5937783122062683
vn -0.3503510355949402 0.4815763831138611 0.8033295273780823
vn -0.35423874855041504 0.48307639360427856 0.8007197380065918
vn -0.3700847625732422 0.5305443406105042 0.762600839138031
vn -0.41829991340637207 0.6591352224349976 0.6249527335166931
vn -0.4147927761077881 0.6581135392189026 0.6283578276634216
vn -0.4103310704231262 0.6705014705657959 0.6181069612503052
vn -0.7809836864471436 0.45380598306655884 0.42909738421440125
vn -0.4860715866088867 0.43681594729423523 0.7569189071655273
vn -0.3553270399570465 0.3526664674282074 0.865661084651947
vn -0.35259580612182617 0.3964707553386688 0.8476362228393555
vn -0.3533102869987488 0.34932100772857666 0.8678402304649353
vn -0.35855838656425476 0.34393197298049927 0.8678402304649353
vn -0.3499859571456909 0.3579675257205963 0.865661084651947
vn -0.3499859571456909 0.3579675257205963 0.865661084651947
vn -0.3259727954864502 0.36991453170776367 0.8700028657913208
vn -0.2706874907016754 0.3936867117881775 0.8784868121147156
vn -0.20587030053138733 0.4268735349178314 0.8805659413337708
vn -0.2107183337211609 0.4201964735984802 0.882628321647644
vn -0.4056810736656189 0.6474083065986633 0.6452018022537231
vn -0.09230422228574753 -0.9937158823013306 0.0633138045668602
vn 0.2317495495080948 -0.9426712393760681 0.2401314377784729
vn 0.13922694325447083 -0.9876371622085571 0.07203252613544464
vn -0.2808513343334198 -0.9303115606307983 0.23588760197162628
vn -0.17643152177333832 -0.9764449596405029 0.1242060661315918
vn 0.30458158254623413 -0.9520628452301025 -0.028397228568792343
vn -0.34000760316848755 -0.9194501042366028 -0.1975002884864807
vn -0.5654644966125488 -0.8084811568260193 0.16312000155448914
vn -0.5277573466300964 -0.7834814190864563 0.3280687630176544
vn -0.06404722481966019 -0.744085431098938 0.6650074124336243
vn 0.23271575570106506 -0.8138570785522461 0.5324283838272095
vn 0.5997985601425171 -0.19290423393249512 0.7765498161315918
vn 0.6365235447883606 -0.6858770847320557 0.3527185618877411
vn 0.46432286500930786 -0.8846933245658875 -0.04149730131030083
vn 0.10096806287765503 -0.25235939025878906 0.962351381778717
vn -0.3128630220890045 -0.44663235545158386 0.838234007358551
vn -0.11287153512239456 0.10230080038309097 0.9883291721343994
vn 0.1627831906080246 0.07247574627399445 0.9839963912963867
vn 0.31967785954475403 0.03750515356659889 0.946783721446991
vn 0.6904945969581604 -0.08267369121313095 0.7185974717140198
vn 0.20635803043842316 -0.06626304239034653 0.976230263710022
vn -0.15430273115634918 0.13977302610874176 0.9780870079994202
vn 0.8503383994102478 -0.45679017901420593 -0.2612801790237427
vn 0.9421592354774475 -0.33310237526893616 -0.03713129088282585
vn 0.763324499130249 -0.645982027053833 0.006554040592163801
vn 0.8863182067871094 -0.21666496992111206 0.40926313400268555
vn 0.8665999174118042 -0.1502496302127838 0.4758462607860565
vn 0.9694244861602783 -0.23924073576927185 0.05459024757146835
vn 0.9850274324417114 0.01509657222777605 0.17173540592193604
vn 0.9567493796348572 -0.15784040093421936 0.24437066912651062
vn 0.9826914072036743 -0.015097599476575851 0.18463370203971863
vn 0.977949857711792 -0.06788046658039093 0.1975002884864807
vn 0.9669791460037231 -0.18008236587047577 0.18033768236637115
vn 0.9649115204811096 -0.20226995646953583 0.16742929816246033
vn 0.9649115204811096 -0.20226995646953583 0.16742929816246033
vn 0.9736469984054565 -0.20978480577468872 0.08945280313491821
vn 0.982553243637085 -0.16536948084831238 -0.08510008454322815
vn 0.9801498055458069 -0.1579165905714035 -0.11986933648586273
vn 0.9149011373519897 -0.3544345796108246 -0.19321508705615997
vn 0.9733589291572571 -0.22465302050113678 0.04586252197623253
vn 0.922597348690033 -0.2094714492559433 0.3239381015300751
vn 0.6774826049804688 -0.31429675221443176 0.6650074124336243
vn -0.6342779994010925 0.28514760732650757 0.7185974717140198
vn -0.7960705757141113 0.3690178394317627 0.4796847105026245
vn -0.7287068963050842 0.3222403824329376 0.6042742133140564
vn -0.7277281880378723 0.34327682852745056 0.5937783122062683
vn -0.7344474792480469 0.40152713656425476 0.5471406579017639
vn -0.5582975745201111 0.3702075481414795 0.7424622178077698
vn -0.7767482399940491 0.2987718880176544 0.5544344186782837
vn -0.7256250977516174 0.32912135124206543 0.6042742133140564
vn -0.3916451632976532 0.2529156804084778 0.8846737742424011
vn -0.6159606575965881 0.37303903698921204 0.6938546895980835
vn -0.5220229625701904 0.27168896794319153 0.8085030317306519
vn -0.38499021530151367 0.08952564001083374 0.9185682535171509
vn -0.40925800800323486 0.20662811398506165 0.888714075088501
vn -0.6659564971923828 0.030123598873615265 0.7453821301460266
vn -0.692187488079071 0.011307267472147942 0.7216291427612305
vn -0.6917770504951477 0.026378409937024117 0.7216291427612305
vn -0.6899723410606384 0.05647601932287216 0.7216291427612305
vn -0.7606604099273682 -0.07148724794387817 0.6452018022537231
vn -0.6536357402801514 -0.48234936594963074 0.5831804275512695
vn -0.8293033838272095 -0.3276956081390381 0.45262736082077026
vn -0.8299083709716797 -0.3315061330795288 0.4487268626689911
vn -0.7606790661811829 -0.5601234436035156 0.3280687630176544
vn -0.8610533475875854 -0.30715036392211914 0.405272513628006
vn -0.8629890084266663 -0.3069674074649811 0.401274174451828
vn -0.8846681118011475 -0.3710346221923828 0.28230419754981995
vn -0.8886986374855042 -0.39567410945892334 0.23163928091526031
vn -0.7532278895378113 -0.6106805205345154 0.24437066912651062
vn -0.8470267057418823 -0.4629022181034088 0.2612801790237427
vn -0.85010826587677 -0.4596042037010193 0.25706008076667786
vn -0.807718813419342 -0.5439537763595581 0.22738653421401978
vn -0.7848100066184998 -0.5813940167427063 0.21460255980491638
vn -0.7848100066184998 -0.5813940167427063 0.21460255980491638
vn -0.7848100066184998 -0.5813940167427063 0.21460255980491638
vn -0.8186684846878052 -0.5742622017860413 -0.002184694167226553
vn -0.8110665082931519 -0.5799445509910583 -0.0763898640871048
vn -0.6555650234222412 -0.6915982961654663 -0.30319350957870483
vn -0.5030539631843567 -0.8360822200775146 0.21886809170246124
vn -0.5013659596443176 -0.8381991982460022 0.21460255980491638
vn -0.5400583148002625 -0.8248056769371033 0.16742929816246033
vn -0.8006981015205383 -0.26731228828430176 -0.5361219048500061
vn -0.7831519246101379 -0.28861796855926514 -0.5507928133010864
vn -0.5760645866394043 -0.3085828125476837 -0.7569189071655273
vn -0.761012077331543 -0.36528611183166504 -0.5361219048500061
vn -0.769980788230896 -0.35163843631744385 -0.5324283838272095
vn -0.669219434261322 -0.09795545786619186 -0.736579954624176
vn -0.9663659334182739 0.007552213501185179 -0.25706008076667786
vn -0.8629504442214966 0.10170918703079224 -0.4949462115764618
vn -0.6645376682281494 -0.052869051694869995 -0.7453821301460266
vn -0.5414808392524719 -0.09035716950893402 -0.8358433246612549
vn -0.6612695455551147 -0.05280046910047531 -0.7482877969741821
vn -0.6645376682281494 -0.052869051694869995 -0.7453821301460266
vn -0.663895308971405 -0.060402337461709976 -0.7453821301460266
vn -0.663895308971405 -0.060402337461709976 -0.7453821301460266
vn -0.6704158186912537 -0.06033851578831673 -0.7395281791687012
vn -0.6696966290473938 -0.06785660982131958 -0.7395281791687012
vn -0.6696966290473938 -0.06785660982131958 -0.7395281791687012
vn -0.666810929775238 -0.06413277983665466 -0.7424622178077698
vn -0.666810929775238 -0.06413277983665466 -0.7424622178077698
vn -0.6861289739608765 -0.06413722038269043 -0.7246471047401428
vn -0.8456323742866516 0.037761323153972626 -0.5324283838272095
vn -0.7994002103805542 0.0037765540182590485 -0.6007870435714722
vn -0.9457850456237793 0.23191817104816437 -0.22738653421401978
vn -0.9456357955932617 0.22828970849514008 -0.23163928091526031
vn -0.9459523558616638 0.28276190161705017 -0.15880759060382843
vn -0.9437633752822876 0.28998422622680664 -0.15880759060382843
vn -0.9545407891273499 0.2902967035770416 -0.06767380982637405
vn -0.9567553400993347 0.29022857546806335 0.01966099627315998
vn -0.9187472462654114 0.3575904667377472 0.16742929816246033
vn -0.9540696144104004 0.293727308511734 0.058952588587999344
vn -0.8173263072967529 0.42110389471054077 0.3932546079158783
vn -0.6785680055618286 0.5321771502494812 0.5062933564186096
vn -0.7619895935058594 0.5349586009979248 0.3649536371231079
vn -0.7715914845466614 0.47670480608940125 0.42118772864341736
vn -0.7651426792144775 0.4163333773612976 0.4911448359489441
vn -0.5869103670120239 0.28741955757141113 0.7569189071655273
vn -0.43174660205841064 0.37320441007614136 0.8211658596992493
vn -0.43366944789886475 0.3764563202857971 0.8186644315719604
vn -0.4366351366043091 0.3674730360507965 0.8211658596992493
vn -0.3249470889568329 -0.026232440024614334 0.9453682899475098
vn -0.4433952569961548 0.36495092511177063 0.8186644315719604
vn -0.039380189031362534 0.3027239739894867 0.9522643685340881
vn 0.018756689503788948 0.28378015756607056 0.9587059020996094
vn 0.018756689503788948 0.28378015756607056 0.9587059020996094
vn 0.018795672804117203 0.2795765995979309 0.9599394202232361
vn 0.022491998970508575 0.26665401458740234 0.9635298252105713
vn 0.013133116997778416 0.27569806575775146 0.961154580116272
vn 0.03183732554316521 0.3244458734989166 0.9453682899475098
vn -0.12688662111759186 -0.5075294375419617 0.8522403836250305
vn -0.11955970525741577 -0.5093051791191101 0.8522403836250305
vn -0.04885592684149742 -0.5320379734039307 0.8453097939491272
vn -0.23662544786930084 -0.2751697897911072 0.931820809841156
vn -0.043240081518888474 -0.5362242460250854 0.8429672718048096
vn -0.05525016039609909 -0.16033007204532623 0.9855159521102905
vn -0.05120524391531944 -0.04083481803536415 0.9978529810905457
vn -0.11431459337472916 -0.05387437716126442 0.9919826984405518
vn 0.07675774395465851 -0.440130352973938 0.8946471214294434
vn 0.08792167901992798 -0.48900213837623596 0.8678402304649353
vn -0.5759913921356201 0.5799909830093384 0.5760593414306641
vn -0.5017342567443848 0.26431208848953247 0.8236515522003174
vn -0.5399399399757385 0.28272745013237 0.7927988767623901
vn -0.4203391671180725 0.04884973540902138 0.9060511589050293
vn -0.4181249439716339 0.03007635846734047 0.9078915119171143
vn -0.5967939496040344 0.16738387942314148 0.7847417593002319
vn -0.5524994134902954 0.011296984739601612 0.8334367275238037
vn -0.5342764258384705 -1.1050071312612361e-13 0.8453097939491272
vn -0.7740074992179871 0.30580201745033264 0.5544344186782837
vn -0.8136433959007263 0.3834552466869354 0.43697428703308105
vn -0.8168314099311829 0.37661638855934143 0.43697428703308105
vn -0.8114567399024963 0.38359472155570984 0.4409002661705017
vn -0.8688727617263794 0.38133978843688965 0.31565824151039124
vn -0.937396764755249 0.34743332862854004 -0.024029340595006943
vn -0.9543067216873169 0.2938002943992615 0.05459024757146835
vn -0.8392873406410217 -0.015111654996871948 -0.5434780716896057
vn -0.8927025198936462 0.04155026748776436 -0.4487268626689911
vn -0.8918721079826355 0.056641895323991776 -0.4487268626689911
vn -0.9457089304924011 -0.026432834565639496 -0.3239381015300751
vn -0.8942756652832031 0.049073126167058945 -0.44481781125068665
vn -0.9065887928009033 0.026413997635245323 -0.42118772864341736
vn -0.9538639187812805 -0.05660691484808922 -0.2948545813560486
vn -0.9587904810905457 0.07545845210552216 -0.27391019463539124
vn -0.9443528652191162 0.16161487996578217 -0.2864931523799896
vn -0.9551674723625183 -0.13923998177051544 -0.2612801790237427
vn -0.9555739760398865 -0.12802574038505554 -0.26549527049064636
vn -0.9565476775169373 -0.12053554505109787 -0.26549527049064636
vn -0.951066792011261 -0.1429864913225174 -0.27391019463539124
vn -0.954888641834259 -0.12428497523069382 -0.26970529556274414
vn -0.9636144638061523 -0.08672687411308289 -0.25283506512641907
vn -0.9726184010505676 -0.018887236714363098 -0.23163928091526031
vn -0.9715971946716309 -0.018867405131459236 -0.23588760197162628
vn -0.9684871435165405 0.015100936405360699 -0.24860523641109467
vn -0.9747229814529419 -0.011327942833304405 -0.22312943637371063
vn -0.932305634021759 0.1765390783548355 -0.31565824151039124
vn -0.932305634021759 0.1765390783548355 -0.31565824151039124
vn -0.932305634021759 0.1765390783548355 -0.31565824151039124
vn -0.908661425113678 0.18748070299625397 -0.37307560443878174
vn -0.92258220911026 0.1652316153049469 -0.34862664341926575
vn -0.6250715851783752 0.22215048968791962 -0.7482877969741821
vn -0.9431507587432861 0.09051992744207382 -0.3198012113571167
vn -0.9438425302505493 0.08299683779478073 -0.3198012113571167
vn -0.9348915219306946 0.13545744121074677 -0.3280687630176544
vn -0.8559168577194214 0.22771364450454712 -0.4642767012119293
vn -0.9284449219703674 0.15774913132190704 -0.3363112509250641
vn -0.8641079068183899 0.2279510647058487 -0.4487268626689911
vn -0.9271508455276489 0.16518479585647583 -0.3363112509250641
vn -0.8643594980239868 0.20226791501045227 -0.46040233969688416
vn -0.9281582236289978 0.15044787526130676 -0.34042292833328247
vn -0.9473642110824585 0.015109059400856495 -0.3198012113571167
vn -0.7382807731628418 -0.6408600211143494 -0.2103329300880432
vn -0.771120548248291 -0.5994320511817932 -0.21460255980491638
vn -0.5702930688858032 -0.8067824840545654 -0.15449213981628418
vn -0.5637187957763672 -0.8105561137199402 -0.15880759060382843
vn -0.5654644966125488 -0.8084811568260193 -0.16312000155448914
vn -0.45254018902778625 0.39780935645103455 -0.7980946898460388
vn -0.38424813747406006 0.4549890458583832 -0.8033295273780823
vn -0.45749351382255554 0.39210277795791626 -0.7980946898460388
vn -0.30934938788414 0.6765543818473816 -0.6682642698287964
vn -0.2786776125431061 0.7233461141586304 -0.6317508816719055
vn -0.6399297118186951 0.2722271978855133 -0.7185974717140198
vn -0.6557901501655579 0.20115406811237335 -0.7276512384414673
vn -0.6721653342247009 0.19020798802375793 -0.715552031993866
vn -0.6568188667297363 0.18641915917396545 -0.7306414246559143
vn 0.8713458180427551 -0.4710967540740967 -0.1372016966342926
vn 0.6339395642280579 -0.7499516606330872 -0.18892620503902435
vn 0.7220336198806763 -0.6113359332084656 -0.3239381015300751
vn 0.7602459192276001 -0.5700773000717163 -0.31150925159454346
vn 0.8183786273002625 -0.4957454204559326 -0.29067665338516235
vn 0.6738104820251465 -0.6911671757698059 -0.2612801790237427
vn 0.6095964908599854 -0.7799754738807678 -0.1415284425020218
vn 0.6671358942985535 -0.7258768081665039 -0.16742929816246033
vn 0.702536404132843 -0.7065412998199463 -0.08510008454322815
vn 0.6354607343673706 -0.7674292325973511 -0.08510008454322815
vn 0.773140549659729 -0.6093145608901978 -0.1760382205247879
vn 0.7664597630500793 -0.6212336421012878 -0.16312000155448914
vn 0.7512791752815247 -0.6446310877799988 -0.1415284425020218
vn 0.7829797267913818 -0.5912788510322571 -0.19321508705615997
vn 0.7695431113243103 -0.6150693893432617 -0.17173540592193604
vn 0.7695431113243103 -0.6150693893432617 -0.17173540592193604
vn 0.7695431113243103 -0.6150693893432617 -0.17173540592193604
vn 0.7827857136726379 -0.6097699403762817 -0.1242060661315918
vn 0.5758418440818787 -0.7688049674034119 -0.2781098484992981
vn 0.6583167910575867 -0.6649876832962036 0.3527185618877411
vn 0.6074634194374084 -0.6581225991249084 0.44481781125068665
vn 0.6852224469184875 -0.6438807249069214 0.34042292833328247
vn 0.8573957681655884 -0.4637733995914459 -0.22312943637371063
vn 0.11482948809862137 -0.9649721384048462 -0.23588760197162628
vn -0.30972087383270264 -0.5716877579689026 -0.7597671151161194
vn -0.4892785847187042 -0.2236349731683731 -0.8429672718048096
vn -0.2329065501689911 -0.27298977971076965 -0.933397650718689
vn 0.018870022147893906 -0.4345986843109131 -0.9004265069961548
vn 0.1796645075082779 -0.7483565211296082 -0.6385006904602051
vn 0.4811077117919922 -0.5064787268638611 -0.715552031993866
vn 0.8115773797035217 -0.35968291759490967 -0.46040233969688416
vn 0.5773738622665405 -0.3522631824016571 -0.736579954624176
vn 0.19142483174800873 -0.33659473061561584 -0.9219872951507568
vn 0.09963764250278473 -0.2528876066207886 -0.962351381778717
vn -0.13312940299510956 -0.022619593888521194 -0.990840494632721
vn 0.18604427576065063 -0.23676003515720367 -0.953589141368866
vn 0.4634697437286377 -0.33299019932746887 -0.8211658596992493
vn 0.6639723181724548 -0.341915100812912 -0.6650074124336243
vn 0.7479274272918701 -0.3649754226207733 -0.5544344186782837
vn 0.8423818349838257 -0.34586217999458313 -0.41324591636657715
vn 0.9532147645950317 -0.27559831738471985 -0.1242060661315918
vn 0.8267795443534851 -0.20198766887187958 -0.5250110030174255
vn 0.8468400835990906 0.10545837134122849 -0.5212872624397278
vn 0.8198741674423218 -0.12794272601604462 -0.5580654144287109
vn 0.8028739094734192 0.3591153025627136 -0.4758462607860565
vn 0.7958671450614929 0.35930633544921875 -0.48733407258987427
vn 0.7613387107849121 0.6147381067276001 -0.2060592919588089
vn 0.9248163104057312 0.1203281432390213 0.36088213324546814
vn 0.9213758111000061 0.1799084097146988 0.34452807903289795
vn 0.5853074193000793 -0.29801735281944275 0.7540562748908997
vn 0.6364734768867493 -0.5285930037498474 0.5616858005523682
vn 0.4998124837875366 -0.4106427729129791 0.762600839138031
vn 0.5449197888374329 -0.4889567196369171 0.681163489818573
vn 0.6066130995750427 -0.5626096725463867 0.5616858005523682
vn 0.847999632358551 -0.33184999227523804 0.41324591636657715
vn 0.6035853028297424 -0.5622506737709045 0.5652954578399658
vn 0.9219319224357605 -0.26069751381874084 0.2864931523799896
vn 0.9575539231300354 -0.18758249282836914 0.21886809170246124
vn 0.9566063284873962 -0.1873968541622162 0.22312943637371063
vn 0.9326671957969666 -0.30463066697120667 -0.19321508705615997
vn 0.8015432357788086 -0.2238994836807251 -0.5544344186782837
vn 0.4353809058666229 -0.5735931396484375 0.6938546895980835
vn 0.5045652985572815 -0.404788613319397 0.762600839138031
vn 0.8236468434333801 -0.0452430285513401 0.5652954578399658
vn 0.801139771938324 -0.03770526871085167 0.5972883701324463
vn 0.7491937875747681 -0.14974424242973328 0.6452018022537231
vn 0.8081483244895935 -0.26694512367248535 0.5250110030174255
vn 0.8585284352302551 -0.46370866894721985 0.21886809170246124
vn 0.8576787710189819 -0.4632497727870941 0.22312943637371063
vn 0.8565300703048706 -0.46330514550209045 0.22738653421401978
vn 0.8037443161010742 -0.03771476447582245 0.5937783122062683
vn 0.801139771938324 -0.03770526871085167 0.5972883701324463
vn 0.7905662655830383 -0.037716545164585114 0.6112139225006104
vn 0.6431332230567932 0.022626446560025215 0.7654199600219727
vn 0.532706081867218 0.07503589242696762 0.8429672718048096
vn 0.47558608651161194 0.0972394049167633 0.87427818775177
vn 0.28151220083236694 0.4047788381576538 0.8700028657913208
vn 0.2851050794124603 0.41610416769981384 0.8634653687477112
vn 0.3654603362083435 0.13968314230442047 0.9202865362167358
vn 0.3708527088165283 0.11139003187417984 0.9219872951507568
vn 0.42154601216316223 -0.30347615480422974 0.8545181155204773
vn 0.3627561628818512 -0.4358968734741211 0.8236515522003174
vn 0.3411563038825989 -0.4881332218647003 0.8033295273780823
vn 0.26523229479789734 -0.5972650647163391 0.7569189071655273
vn 0.27893203496932983 -0.5909912586212158 0.7569189071655273
vn 0.1586150974035263 -0.6441324353218079 0.7482877969741821
vn 0.0994398295879364 -0.6458989381790161 0.7569189071655273
vn 0.10877905786037445 -0.6410312056541443 0.7597671151161194
vn 0.09207619726657867 -0.67652428150177 0.7306414246559143
vn -0.05462828278541565 -0.8130499124526978 0.5796254277229309
vn 0.05272911116480827 -0.7420529127120972 0.6682642698287964
vn 0.062087249010801315 -0.7324739098548889 0.677958071231842
vn 0.07708871364593506 -0.7310473322868347 0.677958071231842
vn -0.04148304834961891 -0.8035585880279541 0.5937783122062683
vn 0.42158064246177673 -0.2969825863838196 0.8567795157432556
vn 0.47821444272994995 -0.2464083582162857 0.8429672718048096
vn -0.30395251512527466 -0.8866072297096252 0.34862664341926575
vn -0.29296571016311646 -0.8918920755386353 0.34452807903289795
vn -0.30012232065200806 -0.8895094394683838 0.34452807903289795
vn -0.30012232065200806 -0.8895094394683838 0.34452807903289795
vn -0.30012232065200806 -0.8895094394683838 0.34452807903289795
vn -0.3093588352203369 -0.891035795211792 0.33219319581985474
vn -0.3221997320652008 -0.9134455323219299 0.24860523641109467
vn -0.32055655121803284 -0.925487756729126 0.2017817199230194
vn -0.30970314145088196 -0.9262989163398743 0.21460255980491638
vn -0.30012232065200806 -0.8895094394683838 0.34452807903289795
vn -0.013200554065406322 -0.7886767983436584 0.6146662831306458
vn 0.04520644247531891 -0.7425491809844971 0.6682642698287964
vn -0.16997946798801422 -0.7302123308181763 0.661737859249115
vn 0.33705273270606995 -0.17363466322422028 0.9253358840942383
vn 0.3006952106952667 -0.351199746131897 0.8867024183273315
vn 0.25077325105667114 -0.5046146512031555 0.8261215686798096
vn 0.25279703736305237 -0.5156376957893372 0.8186644315719604
vn 0.24714893102645874 -0.4983300566673279 0.8310141563415527
vn 0.2827922999858856 -0.5928133726119995 0.7540562748908997
vn 0.2874331772327423 -0.5832118988037109 0.7597671151161194
vn 0.28065308928489685 -0.5865046977996826 0.7597671151161194
vn 0.25387412309646606 -0.4949377477169037 0.8310141563415527
vn 0.6246536374092102 -0.5712510943412781 -0.5324283838272095
vn 0.6275651454925537 -0.5714999437332153 -0.528724730014801
vn 0.6538767218589783 -0.623153805732727 -0.42909738421440125
vn 0.6450822353363037 -0.5916782021522522 -0.4835140109062195
vn 0.6700479984283447 -0.6486907601356506 -0.36088213324546814
vn 0.6647737622261047 -0.6540947556495667 -0.36088213324546814
vn 0.6931649446487427 -0.6331056356430054 -0.34452807903289795
vn 0.6931649446487427 -0.6331056356430054 -0.34452807903289795
vn 0.671817421913147 -0.6491166353225708 -0.3568037748336792
vn 0.5713308453559875 -0.6714150905609131 -0.4719987213611603
vn 0.6479101181030273 -0.6038705110549927 -0.4642767012119293
vn 0.49216195940971375 -0.6915394067764282 -0.528724730014801
vn 0.43000292778015137 -0.5738433003425598 -0.6969945430755615
vn 0.46861621737480164 -0.675838828086853 -0.5688942670822144
vn 0.40829306840896606 -0.4843001365661621 -0.7737894654273987
vn 0.39198899269104004 -0.493269681930542 -0.7765498161315918
vn 0.3848334848880768 -0.5483183264732361 -0.7424622178077698
vn 0.3975193500518799 -0.6004531979560852 -0.6938546895980835
vn 0.4380924105644226 -0.575331449508667 -0.6907016038894653
vn 0.49686959385871887 -0.5728939771652222 -0.651853621006012
vn 0.4506027102470398 -0.616986095905304 -0.6452018022537231
vn 0.6438661813735962 -0.7278690934181213 -0.23588760197162628
vn 0.7203260660171509 -0.5354785919189453 -0.4409002661705017
vn 0.7061933279037476 -0.5345447659492493 -0.4642767012119293
vn 0.6107409596443176 -0.6241001486778259 -0.48733407258987427
vn 0.32637885212898254 -0.7411015033721924 -0.5867242813110352
vn 0.6135914325714111 -0.6242753863334656 -0.4835140109062195
vn 0.12763994932174683 -0.6707243323326111 -0.7306414246559143
vn 0.20374444127082825 -0.39320892095565796 -0.8965907096862793
vn -0.02267652563750744 -0.5001167058944702 -0.865661084651947
vn 0.09152811020612717 -0.32575365900993347 -0.9410139322280884
vn 0.48561638593673706 -0.105024054646492 -0.8678402304649353
vn 0.14768850803375244 -0.5475273728370667 -0.8236515522003174
vn 0.007554963231086731 0.25483620166778564 -0.9669547080993652
vn 0.02454373426735401 -0.1634424775838852 -0.9862475395202637
vn -0.3992006480693817 0.007555876858532429 -0.916832447052002
vn 0.21290041506290436 -0.5965930223464966 -0.7737894654273987
vn -0.3278464078903198 -0.4171685576438904 -0.8476362228393555
vn -0.03022884391248226 -0.5912467837333679 -0.8059239983558655
vn -0.21357016265392303 -0.5057209730148315 -0.8358433246612549
vn -0.19955426454544067 -0.5114137530326843 -0.8358433246612549
vn 0.3677344024181366 -0.6696910262107849 -0.6452018022537231
vn 0.3380950391292572 -0.6560626029968262 -0.67473965883255
vn 0.28972965478897095 -0.6526003479957581 -0.7001210451126099
vn -0.17455293238162994 -0.5127458572387695 -0.8406086564064026
vn -0.17640304565429688 -0.5159900188446045 -0.838234007358551
vn -0.17640304565429688 -0.5159900188446045 -0.838234007358551
vn 0.09220831841230392 -0.5374582409858704 -0.838234007358551
vn 0.18110452592372894 -0.6746751070022583 -0.715552031993866
vn 0.46617624163627625 -0.65899658203125 -0.590256929397583
vn -0.27547740936279297 -0.3566833734512329 -0.8926864862442017
vn 0.2016899436712265 -0.4499068856239319 -0.8700028657913208
vn 0.17586985230445862 -0.47275510430336 -0.8634653687477112
vn -0.16021236777305603 -0.3830816447734833 -0.9097144603729248
vn -0.11948221921920776 -0.426437646150589 -0.8965907096862793
vn -0.17857925593852997 -0.43482956290245056 -0.882628321647644
vn -0.5396386981010437 -0.18567915260791779 -0.8211658596992493
vn -0.5618672370910645 -0.17500875890254974 -0.8085030317306519
vn -0.6839062571525574 -0.05287650600075722 -0.7276512384414673
vn -0.7584781050682068 -0.06414611637592316 -0.6485338807106018
vn -0.8272027373313904 0.12795579433441162 -0.5471406579017639
vn -0.8516408801078796 0.22787050902843475 -0.4719987213611603
vn -0.8660076856613159 0.2928905785083771 -0.405272513628006
vn -0.8784227967262268 0.27152201533317566 -0.3932546079158783
vn -0.8748098611831665 0.37103864550590515 -0.31150925159454346
vn -0.8731712698936462 0.3713916838169098 -0.31565824151039124
vn -0.8746933937072754 0.25325727462768555 -0.41324591636657715
vn -0.8717643618583679 0.3815235495567322 -0.30735430121421814
vn -0.7371456623077393 0.07545052468776703 -0.6715083718299866
vn -0.5719438195228577 -0.1385752409696579 -0.8085030317306519
vn -0.5370053648948669 -0.20350369811058044 -0.8186644315719604
vn -0.4641454517841339 -0.25706392526626587 -0.8476362228393555
vn -0.9401530027389526 0.31897279620170593 0.11986933648586273
vn -0.9266878366470337 0.3756731152534485 -0.010923261754214764
vn -0.8338419198989868 0.5424033403396606 0.10250037163496017
vn -0.9001990556716919 0.396383672952652 -0.18033768236637115
vn -0.8833467364311218 0.3643615245819092 -0.2948545813560486
vn -0.8641762733459473 0.37429141998291016 -0.3363112509250641
vn -0.8672013282775879 0.3816923499107361 -0.3198012113571167
vn -0.8640603423118591 0.48432987928390503 -0.1372016966342926
vn -0.8913863301277161 0.23884624242782593 -0.3852050006389618
vn -0.7748587727546692 0.6058648228645325 0.18033768236637115
vn -0.7072157859802246 0.6218847036361694 0.3363112509250641
vn -0.6014113426208496 0.3791649043560028 0.7032341957092285
vn -0.40246421098709106 0.717204213142395 0.5688942670822144
vn -0.2987458109855652 0.6781057715415955 0.6715083718299866
vn -0.2885637581348419 0.44964680075645447 0.8453097939491272
vn -0.2776285707950592 0.28695055842399597 0.916832447052002
vn -0.2776285707950592 0.28695055842399597 0.916832447052002
vn -0.3248828947544098 0.3009587526321411 0.8965907096862793
vn -0.47046467661857605 0.4291851222515106 0.7710143327713013
vn -0.48264700174331665 0.43068766593933105 0.762600839138031
vn -0.662068247795105 0.7127473950386047 0.23163928091526031
vn -0.7681517601013184 0.6401746273040771 0.010923261754214764
vn -0.7976877689361572 0.5982130169868469 -0.0763898640871048
vn -0.8058316707611084 0.5892028212547302 0.058952588587999344
vn -0.5389658808708191 0.30609822273254395 0.7847417593002319
vn -0.7816921472549438 0.30592310428619385 0.5434780716896057
vn -0.6418148279190063 0.16774708032608032 0.7482877969741821
vn -0.7839701175689697 0.3129923343658447 0.5361219048500061
vn -0.7857475280761719 0.37600210309028625 0.4911448359489441
vn -0.7854721546173096 0.45712175965309143 0.417220801115036
vn -0.7854721546173096 0.45712175965309143 0.417220801115036
vn -0.5289833545684814 0.07501938939094543 0.8453097939491272
vn -0.49605631828308105 0.06752084940671921 0.865661084651947
vn -0.4405633211135864 0.045044757425785065 0.8965907096862793
vn -0.31773048639297485 -6.571400867037835e-14 0.9481810927391052
vn -0.5497304201126099 0.78619384765625 -0.28230419754981995
vn -0.5146977305412292 0.7758190035820007 0.3649536371231079
vn -0.5567594170570374 0.8285792469978333 0.058952588587999344
vn -0.5175431370735168 0.7758306264877319 0.36088213324546814
vn -0.5655380487442017 0.7636286616325378 0.31150925159454346
vn -0.5175431370735168 0.7758306264877319 0.36088213324546814
vn -0.5946702361106873 0.7543355822563171 0.2781098484992981
vn -0.5946702361106873 0.7543355822563171 0.2781098484992981
vn -0.5946702361106873 0.7543355822563171 0.2781098484992981
vn -0.5953709483146667 0.7258331775665283 0.34452807903289795
vn -0.5781224370002747 0.7655578255653381 0.28230419754981995
vn -0.5971306562423706 0.6064638495445251 0.5250110030174255
vn 0.005657041911035776 0.915940523147583 0.401274174451828
vn -0.1326727569103241 0.6054571270942688 0.7847417593002319
vn -0.33347854018211365 0.627896249294281 0.7032341957092285
vn -0.6299735903739929 0.5953096151351929 0.4987381398677826
vn -0.6357155442237854 0.5624196529388428 0.528724730014801
vn -0.6314001679420471 0.32679569721221924 0.7032341957092285
vn -0.7268218994140625 0.5131472945213318 0.456519216299057
vn -0.5852813124656677 0.5812803506851196 0.5652954578399658
vn -0.5791018605232239 0.5804352164268494 0.5724822878837585
vn -0.5643307566642761 0.5843213200569153 0.5831804275512695
vn -0.5852813124656677 0.5812803506851196 0.5652954578399658
vn -0.14933981001377106 0.6155871152877808 0.7737894654273987
vn -0.06585876643657684 0.6266043186187744 0.7765498161315918
vn 0.2027374804019928 0.5411108136177063 0.8161473870277405
vn 0.38919588923454285 0.46903786063194275 0.7927988767623901
vn 0.394967257976532 0.4641883373260498 0.7927988767623901
vn 0.4252849817276001 0.5091149210929871 0.7482877969741821
vn 0.6205211877822876 0.3995996117591858 0.67473965883255
vn 0.5668929219245911 0.6641821265220642 0.48733407258987427
vn 0.8553666472434998 0.3175714612007141 0.40926313400268555
vn 0.8775709271430969 0.310930997133255 0.3649536371231079
vn 0.8950839042663574 0.23137620091438293 0.3811691105365753
vn 0.8950839042663574 0.23137620091438293 0.3811691105365753
vn 0.9062949419021606 0.23893284797668457 0.34862664341926575
vn 0.9435340166091919 0.29744014143943787 -0.1458524912595749
vn 0.9307417273521423 0.28295424580574036 -0.23163928091526031
vn 0.921895444393158 0.29716017842292786 -0.24860523641109467
vn 0.8622288703918457 -0.015113245695829391 -0.5062933564186096
vn 0.9207377433776855 0.29718077182769775 -0.25283506512641907
vn 0.9729171395301819 -0.06037838011980057 -0.22312943637371063
vn 0.9612952470779419 -0.18760472536087036 -0.2017817199230194
vn 0.6800908446311951 -0.4754360318183899 -0.5580654144287109
vn 0.835547685623169 -0.4496886730194092 -0.31565824151039124
vn 0.5904945731163025 -0.5064411759376526 -0.6283578276634216
vn 0.755214273929596 -0.46656307578086853 -0.46040233969688416
vn 0.738800585269928 -0.34381401538848877 -0.5796254277229309
vn 0.7784395813941956 -0.36588817834854126 -0.5100564956665039
vn 0.6257752180099487 -0.4527835249900818 -0.6351318359375
vn 0.9346894025802612 -0.3330594003200531 -0.1242060661315918
vn 0.7401592135429382 -0.47893795371055603 -0.4719987213611603
vn 0.5205474495887756 -0.5232176780700684 -0.67473965883255
vn 0.708699107170105 -0.5027661919593811 -0.4949462115764618
vn 0.7043031454086304 -0.5089060068130493 -0.4949462115764618
vn 0.7069288492202759 -0.5089482665061951 -0.4911448359489441
vn 0.7043031454086304 -0.5089060068130493 -0.4949462115764618
vn 0.713485598564148 -0.503432035446167 -0.48733407258987427
vn 0.6658708453178406 -0.5444799065589905 -0.5100564956665039
vn 0.5614729523658752 -0.6175559759140015 -0.5507928133010864
vn 0.6658708453178406 -0.5444799065589905 -0.5100564956665039
vn 0.6672492623329163 -0.5566027760505676 -0.4949462115764618
vn 0.645666241645813 -0.6990339159965515 -0.30735430121421814
vn 0.692754328250885 -0.6754004955291748 -0.25283506512641907
vn 0.8037980794906616 -0.5923922061920166 -0.05459024757146835
vn 0.9708839058876038 -0.2393013834953308 0.010923261754214764
vn 0.9690490365028381 -0.24662651121616364 0.010923261754214764
vn 0.9541131258010864 -0.2683524787425995 -0.1328723281621933
vn 0.9397988319396973 -0.32599368691444397 -0.10250037163496017
vn 0.9441747665405273 -0.32623711228370667 -0.04586252197623253
vn 0.9494369626045227 -0.3045225739479065 -0.0763898640871048
vn 0.7681810855865479 -0.6401990652084351 0.006554040592163801
vn 0.9163395762443542 -0.38925909996032715 -0.09380380809307098
vn 0.8591510653495789 -0.4974844753742218 -0.11986933648586273
vn 0.7070915699005127 -0.7070915699005127 0.006554040592163801
vn 0.8972411751747131 -0.4237111508846283 -0.1242060661315918
vn 0.8972411751747131 -0.4237111508846283 -0.1242060661315918
vn 0.8818935751914978 -0.45104262232780457 -0.1372016966342926
vn 0.8671948909759521 -0.47743353247642517 -0.1415284425020218
vn 0.9056869745254517 -0.4170079529285431 -0.0763898640871048
vn 0.9247099161148071 -0.3753703832626343 -0.0633138045668602
vn 0.8140304088592529 -0.4954070746898651 0.30319350957870483
vn 0.9685865640640259 -0.24650880694389343 -0.03276457265019417
vn 0.9684385657310486 -0.24647115170955658 -0.03713129088282585
vn 0.9013341665267944 -0.17255336046218872 0.3972681760787964
vn 0.9684385657310486 -0.24647115170955658 -0.03713129088282585
vn 0.9740525484085083 -0.22453342378139496 -0.028397228568792343
vn 0.977444589138031 -0.20982049405574799 -0.024029340595006943
vn 0.9728888869285583 -0.11301048845052719 0.2017817199230194
vn 0.9071518182754517 -0.09787376970052719 0.40926313400268555
vn 0.9720038175582886 -0.11290767788887024 0.2060592919588089
vn 0.9728888869285583 -0.11301048845052719 0.2017817199230194
vn 0.9728888869285583 -0.11301048845052719 0.2017817199230194
vn 0.9728726148605347 -0.12046773731708527 0.1975002884864807
vn 0.9739441871643066 -0.14297984540462494 0.1760382205247879
vn 0.9398379325866699 -0.17252662777900696 0.2948545813560486
vn 0.9743580222129822 -0.1503126323223114 0.16742929816246033
vn 0.9824391007423401 -0.09794669598340988 0.15880759060382843
vn 0.9906690716743469 0.04530104249715805 0.12854042649269104
vn 0.9915388226509094 0.03773019462823868 0.1242060661315918
vn 0.9561160206794739 -0.29003462195396423 -0.04149730131030083
vn 0.9917558431625366 -0.04529576003551483 -0.11986933648586273
vn 0.9861473441123962 -0.06037840619683266 -0.15449213981628418
vn 0.9861473441123962 -0.06037840619683266 -0.15449213981628418
vn 0.8230933547019958 -0.44182389974594116 0.3568037748336792
vn 0.8784769177436829 -0.33937153220176697 0.3363112509250641
vn 0.6413658261299133 -0.05274668708443642 0.7654199600219727
vn 0.7534806132316589 -0.1424291878938675 0.641857385635376
vn 0.6374413967132568 -0.47803884744644165 0.6042742133140564
vn 0.4348564147949219 -0.8713181018829346 0.22738653421401978
vn 0.4423562288284302 -0.8893670439720154 0.11553031951189041
vn 0.5377515554428101 -0.8383444547653198 0.08945280313491821
vn 0.5610240697860718 -0.7882425785064697 -0.25283506512641907
vn 0.2538083791732788 -0.9618082046508789 -0.10250037163496017
vn 0.15038138628005981 -0.9735976457595825 0.17173540592193604
vn 0.08293221145868301 -0.9767885804176331 0.1975002884864807
vn 0.060308169573545456 -0.9441541433334351 0.3239381015300751
vn 0.23038212954998016 -0.6115536093711853 0.7569189071655273
vn 0.3921858072280884 -0.07489013671875 0.916832447052002
vn -0.049261778593063354 0.1395753026008606 0.9889853596687317
vn 0.31454482674598694 -0.04488006979227066 0.9481810927391052
vn -0.010758893564343452 0.037813588976860046 0.9992268681526184
vn 0.272491455078125 -0.08143344521522522 0.9587059020996094
vn -0.5395883917808533 0.07879142463207245 0.838234007358551
vn -0.5016310214996338 0.24037842452526093 0.8310141563415527
vn -0.48799392580986023 0.24336323142051697 0.838234007358551
vn -0.0381675660610199 0.04202673211693764 0.9983872175216675
vn -0.16793985664844513 -0.37103110551834106 0.913308322429657
vn -0.3207458555698395 -0.8211816549301147 0.4719987213611603
vn -0.38368621468544006 -0.8905435800552368 0.24437066912651062
vn -0.34893956780433655 -0.9151641130447388 0.2017817199230194
vn -0.32578298449516296 -0.9048970341682434 -0.27391019463539124
vn 0.09797677397727966 -0.8165536522865295 -0.5688942670822144
vn 0.22029787302017212 -0.6046496033668518 -0.7654199600219727
vn 0.2368335872888565 -0.47063887119293213 -0.8499464392662048
vn 0.3066447377204895 -0.43299177289009094 -0.8476362228393555
vn 0.3590399920940399 -0.553913414478302 -0.7511792182922363
vn 0.18473269045352936 -0.4854612648487091 -0.8545181155204773
vn 0.476809561252594 -0.030225606635212898 -0.8784868121147156
vn 0.6878635883331299 0.22310297191143036 -0.6907016038894653
vn 0.47504594922065735 0.3591559827327728 -0.8033295273780823
vn 0.5965105295181274 0.749731183052063 -0.2864931523799896
vn 0.5905815362930298 0.754410445690155 -0.2864931523799896
vn 0.9338756799697876 0.2827949523925781 -0.21886809170246124
vn 0.48452532291412354 0.32772865891456604 -0.8110666871070862
vn 0.17140427231788635 0.3472175896167755 -0.9219872951507568
vn 0.25596722960472107 0.443348228931427 -0.8590245246887207
vn 0.009440415538847446 0.5155965089797974 -0.8567795157432556
vn 0.03209473565220833 0.6593176126480103 -0.7511792182922363
vn -0.19077076017856598 0.7484744787216187 -0.6351318359375
vn 0.06033818796277046 0.9398159384727478 -0.3363112509250641
vn 0.06789036095142365 0.9347996115684509 -0.34862664341926575
vn -0.37224024534225464 0.8407068252563477 -0.3932546079158783
vn -0.5346860289573669 0.7500720620155334 -0.3892335295677185
vn -0.36807847023010254 0.8935537934303284 -0.25706008076667786
vn 0.07166734337806702 0.9948241710662842 -0.07203252613544464
vn -0.7042521238327026 0.5564493536949158 -0.4409002661705017
vn -0.6487807631492615 0.2227267324924469 -0.7276512384414673
vn -0.11839601397514343 0.2352781444787979 -0.9646899104118347
vn -0.09923335164785385 -0.4396175444126129 -0.8926864862442017
vn -0.009454368613660336 -0.5043195486068726 -0.8634653687477112
vn -0.17601972818374634 -0.38046038150787354 -0.9078915119171143
vn -0.17255467176437378 -0.39932066202163696 -0.9004265069961548
vn -0.2680041790008545 -0.41384634375572205 -0.8700028657913208
vn -0.25871554017066956 -0.463226854801178 -0.8476362228393555
vn -0.2572081685066223 -0.3700740337371826 -0.8926864862442017
vn -0.3242202699184418 -0.3961793780326843 -0.8590245246887207
vn -0.7488316893577576 0.07541393488645554 -0.6584556698799133
vn -0.3522658050060272 -0.24845503270626068 -0.9023185968399048
vn 6.733522295515951e-14 -0.21673583984375 -0.976230263710022
vn -0.03922083228826523 -0.1427225023508072 -0.9889853596687317
vn 0.05418951064348221 -0.20102070271968842 -0.9780870079994202
vn -0.09556706994771957 0.4284084439277649 -0.8985171914100647
vn -0.36968663334846497 0.38572412729263306 -0.8453097939491272
vn -0.7136662602424622 -0.1166694238781929 -0.6907016038894653
vn -0.45327791571617126 -0.3031548857688904 -0.838234007358551
vn -0.5616216063499451 -0.4603002071380615 -0.6875353455543518
vn -0.23503023386001587 -0.5278865098953247 -0.8161473870277405
vn -0.03585343062877655 -0.3652311861515045 -0.9302261471748352
vn -0.2914983928203583 -0.7358303070068359 -0.6112139225006104
vn -0.7441050410270691 -0.5909903645515442 -0.31150925159454346
vn -0.8318635821342468 -0.17990678548812866 -0.5250110030174255
vn -0.9295560121536255 0.0754300206899643 -0.36088213324546814
vn -0.8899800181388855 0.14287035167217255 -0.43303996324539185
vn -0.9120038747787476 0.2935484051704407 -0.2864931523799896
vn -0.8127250075340271 0.47867077589035034 -0.33219319581985474
vn -0.8282029032707214 0.42877039313316345 -0.36088213324546814
vn -0.8789756894111633 0.46754956245422363 0.09380380809307098
vn -0.8765478134155273 0.47120046615600586 0.0981530249118805
vn -0.8800982236862183 0.4645353853702545 0.0981530249118805
vn -0.8900522589683533 0.44418540596961975 0.10250037163496017
vn -0.8896430134773254 0.4439811706542969 0.10684575140476227
vn -0.8900522589683533 0.44418540596961975 0.10250037163496017
vn -0.8896430134773254 0.4439811706542969 0.10684575140476227
vn -0.8900522589683533 0.44418540596961975 0.10250037163496017
vn -0.949608564376831 0.3117210566997528 -0.03276457265019417
vn -0.8902056217193604 0.44066619873046875 0.11553031951189041
vn -0.8843876123428345 0.44744107127189636 0.1328723281621933
vn -0.8966907858848572 0.43062666058540344 0.10250037163496017
vn -0.875822126865387 0.43015384674072266 0.21886809170246124
vn -0.851777195930481 0.3982308804988861 0.34042292833328247
vn -0.8415436744689941 0.3944994807243347 0.3690181374549866
vn -0.7543151378631592 0.40866613388061523 0.5138099193572998
vn -0.7777262926101685 0.09399500489234924 0.6215357780456543
vn -0.6806893348693848 -0.18271557986736298 0.7094202041625977
vn -0.4227028489112854 0.45332399010658264 0.7847417593002319
vn -0.41889488697052 0.46147844195365906 0.7820260524749756
vn -0.777100682258606 0.5645967125892639 0.2781098484992981
vn -0.7433379292488098 0.6686270833015442 -0.01966099627315998
vn -0.7784753441810608 0.6252967119216919 0.05459024757146835
vn -0.9784446358680725 0.19510602951049805 -0.06767380982637405
vn -0.727178692817688 0.6698201298713684 -0.15017375349998474
vn -0.6101513504981995 0.6475380659103394 -0.456519216299057
vn -0.5855867862701416 0.6590184569358826 -0.4719987213611603
vn -0.6355422735214233 0.7701336741447449 -0.05459024757146835
vn -0.6241747140884399 0.7601869702339172 -0.18033768236637115
vn -0.6331464648246765 0.7411739230155945 -0.22312943637371063
vn -0.6520814895629883 0.6854588389396667 -0.3239381015300751
vn -0.643191933631897 0.6898926496505737 -0.33219319581985474
vn -0.6161718368530273 0.721589982509613 -0.31565824151039124
vn -0.9556784629821777 -0.2648698091506958 0.12854042649269104
vn -0.9692416787147522 -0.09415898472070694 0.22738653421401978
vn -0.9692416787147522 -0.09415898472070694 0.22738653421401978
vn -0.9762232899665833 -0.07919737696647644 0.2017817199230194
vn -0.9929527640342712 -0.02641030214726925 0.11553031951189041
vn -0.9929527640342712 -0.02641030214726925 0.11553031951189041
vn -0.9674566984176636 -0.2097550481557846 0.1415284425020218
vn -0.9927234649658203 -0.03395349159836769 0.11553031951189041
vn -0.9888328313827515 -0.12796181440353394 0.0763898640871048
vn -0.9887563586235046 -0.13921476900577545 0.05459024757146835
vn -0.9897211194038391 -0.1429940164089203 -0.002184694167226553
vn -0.9917111396789551 0.12802237272262573 0.010923261754214764
vn -0.9689935445785522 0.24661238491535187 -0.0152922747656703
vn -0.9589930772781372 0.2830166518688202 0.0152922747656703
vn -0.8189880847930908 0.5707741379737854 0.058952588587999344
vn -0.7974131107330322 0.5980070233345032 0.08074574917554855
vn -0.8232802152633667 0.5645655393600464 0.058952588587999344
vn -0.8232802152633667 0.5645655393600464 0.058952588587999344
vn -0.6871707439422607 0.716538667678833 0.11986933648586273
vn -0.5946901440620422 0.7889713644981384 0.15449213981628418
vn -0.5989844799041748 0.7865528464317322 0.15017375349998474
vn -0.4079865515232086 0.7720443606376648 0.48733407258987427
vn -0.44148921966552734 0.7747359275817871 0.45262736082077026
vn -0.6509314179420471 0.7229325771331787 0.23163928091526031
vn -0.6337823867797852 0.7324720621109009 0.24860523641109467
vn -0.6337823867797852 0.7324720621109009 0.24860523641109467
vn -0.5631672739982605 0.7796254754066467 0.27391019463539124
vn -0.8005327582359314 0.514471173286438 -0.30735430121421814
vn -0.9466081261634827 0.28295791149139404 -0.15449213981628418
vn -0.9536335468292236 -0.2721404731273651 0.12854042649269104
vn -0.8953859806060791 -0.44076672196388245 0.0633138045668602
vn -0.7510592937469482 -0.6258354187011719 0.2103329300880432
vn -0.6878902316093445 -0.6225926876068115 0.37307560443878174
vn -0.8621872067451477 -0.12413714081048965 0.4911448359489441
vn -0.5342176556587219 -0.22026103734970093 0.8161473870277405
vn -0.662068247795105 -0.7127473950386047 0.23163928091526031
vn -0.6805764436721802 -0.715259313583374 0.15880759060382843
vn -0.7083587050437927 0.314831405878067 0.6317508816719055
vn -0.9005890488624573 0.24228805303573608 0.36088213324546814
vn -0.9926496744155884 0.12052948772907257 -0.010923261754214764
vn -0.9372312426567078 0.007549903821200132 -0.34862664341926575
vn -0.9279283285140991 -0.12057612091302872 -0.3527185618877411
vn -0.9377103447914124 -0.10172028094530106 -0.33219319581985474
vn -0.923745334148407 -0.13923220336437225 -0.3568037748336792
vn -0.925859808921814 -0.13554777204990387 -0.3527185618877411
vn -0.8911365866661072 -0.18735907971858978 -0.41324591636657715
vn -0.8254797458648682 -0.2781365215778351 -0.4911448359489441
vn -0.8264176249504089 -0.28202736377716064 -0.48733407258987427
vn -0.8264176249504089 -0.28202736377716064 -0.48733407258987427
vn -0.8254797458648682 -0.2781365215778351 -0.4911448359489441
vn -0.8334234356880188 -0.2676182687282562 -0.4835140109062195
vn -0.8667445182800293 0.0037766648456454277 -0.4987381398677826
vn -0.9580153226852417 -0.011329363100230694 -0.2864931523799896
vn -0.9330618977546692 0.2060490846633911 -0.2948545813560486
vn -0.9296885132789612 0.2207714021205902 -0.2948545813560486
vn -0.9292682409286499 0.1985509693622589 -0.31150925159454346
vn -0.9292275309562683 0.21706931293010712 -0.2990269064903259
vn -0.9194151759147644 0.14657633006572723 -0.3649536371231079
vn -0.9284449219703674 0.15774913132190704 -0.3363112509250641
vn -0.9194151759147644 0.14657633006572723 -0.3649536371231079
vn -0.9194151759147644 0.14657633006572723 -0.3649536371231079
vn -0.9189338088035583 0.13923460245132446 -0.3690181374549866
vn -0.9189338088035583 0.13923460245132446 -0.3690181374549866
vn -0.960610032081604 0.23916122317314148 -0.1415284425020218
vn -0.9617837071418762 0.25021812319755554 -0.1111890971660614
vn -0.9616744518280029 0.24660415947437286 -0.11986933648586273
vn -0.9618082046508789 0.2538083791732788 -0.10250037163496017
vn -0.9603149890899658 0.257641464471817 -0.10684575140476227
vn -0.9520519971847534 0.250215083360672 0.1760382205247879
vn -0.9680134057998657 0.24277859926223755 0.0633138045668602
vn -0.8379269242286682 -0.26034796237945557 -0.4796847105026245
vn -0.9681106209754944 0.23562639951705933 -0.08510008454322815
vn -0.9742571711540222 0.2245805859565735 0.01966099627315998
vn -0.9030011296272278 0.20582762360572815 0.37712597846984863
vn -0.9004791975021362 0.20939746499061584 0.3811691105365753
vn -0.8105982542037964 0.13888759911060333 0.5688942670822144
vn -0.9052035212516785 0.27508318424224854 0.3239381015300751
vn -0.9900076985359192 -0.13176509737968445 0.05022686347365379
vn -0.3631421625614166 0.28615841269493103 0.8867024183273315
vn -0.7482213973999023 0.26609182357788086 0.607749879360199
vn 0.43234193325042725 0.7111138701438904 0.5544344186782837
vn 0.5599188208580017 0.3305220901966095 0.7597671151161194
vn 0.41043463349342346 0.4956568479537964 0.7654199600219727
vn 0.4376979172229767 -0.06742099672555923 0.8965907096862793
vn 0.2149292379617691 0.9198784232139587 0.3280687630176544
vn -0.08481087535619736 0.9946515560150146 0.058952588587999344
vn -0.11672546714544296 0.9902220964431763 0.0763898640871048
vn -0.5597987771034241 0.8237860798835754 0.08945280313491821
vn -0.6871707439422607 0.716538667678833 0.11986933648586273
vn -0.7360149621963501 0.6559340357780457 -0.16742929816246033
vn -0.9317653775215149 0.3507336676120758 -0.09380380809307098
vn -0.8339824676513672 0.5257762670516968 0.16742929816246033
vn -0.8087992668151855 0.5112248063087463 0.29067665338516235
vn -0.9920954704284668 0.11680426448583603 0.04586252197623253
vn -0.8631489276885986 0.5041503310203552 -0.028397228568792343
vn -0.5492110252380371 0.8355437517166138 0.0152922747656703
vn -0.48806729912757874 0.8403257131576538 0.23588760197162628
vn -0.9101830124855042 -0.2171555459499359 -0.3527185618877411
vn -0.9507439136505127 -0.12802477180957794 -0.28230419754981995
vn -0.9094800353050232 -0.21339420974254608 -0.3568037748336792
vn -0.9885947704315186 0.011321621015667915 -0.15017375349998474
vn -0.8397476673126221 0.5429373383522034 0.006554040592163801
vn -0.796495795249939 -0.591749370098114 -0.1242060661315918
vn -0.796923816204071 -0.5920673608779907 -0.11986933648586273
vn -0.8464055061340332 -0.45669564604759216 -0.27391019463539124
vn -0.8503068685531616 -0.5003700256347656 -0.16312000155448914
vn -0.9120849967002869 -0.40691301226615906 0.05022686347365379
vn -0.7176218032836914 -0.6962651014328003 -0.0152922747656703
vn -0.8074515461921692 -0.5511643290519714 -0.2103329300880432
vn -0.8074515461921692 -0.5511643290519714 -0.2103329300880432
vn -0.8074515461921692 -0.5511643290519714 -0.2103329300880432
vn -0.8116869926452637 -0.5449076294898987 -0.2103329300880432
vn -0.8233188986778259 -0.5254442691802979 -0.21460255980491638
vn -0.8241802453994751 -0.5223252773284912 -0.21886809170246124
vn -0.792375922203064 -0.5756947994232178 -0.2017817199230194
vn -0.7535957098007202 -0.629603385925293 -0.18892620503902435
vn -0.3606611490249634 -0.8953525424003601 0.2612801790237427
vn -0.7955403923988342 -0.5947842001914978 -0.11553031951189041
vn -0.8758866190910339 -0.22067631781101227 -0.42909738421440125
vn -0.7596409320831299 -0.6209778785705566 -0.19321508705615997
vn -0.7535957098007202 -0.629603385925293 -0.18892620503902435
vn -0.7978243231773376 -0.5665826797485352 -0.2060592919588089
vn -0.8360822200775146 -0.5030539631843567 -0.21886809170246124
vn -0.8360822200775146 -0.5030539631843567 -0.21886809170246124
vn -0.832963764667511 -0.5063443183898926 -0.22312943637371063
vn -0.3767410218715668 -0.8935039043426514 0.24437066912651062
vn -0.7071051001548767 -0.7071051001548767 0.002184694167226553
vn -0.8576604127883911 -0.4297940731048584 -0.28230419754981995
vn -0.8116869926452637 -0.5449076294898987 -0.2103329300880432
vn -0.46823573112487793 0.6001325845718384 -0.6485338807106018
vn -0.8322274088859558 -1.721238575931247e-13 -0.5544344186782837
vn -0.8297625780105591 0.007556081283837557 -0.5580654144287109
vn -0.8576338291168213 -0.10925818234682083 -0.5025205612182617
vn -0.8069382905960083 0.06786151230335236 -0.5867242813110352
vn -0.4240603744983673 0.6388989686965942 -0.641857385635376
vn -0.4240603744983673 0.6388989686965942 -0.641857385635376
vn -0.4240603744983673 0.6388989686965942 -0.641857385635376
vn -0.4240603744983673 0.6388989686965942 -0.641857385635376
vn -0.4240603744983673 0.6388989686965942 -0.641857385635376
vn -0.4240603744983673 0.6388989686965942 -0.641857385635376
vn -0.4240603744983673 0.6388989686965942 -0.641857385635376
vn -0.4240603744983673 0.6388989686965942 -0.641857385635376
vn -0.4240603744983673 0.6388989686965942 -0.641857385635376
vn -0.43656137585639954 0.6304230690002441 -0.641857385635376
vn -0.43520405888557434 0.6279427409172058 -0.6452018022537231
vn -0.44139599800109863 0.6236057877540588 -0.6452018022537231
vn -0.6953307390213013 -0.711342990398407 -0.10250037163496017
vn -0.8076212406158447 -0.5475807785987854 -0.21886809170246124
vn -0.8076212406158447 -0.5475807785987854 -0.21886809170246124
vn -0.8109161853790283 -0.5443901419639587 -0.21460255980491638
vn -0.8116869926452637 -0.5449076294898987 -0.2103329300880432
vn -0.8116869926452637 -0.5449076294898987 -0.2103329300880432
vn -0.8116869926452637 -0.5449076294898987 -0.2103329300880432
vn -0.8116869926452637 -0.5449076294898987 -0.2103329300880432
vn -0.8116869926452637 -0.5449076294898987 -0.2103329300880432
vn -0.8116869926452637 -0.5449076294898987 -0.2103329300880432
vn -0.8116869926452637 -0.5449076294898987 -0.2103329300880432
vn -0.8116869926452637 -0.5449076294898987 -0.2103329300880432
vn -0.7889828085899353 -0.5788313150405884 -0.2060592919588089
vn -0.7696014046669006 -0.6058034300804138 -0.2017817199230194
vn -0.8109161853790283 -0.5443901419639587 -0.21460255980491638
vn -0.8109161853790283 -0.5443901419639587 -0.21460255980491638
vn -0.8064756989479065 -0.5541989803314209 -0.2060592919588089
vn -0.833091139793396 -0.4083794057369232 -0.37307560443878174
vn -0.833091139793396 -0.4083794057369232 -0.37307560443878174
vn -0.8299040198326111 -0.4355672299861908 -0.34862664341926575
vn -0.823698878288269 -0.46248358488082886 -0.3280687630176544
vn -0.2955278158187866 -0.9413050413131714 0.16312000155448914
vn -0.2736397087574005 -0.9471476674079895 0.16742929816246033
vn -0.2883153557777405 -0.9435391426086426 0.16312000155448914
vn -0.2955278158187866 -0.9413050413131714 0.16312000155448914
vn -0.30078577995300293 -0.9403765797615051 0.15880759060382843
vn -0.30099430680274963 -0.9410284757614136 0.15449213981628418
vn -0.45042017102241516 -0.8706981539726257 -0.1975002884864807
vn -0.452204167842865 -0.8687896728515625 -0.2017817199230194
vn -0.452204167842865 -0.8687896728515625 -0.2017817199230194
vn -0.47424817085266113 -0.8667299747467041 -0.15449213981628418
vn -0.5444265007972717 -0.8373034596443176 0.05022686347365379
vn -0.5444265007972717 -0.8373034596443176 0.05022686347365379
vn -0.5443016886711121 -0.8371114730834961 0.05459024757146835
vn -0.5443016886711121 -0.8371114730834961 0.05459024757146835
vn -0.5504786968231201 -0.8327651619911194 0.058952588587999344
vn -0.558254063129425 -0.8261458873748779 0.0763898640871048
vn -0.5362964868545532 -0.8383030891418457 0.0981530249118805
vn -0.5506154298782349 -0.8329721093177795 0.05459024757146835
vn -0.6941928267478943 -0.7142090201377869 0.08945280313491821
vn -0.5393496751785278 -0.8386098742485046 0.0763898640871048
vn -0.5722213387489319 -0.8152060508728027 0.08945280313491821
vn -0.6543502807617188 -0.743640661239624 0.1372016966342926
vn -0.6616469621658325 -0.7363375425338745 0.1415284425020218
vn -0.18367108702659607 -0.8725786209106445 -0.45262736082077026
vn -0.5600131154060364 -0.8241015076637268 0.08510008454322815
vn -0.31899160146713257 -0.7034571170806885 -0.6351318359375
vn -0.5395250916481018 -0.8388826251029968 0.07203252613544464
vn -0.6543502807617188 -0.743640661239624 0.1372016966342926
vn -0.0018893282394856215 -0.8936669826507568 -0.4487268626689911
vn -0.2786237299442291 -0.6233232617378235 -0.7306414246559143
vn -0.06418514996767044 -0.8853868842124939 -0.46040233969688416
vn -0.1559814065694809 -0.8676906228065491 -0.4719987213611603
vn -0.3125462830066681 -0.6620658040046692 -0.681163489818573
vn -0.30569908022880554 -0.665255069732666 -0.681163489818573
vn -0.25358846783638 -0.6899752020835876 -0.677958071231842
vn -0.3163394331932068 -0.5680521726608276 -0.7597671151161194
vn -0.2539410889148712 0.0226383525878191 -0.9669547080993652
vn -0.25215399265289307 0.0376422218978405 -0.9669547080993652
vn -0.3811653256416321 0.5143385529518127 -0.7682244777679443
vn -0.8800765872001648 0.19478599727153778 -0.43303996324539185
vn -0.4907938838005066 0.6690921783447266 -0.5580654144287109
vn -0.2232225090265274 0.7065749764442444 -0.6715083718299866
vn -0.03773200511932373 0.782476544380188 -0.6215357780456543
vn 0.14099851250648499 0.7948057651519775 -0.590256929397583
vn 0.4872545003890991 0.5659931302070618 -0.6650074124336243
vn 0.5878855586051941 0.36557072401046753 -0.7216291427612305
vn 0.7314905524253845 0.3091304898262024 -0.607749879360199
vn -0.7684780359268188 -0.10164807736873627 -0.6317508816719055
vn -0.9806143045425415 0.1205311119556427 -0.15449213981628418
vn -0.8092238306999207 -0.030189087614417076 -0.5867242813110352
vn -0.5731944441795349 -0.25327232480049133 -0.7792953848838806
vn -0.6532353758811951 -0.018902137875556946 -0.7569189071655273
vn -0.5226943492889404 -0.14201290905475616 -0.8406086564064026
vn -0.12252835184335709 -0.3673231303691864 -0.9219872951507568
vn -0.1737874150276184 -0.2758200168609619 -0.9453682899475098
vn -0.197829008102417 -0.2325000762939453 -0.9522643685340881
vn -0.6665945649147034 0.007560499478131533 -0.7453821301460266
vn -0.9304559230804443 0.135514035820961 -0.34042292833328247
vn -0.9142741560935974 0.07925109565258026 -0.3972681760787964
vn -0.9173920750617981 0.08300027996301651 -0.3892335295677185
vn -0.9107006192207336 0.0979967713356018 -0.401274174451828
vn -0.9731482267379761 0.15795573592185974 -0.16742929816246033
vn -0.8126563429832458 0.3136341869831085 -0.4911448359489441
vn -0.7512146830558777 0.47297582030296326 -0.46040233969688416
vn -0.7251517176628113 0.20147255063056946 -0.6584556698799133
vn -0.995894193649292 0.0904986634850502 -0.002184694167226553
vn -0.9454610347747803 0.17628583312034607 0.27391019463539124
vn -0.943783164024353 0.13170818984508514 0.30319350957870483
vn -0.9984100461006165 -0.052828505635261536 -0.01966099627315998
vn -0.9389017820358276 0.27568644285202026 -0.2060592919588089
vn -0.9767035245895386 -0.10176975280046463 -0.18892620503902435
vn -0.9296327233314514 0.24648766219615936 -0.27391019463539124
vn -0.9583298563957214 -0.26493003964424133 -0.10684575140476227
vn -0.889378547668457 -0.4474445581436157 0.09380380809307098
vn -0.87856525182724 -0.18365752696990967 0.4409002661705017
vn -0.8748668432235718 0.0904339924454689 0.4758462607860565
vn -0.7870811820030212 0.19041498005390167 0.5867242813110352
vn -0.6087645888328552 0.07143541425466537 0.790128231048584
vn -0.6110109686851501 -0.3694537281990051 0.7001210451126099
vn -0.656441867351532 0.24786680936813354 -0.7124928832054138
vn -0.79902583360672 0.22387653589248657 -0.5580654144287109
vn -0.3239244520664215 0.7968157529830933 0.5100564956665039
vn -0.4684465825557709 0.14111755788326263 0.872148871421814
vn -0.17621839046478271 0.12618042528629303 0.976230263710022
vn -0.25085464119911194 -0.25085464119911194 0.9349566102027893
vn -0.7816916704177856 0.12399879842996597 0.6112139225006104
vn -0.7976841926574707 0.15362469851970673 0.5831804275512695
vn -0.9475300908088684 0.11300302296876907 0.2990269064903259
vn -0.8208768963813782 0.36299875378608704 0.4409002661705017
vn -0.9586538672447205 -0.0603133887052536 0.2781098484992981
vn -0.9771089553833008 -0.17271646857261658 0.1242060661315918
vn -0.8899566531181335 -0.16500763595104218 0.42514660954475403
vn -0.8899566531181335 -0.16500763595104218 0.42514660954475403
vn -0.8913007378578186 -0.15758585929870605 0.42514660954475403
vn -0.8399550914764404 -0.5226877927780151 0.1458524912595749
vn -0.7583954334259033 -0.6517031788825989 0.010923261754214764
vn -0.7534522414207458 -0.6574118733406067 0.010923261754214764
vn -0.7534810304641724 -0.6574370265007019 0.006554040592163801
vn -0.7583519816398621 -0.6516658663749695 0.0152922747656703
vn -0.7583519816398621 -0.6516658663749695 0.0152922747656703
vn -0.7583519816398621 -0.6516658663749695 0.0152922747656703
vn -0.7092627286911011 -0.7012543678283691 0.07203252613544464
vn -0.28088024258613586 -0.9450258016586304 0.16742929816246033
vn -0.11865431070327759 -0.9747964143753052 0.18892620503902435
vn -0.2955278158187866 -0.9413050413131714 0.16312000155448914
vn -0.2955278158187866 -0.9413050413131714 0.16312000155448914
vn -0.2883153557777405 -0.9435391426086426 0.16312000155448914
vn -0.12612619996070862 -0.9785111546516418 0.16312000155448914
vn -0.12612619996070862 -0.9785111546516418 0.16312000155448914
vn -0.11670153588056564 -0.9803881645202637 0.15880759060382843
vn -0.14477483928203583 -0.9780020713806152 0.15017375349998474
vn -0.024541357532143593 -0.9840773940086365 0.1760382205247879
vn -0.1708693653345108 -0.9762933254241943 0.1328723281621933
vn 0.024521419778466225 -0.9952886700630188 0.09380380809307098
vn 0.005660903174430132 -0.9886434078216553 0.15017375349998474
vn -0.018868831917643547 -0.9968994855880737 0.0763898640871048
vn -0.2098405361175537 -0.9775379300117493 0.01966099627315998
vn -0.2098405361175537 -0.9775379300117493 0.01966099627315998
vn -0.20245234668254852 -0.9790947437286377 0.01966099627315998
vn -0.20245234668254852 -0.9790947437286377 0.01966099627315998
vn -0.09801503270864487 -0.9951633810997009 -0.006554040592163801
vn -0.2098405361175537 -0.9775379300117493 0.01966099627315998
vn -0.2171960175037384 -0.9758322238922119 0.024029340595006943
vn -0.2098405361175537 -0.9775379300117493 0.01966099627315998
vn -0.2098405361175537 -0.9775379300117493 0.01966099627315998
vn -0.21528807282447815 -0.9674688577651978 -0.1328723281621933
vn -0.224466934800148 -0.9301191568374634 -0.29067665338516235
vn -0.227935791015625 -0.8871439099311829 -0.401274174451828
vn -0.23715080320835114 -0.8935712575912476 -0.3811691105365753
vn -0.25177648663520813 -0.9043832421302795 -0.34452807903289795
vn -0.2608434557914734 -0.9151470065116882 -0.30735430121421814
vn -0.2626076936721802 -0.9132355451583862 -0.31150925159454346
vn -0.26632997393608093 -0.914954662322998 -0.30319350957870483
vn -0.2608434557914734 -0.9151470065116882 -0.30735430121421814
vn -0.2626076936721802 -0.9132355451583862 -0.31150925159454346
vn -0.2626076936721802 -0.9132355451583862 -0.31150925159454346
vn -0.25023648142814636 -0.9557791948318481 -0.15449213981628418
vn -0.2626076936721802 -0.9132355451583862 -0.31150925159454346
vn -0.2572348117828369 -0.9089560508728027 -0.3280687630176544
vn -0.31539472937583923 -0.9413594007492065 -0.11986933648586273
vn -0.23884624242782593 -0.8913863301277161 -0.3852050006389618
vn -0.25351184606552124 -0.8974941968917847 -0.36088213324546814
vn -0.3534080386161804 -0.8729246854782104 -0.3363112509250641
vn -0.4545048773288727 -0.8375554084777832 -0.30319350957870483
vn -0.4545048773288727 -0.8375554084777832 -0.30319350957870483
vn -0.4545048773288727 -0.8375554084777832 -0.30319350957870483
vn -0.4545048773288727 -0.8375554084777832 -0.30319350957870483
vn -0.457111120223999 -0.8672041893005371 -0.1975002884864807
vn -0.4543444514274597 -0.8875447511672974 -0.0763898640871048
vn -0.4530079960823059 -0.8903260231018066 -0.04586252197623253
vn -0.4530079960823059 -0.8903260231018066 -0.04586252197623253
vn -0.4530079960823059 -0.8903260231018066 -0.04586252197623253
vn -0.4462633430957794 -0.8937256932258606 -0.04586252197623253
vn -0.41546863317489624 -0.905617892742157 -0.08510008454322815
vn -0.44616958498954773 -0.8935378789901733 -0.05022686347365379
vn -0.5041503310203552 -0.8631489276885986 -0.028397228568792343
vn -0.5435692667961121 -0.8258209824562073 0.15017375349998474
vn -0.4462633430957794 -0.8937256932258606 -0.04586252197623253
vn -0.4530079960823059 -0.8903260231018066 -0.04586252197623253
vn -0.4462633430957794 -0.8937256932258606 -0.04586252197623253
vn -0.4462633430957794 -0.8937256932258606 -0.04586252197623253
vn -0.4462633430957794 -0.8937256932258606 -0.04586252197623253
vn -0.16152627766132355 -0.9740068912506104 0.15880759060382843
vn -0.3316188156604767 -0.9399516582489014 -0.08074574917554855
vn -0.2538083791732788 -0.9618082046508789 -0.10250037163496017
vn -0.20062793791294098 -0.975964367389679 -0.08510008454322815
vn -0.007548788096755743 -0.9995682239532471 -0.028397228568792343
vn -0.007548788096755743 -0.9995682239532471 -0.028397228568792343
vn -0.0997840091586113 -0.9734386205673218 0.2060592919588089
vn -0.2626076936721802 -0.9132355451583862 -0.31150925159454346
vn 0.1054307073354721 -0.9886699914932251 0.10684575140476227
vn -0.06222911179065704 -0.9866992235183716 0.15017375349998474
vn -0.44719386100769043 -0.8751731514930725 0.18463370203971863
vn 0.5677597522735596 -0.8225420117378235 -0.03276457265019417
vn 0.4609430730342865 -0.873878538608551 -0.15449213981628418
vn 0.1261894702911377 -0.9862353801727295 -0.10684575140476227
vn -0.1355157196521759 -0.9907727837562561 -0.002184694167226553
vn -0.4119841754436493 -0.9095542430877686 0.05459024757146835
vn 0.5234245657920837 -0.8512625694274902 -0.03713129088282585
vn 0.13926653563976288 -0.9637947082519531 -0.22738653421401978
vn -0.24070745706558228 -0.880092978477478 -0.40926313400268555
vn -0.29361364245414734 -0.9183154702186584 -0.26549527049064636
vn -0.39811256527900696 -0.9105731248855591 -0.1111890971660614
vn -0.44753026962280273 -0.8808228373527527 -0.15449213981628418
vn -0.5250446200370789 -0.8490304350852966 0.058952588587999344
vn -0.5448410511016846 -0.8179600238800049 0.18463370203971863
vn -0.5779838562011719 -0.8051581382751465 0.1328723281621933
vn -0.6167056560516357 -0.7871665954589844 0.006554040592163801
vn -0.6226325631141663 -0.7824868559837341 0.006554040592163801
vn -0.6167173981666565 -0.7871816158294678 -0.002184694167226553
vn -0.6167056560516357 -0.7871665954589844 0.006554040592163801
vn -0.6047234535217285 -0.7963606119155884 0.010923261754214764
vn -0.6047234535217285 -0.7963606119155884 0.010923261754214764
vn -0.610720157623291 -0.7917711734771729 0.010923261754214764
vn -0.610720157623291 -0.7917711734771729 0.010923261754214764
vn -0.6047234535217285 -0.7963606119155884 0.010923261754214764
vn -0.5170600414276123 -0.8553218245506287 0.03276457265019417
vn -0.6225731372833252 -0.7824121713638306 -0.0152922747656703
vn -0.6225731372833252 -0.7824121713638306 -0.0152922747656703
vn -0.622394859790802 -0.7821881175041199 -0.028397228568792343
vn -0.6284640431404114 -0.7776882648468018 -0.0152922747656703
vn -0.6284640431404114 -0.7776882648468018 -0.0152922747656703
vn -0.6284640431404114 -0.7776882648468018 -0.0152922747656703
vn -0.6284640431404114 -0.7776882648468018 -0.0152922747656703
vn -0.6284640431404114 -0.7776882648468018 -0.0152922747656703
vn -0.6283560395240784 -0.7775546908378601 -0.024029340595006943
vn -0.6284640431404114 -0.7776882648468018 -0.0152922747656703
vn -0.640143871307373 -0.7534345984458923 -0.15017375349998474
vn -0.6272779107093811 -0.7658277153968811 -0.1415284425020218
vn -0.6272779107093811 -0.7658277153968811 -0.1415284425020218
vn -0.6272779107093811 -0.7658277153968811 -0.1415284425020218
vn -0.6334887146949768 -0.7614904642105103 -0.1372016966342926
vn -0.6321361064910889 -0.7641212940216064 -0.12854042649269104
vn -0.5919600129127502 -0.7942034006118774 -0.1372016966342926
vn -0.3310796320438385 -0.928629994392395 0.16742929816246033
vn -0.6334887146949768 -0.7614904642105103 -0.1372016966342926
vn -0.6347881555557251 -0.7587957978248596 -0.1458524912595749
vn -0.6225731372833252 -0.7824121713638306 -0.0152922747656703
vn -0.5104203224182129 -0.8589231967926025 -0.04149730131030083
vn -0.3509669303894043 -0.9336131811141968 -0.07203252613544464
vn -0.31896260380744934 -0.9474626183509827 0.024029340595006943
vn -0.2116614580154419 -0.9758172631263733 0.05459024757146835
vn -0.2116088718175888 -0.9755748510360718 0.058952588587999344
vn -0.2116088718175888 -0.9755748510360718 0.058952588587999344
vn -0.2116088718175888 -0.9755748510360718 0.058952588587999344
vn -0.2116088718175888 -0.9755748510360718 0.058952588587999344
vn -0.2116614580154419 -0.9758172631263733 0.05459024757146835
vn -0.21903349459171295 -0.974189043045044 0.05459024757146835
vn -0.2116614580154419 -0.9758172631263733 0.05459024757146835
vn 0.4779510200023651 -0.8781664371490479 -0.01966099627315998
vn -0.2062036097049713 -0.9761661291122437 0.06767380982637405
vn -0.23907287418842316 -0.9408406019210815 0.2401314377784729
vn -0.23891164362430573 -0.9450579285621643 0.22312943637371063
vn 0.21870893239974976 -0.921896755695343 0.3198012113571167
vn 0.6600790023803711 -0.7481416463851929 0.06767380982637405
vn 0.22792553901672363 -0.921091616153717 0.31565824151039124
vn 0.2260434329509735 -0.9201258420944214 0.3198012113571167
vn 0.22415700554847717 -0.9191396832466125 0.3239381015300751
vn -0.35074272751808167 -0.9084464311599731 -0.22738653421401978
vn 0.9708762764930725 -0.0754624754190445 -0.22738653421401978
vn 0.922914981842041 0.36134862899780273 -0.1328723281621933
vn 0.9721101522445679 -0.1801379770040512 -0.15017375349998474
vn 0.9473540782928467 0.318926066160202 -0.028397228568792343
vn 0.9866350889205933 -0.10547039657831192 -0.1242060661315918
vn 0.782548189163208 -0.6161302328109741 -0.08945280313491821
vn 0.7672774195671082 -0.6273996233940125 -0.1328723281621933
vn 0.6205518245697021 -0.7816052436828613 -0.0633138045668602
vn 0.09985422343015671 -0.9909729361534119 -0.08945280313491821
vn 0.721950888633728 -0.6605501174926758 -0.2060592919588089
vn 0.9698804616928101 -0.19508707523345947 -0.1458524912595749
vn 0.9776685833930969 0.20986858010292053 -0.010923261754214764
vn 0.9761943817138672 -0.14295609295368195 -0.16312000155448914
vn 0.9326401352882385 -0.32605913281440735 -0.15449213981628418
vn 0.7611674070358276 -0.5642263293266296 -0.3198012113571167
vn 0.48641034960746765 -0.8324164748191833 -0.26549527049064636
vn 0.705540657043457 -0.6281586289405823 -0.3280687630176544
vn 0.8419411182403564 -0.4831894338130951 -0.2401314377784729
vn 0.9422476291656494 -0.18020471930503845 -0.28230419754981995
vn 0.7036837935447693 -0.5970312356948853 -0.3852050006389618
vn 0.1781625896692276 -0.9138199687004089 -0.3649536371231079
vn 0.2840050756931305 -0.8594134449958801 -0.42514660954475403
vn -0.23720595240592957 -0.8986428380012512 -0.3690181374549866
vn -0.15973880887031555 -0.9663165211677551 -0.2017817199230194
vn -0.19494780898094177 -0.9607231616973877 -0.1975002884864807
vn -0.368263304233551 -0.9137226343154907 -0.17173540592193604
vn -0.033991724252700806 -0.9830172061920166 -0.18033768236637115
vn 0.331089049577713 -0.9016845226287842 -0.2781098484992981
vn -0.5392840504646301 -0.8032727241516113 -0.25283506512641907
vn -0.39666664600372314 -0.782660961151123 -0.4796847105026245
vn -0.5651366114616394 -0.6238837838172913 -0.5398051738739014
vn -0.6437780261039734 -0.48267707228660583 -0.5937783122062683
vn -0.38543277978897095 -0.8084421157836914 -0.44481781125068665
vn -0.3212808072566986 -0.8520601391792297 -0.41324591636657715
vn -0.456208199262619 -0.7901757955551147 -0.40926313400268555
vn -0.3300512433052063 -0.8325883150100708 -0.44481781125068665
vn -0.7969751954078674 -0.5174867510795593 -0.31150925159454346
vn 0.2153138518333435 -0.955470621585846 -0.2017817199230194
vn 0.31836050748825073 -0.8967607617378235 -0.30735430121421814
vn 0.8122932314872742 -0.5733791589736938 0.10684575140476227
vn 0.5818697214126587 -0.7642529010772705 -0.2781098484992981
vn 0.9649925231933594 -0.2611743211746216 -0.024029340595006943
vn 0.9807116389274597 -0.07538596540689468 0.18033768236637115
vn 0.8274582624435425 -0.3100898563861847 0.46814218163490295
vn 0.9008246064186096 -0.10543202608823776 0.42118772864341736
vn 0.8623638153076172 -0.15014280378818512 0.4835140109062195
vn 0.8005993962287903 -0.3377407491207123 0.4949462115764618
vn 0.987690269947052 0.10545455664396286 0.11553031951189041
vn 0.9802900552749634 -0.18030945956707 -0.08074574917554855
vn 0.9981541037559509 0.060377199202775955 0.006554040592163801
vn 0.8876575827598572 0.3605353534221649 0.2864931523799896
vn 0.891791045665741 0.3535718619823456 0.28230419754981995
vn 0.8930961489677429 0.3536017835140228 0.2781098484992981
vn 0.8945438861846924 0.3465481400489807 0.28230419754981995
vn 0.8958457112312317 0.3465765714645386 0.2781098484992981
vn 0.8945438861846924 0.3465481400489807 0.28230419754981995
vn 0.8932247161865234 0.34651297330856323 0.2864931523799896
vn 0.8945438861846924 0.3465481400489807 0.28230419754981995
vn 0.8932247161865234 0.34651297330856323 0.2864931523799896
vn 0.8918883800506592 0.3464711010456085 0.29067665338516235
vn 0.7676434516906738 0.35113653540611267 0.5361219048500061
vn 0.7444639205932617 0.3435659408569336 0.5724822878837585
vn 0.6331343054771423 0.37351545691490173 0.677958071231842
vn 0.6340729594230652 0.42622309923171997 0.6452018022537231
vn 0.620332658290863 0.5205209255218506 0.5867242813110352
vn 0.620332658290863 0.5205209255218506 0.5867242813110352
vn 0.620332658290863 0.5205209255218506 0.5867242813110352
vn 0.6154606342315674 0.5262725949287415 0.5867242813110352
vn 0.6251509189605713 0.5147241353988647 0.5867242813110352
vn 0.5262296199798584 0.6287658214569092 0.5724822878837585
vn 0.5236428380012512 0.6341589093208313 0.5688942670822144
vn 0.5158884525299072 0.6037376523017883 0.607749879360199
vn 0.5194376111030579 0.5753915309906006 0.6317508816719055
vn 0.8930961489677429 0.3536017835140228 0.2781098484992981
vn 0.8930961489677429 0.3536017835140228 0.2781098484992981
vn 0.5178040266036987 0.6389352679252625 0.5688942670822144
vn 0.5178040266036987 0.6389352679252625 0.5688942670822144
vn 0.5236428380012512 0.6341589093208313 0.5688942670822144
vn 0.5236428380012512 0.6341589093208313 0.5688942670822144
vn 0.5236428380012512 0.6341589093208313 0.5688942670822144
vn 0.5408928990364075 0.6195112466812134 0.5688942670822144
vn 0.8707619309425354 -0.3249604105949402 0.3690181374549866
vn 0.8609821796417236 -0.26031365990638733 0.43697428703308105
vn 0.8785929679870605 -0.2822968065738678 0.3852050006389618
vn 0.6035734415054321 -0.33904340863227844 0.7216291427612305
vn 0.8826876878738403 -0.27490463852882385 0.3811691105365753
vn -0.06980128586292267 -0.8808919787406921 -0.46814218163490295
vn 0.7605233192443848 -0.13495102524757385 0.6351318359375
vn 0.9608860015869141 -0.11301545053720474 0.25283506512641907
vn 0.6979082226753235 -0.030156800523400307 0.715552031993866
vn 0.47061675786972046 -0.08234579861164093 0.8784868121147156
vn 0.28220078349113464 -0.4536673128604889 0.8453097939491272
vn 0.13915656507015228 -0.4769578278064728 0.8678402304649353
vn 0.016964053735136986 -0.6298274397850037 0.7765498161315918
vn -0.20332737267017365 -0.7649022936820984 0.6112139225006104
vn 0.4511149227619171 -0.8920139670372009 -0.028397228568792343
vn 0.731270968914032 -0.6672424077987671 -0.1415284425020218
vn 0.4292910099029541 -0.9020010232925415 -0.04586252197623253
vn 0.9121448993682861 -0.36146873235702515 -0.19321508705615997
vn 0.27560287714004517 -0.9507958292961121 0.1415284425020218
vn 0.10550941526889801 -0.994223952293396 0.01966099627315998
vn 0.018865788355469704 -0.987129271030426 -0.15880759060382843
vn 0.9219228625297546 -0.224539652466774 -0.31565824151039124
vn 0.9334391355514526 -0.13542169332504272 -0.33219319581985474
vn 0.9002703428268433 -0.19496312737464905 -0.3892335295677185
vn 0.7750371098518372 -0.35168299078941345 -0.5250110030174255
vn 0.7775412201881409 -0.351694792509079 -0.5212872624397278
vn 0.7750371098518372 -0.35168299078941345 -0.5250110030174255
vn 0.7750371098518372 -0.35168299078941345 -0.5250110030174255
vn 0.7671313881874084 -0.3790089190006256 -0.5175535082817078
vn 0.7458803653717041 -0.4328157603740692 -0.5062933564186096
vn 0.7484204769134521 -0.43282777070999146 -0.5025205612182617
vn 0.7471439838409424 -0.43935874104499817 -0.4987381398677826
vn 0.7420589327812195 -0.43933531641960144 -0.5062933564186096
vn 0.8171886801719666 0.3803670108318329 -0.43303996324539185
vn 0.8748378753662109 0.2461412101984024 -0.417220801115036
vn 0.9319689273834229 -0.13538327813148499 -0.3363112509250641
vn 0.9319487810134888 -0.11301276087760925 -0.34452807903289795
vn 0.7509443759918213 -0.43283113837242126 -0.4987381398677826
vn 0.6895183324813843 -0.32905787229537964 -0.6452018022537231
vn 0.5330560207366943 -0.17121177911758423 -0.8285757899284363
vn 0.5371300578117371 -0.192815899848938 -0.8211658596992493
vn 0.380011647939682 -0.2564730942249298 -0.888714075088501
vn 0.9588693380355835 -0.12037308514118195 0.25706008076667786
vn 0.9794607758522034 -0.16525518894195557 -0.11553031951189041
vn 0.9718624353408813 -0.20992229878902435 -0.10684575140476227
vn 0.9874617457389832 -0.060385238379240036 -0.1458524912595749
vn 0.9718624353408813 -0.20992229878902435 -0.10684575140476227
vn 0.987845242023468 -0.12053129822015762 -0.0981530249118805
vn 0.9853051900863647 -0.15051177144050598 -0.08074574917554855
vn 0.9761859178543091 0.12057946622371674 -0.18033768236637115
vn 0.9552484154701233 0.2758340537548065 -0.10684575140476227
vn 0.9761859178543091 0.12057946622371674 -0.18033768236637115
vn 0.9761859178543091 0.12057946622371674 -0.18033768236637115
vn 0.9888709783554077 0.1428711861371994 -0.04149730131030083
vn 0.9933299422264099 -0.052814092487096786 -0.10250037163496017
vn 0.9964770674705505 0.02266150526702404 -0.08074574917554855
vn 0.9966357350349426 0.06792488694190979 -0.04586252197623253
vn 0.9990246295928955 -0.015090227127075195 0.04149730131030083
vn 0.9966357350349426 0.06792488694190979 -0.04586252197623253
vn 0.9966357350349426 0.06792488694190979 -0.04586252197623253
vn 0.9964263439178467 0.06791061162948608 -0.05022686347365379
vn 0.9964263439178467 0.06791061162948608 -0.05022686347365379
vn 0.9999403357505798 0 -0.010923261754214764
vn 0.9586418867111206 -0.2539351284503937 0.12854042649269104
vn 0.8600870370864868 -0.45009690523147583 0.2401314377784729
vn 0.8553498387336731 -0.4567927420139313 0.24437066912651062
vn 0.8588804006576538 -0.45011934638023376 0.24437066912651062
vn 0.8669828176498413 -0.4366665780544281 0.2401314377784729
vn 0.8715285062789917 -0.42987796664237976 0.23588760197162628
vn 0.681163489818573 -0.6437979340553284 0.34862664341926575
vn 0.8703522086143494 -0.4299115836620331 0.2401314377784729
vn 0.6396352052688599 -0.6743088364601135 0.3690181374549866
vn 0.6126919984817505 -0.7112727165222168 0.34452807903289795
vn 0.4897174835205078 -0.7677268981933594 0.41324591636657715
vn 0.7101978659629822 -0.5970206260681152 0.37307560443878174
vn 0.7985671758651733 -0.5270650386810303 0.29067665338516235
vn 0.8623589277267456 -0.4434186518192291 0.24437066912651062
vn 0.8588804006576538 -0.45011934638023376 0.24437066912651062
vn 0.8548199534416199 -0.4086686372756958 0.3198012113571167
vn 0.7549911141395569 -0.4257330894470215 0.4987381398677826
vn 0.8492162823677063 -0.37369272112846375 0.37307560443878174
vn 0.8503337502479553 -0.36702650785446167 0.37712597846984863
vn 0.843218982219696 -0.394703209400177 0.3649536371231079
vn 0.8595942854881287 -0.38106417655944824 0.34042292833328247
vn 0.8135697245597839 -0.12026461213827133 0.5688942670822144
vn 0.9967347383499146 0 -0.08074574917554855
vn 0.9834980368614197 -0.13551011681556702 -0.11986933648586273
vn 0.9794607758522034 -0.16525518894195557 -0.11553031951189041
vn 0.9718624353408813 -0.20992229878902435 -0.10684575140476227
vn 0.970239520072937 -0.2172999531030655 -0.10684575140476227
vn 0.9954086542129517 0.07540653645992279 -0.058952588587999344
vn 0.4897174835205078 -0.7677268981933594 0.41324591636657715
vn 0.7061185240745544 -0.0828147903084755 0.7032341957092285
vn 0.3755049407482147 -0.05243649333715439 0.9253358840942383
vn 0.301015704870224 -0.5339353084564209 0.790128231048584
vn 0.3662436902523041 -0.8151746988296509 0.4487268626689911
vn 0.38577234745025635 -0.8364669680595398 0.3892335295677185
vn 0.4897174835205078 -0.7677268981933594 0.41324591636657715
vn 0.4877261817455292 -0.7668441534042358 0.417220801115036
vn 0.4897174835205078 -0.7677268981933594 0.41324591636657715
vn 0.4887070953845978 -0.7886570692062378 0.37307560443878174
vn 0.47930052876472473 -0.8251387476921082 0.2990269064903259
vn 0.48096680641174316 -0.8355735540390015 0.26549527049064636
vn 0.4117104709148407 -0.9064741134643555 0.09380380809307098
vn 0.6428160667419434 -0.7455186247825623 -0.1760382205247879
vn 0.6383631229400635 -0.7503329515457153 -0.17173540592193604
vn 0.547588050365448 -0.8352392315864563 -0.05022686347365379
vn 0.6135914325714111 -0.6242753863334656 -0.4835140109062195
vn 0.6135914325714111 -0.6242753863334656 -0.4835140109062195
vn 0.6135914325714111 -0.6242753863334656 -0.4835140109062195
vn 0.6192456483840942 -0.6245839595794678 -0.4758462607860565
vn 0.6135914325714111 -0.6242753863334656 -0.4835140109062195
vn 0.6085616946220398 -0.6232410669326782 -0.4911448359489441
vn 0.6085616946220398 -0.6232410669326782 -0.4911448359489441
vn 0.6107409596443176 -0.6241001486778259 -0.48733407258987427
vn 0.618956446647644 -0.618956446647644 -0.4835140109062195
vn 0.6050364971160889 -0.6050364971160889 -0.5175535082817078
vn 0.6881198287010193 -0.5270211696624756 -0.4987381398677826
vn 0.6164263486862183 -0.624436616897583 -0.4796847105026245
vn -0.011327204294502735 -0.8148043155670166 -0.5796254277229309
vn 0.07167699933052063 -0.9131491780281067 -0.401274174451828
vn 0.0867362767457962 -0.9841793775558472 -0.15449213981628418
vn 0.09038866311311722 -0.9610216021537781 0.2612801790237427
vn 0.09988047927618027 -0.9623399972915649 0.25283506512641907
vn 0.11297441273927689 -0.9304279685020447 0.34862664341926575
vn 0.10160508006811142 -0.9137982130050659 0.3932546079158783
vn 0.09603510051965714 -0.9161192774772644 0.3892335295677185
vn -0.08098168671131134 -0.9051899313926697 0.417220801115036
vn 0.09603510051965714 -0.9161192774772644 0.3892335295677185
vn 0.09603510051965714 -0.9161192774772644 0.3892335295677185
vn -0.04901266098022461 -0.9232051968574524 0.3811691105365753
vn -0.4575846791267395 -0.8328134417533875 0.31150925159454346
vn -0.45095497369766235 -0.8364219069480896 0.31150925159454346
vn -0.40216147899627686 -0.8624380826950073 0.30735430121421814
vn -0.39530691504478455 -0.8656014204025269 0.30735430121421814
vn -0.5553786158561707 -0.775975227355957 0.2990269064903259
vn -0.39005813002586365 -0.866496741771698 0.31150925159454346
vn -0.6325072050094604 -0.7404255867004395 0.22738653421401978
vn -0.7667073011398315 -0.6241856813430786 0.15017375349998474
vn -0.7919715046882629 -0.5977909564971924 0.1242060661315918
vn -0.7654718160629272 -0.617682158946991 0.18033768236637115
vn -0.7695431113243103 -0.6150693893432617 0.17173540592193604
vn -0.931668758392334 -0.36140647530555725 0.03713129088282585
vn -0.9909160137176514 -0.1279197335243225 -0.04149730131030083
vn -0.9977415800094604 -0.04907498136162758 -0.04586252197623253
vn -0.9977428913116455 -0.05279320478439331 -0.04149730131030083
vn -0.9977428913116455 -0.05279320478439331 -0.04149730131030083
vn -0.9977415800094604 -0.04907498136162758 -0.04586252197623253
vn -0.9973977208137512 -0.04150117188692093 -0.058952588587999344
vn -0.9977428913116455 -0.05279320478439331 -0.04149730131030083
vn -0.9932394623756409 0.011319790035486221 -0.11553031951189041
vn -0.9656246304512024 0.1092066541314125 -0.23588760197162628
vn -0.9356318712234497 0.187552347779274 -0.2990269064903259
vn -0.7405791878700256 0.4820636212825775 -0.46814218163490295
vn -0.894537627696991 0.24620525538921356 -0.37307560443878174
vn -0.7377808094024658 0.3576919436454773 -0.5724822878837585
vn -0.7350488305091858 0.35757356882095337 -0.5760593414306641
vn -0.5504318475723267 0.46899470686912537 -0.6907016038894653
vn -0.39717909693717957 0.6526587605476379 -0.6452018022537231
vn -0.49008244276046753 0.456693559885025 -0.7424622178077698
vn -0.1634083390235901 0.5467946529388428 0.8211658596992493
vn -0.16348616778850555 0.5616432428359985 0.8110666871070862
vn -0.5820741057395935 0.7671041488647461 -0.26970529556274414
vn -0.16169752180576324 0.5731627941131592 0.8033295273780823
vn -0.08466857671737671 0.7815209627151489 0.6181069612503052
vn -0.050894733518362045 0.7392470836639404 0.6715083718299866
vn -0.08103617280721664 0.8673003315925598 -0.4911448359489441
vn -0.14103849232196808 0.8844463229179382 -0.44481781125068665
vn -0.23891668021678925 0.8965117931365967 -0.37307560443878174
vn -0.15720032155513763 0.674195408821106 -0.7216291427612305
vn -0.11078574508428574 0.533938467502594 -0.838234007358551
vn -0.1403345763683319 0.5420040488243103 -0.8285757899284363
vn -0.1641164869070053 0.5540480017662048 -0.8161473870277405
vn -0.041569940745830536 0.5691736340522766 -0.8211658596992493
vn 0.19834817945957184 0.5615333318710327 -0.8033295273780823
vn 0.2664312422275543 0.5520070195198059 -0.790128231048584
vn -0.08107983320951462 0.8629521131515503 -0.4987381398677826
vn -0.10891243070363998 0.5305799841880798 -0.8406086564064026
vn -0.4060576558113098 0.47281333804130554 -0.7820260524749756
vn -0.4710671007633209 0.45770615339279175 -0.7540562748908997
vn -0.47438520193099976 0.4637068212032318 -0.7482877969741821
vn -0.47963252663612366 0.45827716588974 -0.7482877969741821
vn -0.5012128949165344 0.4998779892921448 -0.7063339352607727
vn -0.740601658821106 0.33991706371307373 0.5796254277229309
vn -0.7963564991950989 0.3308826982975006 0.5062933564186096
vn -0.7963564991950989 0.3308826982975006 0.5062933564186096
vn -0.7438395023345947 0.3677850067615509 0.5580654144287109
vn -0.7377732992172241 0.37443241477012634 0.5616858005523682
vn -0.9795014262199402 0.19122855365276337 0.0633138045668602
vn -0.9711991548538208 0.22084026038646698 0.08945280313491821
vn -0.8783000707626343 0.3918702006340027 0.27391019463539124
vn -0.8754477500915527 0.39527982473373413 0.2781098484992981
vn -0.9847369194030762 0.14660829305648804 -0.09380380809307098
vn -0.9650783538818359 0.01888088323175907 -0.2612801790237427
vn -0.7952566742897034 0.3554483652114868 0.4911448359489441
vn -0.7952791452407837 0.40331077575683594 0.45262736082077026
vn -0.7952791452407837 0.40331077575683594 0.45262736082077026
vn -0.7986612319946289 0.3965711295604706 0.45262736082077026
vn -0.8455154299736023 0.30685025453567505 0.43697428703308105
vn -0.8966065645217896 0.3147358298301697 0.31150925159454346
vn -0.9680134057998657 0.24277859926223755 0.0633138045668602
vn -0.9662969708442688 0.24295710027217865 0.08510008454322815
vn -0.9685767292976379 0.23933109641075134 0.06767380982637405
vn -0.9680134057998657 0.24277859926223755 0.0633138045668602
vn -0.32611218094825745 -0.6653776168823242 0.6715083718299866
vn 0.04707746207714081 -0.6041821837425232 0.7954543828964233
vn 0.33376196026802063 -0.5579935908317566 0.7597671151161194
vn 0.5746009945869446 -0.5706034898757935 0.5867242813110352
vn 0.8612200617790222 -0.39500272274017334 0.3198012113571167
vn 0.8957750797271729 -0.39606961607933044 0.2017817199230194
vn -0.6208864450454712 0.7448375821113586 -0.24437066912651062
vn -0.6208864450454712 0.7448375821113586 -0.24437066912651062
vn -0.6208864450454712 0.7448375821113586 -0.24437066912651062
vn -0.862697184085846 0.39511194825172424 0.31565824151039124
vn -0.855469822883606 0.4394821524620056 0.27391019463539124
vn -0.933659553527832 0.09787876158952713 0.34452807903289795
vn -0.9351118206977844 0.08286330103874207 0.34452807903289795
vn -0.985530436038971 0.026404544711112976 0.16742929816246033
vn -0.8565494418144226 0.42923736572265625 0.2864931523799896
vn -0.6208864450454712 0.7448375821113586 -0.24437066912651062
vn -0.690825879573822 0.7228594422340393 -0.0152922747656703
vn -0.690825879573822 0.7228594422340393 -0.0152922747656703
vn -0.7013698816299438 0.7120440602302551 0.03276457265019417
vn 0.16300828754901886 0.808621883392334 0.5652954578399658
vn 0.0715884417295456 0.7773732542991638 0.6249527335166931
vn 0.16300828754901886 0.808621883392334 0.5652954578399658
vn 0.11844244599342346 0.8261952996253967 0.5507928133010864
vn -0.10704106092453003 0.7059551477432251 0.7001210451126099
vn -0.2896367609500885 0.5518566966056824 0.7820260524749756
vn -0.2896367609500885 0.5518566966056824 0.7820260524749756
vn -0.13969002664089203 0.5346680879592896 0.8334367275238037
vn -0.29111725091934204 0.5393960475921631 0.790128231048584
vn -0.09540387243032455 0.4953036308288574 0.8634653687477112
vn -0.011286969296634197 0.4190532863140106 0.9078915119171143
vn -0.009421274997293949 0.49295666813850403 0.8700028657913208
vn 0.033845048397779465 0.48040980100631714 0.8763908743858337
vn 0.12096721678972244 0.4502435028553009 0.8846737742424011
vn -0.009419428184628487 0.4544767737388611 0.8907088041305542
vn 0.00941223744302988 0.4661155343055725 0.8846737742424011
vn 0.015084991231560707 0.7777782082557678 0.6283578276634216
vn 0.15928815305233002 0.8068373799324036 0.5688942670822144
vn -0.11265075206756592 0.7353453040122986 0.6682642698287964
vn 0.11463242769241333 0.8093299865722656 0.5760593414306641
vn -0.1772974133491516 0.7041738033294678 0.6875353455543518
vn -0.18460087478160858 0.7022945284843445 0.6875353455543518
vn -0.4105818569660187 -0.8066429495811462 0.42514660954475403
vn -0.4105818569660187 -0.8066429495811462 0.42514660954475403
vn -0.3404260277748108 -0.8304920792579651 0.4409002661705017
vn -0.41410014033317566 -0.802743136882782 0.42909738421440125
vn -0.2818947732448578 -0.8480445146560669 0.4487268626689911
vn -0.2403702288866043 -0.8545477390289307 0.46040233969688416
vn -0.2403702288866043 -0.8545477390289307 0.46040233969688416
vn -0.09413589537143707 -0.9197002649307251 0.3811691105365753
vn -0.24947965145111084 -0.8849354386329651 0.3932546079158783
vn -0.21873566508293152 -0.938971221446991 0.26549527049064636
vn 0.05470329523086548 -0.9416237473487854 0.33219319581985474
vn 0.060308169573545456 -0.9441541433334351 0.3239381015300751
vn 0.06223827227950096 -0.941155731678009 0.33219319581985474
vn 0.05470329523086548 -0.9416237473487854 0.33219319581985474
vn -0.41936877369880676 0.8571538925170898 0.2990269064903259
vn -0.37746554613113403 0.8595464825630188 0.34452807903289795
vn -0.27512285113334656 0.9150782227516174 0.2948545813560486
vn -0.22240771353244781 0.9356858730316162 0.27391019463539124
vn -0.3506791889667511 0.9181146621704102 0.18463370203971863
vn -0.3558363616466522 0.9169835448265076 0.18033768236637115
vn -0.15022464096546173 0.9436595439910889 0.2948545813560486
vn 0.1091870442032814 0.9666547775268555 0.23163928091526031
vn 0.06222322955727577 0.9120758771896362 0.405272513628006
vn 0.4512883722782135 0.8545519113540649 0.25706008076667786
vn 0.4518085718154907 0.855536937713623 0.25283506512641907
vn 0.33773839473724365 0.8979070782661438 0.28230419754981995
vn 0.3359396457672119 0.8972548246383667 0.2864931523799896
vn -0.46987247467041016 0.8540685772895813 0.22312943637371063
vn -0.3842308521270752 0.9165171384811401 0.1111890971660614
vn -0.565316379070282 0.8133836984634399 0.1372016966342926
vn -0.44892242550849915 0.827866792678833 -0.3363112509250641
vn -0.2501131594181061 0.9504492878913879 0.18463370203971863
vn -0.24809934198856354 0.9465655088424683 0.2060592919588089
vn -0.35615867376327515 0.9325639605522156 0.058952588587999344
vn -0.24265678226947784 0.9420514702796936 0.23163928091526031
vn -0.5429337024688721 0.7543531060218811 -0.3690181374549866
vn -0.5395820140838623 0.758722722530365 -0.3649536371231079
vn -0.3912513554096222 0.7782667279243469 -0.4911448359489441
vn -0.3778078854084015 0.7751955986022949 -0.5062933564186096
vn -0.3778078854084015 0.7751955986022949 -0.5062933564186096
vn -0.3811870515346527 0.7759958505630493 -0.5025205612182617
vn -0.9579135179519653 -0.10915100574493408 0.26549527049064636
vn -0.9579135179519653 -0.10915100574493408 0.26549527049064636
vn -0.9579135179519653 -0.10915100574493408 0.26549527049064636
vn -0.9579135179519653 -0.10915100574493408 0.26549527049064636
vn 0.4879983365535736 -0.281745970249176 -0.8261215686798096
vn 0.4963860511779785 -0.2887722849845886 -0.8186644315719604
vn 0.7785701751708984 -0.5134126543998718 -0.36088213324546814
vn 0.13908956944942474 -0.8419701457023621 -0.5212872624397278
vn 0.4184751510620117 -0.4572296142578125 -0.7847417593002319
vn 0.2455843836069107 -0.7900616526603699 -0.5616858005523682
vn 0.34931129217147827 -0.3533198833465576 -0.8678402304649353
vn 0.6389266848564148 -0.6749802231788635 -0.3690181374549866
vn 0.5793424844741821 -0.20014914870262146 -0.790128231048584
vn 0.7545442581176758 0.037777867168188095 -0.6551609039306641
vn 0.8407838940620422 0.09799183160066605 -0.5324283838272095
vn 0.9485777616500854 0.22452959418296814 -0.22312943637371063
vn 0.9485777616500854 0.22452959418296814 -0.22312943637371063
vn 0.6352658271789551 -0.6739534735679626 -0.37712597846984863
vn 0.6468955874443054 -0.6695781946182251 -0.3649536371231079
vn 0.5995082855224609 -0.710222065448761 -0.3690181374549866
vn 0.5889909863471985 -0.6503785252571106 -0.4796847105026245
vn 0.4718227982521057 -0.2876916825771332 -0.8334367275238037
vn 0.4718227982521057 -0.2876916825771332 -0.8334367275238037
vn 0.8926950097084045 0.40296369791030884 0.2017817199230194
vn 0.8926950097084045 0.40296369791030884 0.2017817199230194
vn 0.8926950097084045 0.40296369791030884 0.2017817199230194
vn 0.8926950097084045 0.40296369791030884 0.2017817199230194
vn 0.5313817262649536 0.8373236060142517 -0.12854042649269104
vn 0.7711916565895081 0.6153497099876404 -0.16312000155448914
vn 0.916761040687561 0.3542026877403259 -0.18463370203971863
vn 0.9638972878456116 0.1876404732465744 -0.18892620503902435
vn 0.9219228625297546 0.224539652466774 -0.31565824151039124
vn 0.9138873815536499 0.1502857804298401 -0.37712597846984863
vn 0.9138873815536499 0.1502857804298401 -0.37712597846984863
vn 0.9138873815536499 0.1502857804298401 -0.37712597846984863
vn 0.9138873815536499 0.1502857804298401 -0.37712597846984863
vn 0.9171679019927979 0.15042804181575775 -0.3690181374549866
vn 0.9789856672286987 0.12793442606925964 -0.15880759060382843
vn 0.9472468495368958 0.07540173083543777 -0.31150925159454346
vn 0.9157964587211609 0.2317061573266983 -0.3280687630176544
vn 0.9138873815536499 0.1502857804298401 -0.37712597846984863
vn 0.9974815249443054 -0.04528277367353439 0.05459024757146835
vn 0.996049702167511 -0.045272327959537506 0.0763898640871048
vn 0.9933299422264099 0.052814092487096786 -0.10250037163496017
vn 0.9505674242973328 0.22442667186260223 -0.21460255980491638
vn 0.9906116127967834 0.09045590460300446 -0.10250037163496017
vn 0.884620726108551 0.33937203884124756 0.3198012113571167
vn 0.9798935651779175 0.18769358098506927 0.06767380982637405
vn 0.9617026448249817 0.21701478958129883 0.16742929816246033
vn 0.8067152500152588 0.19435416162014008 0.5580654144287109
vn 0.7931746244430542 0.18683777749538422 0.5796254277229309
vn 0.47752970457077026 -0.015044611878693104 0.8784868121147156
vn 0.5408058166503906 0.030101675540208817 0.8406086564064026
vn 0.8029202818870544 -0.10523128509521484 0.5867242813110352
vn 0.9254443049430847 -0.1576491892337799 0.34452807903289795
vn 0.9428718090057373 -0.32621002197265625 0.06767380982637405
vn 0.8838034868240356 0.3252478539943695 -0.3363112509250641
vn 0.8766228556632996 0.30388641357421875 -0.37307560443878174
vn 0.16102683544158936 0.2739033102989197 0.9481810927391052
vn 0.7497352957725525 0 0.661737859249115
vn 0.488312691450119 0.030118094757199287 0.872148871421814
vn 0.4844908118247986 0.030104288831353188 0.87427818775177
vn 0.48489952087402344 0.02258455939590931 0.87427818775177
vn 0.47776663303375244 0 0.8784868121147156
vn 0.5668323040008545 0.11226994544267654 0.8161473870277405
vn 0.44059139490127563 0.11187976598739624 0.8907088041305542
vn 0.3311021625995636 0.3497290313243866 0.8763908743858337
vn 0.3532339036464691 0.3705437481403351 0.8590245246887207
vn 0.3311021625995636 0.3497290313243866 0.8763908743858337
vn 0.5050727128982544 0.28798002004623413 0.8136147856712341
vn 0.6735417246818542 0.0902586430311203 0.7336177229881287
vn 0.675738513469696 0.0976758673787117 0.7306414246559143
vn 0.8270410299301147 -0.022631708532571793 0.5616858005523682
vn 0.6746187210083008 0.1051316037774086 0.7306414246559143
vn 0.7584983706474304 0.11269126087427139 0.641857385635376
vn 0.9182999730110168 -0.12042068690061569 0.37712597846984863
vn 0.9257590770721436 -0.11284579336643219 0.36088213324546814
vn 0.9588837027549744 -0.15779440104961395 0.23588760197162628
vn 0.9725334048271179 -0.23193161189556122 -0.01966099627315998
vn 0.9806705713272095 -0.19506751000881195 -0.0152922747656703
vn 0.9806705713272095 -0.19506751000881195 -0.0152922747656703
vn 0.9807267785072327 -0.19507868587970734 -0.010923261754214764
vn 0.9482880234718323 -0.30454567074775696 0.08945280313491821
vn 0.9314659237861633 -0.3403654396533966 0.12854042649269104
vn 0.923777163028717 -0.3540661334991455 0.1458524912595749
vn 0.923777163028717 -0.3540661334991455 0.1458524912595749
vn 0.9264500737190247 -0.34701189398765564 0.1458524912595749
vn 0.9263694286346436 -0.375544011592865 0.028397228568792343
vn 0.9262455701828003 -0.3754938244819641 0.03276457265019417
vn 0.929054856300354 -0.36848825216293335 0.03276457265019417
vn 0.9399937987327576 -0.3403443694114685 0.024029340595006943
vn 0.9450268745422363 -0.3261086046695709 0.024029340595006943
vn 0.9449185729026794 -0.32607123255729675 0.028397228568792343
vn 0.9397604465484619 -0.3402598798274994 0.03276457265019417
vn 0.9500982761383057 -0.31188181042671204 0.006554040592163801
vn 0.8560354113578796 -0.47026491165161133 -0.21460255980491638
vn 0.9152593016624451 -0.3755362033843994 -0.1458524912595749
vn -0.6620259881019592 0.6500278115272522 0.37307560443878174
vn -0.6567205786705017 0.6553874015808105 0.37307560443878174
vn -0.6325232982635498 0.6285242438316345 0.45262736082077026
vn -0.6245839595794678 0.6192456483840942 0.4758462607860565
vn -0.34796980023384094 0.3493022322654724 0.8700028657913208
vn -0.34796980023384094 0.3493022322654724 0.8700028657913208
vn -0.34796980023384094 0.3493022322654724 0.8700028657913208
vn -0.5763131380081177 0.7970830798149109 -0.18033768236637115
vn -0.5758459568023682 0.7964369654655457 -0.18463370203971863
vn -0.5852324366569519 0.7875093221664429 -0.19321508705615997
vn -0.5896527171134949 0.7852493524551392 -0.18892620503902435
vn -0.5671975016593933 0.8063835501670837 -0.16742929816246033
vn -0.7017048001289368 0.712384045124054 0.010923261754214764
vn -0.6312954425811768 0.7725841403007507 0.06767380982637405
vn -0.7277635931968689 0.6424149870872498 0.2401314377784729
vn -0.8511030673980713 0.45291924476623535 0.26549527049064636
vn -0.8257564902305603 0.5123311281204224 0.23588760197162628
vn -0.8541579842567444 0.44960737228393555 0.2612801790237427
vn -0.5667712092399597 0.8057774901390076 -0.17173540592193604
vn -0.838454008102417 0.4528449475765228 0.30319350957870483
vn -0.8229193687438965 0.49543777108192444 0.2781098484992981
vn -0.760498046875 0.6364904046058655 0.12854042649269104
vn 0.1579621434211731 0.9683573246002197 -0.19321508705615997
vn 0.12230972945690155 0.9880491495132446 0.09380380809307098
vn 0.1240653395652771 0.8869864344596863 0.44481781125068665
vn -0.9530839920043945 -0.19486969709396362 0.23163928091526031
vn -0.9530839920043945 -0.19486969709396362 0.23163928091526031
vn -0.9530839920043945 -0.19486969709396362 0.23163928091526031
vn -0.9530839920043945 -0.19486969709396362 0.23163928091526031
vn -0.9530839920043945 -0.19486969709396362 0.23163928091526031
vn 0.0037705707363784313 -0.7321215867996216 0.681163489818573
vn 0.0037705707363784313 -0.7321215867996216 0.681163489818573
vn 0.011301013641059399 -0.7169873714447021 0.6969945430755615
vn 0.0018836738308891654 -0.7350981831550598 0.677958071231842
vn 0.06396468728780746 -0.6470413208007812 0.7597671151161194
vn -0.009425234980881214 -0.7379956245422363 0.67473965883255
vn 0.011315918527543545 -0.7467510104179382 0.6650074124336243
vn 0.12030921876430511 -0.798199474811554 0.590256929397583
vn 0.29596421122550964 -0.17232298851013184 0.9395264387130737
vn 0.29151520133018494 -0.24243026971817017 0.9253358840942383
vn 0.29107603430747986 -0.2791145145893097 0.9150791168212891
vn 0.2861333191394806 -0.3777979910373688 0.8805659413337708
vn 0.33491507172584534 -0.289753258228302 0.8965907096862793
vn 0.30714330077171326 -0.34036785364151 0.888714075088501
vn 0.41231220960617065 -0.16162826120853424 0.8965907096862793
vn 0.41579505801200867 -0.1406460553407669 0.8985171914100647
vn 0.3579341173171997 -0.30471375584602356 0.882628321647644
vn 0.341871052980423 -0.33920973539352417 0.8763908743858337
vn 0.07155117392539978 -0.7962005734443665 0.6007870435714722
vn 0.12009695917367935 -0.7341659069061279 0.6682642698287964
vn 0.03203865885734558 -0.855050802230835 0.5175535082817078
vn 0.02827516570687294 -0.8529127240180969 0.5212872624397278
vn -0.03202745318412781 -0.8091531991958618 0.5867242813110352
vn -0.030182749032974243 -0.8066509366035461 0.590256929397583
vn -0.14372952282428741 -0.5958516597747803 0.790128231048584
vn 0.2890464961528778 -0.8456336855888367 0.4487268626689911
vn 0.38239938020706177 -0.772940993309021 0.5062933564186096
vn 0.38239938020706177 -0.772940993309021 0.5062933564186096
vn 0.39701807498931885 -0.7605103850364685 0.5138099193572998
vn 0.9530551433563232 0.09801830351352692 -0.2864931523799896
vn 0.9530551433563232 0.09801830351352692 -0.2864931523799896
vn 0.9530551433563232 0.09801830351352692 -0.2864931523799896
vn 0.9530551433563232 0.09801830351352692 -0.2864931523799896
vn -0.38446033000946045 -0.9220015406608582 0.04586252197623253
vn -0.38446033000946045 -0.9220015406608582 0.04586252197623253
vn -0.38446033000946045 -0.9220015406608582 0.04586252197623253
vn 0.34456583857536316 0.3631877303123474 0.865661084651947
vn 0.34528666734695435 0.3572540283203125 0.8678402304649353
vn 0.34528666734695435 0.3572540283203125 0.8678402304649353
vn 0.3452896773815155 0.35195180773735046 0.8700028657913208
vn 0.6151694655418396 0.25685009360313416 0.7453821301460266
vn 0.6151694655418396 0.25685009360313416 0.7453821301460266
vn 0.6151694655418396 0.25685009360313416 0.7453821301460266
vn 0.44121864438056946 -0.1832677125930786 0.8784868121147156
vn 0.6056130528450012 0.27073636651039124 0.7482877969741821
vn 0.43827807903289795 -0.19019271433353424 0.8784868121147156
vn 0.765489935874939 -0.04521411284804344 0.641857385635376
vn 0.42369478940963745 -0.24462030827999115 0.872148871421814
vn 0.5206652283668518 -0.28176993131637573 0.8059239983558655
vn 0.4241364002227783 -0.25140276551246643 0.8700028657913208
vn 0.4329302906990051 -0.2514006495475769 0.865661084651947
vn 0.4341900646686554 -0.2782227396965027 0.8567795157432556
vn 0.6899777054786682 -0.32809361815452576 0.6452018022537231
vn 0.9332146048545837 -0.21686895191669464 0.2864931523799896
vn 0.9772533774375916 -0.16529002785682678 0.1328723281621933
vn 0.9784838557243347 -0.15784257650375366 0.1328723281621933
vn 0.9784838557243347 -0.15784257650375366 0.1328723281621933
vn 0.9772533774375916 -0.16529002785682678 0.1328723281621933
vn 0.976671576499939 -0.1651916354894638 0.1372016966342926
vn 0.9757668972015381 -0.1801440268754959 0.1242060661315918
vn 0.9991406798362732 0.0301908478140831 0.028397228568792343
vn 0.9802221059799194 -0.15047259628772736 0.12854042649269104
vn 0.9102649688720703 -0.35406702756881714 0.21460255980491638
vn 0.9301948547363281 -0.2534753382205963 0.26549527049064636
vn 0.9472862482070923 -0.09045486897230148 0.30735430121421814
vn 0.7931427955627441 0.15007071197032928 0.590256929397583
vn 0.7690878510475159 0.18687282502651215 0.6112139225006104
vn 0.8151983022689819 0.2743976414203644 0.5100564956665039
vn 0.8592742085456848 0.37430912256240845 0.34862664341926575
vn 0.8610559701919556 0.3740094006061554 0.34452807903289795
vn 0.8606621026992798 0.3672197461128235 0.3527185618877411
vn 0.3126577138900757 0.3299742639064789 0.8907088041305542
vn 0.19570155441761017 0.38408592343330383 0.9023185968399048
vn -0.11558894068002701 0.48710381984710693 0.865661084651947
vn -0.19463633000850677 0.60634446144104 0.7710143327713013
vn -0.19639335572719574 0.6093117594718933 0.7682244777679443
vn -0.2180459201335907 0.6125438213348389 0.7597671151161194
vn -0.7356692552566528 0.5456828474998474 0.401274174451828
vn -0.7407351732254028 0.558682382106781 0.37307560443878174
vn -0.7235166430473328 0.6727970242500305 -0.15449213981628418
vn -0.7416529655456543 0.5463041067123413 0.3892335295677185
vn -0.7588146328926086 0.5251832604408264 0.3852050006389618
vn -0.7777759432792664 0.4700971841812134 0.417220801115036
vn -0.7658852338790894 0.5023931264877319 0.401274174451828
vn -0.7548367381095886 0.5726680755615234 0.3198012113571167
vn 0.3397156894207001 0.2588963806629181 0.9041935205459595
vn 0.44445809721946716 -0.20448318123817444 0.872148871421814
vn -0.35265442728996277 0.8168384432792664 -0.456519216299057
vn -0.6226669549942017 0.66935795545578 -0.405272513628006
vn -0.4113512933254242 0.7678325772285461 -0.4911448359489441
vn 0.018888995051383972 0.8392108082771301 -0.5434780716896057
vn 0.026443321257829666 0.8342230319976807 -0.5507928133010864
vn 0.02266654558479786 0.8367336988449097 -0.5471406579017639
vn 0.13539287447929382 0.8161971569061279 -0.5616858005523682
vn 0.018889635801315308 0.8344282507896423 -0.5507928133010864
vn 0.2491493821144104 0.7863622903823853 -0.5652954578399658
vn 0.2848876714706421 0.7741318345069885 -0.5652954578399658
vn 0.27778542041778564 0.7767086625099182 -0.5652954578399658
vn 0.2848876714706421 0.7741318345069885 -0.5652954578399658
vn 0.39511409401893616 0.691908597946167 -0.6042742133140564
vn 0.2707507610321045 0.7843831777572632 -0.5580654144287109
vn 0.5404325127601624 0.5671207904815674 -0.6215357780456543
vn 0.5684096813201904 0.8112251162528992 0.1372016966342926
vn 0.5762952566146851 0.7572430968284607 0.30735430121421814
vn 0.8433858156204224 0.4223127067089081 -0.33219319581985474
vn 0.5728859305381775 0.7564136385917664 0.31565824151039124
vn 0.5728859305381775 0.7564136385917664 0.31565824151039124
vn 0.7666929364204407 0.5766162872314453 0.28230419754981995
vn 0.7281333804130554 0.6667848229408264 0.15880759060382843
vn 0.7270126342773438 0.6669666171073914 0.16312000155448914
vn 0.5632537007331848 0.5992532968521118 0.5688942670822144
vn 0.5810918211936951 0.5957640409469604 0.5544344186782837
vn 0.5358136892318726 0.6304067969322205 0.5616858005523682
vn 0.6509308815002441 0.5976051092147827 0.46814218163490295
vn 0.33804813027381897 0.6659494042396545 0.6650074124336243
vn 0.45619890093803406 0.6721481680870056 0.5831804275512695
vn 0.45619890093803406 0.6721481680870056 0.5831804275512695
vn 0.969104528427124 0.2466406375169754 0.002184694167226553
vn 0.977949857711792 0.06788046658039093 -0.1975002884864807
vn 0.9799095392227173 0.07541675865650177 -0.18463370203971863
vn 0.9799095392227173 0.07541675865650177 -0.18463370203971863
vn 0.983448326587677 0.17276962101459503 0.05459024757146835
vn 0.9981160163879395 0.060374896973371506 -0.010923261754214764
vn 0.971526563167572 -0.14297908544540405 -0.18892620503902435
vn 0.9535024762153625 -0.10553362965583801 -0.28230419754981995
vn 0.7801418304443359 0.30985525250434875 -0.5434780716896057
vn 0.9150720834732056 -0.10554785281419754 -0.3892335295677185
vn 0.8574521541595459 -0.0679568275809288 -0.5100564956665039
vn 0.8589922785758972 0.09800710529088974 -0.5025205612182617
vn 0.8512435555458069 -0.060365911573171616 -0.5212872624397278
vn 0.8512435555458069 -0.060365911573171616 -0.5212872624397278
vn 0.8489513397216797 -0.060373999178409576 -0.5250110030174255
vn 0.8535194396972656 -0.06035671755671501 -0.5175535082817078
vn 0.8580162525177002 -0.060419291257858276 -0.5100564956665039
vn 0.8681034445762634 -0.03774474561214447 -0.4949462115764618
vn 0.7729538679122925 0.4673518240451813 -0.42909738421440125
vn 0.8443693518638611 0.23862721025943756 -0.4796847105026245
vn 0.7466312646865845 0.5116562247276306 -0.42514660954475403
vn 0.759295642375946 0.49939659237861633 -0.417220801115036
vn 0.7593015432357788 0.505929708480835 -0.40926313400268555
vn 0.7937705516815186 0.5272589921951294 -0.30319350957870483
vn 0.7054027915000916 0.6346390843391418 -0.31565824151039124
vn 0.7025371789932251 0.6398464441299438 -0.31150925159454346
vn 0.5699483752250671 0.5045419931411743 -0.6485338807106018
vn 0.524277925491333 0.5709846615791321 -0.6317508816719055
vn 0.757381021976471 0.4989738166332245 -0.42118772864341736
vn 0.5844892859458923 0.5604702234268188 -0.5867242813110352
vn -0.7128201723098755 0.04144711419939995 0.7001210451126099
vn -0.7128201723098755 0.04144711419939995 0.7001210451126099
vn -0.7128201723098755 0.04144711419939995 0.7001210451126099
vn -0.970542311668396 -0.04903750121593475 -0.23588760197162628
vn -0.8918721079826355 -0.056641895323991776 -0.4487268626689911
vn -0.8566250205039978 0.18002164363861084 -0.4835140109062195
vn -0.8174082040786743 0.14285233616828918 -0.5580654144287109
vn -0.8525460362434387 0.037747908383607864 -0.5212872624397278
vn -0.8747982978820801 -0.10929399728775024 -0.4719987213611603
vn -0.9860395193099976 0.1653466671705246 -0.01966099627315998
vn -0.951246976852417 -0.05659432336688042 -0.30319350957870483
vn -0.7654286623001099 0.47602036595344543 0.43303996324539185
vn -0.46402713656425476 0.558546245098114 0.6875353455543518
vn -0.6075079441070557 0.5196046829223633 0.6007870435714722
vn -0.41663312911987305 0.3900044858455658 0.8211658596992493
vn -0.41852325201034546 0.39322617650032043 0.8186644315719604
vn -0.39997419714927673 0.37601402401924133 0.8358433246612549
vn -0.4152006208896637 0.40188536047935486 0.8161473870277405
vn -0.41852325201034546 0.39322617650032043 0.8186644315719604
vn -0.3430032730102539 0.6192262172698975 0.7063339352607727
vn -0.9688974022865295 0.20594549179077148 0.1372016966342926
vn -0.9565009474754333 -0.25010746717453003 -0.15017375349998474
vn -0.5381525754928589 -0.7059897184371948 -0.46040233969688416
vn -0.020762857049703598 -0.8854467868804932 -0.4642767012119293
vn -0.9064102172851562 -0.28974786400794983 -0.30735430121421814
vn -0.5747791528701782 -0.6601841449737549 -0.4835140109062195
vn -0.9398765563964844 0.3295910954475403 0.08945280313491821
vn -0.6828299164772034 0.5576382875442505 0.4719987213611603
vn -0.5117429494857788 0.6857532262802124 0.5175535082817078
vn -0.30192163586616516 0.7486254572868347 0.590256929397583
vn -0.5897566080093384 0.6816623210906982 0.43303996324539185
vn -0.31455424427986145 0.7704921364784241 0.5544344186782837
vn -0.5324955582618713 0.6668643355369568 0.5212872624397278
vn -0.4422314763069153 0.8363584280014038 0.3239381015300751
vn -0.44077280163764954 0.8338866829872131 0.33219319581985474
vn -0.44374704360961914 0.8339421153068542 0.3280687630176544
vn -0.44374704360961914 0.8339421153068542 0.3280687630176544
vn -0.4251047372817993 0.7011062502861023 0.5724822878837585
vn -0.531561017036438 0.4902796745300293 0.6907016038894653
vn -0.3870909512042999 0.6352822184562683 0.6682642698287964
vn -0.37969306111335754 0.6224870085716248 0.6843559741973877
vn -0.26109734177589417 0.4271523356437683 0.865661084651947
vn -0.32281678915023804 0.27360668778419495 0.9060511589050293
vn 0.0352960042655468 0.15704667568206787 0.986960232257843
vn 0.03693169355392456 0.1522345095872879 0.9876541495323181
vn -0.07983788102865219 0.31607696413993835 0.9453682899475098
vn -0.1510743945837021 0.4162950813770294 0.8965907096862793
vn -0.26607516407966614 0.21562476456165314 0.9395264387130737
vn -0.17065751552581787 0.425515353679657 0.888714075088501
vn -0.17065751552581787 0.425515353679657 0.888714075088501
vn -0.17065751552581787 0.425515353679657 0.888714075088501
vn -0.1965959221124649 0.4807794392108917 0.8545181155204773
vn -0.2275499403476715 -0.029957516118884087 0.9733054637908936
vn 0.020619196817278862 0.19857384264469147 0.97986900806427
vn -0.2460547536611557 0.2010217010974884 0.9481810927391052
vn -0.04822826012969017 0.21130181849002838 0.976230263710022
vn -0.2488606870174408 0.2913784086704254 0.9236704111099243
vn -0.2488606870174408 0.2913784086704254 0.9236704111099243
vn -0.27332040667533875 0.33841994404792786 0.9004265069961548
vn -0.27720731496810913 0.37002021074295044 0.8867024183273315
vn -0.5152508020401001 0.14130783081054688 0.8453097939491272
vn -0.4998544752597809 0.12678489089012146 0.8567795157432556
vn -0.11411209404468536 -0.562820553779602 0.8186644315719604
vn -0.42040401697158813 -0.39643898606300354 0.8161473870277405
vn -0.3524820804595947 -0.42560499906539917 0.8334367275238037
vn -0.4032881259918213 -0.2632446587085724 0.8763908743858337
vn -0.7299721240997314 -0.10893622785806656 0.67473965883255
vn -0.8804150819778442 0.2820981442928314 0.3811691105365753
vn -0.9616744518280029 0.24660415947437286 0.11986933648586273
vn -0.9539183974266052 -0.16159851849079132 -0.25283506512641907
vn -0.9690860509872437 -0.24663592875003815 0.006554040592163801
vn -0.7781264185905457 -0.3962634801864624 0.48733407258987427
vn -0.6000405550003052 -0.7783712148666382 0.18463370203971863
vn -0.4360484480857849 -0.7200500965118408 0.5398051738739014
vn -0.47782978415489197 -0.7070631384849548 0.5212872624397278
vn -0.4637065529823303 -0.6177246570587158 0.6351318359375
vn -0.45269644260406494 -0.889713704586029 -0.058952588587999344
vn -0.3824116587638855 -0.6774420738220215 0.6283578276634216
vn -0.4815261662006378 -0.84409099817276 -0.23588760197162628
vn -0.5235276818275452 -0.8162118196487427 -0.24437066912651062
vn -0.6153721213340759 -0.6808047294616699 -0.3972681760787964
vn -0.5385340452194214 -0.8170194029808044 -0.2060592919588089
vn -0.13159532845020294 -0.8477511405944824 -0.5138099193572998
vn 0.5072686076164246 -0.8156797885894775 -0.2781098484992981
vn -0.001888784347102046 -0.8020243048667908 -0.5972883701324463
vn -0.31357046961784363 -0.5733649134635925 -0.7569189071655273
vn 0.3262847661972046 -0.7210795879364014 -0.6112139225006104
vn 0.6796365976333618 -0.6916480660438538 0.24437066912651062
vn 0.6767509579658508 -0.6914350986480713 0.25283506512641907
vn 0.6824669241905212 -0.6918063163757324 0.23588760197162628
vn 0.8399550914764404 -0.5226877927780151 0.1458524912595749
vn 0.6511915326118469 -0.6938896775245667 0.30735430121421814
vn 0.429532915353775 -0.6284148693084717 0.6485338807106018
vn 0.40622326731681824 -0.6232219338417053 0.6682642698287964
vn 0.438583642244339 -0.5516949892044067 0.7094202041625977
vn 0.4444412887096405 -0.5348734855651855 0.7185974717140198
vn 0.485198974609375 -0.5238439440727234 0.7001210451126099
vn 0.4480617940425873 -0.5359346866607666 0.715552031993866
vn 0.4674679934978485 -0.527443528175354 0.7094202041625977
vn 0.57587730884552 -0.5105704069137573 0.6385006904602051
vn 0.5636946558952332 -0.428182989358902 0.7063339352607727
vn 0.917187511920929 -0.2535751760005951 0.30735430121421814
vn 0.917187511920929 -0.2535751760005951 0.30735430121421814
vn 0.8270114660263062 -0.561671257019043 -0.024029340595006943
vn 0.9437388777732849 -0.15768341720104218 0.29067665338516235
vn 0.9544150829315186 -0.12787047028541565 0.26970529556274414
vn 0.9955620765686035 -0.007545743137598038 0.09380380809307098
vn 0.9976887702941895 0.06791467219591141 0.002184694167226553
vn 0.9981160163879395 0.060374896973371506 0.010923261754214764
vn 0.9981541037559509 0.060377199202775955 0.006554040592163801
vn 0.9981541037559509 0.060377199202775955 0.006554040592163801
vn -0.7368215322494507 -0.6527668833732605 -0.1760382205247879
vn -0.7524944543838501 -0.24529492855072021 -0.6112139225006104
vn -0.5378231406211853 -0.8409939408302307 -0.058952588587999344
vn -0.32607123255729675 -0.9449185729026794 -0.028397228568792343
vn 0.02832009457051754 -0.9985462427139282 -0.04586252197623253
vn 0.41371139883995056 -0.9075539708137512 -0.07203252613544464
vn 0.8036701679229736 -0.5670913457870483 -0.18033768236637115
vn 0.5727150440216064 -0.8184705972671509 -0.04586252197623253
vn 0.18025116622447968 -0.9835987687110901 -0.006554040592163801
vn -0.15788047015666962 -0.9871658086776733 0.024029340595006943
vn -0.4119841754436493 -0.9095542430877686 0.05459024757146835
vn -0.48466166853904724 -0.8746989965438843 -0.002184694167226553
vn -0.6135885715484619 -0.7867206335067749 0.06767380982637405
vn -0.690430223941803 -0.7224454283714294 -0.03713129088282585
vn -0.5088759660720825 -0.8511889576911926 0.12854042649269104
vn -0.32967907190322876 -0.9364523887634277 0.11986933648586273
vn -0.0245280209928751 -0.9979593753814697 0.058952588587999344
vn 0.34043535590171814 -0.9402450919151306 0.006554040592163801
vn 0.6338468194007874 -0.7723445892333984 -0.04149730131030083
vn 0.7433379292488098 -0.6686270833015442 -0.01966099627315998
vn 0.8977147936820984 -0.4377047121524811 -0.05022686347365379
vn -0.09605947881937027 -0.9909456968307495 0.09380380809307098
vn 0.17838460206985474 -0.9826780557632446 0.05022686347365379
vn 0.022653281688690186 -0.9949134588241577 0.0981530249118805
vn 0.35977107286453247 -0.9314422607421875 0.05459024757146835
vn 0.35802435874938965 -0.9309296011924744 0.07203252613544464
vn 0.471341609954834 -0.8818181157112122 0.0152922747656703
vn 0.7534953951835632 -0.6574495434761047 -0.002184694167226553
vn 0.929445207118988 -0.3686431050300598 -0.0152922747656703
vn 0.8517991900444031 -0.5237545371055603 0.010923261754214764
vn 0.9524446725845337 -0.3047037422657013 -0.002184694167226553
vn 0.5801956057548523 -0.8139820098876953 0.028397228568792343
vn 0.5091462135314941 -0.8592132329940796 0.05022686347365379
vn 0.6796348690986633 -0.7330006957054138 0.028397228568792343
vn 0.5152438879013062 -0.8547017574310303 0.0633138045668602
vn 0.6513921618461609 -0.7580334544181824 0.03276457265019417
vn 0.5043525099754333 -0.8634950518608093 0.002184694167226553
vn 0.7633390426635742 -0.6459943652153015 0.002184694167226553
vn 0.8272325396537781 -0.561821460723877 0.006554040592163801
vn 0.14292359352111816 -0.9844117760658264 0.10250037163496017
vn 0.24467341601848602 -0.9678117036819458 0.058952588587999344
vn -0.1391337662935257 -0.986976146697998 0.08074574917554855
vn -0.08295941352844238 -0.9963589906692505 -0.01966099627315998
vn -0.41723883152008057 -0.9086682200431824 0.0152922747656703
vn -0.5134559869766235 -0.8490793704986572 0.1242060661315918
vn -0.19678999483585358 -0.9736151695251465 0.11553031951189041
vn -0.6196976900100708 -0.7727550864219666 0.1372016966342926
vn -0.30622997879981995 -0.9449211359024048 0.11553031951189041
vn -0.47610166668891907 -0.8699451684951782 0.12854042649269104
vn -0.5357760190963745 -0.832414448261261 0.1415284425020218
vn -0.6967979073524475 -0.6994661092758179 0.15880759060382843
vn -0.7841525673866272 -0.6163733005523682 0.07203252613544464
vn -0.8592021465301514 -0.5105860829353333 -0.03276457265019417
vn -0.9010450839996338 -0.4099847078323364 -0.1415284425020218
vn -0.8382684588432312 -0.22037763893604279 -0.4987381398677826
vn -0.9715738892555237 -0.2281131148338318 -0.0633138045668602
vn -0.9520580172538757 -0.30100733041763306 0.05459024757146835
vn -0.8905696868896484 -0.4336603879928589 0.1372016966342926
vn -0.9758647680282593 -0.19507403671741486 0.0981530249118805
vn -0.8396130800247192 -0.5297936201095581 0.11986933648586273
vn -0.993619978427887 -0.01887499913573265 0.1111890971660614
vn -0.9473932385444641 -0.30465057492256165 0.0981530249118805
vn -0.7990308403968811 -0.5917209982872009 0.10684575140476227
vn -0.7294762134552002 -0.6734209656715393 0.11986933648586273
vn -0.8143681883811951 -0.5543567538261414 0.17173540592193604
vn -0.8943790197372437 -0.42711958289146423 0.1328723281621933
vn -0.9720908999443054 -0.17268304526805878 0.15880759060382843
vn -0.9675099849700928 0.17272743582725525 0.18463370203971863
vn -0.8682004809379578 0.44321680068969727 0.22312943637371063
vn -0.9714213013648987 0.02641277387738228 0.23588760197162628
vn -0.9284678101539612 -0.2969188988208771 0.22312943637371063
vn -0.8595225811004639 -0.4534071087837219 0.23588760197162628
vn -0.7274988889694214 -0.6607993245124817 0.18463370203971863
vn -0.8385956287384033 -0.5197588205337524 0.16312000155448914
vn -0.6610073447227478 -0.7450284957885742 0.08945280313491821
vn -0.9701321721076965 -0.056573767215013504 0.23588760197162628
vn -0.926442563533783 0.2863340377807617 0.24437066912651062
vn -0.6948462724685669 0.6961802244186401 0.18033768236637115
vn -0.9197883605957031 0.3365612328052521 0.2017817199230194
vn -0.9499276876449585 0.2610447108745575 0.17173540592193604
vn -0.9671698808670044 -0.1911800503730774 0.16742929816246033
vn -0.8004352450370789 -0.5890164971351624 0.1111890971660614
vn -0.6121036410331726 -0.7891808748245239 0.05022686347365379
vn -0.38960394263267517 -0.9208555221557617 0.0152922747656703
vn -0.056597866117954254 -0.9957951307296753 0.07203252613544464
vn -0.7821680307388306 0.6130661964416504 0.1111890971660614
vn -0.3715067505836487 -0.9042913317680359 0.2103329300880432
vn -0.5314390063285828 -0.8097950220108032 0.24860523641109467
vn -0.7264670729637146 -0.6265380382537842 0.28230419754981995
vn -0.9108035564422607 -0.2931620478630066 0.29067665338516235
vn -0.9491152763366699 0.19865329563617706 0.24437066912651062
vn -0.7620096802711487 0.6394020318984985 0.10250037163496017
vn -0.48466166853904724 0.8746989965438843 0.002184694167226553
vn -0.4322846531867981 0.8995116949081421 0.0633138045668602
vn -0.4805262088775635 0.8624817132949829 0.15880759060382843
vn -0.14478351175785065 0.9877055883407593 0.058952588587999344
vn 0.1875772625207901 0.9817032217979431 -0.03276457265019417
vn 0.4066970944404602 0.9103636741638184 -0.0763898640871048
vn 0.6239819526672363 0.7772558331489563 -0.08074574917554855
vn 0.8672604560852051 0.4912630617618561 -0.08074574917554855
vn 0.9365324974060059 0.3475680351257324 -0.04586252197623253
vn 0.968716025352478 0.24654176831245422 -0.028397228568792343
vn 0.9776685833930969 0.20986858010292053 0.010923261754214764
vn 0.9721991419792175 0.23185190558433533 0.03276457265019417
vn 0.9577969908714294 0.28302326798439026 0.05022686347365379
vn 0.9311696887016296 0.3616899847984314 0.04586252197623253
vn 0.9178169369697571 0.39651668071746826 -0.01966099627315998
vn 0.9806143045425415 -0.1205311119556427 -0.15449213981628418
vn 0.9929056763648987 -0.11295852065086365 -0.03713129088282585
vn 0.999721884727478 0.02265329100191593 0.006554040592163801
vn 0.995894193649292 -0.0904986634850502 0.002184694167226553
vn 0.995894193649292 -0.0904986634850502 0.002184694167226553
vn 0.9989712238311768 -0.04529581964015961 -0.002184694167226553
vn 0.9632501006126404 -0.2685261070728302 0.006554040592163801
vn 0.9474626183509827 -0.31896260380744934 -0.024029340595006943
vn 0.9951253533363342 -0.09801129251718521 -0.010923261754214764
vn 0.9969570636749268 0.07543271034955978 -0.01966099627315998
vn 0.9788891077041626 0.20240981876850128 -0.028397228568792343
vn 0.9442673325538635 0.3191228210926056 -0.08074574917554855
vn 0.939220130443573 0.30437758564949036 -0.15880759060382843
vn 0.9945414066314697 -0.060376908630132675 -0.08510008454322815
vn 0.9973157644271851 -0.06032648682594299 -0.04149730131030083
vn 0.8104524612426758 0.5673568844795227 -0.1458524912595749
vn 0.5070192217826843 0.8479762077331543 -0.15449213981628418
vn 0.3312365710735321 0.9315203428268433 -0.15017375349998474
vn 0.06414655596017838 0.9907152056694031 -0.11986933648586273
vn -0.21897907555103302 0.9739469885826111 -0.058952588587999344
vn -0.2263367474079132 0.9722634553909302 -0.058952588587999344
vn 0.030207771807909012 0.9900824427604675 -0.1372016966342926
vn 0.28834742307662964 0.9412047266960144 -0.1760382205247879
vn 0.43733903765678406 0.8782952427864075 -0.19321508705615997
vn 0.6918942332267761 0.6932290196418762 -0.2017817199230194
vn 0.4724534749984741 0.8661291003227234 -0.16312000155448914
vn 0.29558899998664856 0.9488224983215332 -0.1111890971660614
vn 0.043397206813097 0.9975653290748596 -0.05459024757146835
vn 0.9294845461845398 0.31153184175491333 -0.1975002884864807
vn 0.7458370923995972 0.6072068810462952 -0.27391019463539124
vn 0.5558352470397949 0.804243266582489 -0.2103329300880432
vn 0.3314403295516968 0.9418955445289612 -0.05459024757146835
vn 0.9738919734954834 0.15788055956363678 -0.16312000155448914
vn 0.9912695288658142 -0.08293622732162476 -0.10250037163496017
vn 0.9723634123802185 -0.20976904034614563 -0.10250037163496017
vn 0.9685767292976379 -0.23933109641075134 -0.06767380982637405
vn 0.8886836171150208 -0.4578908383846283 -0.024029340595006943
vn 0.8578393459320068 -0.5105254650115967 -0.058952588587999344
vn 0.7215494513511658 -0.6908422708511353 -0.04586252197623253
vn 0.7003288269042969 -0.712345540523529 -0.04586252197623253
vn 0.44268685579299927 -0.8950129747390747 -0.05459024757146835
vn 0.32430925965309143 -0.9443746209144592 0.05459024757146835
vn -0.013213127851486206 -0.9865177273750305 0.16312000155448914
vn -0.2806488871574402 -0.9198964238166809 0.27391019463539124
vn -0.48164641857147217 -0.8040374517440796 0.34862664341926575
vn -0.6938217878341675 -0.6231977343559265 0.36088213324546814
vn -0.9044691920280457 -0.25699758529663086 0.34042292833328247
vn -0.9459712505340576 0.17999285459518433 0.26970529556274414
vn -0.9243842363357544 -0.18002380430698395 0.3363112509250641
vn -0.7072943449020386 -0.5847330093383789 0.3972681760787964
vn -0.4283466339111328 -0.8173960447311401 0.3852050006389618
vn -0.22059260308742523 -0.9228752851486206 0.31565824151039124
vn -0.49536991119384766 -0.7825500965118408 0.37712597846984863
vn 0.3980829417705536 -0.9129776358604431 0.08945280313491821
vn 0.028293583542108536 -0.9831977486610413 0.18033768236637115
vn -0.2608434557914734 -0.9151470065116882 0.30735430121421814
vn 0.7225558161735535 -0.6905357241630554 0.03276457265019417
vn 0.8798738121986389 -0.4709707796573639 -0.0633138045668602
vn 0.9664415121078491 -0.24658092856407166 -0.07203252613544464
vn 0.991797149181366 -0.03018677607178688 -0.1242060661315918
vn 0.8889381885528564 -0.45802199840545654 -0.002184694167226553
vn 0.9836738705635071 -0.17280924320220947 -0.05022686347365379
vn 0.6608564257621765 -0.7422302961349487 0.1111890971660614
vn 0.35096150636672974 -0.9286858439445496 0.11986933648586273
vn 0.8823285102844238 -0.46439316868782043 0.0763898640871048
vn 0.5994459986686707 -0.794899582862854 0.09380380809307098
vn 0.9829416275024414 -0.180130735039711 0.03713129088282585
vn 0.9928697943687439 0.05285358428955078 -0.10684575140476227
vn 0.9902716279029846 0.12799209356307983 -0.05459024757146835
vn 0.9558514952659607 0.23200485110282898 -0.18033768236637115
vn 0.9675624370574951 0.23938047885894775 -0.08074574917554855
vn 0.9260982275009155 0.34019696712493896 -0.16312000155448914
vn 0.8350039720535278 0.5227574110031128 -0.17173540592193604
vn 0.9494369626045227 0.3045225739479065 -0.0763898640871048
vn 0.999265730381012 0.037749744951725006 -0.006554040592163801
vn 0.9671589136123657 -0.25393757224082947 0.010923261754214764
vn 0.8472855091094971 -0.5298382639884949 0.03713129088282585
vn 0.5492110252380371 -0.8355437517166138 0.0152922747656703
vn 0.23174218833446503 -0.9668917059898376 0.10684575140476227
vn 0.03961881622672081 -0.9903410077095032 0.1328723281621933
vn 0.23559117317199707 -0.969179093837738 0.07203252613544464
vn 0.38949236273765564 -0.9205918312072754 0.028397228568792343
vn 0.19880808889865875 -0.9776991605758667 0.06767380982637405
vn 0.44257688522338867 -0.8947906494140625 -0.058952588587999344
vn 0.7253260612487793 -0.6786419153213501 -0.11553031951189041
vn 0.811330258846283 -0.5801331996917725 -0.07203252613544464
vn 0.9556800127029419 -0.2831181287765503 -0.08074574917554855
vn 0.9892775416374207 -0.0075527760200202465 -0.1458524912595749
vn 0.9286746382713318 -0.3330995440483093 -0.16312000155448914
vn 0.898230791091919 -0.40983113646507263 -0.15880759060382843
vn 0.9750242233276367 -0.037742096930742264 -0.21886809170246124
vn 0.9535741209983826 0.261044442653656 -0.15017375349998474
vn 0.8876765370368958 0.4508117437362671 -0.09380380809307098
vn 0.9573649764060974 0.20246461033821106 -0.2060592919588089
vn 0.9508265256881714 0.17276887595653534 -0.25706008076667786
vn 0.9423757195472717 0.17277058959007263 -0.2864931523799896
vn 0.9662219285964966 -0.06790123134851456 -0.24860523641109467
vn 0.9136333465576172 0.27542150020599365 -0.2990269064903259
vn 0.9598068594932556 -0.03775816038250923 -0.2781098484992981
vn 0.8988863229751587 -0.38203293085098267 -0.21460255980491638
vn 0.8245670199394226 0.46952006220817566 -0.31565824151039124
vn 0.851298987865448 0.4159533977508545 -0.3198012113571167
vn 0.8856279850006104 0.3750150203704834 -0.27391019463539124
vn 0.8891422748565674 0.4168127775192261 -0.18892620503902435
vn 0.7995582222938538 0.5407766103744507 -0.2612801790237427
vn 0.7656421065330505 0.5581392049789429 -0.3198012113571167
vn 0.6952058672904968 0.645793080329895 -0.31565824151039124
vn 0.8008705377578735 0.5212169885635376 -0.2948545813560486
vn 0.9167048335075378 0.2827659845352173 -0.28230419754981995
vn 0.9149771332740784 0.2754589915275574 -0.2948545813560486
vn 0.8289049863815308 0.4829294681549072 -0.28230419754981995
vn 0.7954490780830383 0.5405866503715515 -0.27391019463539124
vn 0.7072863578796387 0.640569269657135 -0.2990269064903259
vn 0.6607665419578552 0.6954796314239502 -0.28230419754981995
vn 0.5043144822120667 0.8256763219833374 -0.25283506512641907
vn 0.4815409481525421 0.8365709781646729 -0.2612801790237427
vn 0.3749704957008362 0.8953959941864014 -0.2401314377784729
vn 0.2520406246185303 0.9515703320503235 -0.1760382205247879
vn 0.17096473276615143 0.9744219183921814 -0.1458524912595749
vn -0.013215157203376293 0.9962847828865051 -0.08510008454322815
vn 0.06976544857025146 0.9886747598648071 -0.1328723281621933
vn 0.03961881622672081 0.9903410077095032 -0.1328723281621933
vn -0.17470502853393555 0.983552098274231 -0.04586252197623253
vn -0.009433221071958542 0.9932591319084167 -0.11553031951189041
vn -0.26851585507392883 0.963213324546814 -0.010923261754214764
vn -0.4393000900745392 0.8966801762580872 0.05459024757146835
vn -0.4034366011619568 0.9147963523864746 0.01966099627315998
vn -0.4846339225769043 0.8746488690376282 0.010923261754214764
vn -0.5055173635482788 0.8604902625083923 0.0633138045668602
vn -0.41728663444519043 0.9087722897529602 -0.002184694167226553
vn -0.4591679871082306 0.8808050155639648 0.11553031951189041
vn -0.7818303108215332 0.56803297996521 0.25706008076667786
vn -0.6983030438423157 0.6969682574272156 0.16312000155448914
vn -0.8252208232879639 0.4655509889125824 0.3198012113571167
vn -0.8874664306640625 0.1464814692735672 0.43697428703308105
vn -0.8751260042190552 0.2819667458534241 0.3932546079158783
vn -0.8866274356842041 0.19103065133094788 0.42118772864341736
vn -0.82156902551651 -0.11656457930803299 0.5580654144287109
vn -0.8475803732872009 -0.2638886868953705 0.46040233969688416
vn -0.782642662525177 -0.22694683074951172 0.5796254277229309
vn -0.7155538201332092 -0.3254636228084564 0.6181069612503052
vn -0.7357577085494995 -0.45817121863365173 0.4987381398677826
vn -0.7116352319717407 -0.4072337746620178 0.5724822878837585
vn -0.6675909161567688 -0.5279069542884827 0.5250110030174255
vn -0.5392682552337646 -0.6338708400726318 0.5544344186782837
vn -0.3381594121456146 -0.8163890838623047 0.46814218163490295
vn -0.33187034726142883 -0.760542631149292 0.5580654144287109
vn -0.07719393819570541 -0.8498827815055847 0.5212872624397278
vn 0.03771180659532547 -0.8637424111366272 0.5025205612182617
vn 0.08293677866458893 -0.9190966486930847 0.3852050006389618
vn 0.3006172180175781 -0.9056556820869446 0.2990269064903259
vn 0.31698670983314514 -0.9267165660858154 0.2017817199230194
vn 0.5235068202018738 -0.8187170624732971 0.23588760197162628
vn 0.6233657598495483 -0.7712927460670471 0.12854042649269104
vn 0.4236150085926056 -0.8995189070701599 0.10684575140476227
vn 0.44963887333869934 -0.8920322060585022 0.04586252197623253
vn 0.5489803552627563 -0.8351927995681763 0.03276457265019417
vn 0.5171291828155518 -0.8554361462593079 0.028397228568792343
vn 0.47771376371383667 -0.8777304887771606 -0.03713129088282585
vn 0.559738039970398 -0.8262473344802856 -0.0633138045668602
vn 0.5755268335342407 -0.8133429884910583 -0.08510008454322815
vn 0.6330992579460144 -0.7610223889350891 -0.1415284425020218
vn 0.8003588914871216 -0.5730935335159302 -0.1760382205247879
vn 0.8047319054603577 -0.5669365525245667 -0.1760382205247879
vn 0.8790234327316284 -0.41672655940055847 -0.23163928091526031
vn 0.9439576268196106 -0.23924759030342102 -0.22738653421401978
vn 0.9480101466178894 -0.18760840594768524 -0.25706008076667786
vn 0.9636387825012207 -0.030207999050617218 -0.26549527049064636
vn 0.9582546353340149 -0.04530356824398041 -0.28230419754981995
vn 0.9354390501976013 0.19497334957122803 -0.2948545813560486
vn 0.3649425804615021 -0.9278908967971802 -0.0763898640871048
vn 0.2393013834953308 -0.9708839058876038 -0.010923261754214764
vn 0.050943221896886826 -0.9924927353858948 0.1111890971660614
vn 0.1391749531030655 -0.9824475646018982 0.1242060661315918
vn 0.34040287137031555 -0.9401553273200989 0.0152922747656703
vn 0.39823538064956665 -0.9133272171020508 -0.08510008454322815
vn -0.030169429257512093 -0.9455971121788025 0.3239381015300751
vn -0.15973880887031555 -0.9663165211677551 0.2017817199230194
vn -0.4584590792655945 -0.8192164897918701 0.34452807903289795
vn -0.5423882603645325 -0.8087708950042725 0.22738653421401978
vn -0.2520081698894501 -0.9538782835006714 0.16312000155448914
vn -0.5775054693222046 -0.7942256331443787 0.18892620503902435
vn -0.15783701837062836 -0.9724168181419373 0.17173540592193604
vn -0.226348415017128 -0.9529168605804443 0.2017817199230194
vn -0.1410364806652069 -0.9664649367332458 0.21460255980491638
vn -0.5130250453948975 -0.80304354429245 0.30319350957870483
vn -0.7519336342811584 -0.5407141447067261 0.37712597846984863
vn -0.9103933572769165 -0.235151469707489 0.34042292833328247
vn -0.9499455094337463 -0.09047893434762955 0.2990269064903259
vn -0.8363584280014038 -0.4422314763069153 0.3239381015300751
vn -0.9626293182373047 -0.11673810333013535 0.24437066912651062
vn -0.834324836730957 -0.4962247312068939 0.2401314377784729
vn -0.9264085292816162 0.2934693992137909 0.23588760197162628
vn -0.9197883605957031 0.3365612328052521 0.2017817199230194
vn -0.9141346216201782 0.33271780610084534 0.23163928091526031
vn -0.7551934123039246 0.6418939828872681 0.1328723281621933
vn -0.5107128620147705 0.8594154715538025 0.024029340595006943
vn -0.24650880694389343 0.9685865640640259 -0.03276457265019417
vn 0.05096087232232094 0.9976470470428467 -0.04586252197623253
vn 0.3963027000427246 0.9123803377151489 -0.10250037163496017
vn 0.7149306535720825 0.6895845532417297 -0.11553031951189041
vn 0.7701218724250793 0.6155320405960083 -0.16742929816246033
vn 0.8069154024124146 0.5862583518028259 -0.07203252613544464
vn 0.8089122772216797 0.573705792427063 -0.12854042649269104
vn 0.7027918696403503 0.7067981958389282 -0.08074574917554855
vn 0.4325527548789978 0.8975834846496582 -0.08510008454322815
vn 0.6687878370285034 0.7314832806587219 -0.1328723281621933
vn 0.35077300667762756 0.9281870126724243 -0.1242060661315918
vn 0.6267337203025818 0.7426720857620239 -0.23588760197162628
vn 0.03584454581141472 0.9976170659065247 -0.058952588587999344
vn -0.23928767442703247 0.9708282947540283 -0.0152922747656703
vn -0.47962290048599243 0.8760360479354858 0.05022686347365379
vn -0.7413613200187683 0.6560130715370178 0.1415284425020218
vn -0.6505935192108154 0.7518723607063293 0.10684575140476227
vn -0.7302085757255554 0.6701793670654297 0.1328723281621933
vn -0.7600601315498352 0.6361238360404968 0.1328723281621933
vn -0.9455614686012268 0.2790716290473938 0.16742929816246033
vn -0.9685981869697571 -0.16163045167922974 0.18892620503902435
vn -0.8325561881065369 -0.5191513299942017 0.19321508705615997
vn -0.5475807785987854 -0.8076212406158447 0.21886809170246124
vn -0.8119828701019287 -0.5507737994194031 0.19321508705615997
vn -0.9603862762451172 -0.23192749917507172 0.15449213981628418
vn -0.9741092324256897 0.16899406909942627 0.15017375349998474
vn -0.809561550617218 0.5639166235923767 0.16312000155448914
vn -0.5844357013702393 0.8011943101882935 0.12854042649269104
vn -0.5407072901725769 0.8359643816947937 0.09380380809307098
vn -0.46756845712661743 0.880261242389679 0.08074574917554855
vn -0.46120011806488037 0.8843674063682556 0.07203252613544464
vn -0.21724578738212585 0.9760558009147644 0.010923261754214764
vn -0.1578955501317978 0.9872600436210632 0.01966099627315998
vn 0.08854683488607407 0.9940577745437622 -0.0633138045668602
vn 0.3241152763366699 0.9340220093727112 -0.15017375349998474
vn 0.5796585083007812 0.7580098509788513 -0.2990269064903259
vn 0.5259550213813782 0.797766923904419 -0.2948545813560486
vn 0.3420487940311432 0.9158398509025574 -0.2103329300880432
vn 0.06601781398057938 0.9916040897369385 -0.1111890971660614
vn 0.3135779798030853 0.9259745478630066 -0.2103329300880432
vn 0.08111602813005447 0.9909612536430359 -0.10684575140476227
vn -0.2539230287075043 0.9671035408973694 0.0152922747656703
vn -0.36344948410987854 0.9304843544960022 0.04586252197623253
vn -0.6644574403762817 0.7311829924583435 0.15449213981628418
vn -0.9024849534034729 0.3891417682170868 0.18463370203971863
vn -0.9270772933959961 0.231491819024086 0.2948545813560486
vn -0.9872725605964661 0.037750840187072754 0.15449213981628418
vn -0.9390379786491394 -0.2900310456752777 0.18463370203971863
vn -0.7894430756568909 -0.5493203401565552 0.27391019463539124
vn -0.777193009853363 -0.529228925704956 0.34042292833328247
vn -0.9112734794616699 -0.31829753518104553 0.2612801790237427
vn -0.9506317377090454 -0.08295894414186478 0.2990269064903259
vn -0.28706249594688416 -0.8224183320999146 -0.4911448359489441
vn -0.28706249594688416 -0.8224183320999146 -0.4911448359489441
vn -0.28706249594688416 -0.8224183320999146 -0.4911448359489441
vn 0.8769137859344482 0.4300789535045624 0.21460255980491638
vn 0.8769137859344482 0.4300789535045624 0.21460255980491638
vn 0.8995189070701599 0.4236150085926056 0.10684575140476227
vn 0.874955415725708 0.4297281503677368 0.22312943637371063
vn 0.891431450843811 0.43048766255378723 0.1415284425020218
vn 0.9087722897529602 0.41728663444519043 0.002184694167226553
vn 0.9087722897529602 0.41728663444519043 0.002184694167226553
vn -0.4257625341415405 0.067434161901474 0.9023185968399048
vn 0.03864498808979988 -0.00722400052472949 0.9992268681526184
vn 0.05558636039495468 0.10374715924263 0.9930492043495178
vn -0.04666376858949661 0.23339086771011353 0.9712626934051514
vn -0.5366953611373901 0.34898313879966736 0.7682244777679443
vn 0.05076945945620537 0.5862979888916016 0.8085030317306519
vn -0.24288198351860046 0.6208170652389526 0.7453821301460266
vn -0.16328904032707214 -0.8994947671890259 -0.405272513628006
vn 0.28651830554008484 -0.9307000637054443 -0.22738653421401978
vn 0.23313549160957336 -0.8348102569580078 -0.4987381398677826
vn 0.22887550294399261 -0.5723201036453247 -0.7874425053596497
vn 0.5974971055984497 -0.4761427044868469 -0.6452018022537231
vn 0.190138578414917 -0.3419356048107147 -0.9202865362167358
vn -0.2810085415840149 -0.4715931713581085 -0.8358433246612549
vn -0.6916911005973816 -0.539875864982605 -0.4796847105026245
vn -0.4527881443500519 -0.4848177134990692 -0.7482877969741821
vn -0.4991569221019745 -0.7840076088905334 -0.3690181374549866
vn -0.42906880378723145 -0.8940790295600891 0.12854042649269104
vn -0.5171452164649963 -0.07903878390789032 -0.8522403836250305
vn -0.48421818017959595 -0.1271364986896515 -0.865661084651947
vn -0.4573020040988922 0.18430927395820618 -0.8700028657913208
vn -0.465363085269928 0.18457557260990143 -0.865661084651947
vn -0.46272820234298706 0.18093076348304749 -0.8678402304649353
vn -0.3201965093612671 0.13262973725795746 -0.9380210638046265
vn -0.22428657114505768 -0.04870275408029556 -0.9733054637908936
vn -0.12465281784534454 -0.10183880478143692 -0.986960232257843
vn 0.009469754062592983 -0.16500352323055267 -0.9862475395202637
vn -0.035825226455926895 -0.20074939727783203 -0.9789873361587524
vn 0.11737833172082901 -0.26363605260849 -0.9574540853500366
vn 0.5366317629814148 -0.42725875973701477 -0.7276512384414673
vn 0.777661919593811 -0.3727048933506012 -0.5062933564186096
vn 0.7967894673347473 -0.3519990146160126 -0.4911448359489441
vn 0.8772704601287842 -0.3255551755428314 -0.3527185618877411
vn 0.9262344241142273 -0.29737693071365356 -0.23163928091526031
vn 0.9285160899162292 -0.29017433524131775 -0.23163928091526031
vn 0.9372979998588562 -0.3331157863140106 0.10250037163496017
vn 0.9903980493545532 -0.12054871767759323 -0.06767380982637405
vn 0.9525076150894165 -0.2317819595336914 0.1975002884864807
vn 0.9110123515129089 -0.32577744126319885 0.25283506512641907
vn 0.9124755263328552 -0.3182900846004486 0.25706008076667786
vn 0.9110123515129089 -0.32577744126319885 0.25283506512641907
vn 0.9608972668647766 -0.20244349539279938 0.18892620503902435
vn 0.978268027305603 -0.12799812853336334 0.16312000155448914
vn 0.9966209530830383 -0.030187318101525307 0.0763898640871048
vn 0.9932810068130493 -0.08290334045886993 0.08074574917554855
vn 0.9790334105491638 -0.1949823498725891 0.058952588587999344
vn 0.9110123515129089 -0.32577744126319885 0.25283506512641907
vn 0.9084418416023254 -0.33287808299064636 0.25283506512641907
vn 0.9084418416023254 -0.33287808299064636 0.25283506512641907
vn 0.9162881970405579 -0.33260974287986755 0.22312943637371063
vn 0.9081528186798096 -0.33991384506225586 0.24437066912651062
vn 0.9038991332054138 -0.35398197174072266 0.2401314377784729
vn 0.9499151110649109 -0.28285378217697144 0.1328723281621933
vn 0.9684385657310486 -0.24647115170955658 0.03713129088282585
vn 0.8536577820777893 -0.1054074764251709 0.5100564956665039
vn 0.6984035968780518 0.06772182136774063 0.7124928832054138
vn 0.7022033333778381 0.06027788296341896 0.7094202041625977
vn 0.7015179395675659 0.06779059767723083 0.7094202041625977
vn -0.46263182163238525 -0.21920007467269897 -0.8590245246887207
vn -0.5192621946334839 -0.24526584148406982 -0.8186644315719604
vn -0.5192621946334839 -0.24526584148406982 -0.8186644315719604
vn -0.5437959432601929 -0.2594819962978363 -0.7980946898460388
vn -0.5801534652709961 -0.7490988969802856 0.3198012113571167
vn -0.5801534652709961 -0.7490988969802856 0.3198012113571167
vn -0.5801534652709961 -0.7490988969802856 0.3198012113571167
vn -0.5754371285438538 -0.7509568929672241 0.3239381015300751
vn -0.5957486629486084 0.09015783667564392 0.7980946898460388
vn -0.5986992120742798 0.0938703864812851 0.7954543828964233
vn -0.5957486629486084 0.09015783667564392 0.7980946898460388
vn -0.5957486629486084 0.09015783667564392 0.7980946898460388
vn -0.5818533897399902 0.06014552712440491 0.8110666871070862
vn -0.5061851739883423 0.2712289094924927 0.8186644315719604
vn -0.22874176502227783 0.6015060544013977 0.7654199600219727
vn -0.5721645951271057 0.8100031018257141 0.12854042649269104
vn -0.5972520709037781 0.7886805534362793 0.1458524912595749
vn -0.42452940344810486 0.8560581803321838 -0.2948545813560486
vn -0.848247230052948 0.5267794728279114 0.05459024757146835
vn -0.8271536231040955 0.5617678165435791 0.0152922747656703
vn -0.6115338802337646 0.6596057415008545 -0.43697428703308105
vn -0.34933769702911377 0.935873806476593 -0.04586252197623253
vn -0.34933769702911377 0.935873806476593 -0.04586252197623253
vn -0.34933769702911377 0.935873806476593 -0.04586252197623253
vn -0.3756694495677948 0.8465509414672852 -0.37712597846984863
vn -0.04529063403606415 0.998856782913208 -0.0152922747656703
vn -0.07544711232185364 0.9971474409103394 0.002184694167226553
vn -0.13545037806034088 0.8986545205116272 -0.417220801115036
vn -0.6122698187828064 0.656302273273468 -0.4409002661705017
vn -0.6122698187828064 0.656302273273468 -0.4409002661705017
vn -0.6115338802337646 0.6596057415008545 -0.43697428703308105
vn -0.6115338802337646 0.6596057415008545 -0.43697428703308105
vn -0.6074317693710327 0.6528055667877197 -0.45262736082077026
vn -0.6073489189147949 0.6474233269691467 -0.46040233969688416
vn -0.5687193870544434 0.6993101239204407 -0.43303996324539185
vn -0.6101513504981995 0.6475380659103394 -0.456519216299057
vn -0.6074317693710327 0.6528055667877197 -0.45262736082077026
vn -0.612937867641449 0.6476385593414307 -0.45262736082077026
vn -0.6073489189147949 0.6474233269691467 -0.46040233969688416
vn -0.5884671211242676 0.6592035293579102 -0.46814218163490295
vn -0.13722063601016998 0.8965330123901367 -0.42118772864341736
vn -0.31347721815109253 -0.2723078727722168 0.9097144603729248
vn -0.31347721815109253 -0.2723078727722168 0.9097144603729248
vn -0.31347721815109253 -0.2723078727722168 0.9097144603729248
vn -0.2789998948574066 0.7291043400764465 -0.6249527335166931
vn -0.286911278963089 0.6926651000976562 -0.661737859249115
vn -0.27632495760917664 0.6843762993812561 -0.67473965883255
vn -0.2606702744960785 0.687330961227417 -0.677958071231842
vn -0.4720405042171478 0.7722876071929932 -0.42514660954475403
vn -0.2947392165660858 0.8557915091514587 -0.42514660954475403
vn -0.2232225090265274 0.7065749764442444 -0.6715083718299866
vn -0.2909661829471588 0.8490852117538452 -0.4409002661705017
vn -0.1715679168701172 0.6062464714050293 -0.7765498161315918
vn -0.17704395949840546 0.6011273860931396 -0.7792953848838806
vn -0.2983424961566925 0.8423989415168762 -0.4487268626689911
vn -0.2984546422958374 0.8525258302688599 -0.42909738421440125
vn -0.2981545329093933 0.8565657138824463 -0.42118772864341736
vn -0.5043525099754333 0.8634950518608093 0.002184694167226553
vn -0.16279998421669006 0.6793242692947388 -0.715552031993866
vn -0.16279998421669006 0.6793242692947388 -0.715552031993866
vn -0.16665174067020416 0.6816018223762512 -0.7124928832054138
vn -0.16105735301971436 0.6765192151069641 -0.7185974717140198
vn -0.16105735301971436 0.6765192151069641 -0.7185974717140198
vn -0.16839011013507843 0.6649575233459473 -0.7276512384414673
vn -0.16454514861106873 0.6724405288696289 -0.7216291427612305
vn -0.22252605855464935 0.6555406451225281 -0.7216291427612305
vn -0.5530239939689636 0.8170412182807922 -0.16312000155448914
vn -0.6630451083183289 0.7484232187271118 -0.0152922747656703
vn -0.5732861757278442 0.8070394396781921 0.1415284425020218
vn -0.6909050345420837 0.7229422330856323 0.002184694167226553
vn -0.6854127049446106 0.7281253337860107 -0.006554040592163801
vn -0.7716255784034729 0.6277639865875244 0.10250037163496017
vn -0.7774876952171326 0.6189910173416138 0.1111890971660614
vn -0.7774876952171326 0.6189910173416138 0.1111890971660614
vn 0.10726497322320938 0.9604240655899048 0.25706008076667786
vn 0.015094240196049213 0.9416298866271973 0.3363112509250641
vn -0.09037076681852341 0.9079299569129944 0.40926313400268555
vn -0.08286158740520477 0.9086460471153259 0.40926313400268555
vn -0.5525043606758118 0.7662309408187866 0.3280687630176544
vn -0.43822839856147766 0.869627058506012 0.22738653421401978
vn -0.7817782163619995 0.6127606630325317 0.11553031951189041
vn -0.7723773121833801 0.6245686411857605 0.11553031951189041
vn -0.8629814982414246 0.4837251603603363 0.1458524912595749
vn -0.785178005695343 0.6133950352668762 0.08510008454322815
vn -0.9035716652870178 0.4028465151786804 0.1458524912595749
vn -0.9746720790863037 0.015085060149431229 0.22312943637371063
vn -0.9756376147270203 0.015100003220140934 0.21886809170246124
vn -0.972772479057312 0.007545965723693371 0.23163928091526031
vn -0.9376724362373352 -0.15405328571796417 0.31150925159454346
vn -0.9696157574653625 0.011324446648359299 0.24437066912651062
vn -0.9696745276451111 0.003774892073124647 0.24437066912651062
vn -0.9617478847503662 0.0037720792461186647 0.27391019463539124
vn -0.6433306932449341 0.7539699077606201 0.1328723281621933
vn -0.35979795455932617 0.9241335391998291 0.12854042649269104
vn -0.58982914686203 0.7957872152328491 0.1372016966342926
vn -0.58982914686203 0.7957872152328491 0.1372016966342926
vn -0.5637187957763672 0.8105561137199402 0.15880759060382843
vn -0.4744371175765991 0.8720898628234863 -0.11986933648586273
vn -0.6998538374900818 0.709198534488678 -0.08510008454322815
vn -0.7549106478691101 0.5858076810836792 -0.2948545813560486
vn -0.7266085743904114 0.6732129454612732 -0.1372016966342926
vn -0.7269866466522217 0.6789581179618835 -0.10250037163496017
vn -0.7218135595321655 0.684455156326294 -0.10250037163496017
vn -0.7273070216178894 0.679257333278656 -0.0981530249118805
vn -0.7286414504051208 0.6819626092910767 -0.0633138045668602
vn -0.9467439651489258 0.22797201573848724 0.22738653421401978
vn -0.8841902017593384 0.33253347873687744 -0.3280687630176544
vn -0.8230524659156799 0.4693738520145416 -0.3198012113571167
vn -0.8852078914642334 0.38199374079704285 -0.26549527049064636
vn -0.8849571943283081 0.38546523451805115 -0.2612801790237427
vn -0.8852078914642334 0.38199374079704285 -0.26549527049064636
vn -0.8591107130050659 0.44006985425949097 -0.2612801790237427
vn -0.6544020175933838 0.7237780690193176 -0.21886809170246124
vn -0.6544020175933838 0.7237780690193176 -0.21886809170246124
vn -0.8230383396148682 0.2852799594402313 -0.4911448359489441
vn -0.40603163838386536 0.8089429140090942 -0.42514660954475403
vn -0.20986148715019226 0.9727919101715088 -0.0981530249118805
vn 0.08848811686038971 0.8250653743743896 0.5580654144287109
vn -0.11290046572685242 0.9538911581039429 0.2781098484992981
vn 0.11087869107723236 0.807304322719574 0.5796254277229309
vn -0.2665812373161316 0.9596523642539978 0.08945280313491821
vn -0.09615953266620636 0.8763392567634583 -0.4719987213611603
vn 0.11094556748867035 0.8415112495422363 0.528724730014801
vn 0.18152685463428497 0.8171200156211853 0.5471406579017639
vn 0.2830035984516144 0.7977649569511414 0.5324283838272095
vn 0.29965341091156006 -0.1175091490149498 0.946783721446991
vn 0.29078176617622375 -0.11739334464073181 0.949560284614563
vn 0.29245617985725403 -0.12418557703495026 0.9481810927391052
vn 0.3041490316390991 -0.11735463887453079 0.9453682899475098
vn 0.38130104541778564 -0.06744612753391266 0.9219872951507568
vn 0.38289254903793335 -0.015043889172375202 0.9236704111099243
vn 0.4451896846294403 -0.03758501634001732 0.8946471214294434
vn 0.3900899887084961 -0.0300409197807312 0.9202865362167358
vn 0.5223916172981262 -0.11206376552581787 0.8453097939491272
vn 0.3503509759902954 -0.015035295858979225 0.9364978075027466
vn -0.22907014191150665 -0.819689154624939 0.5250110030174255
vn -0.23837657272815704 -0.8264496326446533 0.5100564956665039
vn -0.23837657272815704 -0.8264496326446533 0.5100564956665039
vn -0.24196770787239075 -0.82771897315979 0.5062933564186096
vn -0.5073233246803284 -0.7027683258056641 -0.4987381398677826
vn -0.5073233246803284 -0.7027683258056641 -0.4987381398677826
vn -0.5073233246803284 -0.7027683258056641 -0.4987381398677826
vn -0.17405648529529572 -0.37699323892593384 -0.9097144603729248
vn -0.5088602304458618 -0.5222242474555969 -0.6843559741973877
vn -0.4837428033351898 -0.3533281683921814 -0.8007197380065918
vn -0.2828325629234314 -0.4747515022754669 -0.8334367275238037
vn -0.13855160772800446 -0.5536155104637146 -0.8211658596992493
vn -0.13670358061790466 -0.550372838973999 -0.8236515522003174
vn -0.14403322339057922 -0.5485002994537354 -0.8236515522003174
vn -0.022644812241196632 -0.7830584049224854 -0.6215357780456543
vn 2.523776001552014e-13 -0.812342643737793 -0.5831804275512695
vn -0.011327204294502735 -0.8148043155670166 -0.5796254277229309
vn -0.045304760336875916 -0.8211618661880493 -0.5688942670822144
vn -0.11299622058868408 -0.8341715931892395 -0.5398051738739014
vn -0.10925457626581192 -0.8322830200195312 -0.5434780716896057
vn -0.11300050467252731 -0.829378068447113 -0.5471406579017639
vn -0.1054733544588089 -0.815619170665741 -0.5688942670822144
vn -0.0018893282394856215 -0.8936669826507568 -0.4487268626689911
vn 2.523776001552014e-13 -0.812342643737793 -0.5831804275512695
vn 2.523776001552014e-13 -0.812342643737793 -0.5831804275512695
vn -0.018870845437049866 -0.809566855430603 -0.5867242813110352
vn -0.0788373276591301 -0.5579497218132019 0.8261215686798096
vn -0.007530525792390108 -0.6232002377510071 0.7820260524749756
vn -0.047057680785655975 -0.6111325025558472 0.790128231048584
vn -0.03203457221388817 -0.6460756659507751 0.762600839138031
vn -0.03203457221388817 -0.6460756659507751 0.762600839138031
vn -0.033880565315485 -0.6392834186553955 0.7682244777679443
vn -0.033880565315485 -0.6392834186553955 0.7682244777679443
vn -0.033880565315485 -0.6392834186553955 0.7682244777679443
vn -0.04140002653002739 -0.6388404965400696 0.7682244777679443
vn -0.07511229068040848 -0.5657250285148621 0.8211658596992493
vn 0.230621337890625 -0.6219961047172546 0.7482877969741821
vn 0.7580437660217285 -0.391955703496933 0.5212872624397278
vn 0.2388843595981598 -0.5939405560493469 0.7682244777679443
vn 0.25567948818206787 -0.5532612204551697 0.7927988767623901
vn 0.25231271982192993 -0.5623811483383179 0.7874425053596497
vn 0.1306796371936798 -0.5628731846809387 0.8161473870277405
vn -0.09359962493181229 -0.5260136723518372 0.8453097939491272
vn -0.03761618956923485 -0.5403351187705994 0.8406086564064026
vn 0.45847222208976746 -0.6111611127853394 0.6452018022537231
vn 0.41062942147254944 -0.6132779717445374 0.67473965883255
vn 0.41062942147254944 -0.6132779717445374 0.67473965883255
vn -0.0861801728606224 -0.5272800922393799 0.8453097939491272
vn 0.41062942147254944 -0.6132779717445374 0.67473965883255
vn 0.4400876760482788 -0.614074170589447 0.6551609039306641
vn 0.45847222208976746 -0.6111611127853394 0.6452018022537231
vn 0.45847222208976746 -0.6111611127853394 0.6452018022537231
vn 0.45847222208976746 -0.6111611127853394 0.6452018022537231
vn 0.45847222208976746 -0.6111611127853394 0.6452018022537231
vn 0.45847222208976746 -0.6111611127853394 0.6452018022537231
vn 0.45847222208976746 -0.6111611127853394 0.6452018022537231
vn 0.45847222208976746 -0.6111611127853394 0.6452018022537231
vn 0.45847222208976746 -0.6111611127853394 0.6452018022537231
vn 0.45847222208976746 -0.6111611127853394 0.6452018022537231
vn 0.45847222208976746 -0.6111611127853394 0.6452018022537231
vn 0.44802385568618774 -0.6153685450553894 0.6485338807106018
vn 0.05087443068623543 -0.8518635034561157 0.5212872624397278
vn 0.20487409830093384 -0.7476078271865845 0.6317508816719055
vn 0.45410028100013733 -0.6108983159065247 0.6485338807106018
vn 0.21764977276325226 -0.7382041811943054 0.6385006904602051
vn 0.16306465864181519 -0.8282410502433777 0.5361219048500061
vn 0.5696171522140503 -0.5216740369796753 0.6351318359375
vn 0.6086626052856445 -0.48883935809135437 0.6249527335166931
vn 0.6086626052856445 -0.48883935809135437 0.6249527335166931
vn 0.18152685463428497 -0.8171200156211853 0.5471406579017639
vn 0.47635382413864136 -0.597328782081604 0.6452018022537231
vn 0.4401891827583313 -0.6244582533836365 0.6452018022537231
vn 0.4401891827583313 -0.6244582533836365 0.6452018022537231
vn 0.4401891827583313 -0.6244582533836365 0.6452018022537231
vn 0.4401891827583313 -0.6244582533836365 0.6452018022537231
vn 0.813143253326416 -0.32405591011047363 0.4835140109062195
vn 0.8714004755020142 0.30377352237701416 0.3852050006389618
vn 0.8118341565132141 0.5413151383399963 0.21886809170246124
vn 0.8745272755622864 0.2893083393573761 0.3892335295677185
vn 0.8068848848342896 0.5536030530929565 0.2060592919588089
vn 0.7897495031356812 0.5849838852882385 0.18463370203971863
vn 0.8118341565132141 0.5413151383399963 0.21886809170246124
vn 0.8225225806236267 0.5155516266822815 0.2401314377784729
vn 0.8237607479095459 0.5155339241027832 0.23588760197162628
vn 0.8209590911865234 0.5218902230262756 0.23163928091526031
vn 0.8197320103645325 0.5219161510467529 0.23588760197162628
vn 0.8237607479095459 0.5155339241027832 0.23588760197162628
vn 0.8237607479095459 0.5155339241027832 0.23588760197162628
vn 0.8237607479095459 0.5155339241027832 0.23588760197162628
vn 0.8237607479095459 0.5155339241027832 0.23588760197162628
vn 0.8237607479095459 0.5155339241027832 0.23588760197162628
vn 0.8237607479095459 0.5155339241027832 0.23588760197162628
vn 0.8237607479095459 0.5155339241027832 0.23588760197162628
vn 0.8225225806236267 0.5155516266822815 0.2401314377784729
vn 0.8225225806236267 0.5155516266822815 0.2401314377784729
vn 0.05288444086909294 0.6141152381896973 -0.7874425053596497
vn -0.40624216198921204 0.5527123808860779 -0.7276512384414673
vn -0.08851122111082077 0.58179771900177 -0.8085030317306519
vn -0.15865769982337952 0.5884706377983093 -0.7927988767623901
vn -0.44404521584510803 0.6182456016540527 -0.6485338807106018
vn -0.15865769982337952 0.5884706377983093 -0.7927988767623901
vn 0.03398026525974274 0.6459762454032898 -0.762600839138031
vn 0.03398026525974274 0.6459762454032898 -0.762600839138031
vn -0.5553860068321228 0.5246532559394836 -0.6452018022537231
vn -0.5651502013206482 0.5224194526672363 -0.6385006904602051
vn -0.5752983093261719 0.511222779750824 -0.6385006904602051
vn -0.5702517032623291 0.5168460607528687 -0.6385006904602051
vn -0.5651502013206482 0.5224194526672363 -0.6385006904602051
vn -0.5605500340461731 0.5191322565078735 -0.6452018022537231
vn -0.4974316656589508 0.5761644840240479 -0.6485338807106018
vn -0.43915924429893494 0.6147384643554688 -0.6551609039306641
vn -0.4501599669456482 0.6138076186180115 -0.6485338807106018
vn -0.15865769982337952 0.5884706377983093 -0.7927988767623901
vn -0.5525872111320496 0.5151811242103577 -0.6551609039306641
vn 0.6455504298210144 -0.762814462184906 0.03713129088282585
vn 0.6455504298210144 -0.762814462184906 0.03713129088282585
vn 0.6455504298210144 -0.762814462184906 0.03713129088282585
vn 0.6559860110282898 -0.7533783912658691 0.04586252197623253
vn 0.9206664562225342 -0.368579238653183 0.12854042649269104
vn 0.9431608319282532 -0.31160929799079895 -0.11553031951189041
vn 0.9968628883361816 -0.05281023681163788 -0.058952588587999344
vn 0.9274806976318359 -0.22441573441028595 -0.2990269064903259
vn 0.9274806976318359 -0.22441573441028595 -0.2990269064903259
vn 0.945710301399231 -0.3187842071056366 0.0633138045668602
vn 0.9754400849342346 -0.1875348836183548 0.11553031951189041
vn 0.978177011013031 -0.17269186675548553 0.11553031951189041
vn 0.995361864566803 -0.09045028686523438 -0.03276457265019417
vn -0.3857806921005249 -0.7687754034996033 0.5100564956665039
vn -0.3857806921005249 -0.7687754034996033 0.5100564956665039
vn -0.3857806921005249 -0.7687754034996033 0.5100564956665039
vn -0.7903504371643066 0.39974161982536316 0.4642767012119293
vn -0.8269980549812317 0.317050963640213 0.4642767012119293
vn -0.9114780426025391 0.24260149896144867 0.33219319581985474
vn -0.7990505695343018 0.5600132942199707 0.21886809170246124
vn -0.8316810727119446 0.41846802830696106 0.3649536371231079
vn -0.8335999846458435 0.41818079352378845 0.36088213324546814
vn -0.5963599681854248 0.3051304519176483 0.7424622178077698
vn -0.8282924294471741 0.4216126799583435 0.3690181374549866
vn -0.8282610774040222 0.42519691586494446 0.3649536371231079
vn -0.8060089945793152 0.42761334776878357 0.40926313400268555
vn -0.8082015514373779 0.39040642976760864 0.4409002661705017
vn -0.3779386878013611 0.3340508043766022 0.8634653687477112
vn -0.7829152941703796 0.39616432785987854 0.4796847105026245
vn 0.020767411217093468 -0.6091294288635254 -0.7927988767623901
vn 0.020767411217093468 -0.6091294288635254 -0.7927988767623901
vn 0.020767411217093468 -0.6091294288635254 -0.7927988767623901
vn 0.13636565208435059 -0.3709942400455475 0.9185682535171509
vn 0.13636565208435059 -0.3709942400455475 0.9185682535171509
vn 0.13636565208435059 -0.3709942400455475 0.9185682535171509
vn -0.18641915917396545 -0.6568188667297363 -0.7306414246559143
vn -0.2247251719236374 -0.5400643348693848 -0.8110666871070862
vn -0.17570964992046356 -0.6630609631538391 -0.7276512384414673
vn 0.23997388780117035 -0.41312646865844727 -0.8784868121147156
vn -0.11878269910812378 -0.3557976186275482 -0.926983654499054
vn -0.05866105481982231 -0.11680376529693604 -0.991421103477478
vn -0.04771715775132179 -0.10282780975103378 -0.9935539960861206
vn 0.29382702708244324 -0.20599648356437683 -0.933397650718689
vn -0.04083874449133873 -0.10107944160699844 -0.9940398335456848
vn -0.042831651866436005 -0.10963013023138046 -0.9930492043495178
vn -0.25127318501472473 -0.45032286643981934 -0.8567795157432556
vn -0.25127318501472473 -0.45032286643981934 -0.8567795157432556
vn -0.25314101576805115 -0.4535619616508484 -0.8545181155204773
vn -0.020780466496944427 -0.4964085817337036 -0.8678402304649353
vn 0.5652364492416382 -0.37142664194107056 -0.736579954624176
vn 0.42761921882629395 -0.24543194472789764 -0.8700028657913208
vn 0.4233797490596771 -0.24516518414020538 -0.872148871421814
vn 0.42761921882629395 -0.24543194472789764 -0.8700028657913208
vn 0.5890541672706604 -0.3190062940120697 -0.7424622178077698
vn 0.6495946049690247 -0.36849966645240784 -0.6650074124336243
vn 0.6400521397590637 -0.361532986164093 -0.677958071231842
vn 0.4667362570762634 -0.17032498121261597 -0.8678402304649353
vn -0.1584741622209549 -0.3751716911792755 -0.913308322429657
vn 0.8497288823127747 0.5102016925811768 -0.1328723281621933
vn 0.8390524983406067 0.5229136943817139 -0.15017375349998474
vn 0.8421072959899902 0.5167083144187927 -0.15449213981628418
vn 0.8405783772468567 0.5165461301803589 -0.16312000155448914
vn 0.8366006016731262 0.5229639410972595 -0.16312000155448914
vn 0.8366006016731262 0.5229639410972595 -0.16312000155448914
vn 0.8296891450881958 0.5421816110610962 -0.1328723281621933
vn -0.2882872223854065 -0.3043411374092102 -0.9078915119171143
vn -0.2739243507385254 -0.1915477216243744 -0.9424833655357361
vn -0.3073110282421112 -0.27924808859825134 -0.9097144603729248
vn -0.3606783151626587 -0.16168943047523499 -0.9185682535171509
vn -0.2814551293849945 -0.3667994737625122 -0.8867024183273315
vn -0.2913014888763428 -0.3540208041667938 -0.888714075088501
vn -0.2693031132221222 -0.3758120536804199 -0.8867024183273315
vn -0.13992896676063538 -0.0482480451464653 -0.9889853596687317
vn -0.21876825392246246 -0.39401939511299133 -0.8926864862442017
vn -0.22923094034194946 -0.39703962206840515 -0.888714075088501
vn -0.2630216181278229 -0.3003961741924286 -0.916832447052002
vn -0.32943055033683777 -0.2840908467769623 -0.9004265069961548
vn -0.2239920198917389 -0.09226824343204498 -0.9702134728431702
vn -0.5803565382957458 0.2076548933982849 -0.7874425053596497
vn -0.07548192143440247 0.0660906434059143 -0.994954526424408
vn -0.016990773379802704 -0.26283976435661316 -0.9646899104118347
vn -0.09263836592435837 -0.08595584332942963 -0.9919826984405518
vn -0.026373766362667084 -0.10577939450740814 -0.9940398335456848
vn 0.11827589571475983 -0.5546250343322754 -0.8236515522003174
vn -0.13610711693763733 0.02995944209396839 -0.9902410507202148
vn 0.08819716423749924 -0.06407898664474487 -0.9940398335456848
vn -0.17738045752048492 -0.15869775414466858 -0.9712626934051514
vn -0.13966485857963562 -0.2620457112789154 -0.9548956751823425
vn 0.07501325011253357 -0.3383629024028778 -0.9380210638046265
vn 0.42045047879219055 0.07520291954278946 -0.9041935205459595
vn 0.680622398853302 -0.15728481113910675 -0.715552031993866
vn -0.682574450969696 -0.06794001162052155 -0.7276512384414673
vn -0.6896454691886902 -0.0603361614048481 -0.7216291427612305
vn 0.9468536376953125 -0.1876189410686493 -0.2612801790237427
vn 0.9380264282226562 -0.19500797986984253 -0.2864931523799896
vn 0.9380264282226562 -0.19500797986984253 -0.2864931523799896
vn 0.9380264282226562 -0.19500797986984253 -0.2864931523799896
vn -0.16852164268493652 -0.7867831587791443 0.5937783122062683
vn -0.5135939717292786 -0.7088267803192139 0.4835140109062195
vn -0.17070378363132477 -0.5594918131828308 0.8110666871070862
vn 0.740973711013794 0.6622650027275085 0.1111890971660614
vn 0.751619815826416 0.6569567918777466 0.058952588587999344
vn 0.5144914388656616 0.6779837608337402 0.5250110030174255
vn 0.8502936959266663 0.5170750617980957 -0.0981530249118805
vn 0.7582940459251404 0.651616096496582 -0.01966099627315998
vn 0.7582940459251404 0.651616096496582 -0.01966099627315998
vn 0.8073977828025818 0.5670102834701538 -0.16312000155448914
vn 0.8337205052375793 0.4559299349784851 -0.31150925159454346
vn 0.6749565601348877 0.4427531659603119 -0.590256929397583
vn 0.6895763874053955 0.5775274038314819 -0.43697428703308105
vn 0.5220829844474792 0.6633269786834717 -0.5361219048500061
vn 0.5365771651268005 0.6486103534698486 -0.5398051738739014
vn 0.37784290313720703 0.5412619709968567 -0.7511792182922363
vn 0.6191809773445129 0.5524291396141052 -0.5580654144287109
vn 0.5694959759712219 0.5828453302383423 -0.5796254277229309
vn 0.2847091257572174 0.6614426374435425 -0.6938546895980835
vn 0.11469561606645584 0.6698133945465088 -0.7336177229881287
vn 0.11469561606645584 0.6698133945465088 -0.7336177229881287
vn 0.09036610275506973 0.6767548322677612 -0.7306414246559143
vn 0.0792163759469986 0.6813578009605408 -0.7276512384414673
vn 0.0792163759469986 0.6813578009605408 -0.7276512384414673
vn 0.08107726275920868 0.7063201069831848 -0.7032341957092285
vn 0.0018878303235396743 0.7078762650489807 -0.7063339352607727
vn 0.122137151658535 0.6684964895248413 -0.7336177229881287
vn 0.09784935414791107 0.5549312233924866 -0.8261215686798096
vn 0.09589788317680359 0.5293483734130859 -0.8429672718048096
vn 0.07535506039857864 0.5289356708526611 -0.8453097939491272
vn 0.3345703184604645 0.4212705194950104 -0.8429672718048096
vn -0.028334464877843857 0.5298207402229309 -0.8476362228393555
vn -0.1824466437101364 -0.0037963956128805876 -0.983208417892456
vn -0.2653256058692932 0.5751975178718567 -0.7737894654273987
vn -0.4120444655418396 0.4000098705291748 -0.8186644315719604
vn -0.5157094597816467 0.6276499032974243 -0.5831804275512695
vn -0.504369854927063 0.5097152590751648 -0.6969945430755615
vn -0.18219850957393646 -0.5558547973632812 -0.8110666871070862
vn -0.009453787468373775 -0.40316349267959595 -0.9150791168212891
vn 0.11976917833089828 -0.4664701521396637 -0.8763908743858337
vn -0.12021277844905853 -0.6720952391624451 -0.7306414246559143
vn 0.25670328736305237 -0.49755966663360596 -0.8285757899284363
vn 0.3004711866378784 -0.4977429211139679 -0.8136147856712341
vn 0.3587470054626465 -0.6138095855712891 -0.7032341957092285
vn 0.392474889755249 -0.631970226764679 -0.6682642698287964
vn 0.7616373300552368 -0.6018683314323425 -0.2401314377784729
vn 0.3836187720298767 -0.892857015132904 -0.23588760197162628
vn 0.497585654258728 -0.8618436455726624 0.0981530249118805
vn 0.2537339925765991 -0.9663834571838379 0.04149730131030083
vn 0.832991361618042 -0.47584637999534607 0.28230419754981995
vn 0.9799492359161377 -0.16533759236335754 0.1111890971660614
vn 0.8464414477348328 0.007543956395238638 0.5324283838272095
vn 0.9028263092041016 0.26795411109924316 0.3363112509250641
vn 0.4258805215358734 0.3038290739059448 0.8522403836250305
vn 0.48716384172439575 0.4153342843055725 0.7682244777679443
vn -0.05777823552489281 0.24831482768058777 0.9669547080993652
vn 0.19717995822429657 0.5240059494972229 0.8285757899284363
vn -0.5549110770225525 0.18505294620990753 0.8110666871070862
vn 0.9282127022743225 0.0904724970459938 -0.36088213324546814
vn 0.8774556517601013 -0.06034861505031586 -0.4758462607860565
vn 0.7896980047225952 0.052864059805870056 -0.6112139225006104
vn 0.8127727508544922 0.26011553406715393 -0.5212872624397278
vn 0.6434260010719299 0.18642103672027588 -0.7424622178077698
vn 0.1752629280090332 0.6953283548355103 0.6969945430755615
vn 0.2528802752494812 0.6806957125663757 0.6875353455543518
vn 0.5260929465293884 0.5767670273780823 0.6249527335166931
vn 0.5075492858886719 0.5967302322387695 0.6215357780456543
vn 0.3962487578392029 0.7290747165679932 0.5580654144287109
vn 0.3962487578392029 0.7290747165679932 0.5580654144287109
vn 0.8729180097579956 -0.21695074439048767 -0.43697428703308105
vn 0.9182968139648438 -0.3114705979824066 -0.24437066912651062
vn 0.9121827483177185 -0.3257576823234558 -0.24860523641109467
vn 0.9201337695121765 -0.31882473826408386 -0.22738653421401978
vn 0.9130313396453857 -0.3327624499797821 -0.23588760197162628
vn 0.9256988167762756 -0.31149226427078247 -0.21460255980491638
vn 0.9222383499145508 -0.31870555877685547 -0.21886809170246124
vn 0.924676775932312 -0.31155988574028015 -0.21886809170246124
vn 0.9236369132995605 -0.3116217255592346 -0.22312943637371063
vn -0.6282566785812378 0.5775406360626221 -0.5212872624397278
vn -0.630461573600769 0.5717356204986572 -0.5250110030174255
vn -0.5694785118103027 0.6068745851516724 -0.5544344186782837
vn -0.9398712515830994 0.3045886158943176 -0.15449213981628418
vn -0.8950764536857605 0.3784114420413971 -0.23588760197162628
vn -0.9849507808685303 0.17282135784626007 0.002184694167226553
vn -0.4159983992576599 0.6701720952987671 -0.6146662831306458
vn -0.4194839894771576 0.6711562275886536 -0.6112139225006104
vn 0.2826589047908783 0.7723103165626526 0.5688942670822144
vn 0.28625988960266113 0.7736254334449768 0.5652954578399658
vn 0.28625988960266113 0.7736254334449768 0.5652954578399658
vn 0.3076789379119873 0.7810027003288269 0.5434780716896057
vn 0.511420488357544 -0.1266498863697052 0.8499464392662048
vn 0.511420488357544 -0.1266498863697052 0.8499464392662048
vn 0.511420488357544 -0.1266498863697052 0.8499464392662048
vn 0.5075294375419617 -0.12688662111759186 0.8522403836250305
vn -0.49537140130996704 0.20979347825050354 -0.8429672718048096
vn -0.4646514356136322 0.20577183365821838 -0.8612531423568726
vn -0.46212321519851685 0.20216263830661774 -0.8634653687477112
vn -0.9531953930854797 0.12803015112876892 -0.27391019463539124
vn -0.9009283185005188 0.16524890065193176 -0.401274174451828
vn -0.9531953930854797 0.12803015112876892 -0.27391019463539124
vn -0.8139209747314453 0.07542088627815247 -0.5760593414306641
vn -0.6707403659820557 -0.2262735217809677 -0.7063339352607727
vn -0.6433207988739014 -0.21895991265773773 -0.7336177229881287
vn -0.6404299736022949 -0.2366696149110794 -0.7306414246559143
vn -0.6378064155578613 -0.21517682075500488 -0.7395281791687012
vn -0.6401796936988831 -0.19728100299835205 -0.7424622178077698
vn -0.3745806813240051 -0.17918947339057922 -0.9097144603729248
vn -0.6433207988739014 -0.21895991265773773 -0.7336177229881287
vn -0.36432164907455444 -0.4057505130767822 -0.838234007358551
vn -0.09123019129037857 -0.1378147006034851 -0.9862475395202637
vn 0.021658483892679214 0.014766504056751728 -0.9996563792228699
vn -0.09227656573057175 -0.8683263063430786 0.48733407258987427
vn -0.037736620754003525 -0.9508466124534607 0.30735430121421814
vn -0.23190946877002716 -0.9724405407905579 0.024029340595006943
vn -0.3834713101387024 -0.819878101348877 0.42514660954475403
vn -0.39874333143234253 -0.8062612414360046 0.43697428703308105
vn -0.3889036178588867 -0.8292967081069946 0.401274174451828
vn -0.39874333143234253 -0.8062612414360046 0.43697428703308105
vn -0.39874333143234253 -0.8062612414360046 0.43697428703308105
vn -0.33867746591567993 -0.8373607397079468 0.42909738421440125
vn -0.39549708366394043 -0.8057226538658142 0.4409002661705017
vn -0.2076304852962494 -0.8903054594993591 0.405272513628006
vn -0.1964593380689621 -0.8946411609649658 0.401274174451828
vn -0.18003539741039276 -0.905099093914032 0.3852050006389618
vn -0.19290125370025635 -0.8936125040054321 0.405272513628006
vn -0.19290125370025635 -0.8936125040054321 0.405272513628006
vn -0.19290125370025635 -0.8936125040054321 0.405272513628006
vn -0.09227053076028824 -0.9548771977424622 0.28230419754981995
vn 0.17644348740577698 -0.981342077255249 -0.0763898640871048
vn 0.17644348740577698 -0.981342077255249 -0.0763898640871048
vn 0.17644348740577698 -0.981342077255249 -0.0763898640871048
vn 0.17825168371200562 -0.9819458723068237 -0.0633138045668602
vn -0.23928797245025635 -0.965974748134613 -0.0981530249118805
vn -0.3220590651035309 -0.9179440140724182 0.23163928091526031
vn -0.09605609625577927 -0.8657655715942383 0.4911448359489441
vn -0.09032726287841797 -0.8642159700393677 0.4949462115764618
vn -0.09032726287841797 -0.8642159700393677 0.4949462115764618
vn -0.15381036698818207 -0.852996289730072 0.4987381398677826
vn -0.2921111583709717 -0.8160461783409119 0.4987381398677826
vn -0.299201637506485 -0.8134732246398926 0.4987381398677826
vn -0.3042144179344177 -0.7874178886413574 0.5361219048500061
vn -0.32012298703193665 -0.7149927020072937 0.6215357780456543
vn -0.3237466812133789 -0.7163322567939758 0.6181069612503052
vn -0.3255465030670166 -0.7095445990562439 0.6249527335166931
vn -0.4326061010360718 -0.8548529744148254 0.2864931523799896
vn -0.29237398505210876 -0.7267810702323914 0.6215357780456543
vn -0.2249191403388977 -0.7532298564910889 0.6181069612503052
vn -0.2251199334859848 -0.7587743997573853 0.6112139225006104
vn -0.280347615480423 -0.8701490759849548 0.405272513628006
vn -0.41800656914711 -0.8847655653953552 0.2060592919588089
vn -0.6665642857551575 -0.7199721932411194 -0.19321508705615997
vn -0.5491166710853577 -0.8354001641273499 0.024029340595006943
vn -0.49122530221939087 -0.8709640502929688 0.010923261754214764
vn -0.49122530221939087 -0.8709640502929688 0.010923261754214764
vn -0.4712066352367401 -0.8815656304359436 0.028397228568792343
vn -0.4644736647605896 -0.8849806189537048 0.03276457265019417
vn -0.4918084442615509 -0.8065329194068909 -0.3280687630176544
vn -0.49823999404907227 -0.8025757074356079 -0.3280687630176544
vn -0.49964800477027893 -0.7999997138977051 -0.33219319581985474
vn -0.28832995891571045 -0.9387080073356628 0.18892620503902435
vn -0.30012232065200806 -0.8895094394683838 0.34452807903289795
vn -0.30012232065200806 -0.8895094394683838 0.34452807903289795
vn -0.29297903180122375 -0.8870481252670288 0.3568037748336792
vn -0.29296571016311646 -0.8918920755386353 0.34452807903289795
vn -0.319818913936615 -0.8842104077339172 0.34042292833328247
vn -0.6380067467689514 -0.6713593602180481 -0.37712597846984863
vn -0.6317876577377319 -0.6264459490776062 -0.456519216299057
vn -0.7892478704452515 -0.454219788312912 -0.41324591636657715
vn -0.6291907429695129 -0.6318603754043579 -0.45262736082077026
vn -0.7018692493438721 -0.48940569162368774 -0.5175535082817078
vn -0.6399166584014893 -0.4275786578655243 -0.6385006904602051
vn -0.24039699137210846 -0.5371518731117249 -0.8085030317306519
vn -0.7189048528671265 -0.17958931624889374 -0.6715083718299866
vn -0.7189048528671265 -0.17958931624889374 -0.6715083718299866
vn -0.6690847873687744 -0.33179914951324463 -0.6650074124336243
vn -0.6439630389213562 -0.3950643241405487 -0.6551609039306641
vn -0.6819772720336914 -0.37992244958877563 -0.6249527335166931
vn -0.9721497893333435 -0.07168049365282059 -0.22312943637371063
vn -0.964993417263031 -0.10547302663326263 -0.2401314377784729
vn -0.9801865816116333 -0.015096031129360199 -0.1975002884864807
vn -0.979248583316803 -0.018875958397984505 -0.2017817199230194
vn -0.9801865816116333 -0.015096031129360199 -0.1975002884864807
vn -0.9800412654876709 -0.02264292910695076 -0.1975002884864807
vn -0.9798378944396973 -0.030188482254743576 -0.1975002884864807
vn -0.9792954921722412 -0.06040087714791298 -0.19321508705615997
vn -0.9803582429885864 -0.05660904943943024 -0.18892620503902435
vn -0.9737713932991028 -0.11297313868999481 -0.1975002884864807
vn -0.9672240018844604 -0.15414884686470032 -0.2017817199230194
vn -0.9556333422660828 -0.20621585845947266 -0.2103329300880432
vn -0.9107006192207336 0.0979967713356018 -0.401274174451828
vn -0.9264399409294128 -0.289906769990921 -0.2401314377784729
vn -0.9357777237892151 0.13922709226608276 -0.3239381015300751
vn -0.9287221431732178 0.18762288987636566 -0.3198012113571167
vn -0.8549568057060242 0.09429305791854858 -0.5100564956665039
vn -0.9350770711898804 0.26455220580101013 -0.23588760197162628
vn -0.873668909072876 -0.423130601644516 -0.2401314377784729
vn -0.8496179580688477 -0.4738064408302307 -0.23163928091526031
vn -0.9442167282104492 0.14668193459510803 -0.2948545813560486
vn -0.884340763092041 0.3361629545688629 -0.3239381015300751
vn -0.8116248846054077 0.19465960562229156 -0.5507928133010864
vn -0.4296853542327881 -0.14835210144519806 -0.8907088041305542
vn -0.4243532419204712 -0.1517733633518219 -0.8926864862442017
vn -0.38046038150787354 -0.17601972818374634 -0.9078915119171143
vn 0.02080976776778698 -0.350055456161499 -0.9364978075027466
vn 0.05280560255050659 -0.3672710359096527 -0.9286137819290161
vn 0.04892953857779503 -0.35960522294044495 -0.931820809841156
vn 0.15614090859889984 -0.47565844655036926 -0.865661084651947
vn 0.1870993971824646 -0.5122085213661194 -0.838234007358551
vn 0.14049628376960754 -0.37373659014701843 -0.916832447052002
vn 0.29124683141708374 -0.3738701343536377 -0.8805659413337708
vn 0.0896025151014328 -0.18792875111103058 -0.9780870079994202
vn 0.4452238082885742 -0.25269076228141785 -0.8590245246887207
vn 0.4577101767063141 -0.25335291028022766 -0.8522403836250305
vn 0.5697340965270996 -0.455038458108902 -0.6843559741973877
vn 0.46230241656303406 -0.2603638768196106 -0.8476362228393555
vn 0.5219466090202332 -0.48723942041397095 -0.7001210451126099
vn 0.5381914377212524 -0.6315955519676208 -0.5580654144287109
vn 0.468912810087204 -0.7366316914558411 -0.48733407258987427
vn 0.4664474427700043 -0.6921373605728149 -0.5507928133010864
vn 0.3793516755104065 -0.8356257081031799 -0.3972681760787964
vn 0.2551879584789276 -0.6925355792045593 -0.67473965883255
vn 0.24634145200252533 -0.679887592792511 -0.6907016038894653
vn 0.24634145200252533 -0.679887592792511 -0.6907016038894653
vn 0.25343579053878784 -0.6772751212120056 -0.6907016038894653
vn 0.49573928117752075 -0.5264729857444763 -0.6907016038894653
vn 0.6185213327407837 -0.5945004224777222 -0.5138099193572998
vn 0.6751429438591003 -0.5763780474662781 -0.46040233969688416
vn 0.7330198884010315 -0.478430837392807 -0.4835140109062195
vn 0.8213075995445251 -0.33151310682296753 -0.4642767012119293
vn 0.8213075995445251 -0.33151310682296753 -0.4642767012119293
vn 0.8218777179718018 -0.3245919644832611 -0.46814218163490295
vn 0.8255554437637329 -0.3317354619503021 -0.456519216299057
vn 0.8359755873680115 -0.3319613039493561 -0.43697428703308105
vn 0.6818471550941467 -0.3965725600719452 -0.6146662831306458
vn 0.8359755873680115 -0.3319613039493561 -0.43697428703308105
vn 0.8331576585769653 -0.33897167444229126 -0.43697428703308105
vn 0.8340253829956055 -0.33167555928230286 -0.4409002661705017
vn 0.824226438999176 -0.24595357477664948 -0.5100564956665039
vn 0.8356963992118835 -0.24574023485183716 -0.4911448359489441
vn 0.7570415735244751 -0.23088006675243378 -0.6112139225006104
vn 0.6527942419052124 -0.13514858484268188 -0.7453821301460266
vn 0.6494991183280945 -0.13496747612953186 -0.7482877969741821
vn 0.6748015284538269 -0.25141310691833496 -0.6938546895980835
vn 0.680173397064209 -0.29400789737701416 -0.6715083718299866
vn 0.2831710875034332 -0.5357858538627625 -0.7954543828964233
vn 0.3883829116821289 -0.4697112739086151 -0.7927988767623901
vn 0.3719637393951416 -0.45603272318840027 -0.8085030317306519
vn 0.38355880975723267 -0.4463244378566742 -0.8085030317306519
vn 0.3730965852737427 -0.45052170753479004 -0.8110666871070862
vn 0.3730965852737427 -0.45052170753479004 -0.8110666871070862
vn 0.23238882422447205 -0.3723738491535187 0.8985171914100647
vn 0.2272108942270279 -0.37095460295677185 0.9004265069961548
vn 0.2272108942270279 -0.37095460295677185 0.9004265069961548
vn 0.22325128316879272 -0.36413314938545227 0.9041935205459595
vn 0.02436232566833496 -0.3250926434993744 0.9453682899475098
vn 0.22447209060192108 -0.38628843426704407 0.8946471214294434
vn 0.22098565101623535 -0.49048087000846863 0.8429672718048096
vn 0.23246578872203827 -0.4728115499019623 0.8499464392662048
vn -0.282929390668869 -0.1445808857679367 0.9481810927391052
vn -0.34369876980781555 -0.12864848971366882 0.9302261471748352
vn -0.36830151081085205 -0.07110048830509186 0.926983654499054
vn -0.276579350233078 -0.24734653532505035 0.9286137819290161
vn 0.0358300544321537 -0.35294800996780396 -0.9349566102027893
vn -0.4036773443222046 -0.16210094094276428 -0.9004265069961548
vn -0.4296853542327881 -0.14835210144519806 -0.8907088041305542
vn -0.43950170278549194 -0.1304820328950882 -0.888714075088501
vn -0.4296853542327881 -0.14835210144519806 -0.8907088041305542
vn -0.6696966290473938 -0.06785660982131958 -0.7395281791687012
vn -0.5182328820228577 -0.07156109809875488 -0.8522403836250305
vn -0.6265542507171631 -0.011335467919707298 -0.7792953848838806
vn -0.7986866235733032 0.03397887200117111 -0.6007870435714722
vn -0.7986866235733032 0.03397887200117111 -0.6007870435714722
vn -0.816152036190033 0.04529377445578575 -0.5760593414306641
vn -0.6555291414260864 -0.37556058168411255 -0.6551609039306641
vn -0.4635583460330963 -0.4835943281650543 -0.7424622178077698
vn -0.460549533367157 -0.5126214027404785 -0.7246471047401428
vn -0.3493129014968872 0.9308944344520569 -0.10684575140476227
vn -0.3493129014968872 0.9308944344520569 -0.10684575140476227
vn -0.3493129014968872 0.9308944344520569 -0.10684575140476227
vn 0.6221646070480347 0.7767091989517212 0.0981530249118805
vn 0.6011216044425964 0.790116548538208 0.11986933648586273
vn 0.5342763066291809 0.8373777866363525 0.11553031951189041
vn -0.06979668885469437 0.7989837527275085 -0.5972883701324463
vn -0.06979668885469437 0.7989837527275085 -0.5972883701324463
vn -0.06979668885469437 0.7989837527275085 -0.5972883701324463
vn -0.035883828997612 0.8038281202316284 -0.5937783122062683
vn -0.1540934443473816 0.9029031991958618 -0.401274174451828
vn -0.8049580454826355 -0.16852840781211853 0.5688942670822144
vn -0.8049580454826355 -0.16852840781211853 0.5688942670822144
vn -0.8049580454826355 -0.16852840781211853 0.5688942670822144
vn -0.3892321288585663 -0.8150912523269653 -0.42909738421440125
vn -0.3892321288585663 -0.8150912523269653 -0.42909738421440125
vn -0.3892321288585663 -0.8150912523269653 -0.42909738421440125
vn 0.6558656096458435 0.6585331559181213 0.3690181374549866
vn 0.6139400601387024 0.6179436445236206 0.4911448359489441
vn 0.6504876017570496 0.6398199200630188 0.40926313400268555
vn 0.5361070036888123 0.45750659704208374 0.7094202041625977
vn 0.5104604959487915 0.5796875357627869 0.6351318359375
vn 0.5245607495307922 0.5818327069282532 0.6215357780456543
vn 0.6138327717781067 0.49537327885627747 0.6146662831306458
vn 0.11933249980211258 0.4744640588760376 0.872148871421814
vn 0.16146475076675415 0.19730105996131897 0.9669547080993652
vn 0.1210850179195404 0.4700808823108673 0.87427818775177
vn 0.12051242589950562 0.38065075874328613 0.916832447052002
vn 0.16721375286579132 0.19245293736457825 0.9669547080993652
vn 0.22513405978679657 -0.007487197406589985 0.9742990136146545
vn 0.12004195153713226 0.21041810512542725 0.9702134728431702
vn 0.23611442744731903 -0.029979679733514786 0.9712626934051514
vn 0.17949898540973663 0.051643311977386475 0.9824016690254211
vn 0.16100649535655975 0.06567858904600143 0.9847655892372131
vn 0.16812248528003693 0.044402677565813065 0.9847655892372131
vn 0.16987712681293488 0.03712856024503708 0.9847655892372131
vn 0.16693352162837982 0.02985818311572075 0.9855159521102905
vn 0.1680908501148224 0.02244493179023266 0.9855159521102905
vn 0.1680908501148224 0.02244493179023266 0.9855159521102905
vn 0.8225225806236267 0.5155516266822815 0.2401314377784729
vn 0.8225225806236267 0.5155516266822815 0.2401314377784729
vn 0.8225225806236267 0.5155516266822815 0.2401314377784729
vn 0.8225225806236267 0.5155516266822815 0.2401314377784729
vn 0.8225225806236267 0.5155516266822815 0.2401314377784729
vn 0.8225225806236267 0.5155516266822815 0.2401314377784729
vn 0.8225225806236267 0.5155516266822815 0.2401314377784729
vn 0.798851490020752 0.5533473491668701 0.23588760197162628
vn 0.36807847023010254 0.8935537934303284 -0.25706008076667786
vn 0.4974503517150879 0.8565738797187805 -0.1372016966342926
vn 0.35055503249168396 0.8981221914291382 -0.26549527049064636
vn 0.5347989201545715 0.8381969332695007 -0.10684575140476227
vn 0.5056309700012207 0.8531205654144287 -0.12854042649269104
vn 0.44719386100769043 0.8751731514930725 -0.18463370203971863
vn 0.359336256980896 0.8958851099014282 -0.2612801790237427
vn 0.359336256980896 0.8958851099014282 -0.2612801790237427
vn 0.3610842525959015 0.8964029550552368 -0.25706008076667786
vn 0.8225225806236267 0.5155516266822815 0.2401314377784729
vn 0.824336588382721 -0.03017042949795723 0.5652954578399658
vn 0.418179988861084 0.8826501369476318 -0.21460255980491638
vn 0.3663351535797119 0.8930460214614868 -0.2612801790237427
vn 0.8369046449661255 0.015090378001332283 0.5471406579017639
vn 0.8369046449661255 0.015090378001332283 0.5471406579017639
vn 0.81595379114151 0.5219337344169617 0.24860523641109467
vn 0.8419411182403564 0.4831894338130951 0.2401314377784729
vn 0.39054158329963684 0.8898507356643677 -0.23588760197162628
vn 0.8333167433738708 0.5094398856163025 0.21460255980491638
vn 0.8613404035568237 0.38789641857147217 0.3280687630176544
vn 0.3888501822948456 0.8894562721252441 -0.2401314377784729
vn 0.8346311450004578 0.4826004207134247 0.26549527049064636
vn 0.8613404035568237 0.38789641857147217 0.3280687630176544
vn 0.8724386692047119 0.3108483850955963 0.37712597846984863
vn -0.6147384643554688 0.43915924429893494 -0.6551609039306641
vn -0.6147384643554688 0.43915924429893494 -0.6551609039306641
vn -0.6147384643554688 0.43915924429893494 -0.6551609039306641
vn -0.6191014647483826 0.432986855506897 -0.6551609039306641
vn -0.6147384643554688 0.43915924429893494 -0.6551609039306641
vn -0.6191014647483826 0.432986855506897 -0.6551609039306641
vn -0.6147384643554688 0.43915924429893494 -0.6551609039306641
vn 0.16983850300312042 0.0667538121342659 -0.983208417892456
vn 0.16983850300312042 0.0667538121342659 -0.983208417892456
vn 0.16983850300312042 0.0667538121342659 -0.983208417892456
vn 0.6554857492446899 -0.381346732378006 0.651853621006012
vn 0.6554857492446899 -0.381346732378006 0.651853621006012
vn 0.6554857492446899 -0.381346732378006 0.651853621006012
vn -0.8409423828125 -0.03776676580309868 -0.5398051738739014
vn -0.8409423828125 -0.03776676580309868 -0.5398051738739014
vn -0.8409423828125 -0.03776676580309868 -0.5398051738739014
vn -0.8409423828125 -0.03776676580309868 -0.5398051738739014
vn -0.44912412762641907 -0.8835340738296509 0.1328723281621933
vn -0.29744553565979004 -0.9545363187789917 0.01966099627315998
vn 0.23198378086090088 -0.9533370137214661 -0.19321508705615997
vn 0.2869390547275543 -0.32695272564888 -0.9004265069961548
vn 0.2869390547275543 -0.32695272564888 -0.9004265069961548
vn 0.29257044196128845 -0.3219233751296997 -0.9004265069961548
vn 0.28693950176239014 -0.32169368863105774 -0.9023185968399048
vn 0.36863473057746887 -0.18231706321239471 -0.9115201234817505
vn 0.46910083293914795 0.030194509774446487 -0.882628321647644
vn 0.5094022750854492 0.13453777134418488 -0.8499464392662048
vn 0.515298068523407 0.19962753355503082 -0.8334367275238037
vn 0.5167181491851807 0.18538682162761688 -0.8358433246612549
vn 0.516365110874176 0.3490019142627716 -0.7820260524749756
vn 0.5111310482025146 0.37415894865989685 -0.7737894654273987
vn 0.9439910054206848 0.2610844671726227 -0.2017817199230194
vn 0.953004777431488 0.24656128883361816 -0.1760382205247879
vn 0.9502519965171814 0.25396743416786194 -0.18033768236637115
vn 0.95339435338974 0.25383272767066956 -0.16312000155448914
vn 0.9505363702774048 0.2465512901544571 -0.18892620503902435
vn 0.9496515393257141 0.24663704633712769 -0.19321508705615997
vn 0.9524202942848206 0.22457775473594666 -0.2060592919588089
vn 0.9496515393257141 0.24663704633712769 -0.19321508705615997
vn 0.868438720703125 0.39547067880630493 -0.2990269064903259
vn 0.9464823603630066 0.2900703251361847 -0.1415284425020218
vn 0.891180694103241 0.4513242542743683 0.04586252197623253
vn 0.8949849605560303 0.4441620707511902 0.04149730131030083
vn 0.8949849605560303 0.4441620707511902 0.04149730131030083
vn 0.9018839597702026 0.4307340681552887 0.03276457265019417
vn 0.945963442325592 0.3188695013523102 -0.058952588587999344
vn 0.9603021740913391 -0.05284862592816353 -0.27391019463539124
vn 0.9253129959106445 -0.06790026277303696 -0.37307560443878174
vn 0.8956369757652283 -0.08299299329519272 -0.43697428703308105
vn 0.8963025212287903 -0.0754668191075325 -0.43697428703308105
vn 0.8937170505523682 -0.08292657881975174 -0.4409002661705017
vn 0.953004777431488 0.24656128883361816 -0.1760382205247879
vn 0.9016708135604858 -0.09793170541524887 -0.42118772864341736
vn 0.8283048868179321 0.5421077013015747 -0.1415284425020218
vn 0.47824469208717346 0.8459545373916626 -0.23588760197162628
vn 0.5156280994415283 0.8553390502929688 -0.05022686347365379
vn 0.5220805406570435 0.8514159917831421 -0.05022686347365379
vn 0.5220805406570435 0.8514159917831421 -0.05022686347365379
vn 0.37979432940483093 0.7886510491371155 -0.4835140109062195
vn 0.3832452893257141 0.7846199870109558 -0.48733407258987427
vn 0.5466254949569702 0.49591025710105896 -0.67473965883255
vn 0.6034716963768005 0.3193508982658386 -0.7306414246559143
vn 0.5999022126197815 0.32600679993629456 -0.7306414246559143
vn 0.5962317585945129 0.3260563910007477 -0.7336177229881287
vn 0.5999022126197815 0.32600679993629456 -0.7306414246559143
vn 0.5848946571350098 0.35222339630126953 -0.7306414246559143
vn 0.5962317585945129 0.3260563910007477 -0.7336177229881287
vn 0.5420889258384705 0.4647258520126343 -0.7001210451126099
vn 0.5195792317390442 0.5115606784820557 -0.6843559741973877
vn 0.5161299705505371 0.51078861951828 -0.6875353455543518
vn 0.5161299705505371 0.51078861951828 -0.6875353455543518
vn 0.5161299705505371 0.51078861951828 -0.6875353455543518
vn 0.5012161135673523 0.5212615728378296 -0.6907016038894653
vn 0.5959290862083435 0.3396943211555481 -0.7276512384414673
vn 0.59214848279953 0.3462425470352173 -0.7276512384414673
vn 0.5266445875167847 0.4999406039714813 -0.6875353455543518
vn 0.4617617130279541 0.5565136075019836 -0.6907016038894653
vn -0.45133182406425476 -0.6661282777786255 0.5937783122062683
vn -0.44284579157829285 -0.7268087863922119 0.5250110030174255
vn -0.44284579157829285 -0.7268087863922119 0.5250110030174255
vn -0.4396854341030121 -0.7313933968544006 0.5212872624397278
vn -0.2930273115634918 -0.1850714385509491 0.9380210638046265
vn -0.296968013048172 -0.1786797195672989 0.9380210638046265
vn -0.296968013048172 -0.1786797195672989 0.9380210638046265
vn -0.44046398997306824 -0.4111403226852417 0.7980946898460388
vn -0.28465285897254944 -0.1752079874277115 0.9424833655357361
vn -0.28958582878112793 -0.1585150510072708 0.9439348578453064
vn -0.3227275013923645 -0.20659132301807404 0.9236704111099243
vn -0.4791877567768097 -0.4818549156188965 0.7336177229881287
vn -0.5033709406852722 -0.5233668088912964 0.6875353455543518
vn -0.5053080320358276 -0.5172958970069885 0.6907016038894653
vn -0.32800719141960144 -0.17345812916755676 0.9286137819290161
vn -0.3218097984790802 -0.17640218138694763 0.9302261471748352
vn 0.19988380372524261 -0.8103541135787964 0.5507928133010864
vn 0.19988380372524261 -0.8103541135787964 0.5507928133010864
vn 0.19988380372524261 -0.8103541135787964 0.5507928133010864
vn 0.2804243266582489 -0.6190050840377808 -0.7336177229881287
vn 0.0621829628944397 -0.45422524213790894 -0.888714075088501
vn 0.32278192043304443 -0.5943583250045776 -0.736579954624176
vn 0.11778794229030609 -0.4748498499393463 -0.872148871421814
vn 0.050962500274181366 -0.4438573122024536 -0.8946471214294434
vn 0.050962500274181366 -0.4438573122024536 -0.8946471214294434
vn -0.4810571074485779 -0.8684557676315308 -0.11986933648586273
vn -0.4592876434326172 -0.8860283493995667 0.0633138045668602
vn -0.46453574299812317 -0.885098934173584 0.028397228568792343
vn -0.5423629879951477 -0.7586873769760132 0.36088213324546814
vn -0.47467154264450073 -0.7617702484130859 0.4409002661705017
vn -0.5740659236907959 -0.7483956217765808 0.33219319581985474
vn -0.570696234703064 -0.7527793049812317 0.3280687630176544
vn -0.570696234703064 -0.7527793049812317 0.3280687630176544
vn -0.5645133256912231 -0.7519553899765015 0.34042292833328247
vn 0.48452287912368774 0.8744484782218933 -0.024029340595006943
vn 0.6401379704475403 0.7681077718734741 0.0152922747656703
vn 0.717854917049408 0.6898443102836609 -0.09380380809307098
vn 0.49859941005706787 -0.44249752163887024 -0.7453821301460266
vn 0.5015223622322083 -0.4241161048412323 -0.7540562748908997
vn 0.5015223622322083 -0.4241161048412323 -0.7540562748908997
vn 0.5015223622322083 -0.4241161048412323 -0.7540562748908997
vn -0.3825548589229584 0.5419567227363586 -0.7482877969741821
vn -0.3825548589229584 0.5419567227363586 -0.7482877969741821
vn -0.3825548589229584 0.5419567227363586 -0.7482877969741821
vn 0.05994703993201256 0.1012900248169899 -0.9930492043495178
vn 0.05994703993201256 0.1012900248169899 -0.9930492043495178
vn 0.05994703993201256 0.1012900248169899 -0.9930492043495178
vn -0.6532576084136963 0.38515111804008484 -0.651853621006012
vn -0.6532576084136963 0.38515111804008484 -0.651853621006012
vn -0.6532576084136963 0.38515111804008484 -0.651853621006012
vn 0.009406677447259426 -0.4466743767261505 0.8946471214294434
vn -0.27913689613342285 -0.33363857865333557 0.9004265069961548
vn -0.1742781102657318 -0.13589639961719513 0.9752739667892456
vn -0.4790616035461426 -0.32944032549858093 0.8136147856712341
vn -0.2809846103191376 -0.49672359228134155 0.8211658596992493
vn -0.6006364226341248 -0.44384798407554626 0.6650074124336243
vn -0.5293847322463989 -0.6664196848869324 0.5250110030174255
vn -0.0957149788737297 -0.6464614272117615 0.7569189071655273
vn 0.01882418990135193 -0.5486451983451843 0.8358433246612549
vn -0.468326210975647 -0.7106574177742004 0.5250110030174255
vn -0.45874810218811035 -0.7141430377960205 0.528724730014801
vn -0.5814816951751709 -0.3516874611377716 0.7336177229881287
vn -0.6593371629714966 -0.4473557770252228 0.6042742133140564
vn -0.6418155431747437 -0.5259618163108826 0.5580654144287109
vn -0.5549150109291077 -0.46836358308792114 0.6875353455543518
vn -0.524021327495575 -0.8020743727684021 0.2864931523799896
vn -0.4989968240261078 -0.8642878532409668 0.0633138045668602
vn -0.4178996682167053 -0.8795767426490784 0.22738653421401978
vn -0.3782137930393219 -0.8760920166969299 -0.2990269064903259
vn -0.3972776234149933 -0.7938514947891235 -0.46040233969688416
vn -0.586776852607727 -0.6227610111236572 0.5175535082817078
vn 0.15614767372608185 0.08584290742874146 0.9839963912963867
vn 0.12603259086608887 -0.41223400831222534 0.9023185968399048
vn -0.0056544821709394455 -0.6827379465103149 0.7306414246559143
vn -0.08078503608703613 -0.6484963893890381 0.7569189071655273
vn -0.11987973749637604 -0.6557700037956238 0.7453821301460266
vn -0.08054458349943161 -0.4592002332210541 0.8846737742424011
vn 0.24020817875862122 -0.563912570476532 0.790128231048584
vn 0.2772463262081146 -0.9411707520484924 0.19321508705615997
vn 0.08864250034093857 -0.9903163313865662 -0.10684575140476227
vn 0.4832580089569092 0.45920273661613464 -0.7453821301460266
vn 0.48912784457206726 0.4717616140842438 -0.7336177229881287
vn 0.48912784457206726 0.4717616140842438 -0.7336177229881287
vn 0.4916750192642212 0.47830885648727417 -0.7276512384414673
vn 0.6594356894493103 -0.49965354800224304 -0.5616858005523682
vn 0.6657080054283142 -0.47432950139045715 -0.5760593414306641
vn 0.6928235292434692 -0.45668208599090576 -0.5580654144287109
vn 0.634658694267273 -0.45924022793769836 -0.6215357780456543
vn 0.7187291383743286 -0.43822234869003296 -0.5398051738739014
vn 0.7187291383743286 -0.43822234869003296 -0.5398051738739014
vn 0.7187291383743286 -0.43822234869003296 -0.5398051738739014
vn 0.7144964337348938 -0.4314187467098236 -0.5507928133010864
vn 0.620402455329895 -0.4647490382194519 -0.6317508816719055
vn 0.7065680027008057 -0.4442848265171051 -0.5507928133010864
vn 0.6970216631889343 -0.4634629487991333 -0.5471406579017639
vn 0.6970216631889343 -0.4634629487991333 -0.5471406579017639
vn 0.712100088596344 -0.4576389491558075 -0.5324283838272095
vn 0.7066695690155029 -0.45741501450538635 -0.5398051738739014
vn 0.9097704887390137 -0.30433857440948486 -0.28230419754981995
vn 0.9207377433776855 -0.29718077182769775 -0.25283506512641907
vn 0.636803150177002 -0.4272012412548065 -0.641857385635376
vn 0.5838629007339478 -0.37196168303489685 -0.7216291427612305
vn 0.5365665555000305 -0.33666926622390747 -0.7737894654273987
vn 0.5365665555000305 -0.33666926622390747 -0.7737894654273987
vn 0.5326204299926758 -0.3365795612335205 -0.7765498161315918
vn 0.4337104856967926 -0.3244569003582001 -0.8406086564064026
vn 0.43823567032814026 -0.2857198119163513 -0.8522403836250305
vn 0.44248607754707336 -0.2860020399093628 -0.8499464392662048
vn 0.49837690591812134 -0.48501357436180115 -0.7185974717140198
vn 0.2749589681625366 -0.21098344027996063 -0.9380210638046265
vn -0.059859223663806915 -0.203861802816391 -0.9771679639816284
vn -0.20062944293022156 -0.4079040288925171 -0.8907088041305542
vn -0.24120885133743286 -0.44299647212028503 -0.8634653687477112
vn -0.26621848344802856 -0.5366336107254028 -0.8007197380065918
vn -0.3482241630554199 -0.29219478368759155 -0.8907088041305542
vn 0.5779234170913696 -0.33875414729118347 -0.7424622178077698
vn 0.5701344013214111 -0.35170525312423706 -0.7424622178077698
vn -1.0341130485562108e-13 0.999997615814209 0.002184694167226553
vn -1.0341130485562108e-13 0.999997615814209 0.002184694167226553
vn -1.0341130485562108e-13 0.999997615814209 0.002184694167226553
vn -2.0682311115474694e-13 0 -1
vn -2.0682311115474694e-13 0 -1
vn -2.0682311115474694e-13 0 -1
vn -2.0682311115474694e-13 0 -1
vn -2.0682311115474694e-13 0 -1
vn -2.0682311115474694e-13 0 -1
vn -2.0682311115474694e-13 0 -1
vn -2.0682311115474694e-13 0 -1
vn -2.0682311115474694e-13 0 -1
vn -2.0682311115474694e-13 0 -1
vn -2.0682311115474694e-13 0 -1
vn -2.0682311115474694e-13 0 -1
vn -2.0682311115474694e-13 0 -1
vn -2.0682311115474694e-13 0 -1
vn -2.0682311115474694e-13 0 -1
vn -2.0682311115474694e-13 0 -1
vn -2.0682311115474694e-13 0 -1
vn -2.0682311115474694e-13 0 -1
vn -2.0682311115474694e-13 0 -1
vn -2.0682311115474694e-13 0 -1
vn -2.0682311115474694e-13 0 -1
vn -2.0682311115474694e-13 0 -1
vn -2.0682311115474694e-13 0 -1
vn -2.0682311115474694e-13 0 -1
vn -2.0682311115474694e-13 0 -1
vn -2.0682311115474694e-13 0 -1
vn -2.0682311115474694e-13 0 -1
vn -2.0682311115474694e-13 0 -1
vn -2.0682311115474694e-13 0 -1
vn -2.0682311115474694e-13 0 -1
vn -2.0682311115474694e-13 0 -1
vn -2.0682311115474694e-13 0 -1
vn -2.0682311115474694e-13 0 -1
vn -2.0682311115474694e-13 0 -1
vn -2.0682311115474694e-13 0 -1
vn -2.0682311115474694e-13 0 -1
vn -2.0682311115474694e-13 0 -1
vn -2.0682311115474694e-13 0 -1
vn -2.0682311115474694e-13 0 -1
vn -2.0682311115474694e-13 0 -1
vn -2.0682311115474694e-13 0 -1
vn -2.0682311115474694e-13 0 -1
vn -2.0682311115474694e-13 0 -1
vn -0.5946239829063416 0.49730587005615234 -0.6317508816719055
vn -0.5946239829063416 0.49730587005615234 -0.6317508816719055
vn -0.5946239829063416 0.49730587005615234 -0.6317508816719055
vn 0.4090646505355835 -0.570105254650116 -0.7124928832054138
vn 0.4007700979709625 -0.5683318376541138 -0.7185974717140198
vn 0.3970753848552704 -0.567082405090332 -0.7216291427612305
vn 0.3986089527606964 -0.5621365308761597 -0.7246471047401428
vn 0.6020118594169617 -0.36647605895996094 -0.7094202041625977
vn 0.6816621422767639 0.25883132219314575 -0.6843559741973877
vn 0.411715030670166 0.18330733478069305 -0.8926864862442017
vn 0.8245575428009033 0.06792575120925903 -0.5616858005523682
vn 0.8033869862556458 0.48855045437812805 -0.34042292833328247
vn 0.8072864413261414 0.48207974433898926 -0.34042292833328247
vn 0.8567209243774414 0.2676493525505066 -0.4409002661705017
vn 0.8291769623756409 0.38074833154678345 -0.40926313400268555
vn 0.8611965179443359 0.09798368811607361 -0.4987381398677826
vn 0.8625003695487976 0.10545792430639267 -0.4949462115764618
vn 0.7652866840362549 0.5513474345207214 -0.33219319581985474
vn 0.7636630535125732 0.5511020421981812 -0.3363112509250641
vn 0.7562860250473022 0.5317344665527344 -0.3811691105365753
vn -0.5386518239974976 -0.4640214145183563 0.7032341957092285
vn -0.5400555729866028 -0.4854225814342499 0.6875353455543518
vn -0.5400555729866028 -0.4854225814342499 0.6875353455543518
vn -0.5415263772010803 -0.48826849460601807 0.6843559741973877
vn 0.12650832533836365 0.4527283310890198 0.882628321647644
vn 0.12650832533836365 0.4527283310890198 0.882628321647644
vn 0.12650832533836365 0.4527283310890198 0.882628321647644
vn -0.14465685188770294 -0.909709632396698 0.3892335295677185
vn -0.14465685188770294 -0.909709632396698 0.3892335295677185
vn -0.14465685188770294 -0.909709632396698 0.3892335295677185
vn 0.6958948373794556 0.3153490722179413 -0.6452018022537231
vn 0.6518852710723877 0.43444088101387024 -0.6215357780456543
vn 0.6937867999076843 0.5898200869560242 -0.41324591636657715
vn 0.682888925075531 0.6441763043403625 -0.34452807903289795
vn 0.6914310455322266 0.7047717571258545 -0.15880759060382843
vn 0.26656144857406616 -0.962013304233551 0.058952588587999344
vn 0.1427980661392212 -0.9642727375030518 0.22312943637371063
vn 0.26656144857406616 -0.962013304233551 0.058952588587999344
vn -0.2132241129875183 -0.9390391707420349 0.26970529556274414
vn -0.22240771353244781 -0.9356858730316162 0.27391019463539124
vn -0.15393005311489105 -0.9260701537132263 0.34452807903289795
vn 0.08664652705192566 -0.8773309588432312 0.4719987213611603
vn 0.2728137969970703 -0.7226203680038452 0.6351318359375
vn 0.09415338933467865 -0.8765571117401123 0.4719987213611603
vn -0.033880565315485 -0.6392834186553955 0.7682244777679443
vn -0.033880565315485 -0.6392834186553955 0.7682244777679443
vn -0.033880565315485 -0.6392834186553955 0.7682244777679443
vn 0.2607979476451874 0.44920289516448975 0.8545181155204773
vn 0.2607979476451874 0.44920289516448975 0.8545181155204773
vn 0.2607979476451874 0.44920289516448975 0.8545181155204773
vn -0.7735411524772644 -0.5265203714370728 -0.3527185618877411
vn -0.7589502334594727 -0.5159190893173218 -0.3972681760787964
vn -0.7961737513542175 -0.49453699588775635 -0.34862664341926575
vn -0.6553715467453003 -0.6046624183654785 -0.45262736082077026
vn -0.8730563521385193 -0.2241627722978592 -0.43303996324539185
vn -0.8736516833305359 -0.20576614141464233 -0.4409002661705017
vn -0.8696122765541077 -0.2059580683708191 -0.4487268626689911
vn -0.8664357662200928 -0.20218609273433685 -0.456519216299057
vn -0.8542481660842896 -0.20935703814029694 -0.4758462607860565
vn -0.8542481660842896 -0.20935703814029694 -0.4758462607860565
vn -0.8658679127693176 -0.11304086446762085 -0.48733407258987427
vn -0.5138798952102661 -0.8548325896263123 0.07203252613544464
vn -0.45941057801246643 -0.8862655162811279 0.058952588587999344
vn -0.5138798952102661 -0.8548325896263123 0.07203252613544464
vn -0.5072291493415833 -0.8584190011024475 0.0763898640871048
vn -0.4052733778953552 -0.9130443930625916 0.04586252197623253
vn -0.3963198661804199 -0.917361319065094 0.03713129088282585
vn -0.3963198661804199 -0.917361319065094 0.03713129088282585
vn -0.11303620040416718 -0.9935884475708008 0.002184694167226553
vn -0.11303620040416718 -0.9935884475708008 0.002184694167226553
vn -0.11303620040416718 -0.9935884475708008 0.002184694167226553
vn -0.7447271943092346 -0.5690701603889465 0.34862664341926575
vn -0.7447271943092346 -0.5690701603889465 0.34862664341926575
vn -0.7447271943092346 -0.5690701603889465 0.34862664341926575
vn 0.0433754064142704 -0.9826478958129883 0.18033768236637115
vn 0.07914867252111435 -0.9744206070899963 0.2103329300880432
vn 0.08293221145868301 -0.9767885804176331 0.1975002884864807
vn 0.08860120922327042 -0.9754147529602051 0.2017817199230194
vn 0.09421879053115845 -0.9782807230949402 0.18463370203971863
vn -0.8693234920501709 -0.31462153792381287 -0.3811691105365753
vn -0.8693234920501709 -0.31462153792381287 -0.3811691105365753
vn -0.8693234920501709 -0.31462153792381287 -0.3811691105365753
vn 0.5405422449111938 -0.33024826645851135 -0.7737894654273987
vn 0.5325145721435547 -0.34304243326187134 -0.7737894654273987
vn 0.5365665555000305 -0.33666926622390747 -0.7737894654273987
vn 0.35107165575027466 -0.3296782374382019 -0.8763908743858337
vn 0.34172776341438293 -0.32836830615997314 -0.8805659413337708
vn 0.26642441749572754 -0.31849268078804016 -0.9097144603729248
vn 0.5286579132080078 -0.33648109436035156 -0.7792953848838806
vn 0.31261441111564636 -0.3246275782585144 -0.8926864862442017
vn 0.23961807787418365 -0.31434932351112366 -0.9185682535171509
vn -0.6127496957778931 -0.7605810761451721 0.21460255980491638
vn -0.6112264394760132 -0.7629956007003784 0.2103329300880432
vn -0.6127496957778931 -0.7605810761451721 0.21460255980491638
vn -0.6127496957778931 -0.7605810761451721 0.21460255980491638
vn -0.6121963858604431 -0.7547003626823425 0.23588760197162628
vn -0.45248666405677795 -0.8340357542037964 0.31565824151039124
vn -0.4560510218143463 -0.8351950645446777 0.30735430121421814
vn -0.45583483576774597 -0.8398067355155945 0.2948545813560486
vn -0.4608860909938812 -0.8385052680969238 0.29067665338516235
vn -0.4608860909938812 -0.8385052680969238 0.29067665338516235
vn -0.0018861298449337482 0.6568071246147156 0.7540562748908997
vn -0.0018861298449337482 0.6568071246147156 0.7540562748908997
vn -0.0018861298449337482 0.6568071246147156 0.7540562748908997
vn 0.7421101331710815 0.6687071323394775 0.04586252197623253
vn 0.7421101331710815 0.6687071323394775 0.04586252197623253
vn 0.7421101331710815 0.6687071323394775 0.04586252197623253
vn -0.15441563725471497 0.5605236291885376 0.8136147856712341
vn -0.15441563725471497 0.5605236291885376 0.8136147856712341
vn -0.15441563725471497 0.5605236291885376 0.8136147856712341
vn 0.21671287715435028 0.6474555134773254 0.7306414246559143
vn 0.21868090331554413 0.6535022854804993 0.7246471047401428
vn 0.21868090331554413 0.6535022854804993 0.7246471047401428
vn 0.25682035088539124 0.7074457406997681 0.6584556698799133
vn 0.3057063817977905 0.2750903069972992 0.9115201234817505
vn 0.3057063817977905 0.2750903069972992 0.9115201234817505
vn 0.3057063817977905 0.2750903069972992 0.9115201234817505
vn 0.5280138850212097 0.776209831237793 -0.34452807903289795
vn 0.3022061586380005 0.8665156960487366 -0.3972681760787964
vn 0.5276501178741455 0.7981806993484497 -0.29067665338516235
vn 0.35340380668640137 0.8630583882331848 -0.36088213324546814
vn 0.2767530679702759 0.8712989687919617 -0.405272513628006
vn 0.2767530679702759 0.8712989687919617 -0.405272513628006
vn 0.5568437576293945 0.6913426518440247 0.46040233969688416
vn 0.5568437576293945 0.6913426518440247 0.46040233969688416
vn 0.5568437576293945 0.6913426518440247 0.46040233969688416
vn -0.00757252611219883 0.25060638785362244 -0.9680594801902771
vn -0.00757252611219883 0.25060638785362244 -0.9680594801902771
vn -0.00757252611219883 0.25060638785362244 -0.9680594801902771
vn 0.07837829738855362 0.08780751377344131 -0.9930492043495178
vn 0.07837829738855362 0.08780751377344131 -0.9930492043495178
vn 0.07837829738855362 0.08780751377344131 -0.9930492043495178
vn -0.060208678245544434 -0.6065021753311157 0.7927988767623901
vn -0.060208678245544434 -0.6065021753311157 0.7927988767623901
vn -0.060208678245544434 -0.6065021753311157 0.7927988767623901
vn 0.3626081645488739 -0.607953667640686 0.7063339352607727
vn 0.14948770403862 -0.6694603562355042 0.7276512384414673
vn 0.10116564482450485 -0.5689190626144409 0.8161473870277405
vn -0.13675619661808014 -0.7008054256439209 0.7001210451126099
vn -0.11815036088228226 -0.682123064994812 0.7216291427612305
vn -0.1199350655078888 -0.6850060820579529 0.7185974717140198
vn -0.12555450201034546 -0.6903549432754517 0.7124928832054138
vn -0.1385088562965393 -0.7035722732543945 0.6969945430755615
vn -0.07697979360818863 -0.5690892934799194 0.8186644315719604
vn 0.04090620204806328 -0.21284057199954987 0.976230263710022
vn 0.04090620204806328 -0.21284057199954987 0.976230263710022
vn 0.04090620204806328 -0.21284057199954987 0.976230263710022
vn 0.05376805365085602 -0.2187473326921463 0.9742990136146545
vn 0.042677007615566254 -0.20377561450004578 0.9780870079994202
vn 0.044513039290905 -0.19021934270858765 0.9807319641113281
f 1//1 2//2 3//3
f 3//3 2//2 4//4
f 3//3 4//4 5//5
f 5//5 4//4 6//6
f 5//5 6//6 7//7
f 7//7 6//6 6//6
f 7//7 6//6 8//8
f 8//8 6//6 6//6
f 8//8 6//6 9//9
f 9//9 6//6 6//6
f 9//9 6//6 10//10
f 10//10 6//6 4//4
f 10//10 4//4 11//11
f 11//11 4//4 2//2
f 11//11 2//2 2//2
f 2//2 2//2 1//1
f 2//2 1//1 1//1
f 1//1 1//1 3//3
f 1//1 3//3 5//5
f 5//5 3//3 5//5
f 5//5 5//5 9//9
f 9//9 5//5 9//9
f 9//9 9//9 12//12
f 12//12 9//9 10//10
f 12//12 10//10 13//13
f 13//13 10//10 10//10
f 13//13 10//10 14//14
f 14//14 10//10 15//15
f 14//14 15//15 16//16
f 16//16 15//15 15//15
f 16//16 15//15 11//11
f 11//11 15//15 10//10
f 11//11 10//10 10//10
f 10//10 10//10 12//12
f 10//10 12//12 12//12
f 12//12 12//12 17//17
f 12//12 17//17 9//9
f 9//9 17//17 8//8
f 9//9 8//8 8//8
f 8//8 8//8 17//17
f 8//8 17//17 17//17
f 17//17 17//17 12//12
f 17//17 12//12 18//18
f 18//18 12//12 13//13
f 18//18 13//13 19//19
f 19//19 13//13 14//14
f 19//19 14//14 14//14
f 14//14 14//14 19//19
f 14//14 19//19 19//19
f 19//19 19//19 20//20
f 19//19 20//20 18//18
f 18//18 20//20 21//21
f 18//18 21//21 17//17
f 17//17 21//21 21//21
f 17//17 21//21 22//22
f 22//22 21//21 23//23
f 22//22 23//23 24//24
f 24//24 23//23 23//23
f 24//24 23//23 25//25
f 25//25 23//23 23//23
f 25//25 23//23 26//26
f 26//26 23//23 27//27
f 26//26 27//27 28//28
f 28//28 27//27 20//20
f 28//28 20//20 29//29
f 29//29 20//20 20//20
f 29//29 20//20 30//30
f 30//30 20//20 19//19
f 30//30 19//19 31//31
f 31//31 19//19 14//14
f 31//31 14//14 32//32
f 32//32 14//14 16//16
f 32//32 16//16 33//33
f 33//33 16//16 11//11
f 33//33 11//11 34//34
f 34//34 11//11 2//2
f 34//34 2//2 35//35
f 35//35 2//2 1//1
f 35//35 1//1 36//36
f 36//36 1//1 37//37
f 36//36 37//37 36//36
f 36//36 37//37 38//38
f 36//36 38//38 39//39
f 39//39 38//38 38//38
f 39//39 38//38 40//40
f 40//40 38//38 38//38
f 40//40 38//38 41//41
f 41//41 38//38 37//37
f 41//41 37//37 41//41
f 41//41 37//37 42//42
f 41//41 42//42 41//41
f 41//41 42//42 43//43
f 41//41 43//43 41//41
f 41//41 43//43 44//44
f 41//41 44//44 40//40
f 40//40 44//44 45//45
f 40//40 45//45 46//46
f 46//46 45//45 45//45
f 46//46 45//45 47//47
f 47//47 45//45 44//44
f 47//47 44//44 48//48
f 48//48 44//44 49//49
f 48//48 49//49 49//49
f 49//49 49//49 20//20
f 49//49 20//20 20//20
f 20//20 20//20 27//27
f 20//20 27//27 21//21
f 21//21 27//27 23//23
f 21//21 23//23 23//23
f 23//23 23//23 28//28
f 23//23 28//28 28//28
f 28//28 28//28 29//29
f 28//28 29//29 26//26
f 26//26 29//29 26//26
f 26//26 26//26 37//37
f 37//37 26//26 37//37
f 37//37 37//37 5//5
f 5//5 37//37 1//1
f 5//5 1//1 1//1
f 1//1 1//1 39//39
f 1//1 39//39 39//39
f 39//39 39//39 35//35
f 39//39 35//35 36//36
f 36//36 35//35 36//36
f 36//36 36//36 40//40
f 40//40 36//36 40//40
f 40//40 40//40 39//39
f 39//39 40//40 46//46
f 39//39 46//46 46//46
f 46//46 46//46 47//47
f 46//46 47//47 47//47
f 47//47 47//47 48//48
f 47//47 48//48 50//50
f 50//50 48//48 49//49
f 50//50 49//49 49//49
f 49//49 49//49 51//51
f 49//49 51//51 51//51
f 51//51 51//51 46//46
f 51//51 46//46 52//52
f 52//52 46//46 53//53
f 52//52 53//53 54//54
f 54//54 53//53 47//47
f 54//54 47//47 50//50
f 50//50 47//47 50//50
f 50//50 50//50 47//47
f 47//47 50//50 47//47
f 47//47 47//47 46//46
f 46//46 47//47 53//53
f 46//46 53//53 53//53
f 53//53 53//53 51//51
f 53//53 51//51 51//51
f 51//51 51//51 55//55
f 51//51 55//55 46//46
f 46//46 55//55 56//56
f 46//46 56//56 46//46
f 46//46 56//56 57//57
f 46//46 57//57 39//39
f 39//39 57//57 58//58
f 39//39 58//58 35//35
f 35//35 58//58 59//59
f 35//35 59//59 34//34
f 34//34 59//59 34//34
f 34//34 34//34 57//57
f 57//57 34//34 57//57
f 57//57 57//57 58//58
f 58//58 57//57 60//60
f 58//58 60//60 61//61
f 61//61 60//60 62//62
f 61//61 62//62 61//61
f 61//61 62//62 63//63
f 61//61 63//63 61//61
f 61//61 63//63 64//64
f 61//61 64//64 59//59
f 59//59 64//64 64//64
f 59//59 64//64 34//34
f 34//34 64//64 65//65
f 34//34 65//65 33//33
f 33//33 65//65 66//66
f 33//33 66//66 32//32
f 32//32 66//66 66//66
f 32//32 66//66 31//31
f 31//31 66//66 67//67
f 31//31 67//67 31//31
f 31//31 67//67 68//68
f 31//31 68//68 30//30
f 30//30 68//68 69//69
f 30//30 69//69 70//70
f 70//70 69//69 71//71
f 70//70 71//71 70//70
f 70//70 71//71 72//72
f 70//70 72//72 29//29
f 29//29 72//72 73//73
f 29//29 73//73 26//26
f 26//26 73//73 26//26
f 26//26 26//26 61//61
f 61//61 26//26 61//61
f 61//61 61//61 58//58
f 58//58 61//61 59//59
f 58//58 59//59 59//59
f 59//59 59//59 57//57
f 59//59 57//57 57//57
f 57//57 57//57 56//56
f 57//57 56//56 60//60
f 60//60 56//56 74//74
f 60//60 74//74 62//62
f 62//62 74//74 62//62
f 62//62 62//62 55//55
f 55//55 62//62 55//55
f 55//55 55//55 56//56
f 56//56 55//55 74//74
f 56//56 74//74 74//74
f 74//74 74//74 30//30
f 74//74 30//30 30//30
f 30//30 30//30 70//70
f 30//30 70//70 29//29
f 29//29 70//70 29//29
f 29//29 29//29 72//72
f 72//72 29//29 72//72
f 72//72 72//72 73//73
f 73//73 72//72 75//75
f 73//73 75//75 73//73
f 73//73 75//75 76//76
f 73//73 76//76 26//26
f 26//26 76//76 77//77
f 26//26 77//77 25//25
f 25//25 77//77 78//78
f 25//25 78//78 25//25
f 25//25 78//78 79//79
f 25//25 79//79 24//24
f 24//24 79//79 80//80
f 24//24 80//80 24//24
f 24//24 80//80 81//81
f 24//24 81//81 22//22
f 22//22 81//81 82//82
f 22//22 82//82 17//17
f 17//17 82//82 83//83
f 17//17 83//83 17//17
f 17//17 83//83 84//84
f 17//17 84//84 8//8
f 8//8 84//84 84//84
f 8//8 84//84 7//7
f 7//7 84//84 85//85
f 7//7 85//85 7//7
f 7//7 85//85 86//86
f 7//7 86//86 5//5
f 5//5 86//86 87//87
f 5//5 87//87 37//37
f 37//37 87//87 88//88
f 37//37 88//88 42//42
f 42//42 88//88 42//42
f 42//42 42//42 88//88
f 88//88 42//42 88//88
f 88//88 88//88 89//89
f 89//89 88//88 87//87
f 89//89 87//87 89//89
f 89//89 87//87 86//86
f 89//89 86//86 90//90
f 90//90 86//86 85//85
f 90//90 85//85 91//91
f 91//91 85//85 85//85
f 91//91 85//85 92//92
f 92//92 85//85 84//84
f 92//92 84//84 93//93
f 93//93 84//84 83//83
f 93//93 83//83 93//93
f 93//93 83//83 82//82
f 93//93 82//82 94//94
f 94//94 82//82 81//81
f 94//94 81//81 95//95
f 95//95 81//81 80//80
f 95//95 80//80 96//96
f 96//96 80//80 80//80
f 96//96 80//80 97//97
f 97//97 80//80 79//79
f 97//97 79//79 98//98
f 98//98 79//79 78//78
f 98//98 78//78 99//99
f 99//99 78//78 78//78
f 99//99 78//78 100//100
f 100//100 78//78 77//77
f 100//100 77//77 100//100
f 100//100 77//77 76//76
f 100//100 76//76 101//101
f 101//101 76//76 76//76
f 101//101 76//76 102//102
f 102//102 76//76 75//75
f 102//102 75//75 103//103
f 103//103 75//75 104//104
f 103//103 104//104 105//105
f 105//105 104//104 106//106
f 105//105 106//106 107//107
f 107//107 106//106 106//106
f 107//107 106//106 108//108
f 108//108 106//106 106//106
f 108//108 106//106 109//109
f 109//109 106//106 71//71
f 109//109 71//71 110//110
f 110//110 71//71 69//69
f 110//110 69//69 111//111
f 111//111 69//69 68//68
f 111//111 68//68 111//111
f 111//111 68//68 67//67
f 111//111 67//67 112//112
f 112//112 67//67 66//66
f 112//112 66//66 113//113
f 113//113 66//66 65//65
f 113//113 65//65 114//114
f 114//114 65//65 65//65
f 114//114 65//65 115//115
f 115//115 65//65 64//64
f 115//115 64//64 116//116
f 116//116 64//64 64//64
f 116//116 64//64 117//117
f 117//117 64//64 63//63
f 117//117 63//63 117//117
f 117//117 63//63 62//62
f 117//117 62//62 117//117
f 117//117 62//62 118//118
f 117//117 118//118 116//116
f 116//116 118//118 116//116
f 116//116 116//116 75//75
f 75//75 116//116 75//75
f 75//75 75//75 104//104
f 104//104 75//75 72//72
f 104//104 72//72 106//106
f 106//106 72//72 71//71
f 106//106 71//71 71//71
f 71//71 71//71 118//118
f 71//71 118//118 118//118
f 118//118 118//118 62//62
f 118//118 62//62 119//119
f 119//119 62//62 74//74
f 119//119 74//74 120//120
f 120//120 74//74 55//55
f 120//120 55//55 121//121
f 121//121 55//55 55//55
f 121//121 55//55 122//122
f 122//122 55//55 123//123
f 122//122 123//123 124//124
f 124//124 123//123 125//125
f 124//124 125//125 125//125
f 125//125 125//125 124//124
f 125//125 124//124 124//124
f 124//124 124//124 126//126
f 124//124 126//126 122//122
f 122//122 126//126 126//126
f 122//122 126//126 121//121
f 121//121 126//126 127//127
f 121//121 127//127 120//120
f 120//120 127//127 127//127
f 120//120 127//127 119//119
f 119//119 127//127 127//127
f 119//119 127//127 128//128
f 128//128 127//127 127//127
f 128//128 127//127 129//129
f 129//129 127//127 126//126
f 129//129 126//126 130//130
f 130//130 126//126 124//124
f 130//130 124//124 124//124
f 124//124 124//124 103//103
f 124//124 103//103 103//103
f 103//103 103//103 105//105
f 103//103 105//105 131//131
f 131//131 105//105 105//105
f 131//131 105//105 132//132
f 132//132 105//105 107//107
f 132//132 107//107 107//107
f 107//107 107//107 133//133
f 107//107 133//133 133//133
f 133//133 133//133 134//134
f 133//133 134//134 135//135
f 135//135 134//134 128//128
f 135//135 128//128 135//135
f 135//135 128//128 129//129
f 135//135 129//129 136//136
f 136//136 129//129 130//130
f 136//136 130//130 130//130
f 130//130 130//130 128//128
f 130//130 128//128 128//128
f 128//128 128//128 134//134
f 128//128 134//134 119//119
f 119//119 134//134 137//137
f 119//119 137//137 118//118
f 118//118 137//137 138//138
f 118//118 138//138 116//116
f 116//116 138//138 116//116
f 116//116 116//116 138//138
f 138//138 116//116 138//138
f 138//138 138//138 139//139
f 139//139 138//138 137//137
f 139//139 137//137 139//139
f 139//139 137//137 134//134
f 139//139 134//134 140//140
f 140//140 134//134 141//141
f 140//140 141//141 142//142
f 142//142 141//141 141//141
f 142//142 141//141 143//143
f 143//143 141//141 141//141
f 143//143 141//141 144//144
f 144//144 141//141 134//134
f 144//144 134//134 134//134
f 134//134 134//134 139//139
f 134//134 139//139 139//139
f 139//139 139//139 140//140
f 139//139 140//140 138//138
f 138//138 140//140 145//145
f 138//138 145//145 146//146
f 146//146 145//145 147//147
f 146//146 147//147 146//146
f 146//146 147//147 148//148
f 146//146 148//148 138//138
f 138//138 148//148 138//138
f 138//138 138//138 140//140
f 140//140 138//138 140//140
f 140//140 140//140 145//145
f 145//145 140//140 142//142
f 145//145 142//142 145//145
f 145//145 142//142 149//149
f 145//145 149//149 147//147
f 147//147 149//149 150//150
f 147//147 150//150 151//151
f 151//151 150//150 150//150
f 151//151 150//150 152//152
f 152//152 150//150 150//150
f 152//152 150//150 153//153
f 153//153 150//150 150//150
f 153//153 150//150 154//154
f 154//154 150//150 142//142
f 154//154 142//142 155//155
f 155//155 142//142 143//143
f 155//155 143//143 156//156
f 156//156 143//143 144//144
f 156//156 144//144 144//144
f 144//144 144//144 157//157
f 144//144 157//157 157//157
f 157//157 157//157 142//142
f 157//157 142//142 150//150
f 150//150 142//142 150//150
f 150//150 150//150 148//148
f 148//148 150//150 148//148
f 148//148 148//148 151//151
f 151//151 148//148 147//147
f 151//151 147//147 147//147
f 147//147 147//147 156//156
f 147//147 156//156 156//156
f 156//156 156//156 158//158
f 156//156 158//158 155//155
f 155//155 158//158 158//158
f 155//155 158//158 154//154
f 154//154 158//158 159//159
f 154//154 159//159 160//160
f 160//160 159//159 161//161
f 160//160 161//161 162//162
f 162//162 161//161 161//161
f 162//162 161//161 163//163
f 163//163 161//161 164//164
f 163//163 164//164 163//163
f 163//163 164//164 165//165
f 163//163 165//165 163//163
f 163//163 165//165 166//166
f 163//163 166//166 162//162
f 162//162 166//166 152//152
f 162//162 152//152 162//162
f 162//162 152//152 153//153
f 162//162 153//153 160//160
f 160//160 153//153 154//154
f 160//160 154//154 154//154
f 154//154 154//154 161//161
f 154//154 161//161 161//161
f 161//161 161//161 159//159
f 161//161 159//159 164//164
f 164//164 159//159 164//164
f 164//164 164//164 166//166
f 166//166 164//164 166//166
f 166//166 166//166 152//152
f 152//152 166//166 167//167
f 152//152 167//167 151//151
f 151//151 167//167 167//167
f 151//151 167//167 168//168
f 168//168 167//167 169//169
f 168//168 169//169 168//168
f 168//168 169//169 170//170
f 168//168 170//170 168//168
f 168//168 170//170 171//171
f 168//168 171//171 168//168
f 168//168 171//171 172//172
f 168//168 172//172 173//173
f 173//173 172//172 174//174
f 173//173 174//174 175//175
f 175//175 174//174 174//174
f 175//175 174//174 176//176
f 176//176 174//174 177//177
f 176//176 177//177 176//176
f 176//176 177//177 178//178
f 176//176 178//178 179//179
f 179//179 178//178 179//179
f 179//179 179//179 167//167
f 167//167 179//179 167//167
f 167//167 167//167 169//169
f 169//169 167//167 166//166
f 169//169 166//166 166//166
f 166//166 166//166 172//172
f 166//166 172//172 172//172
f 172//172 172//172 180//180
f 172//172 180//180 174//174
f 174//174 180//180 181//181
f 174//174 181//181 174//174
f 174//174 181//181 182//182
f 174//174 182//182 183//183
f 183//183 182//182 183//183
f 183//183 183//183 177//177
f 177//177 183//183 177//177
f 177//177 177//177 184//184
f 184//184 177//177 174//174
f 184//184 174//174 184//184
f 184//184 174//174 185//185
f 184//184 185//185 186//186
f 186//186 185//185 186//186
f 186//186 186//186 181//181
f 181//181 186//186 181//181
f 181//181 181//181 187//187
f 187//187 181//181 180//180
f 187//187 180//180 187//187
f 187//187 180//180 188//188
f 187//187 188//188 189//189
f 189//189 188//188 165//165
f 189//189 165//165 190//190
f 190//190 165//165 164//164
f 190//190 164//164 191//191
f 191//191 164//164 164//164
f 191//191 164//164 192//192
f 192//192 164//164 164//164
f 192//192 164//164 193//193
f 193//193 164//164 159//159
f 193//193 159//159 194//194
f 194//194 159//159 158//158
f 194//194 158//158 195//195
f 195//195 158//158 156//156
f 195//195 156//156 196//196
f 196//196 156//156 197//197
f 196//196 197//197 197//197
f 197//197 197//197 187//187
f 197//197 187//187 187//187
f 187//187 187//187 198//198
f 187//187 198//198 181//181
f 181//181 198//198 181//181
f 181//181 181//181 196//196
f 196//196 181//181 196//196
f 196//196 196//196 195//195
f 195//195 196//196 199//199
f 195//195 199//199 195//195
f 195//195 199//199 200//200
f 195//195 200//200 195//195
f 195//195 200//200 201//201
f 195//195 201//201 195//195
f 195//195 201//201 202//202
f 195//195 202//202 195//195
f 195//195 202//202 203//203
f 195//195 203//203 204//204
f 204//204 203//203 205//205
f 204//204 205//205 204//204
f 204//204 205//205 206//206
f 204//204 206//206 207//207
f 207//207 206//206 208//208
f 207//207 208//208 207//207
f 207//207 208//208 209//209
f 207//207 209//209 207//207
f 207//207 209//209 210//210
f 207//207 210//210 211//211
f 211//211 210//210 212//212
f 211//211 212//212 211//211
f 211//211 212//212 213//213
f 211//211 213//213 211//211
f 211//211 213//213 214//214
f 211//211 214//214 211//211
f 211//211 214//214 215//215
f 211//211 215//215 216//216
f 216//216 215//215 217//217
f 216//216 217//217 217//217
f 217//217 217//217 195//195
f 217//217 195//195 195//195
f 195//195 195//195 204//204
f 195//195 204//204 194//194
f 194//194 204//204 207//207
f 194//194 207//207 207//207
f 207//207 207//207 216//216
f 207//207 216//216 216//216
f 216//216 216//216 218//218
f 216//216 218//218 211//211
f 211//211 218//218 218//218
f 211//211 218//218 219//219
f 219//219 218//218 220//220
f 219//219 220//220 221//221
f 221//221 220//220 222//222
f 221//221 222//222 223//223
f 223//223 222//222 224//224
f 223//223 224//224 223//223
f 223//223 224//224 225//225
f 223//223 225//225 226//226
f 226//226 225//225 227//227
f 226//226 227//227 228//228
f 228//228 227//227 229//229
f 228//228 229//229 228//228
f 228//228 229//229 230//230
f 228//228 230//230 228//228
f 228//228 230//230 231//231
f 228//228 231//231 228//228
f 228//228 231//231 232//232
f 228//228 232//232 233//233
f 233//233 232//232 234//234
f 233//233 234//234 233//233
f 233//233 234//234 235//235
f 233//233 235//235 236//236
f 236//236 235//235 237//237
f 236//236 237//237 236//236
f 236//236 237//237 238//238
f 236//236 238//238 239//239
f 239//239 238//238 240//240
f 239//239 240//240 239//239
f 239//239 240//240 241//241
f 239//239 241//241 242//242
f 242//242 241//241 243//243
f 242//242 243//243 244//244
f 244//244 243//243 245//245
f 244//244 245//245 246//246
f 246//246 245//245 247//247
f 246//246 247//247 246//246
f 246//246 247//247 248//248
f 246//246 248//248 249//249
f 249//249 248//248 250//250
f 249//249 250//250 251//251
f 251//251 250//250 251//251
f 251//251 251//251 250//250
f 250//250 251//251 250//250
f 250//250 250//250 252//252
f 252//252 250//250 248//248
f 252//252 248//248 252//252
f 252//252 248//248 253//253
f 252//252 253//253 254//254
f 254//254 253//253 255//255
f 254//254 255//255 254//254
f 254//254 255//255 256//256
f 254//254 256//256 254//254
f 254//254 256//256 257//257
f 254//254 257//257 254//254
f 254//254 257//257 258//258
f 254//254 258//258 259//259
f 259//259 258//258 260//260
f 259//259 260//260 261//261
f 261//261 260//260 262//262
f 261//261 262//262 262//262
f 262//262 262//262 252//252
f 262//262 252//252 252//252
f 252//252 252//252 254//254
f 252//252 254//254 263//263
f 263//263 254//254 254//254
f 263//263 254//254 264//264
f 264//264 254//254 254//254
f 264//264 254//254 265//265
f 265//265 254//254 266//266
f 265//265 266//266 267//267
f 267//267 266//266 266//266
f 267//267 266//266 268//268
f 268//268 266//266 269//269
f 268//268 269//269 270//270
f 270//270 269//269 271//271
f 270//270 271//271 272//272
f 272//272 271//271 273//273
f 272//272 273//273 274//274
f 274//274 273//273 274//274
f 274//274 274//274 259//259
f 259//259 274//274 259//259
f 259//259 259//259 275//275
f 275//275 259//259 261//261
f 275//275 261//261 261//261
f 261//261 261//261 259//259
f 261//261 259//259 259//259
f 259//259 259//259 266//266
f 259//259 266//266 254//254
f 254//254 266//266 254//254
f 254//254 254//254 189//189
f 189//189 254//254 189//189
f 189//189 189//189 276//276
f 276//276 189//189 190//190
f 276//276 190//190 191//191
f 191//191 190//190 191//191
f 191//191 191//191 277//277
f 277//277 191//191 277//277
f 277//277 277//277 278//278
f 278//278 277//277 279//279
f 278//278 279//279 278//278
f 278//278 279//279 280//280
f 278//278 280//280 281//281
f 281//281 280//280 280//280
f 281//281 280//280 282//282
f 282//282 280//280 280//280
f 282//282 280//280 283//283
f 283//283 280//280 279//279
f 283//283 279//279 284//284
f 284//284 279//279 279//279
f 284//284 279//279 285//285
f 285//285 279//279 286//286
f 285//285 286//286 287//287
f 287//287 286//286 286//286
f 287//287 286//286 288//288
f 288//288 286//286 277//277
f 288//288 277//277 289//289
f 289//289 277//277 278//278
f 289//289 278//278 281//281
f 281//281 278//278 281//281
f 281//281 281//281 279//279
f 279//279 281//281 279//279
f 279//279 279//279 286//286
f 286//286 279//279 277//277
f 286//286 277//277 277//277
f 277//277 277//277 287//287
f 277//277 287//287 287//287
f 287//287 287//287 290//290
f 287//287 290//290 285//285
f 285//285 290//290 291//291
f 285//285 291//291 284//284
f 284//284 291//291 284//284
f 284//284 284//284 291//291
f 291//291 284//284 291//291
f 291//291 291//291 292//292
f 292//292 291//291 290//290
f 292//292 290//290 293//293
f 293//293 290//290 287//287
f 293//293 287//287 294//294
f 294//294 287//287 295//295
f 294//294 295//295 294//294
f 294//294 295//295 296//296
f 294//294 296//296 294//294
f 294//294 296//296 297//297
f 294//294 297//297 293//293
f 293//293 297//297 292//292
f 293//293 292//292 292//292
f 292//292 292//292 298//298
f 292//292 298//298 298//298
f 298//298 298//298 299//299
f 298//298 299//299 300//300
f 300//300 299//299 301//301
f 300//300 301//301 288//288
f 288//288 301//301 301//301
f 288//288 301//301 287//287
f 287//287 301//301 302//302
f 287//287 302//302 295//295
f 295//295 302//302 295//295
f 295//295 295//295 288//288
f 288//288 295//295 288//288
f 288//288 288//288 300//300
f 300//300 288//288 289//289
f 300//300 289//289 289//289
f 289//289 289//289 299//299
f 289//289 299//299 299//299
f 299//299 299//299 303//303
f 299//299 303//303 301//301
f 301//301 303//303 304//304
f 301//301 304//304 305//305
f 305//305 304//304 306//306
f 305//305 306//306 305//305
f 305//305 306//306 307//307
f 305//305 307//307 305//305
f 305//305 307//307 308//308
f 305//305 308//308 305//305
f 305//305 308//308 309//309
f 305//305 309//309 305//305
f 305//305 309//309 310//310
f 305//305 310//310 311//311
f 311//311 310//310 312//312
f 311//311 312//312 311//311
f 311//311 312//312 313//313
f 311//311 313//313 311//311
f 311//311 313//313 314//314
f 311//311 314//314 311//311
f 311//311 314//314 315//315
f 311//311 315//315 311//311
f 311//311 315//315 316//316
f 311//311 316//316 305//305
f 305//305 316//316 302//302
f 305//305 302//302 301//301
f 301//301 302//302 301//301
f 301//301 301//301 302//302
f 302//302 301//301 302//302
f 302//302 302//302 295//295
f 295//295 302//302 316//316
f 295//295 316//316 295//295
f 295//295 316//316 317//317
f 295//295 317//317 296//296
f 296//296 317//317 136//136
f 296//296 136//136 296//296
f 296//296 136//136 130//130
f 296//296 130//130 297//297
f 297//297 130//130 124//124
f 297//297 124//124 318//318
f 318//318 124//124 125//125
f 318//318 125//125 318//318
f 318//318 125//125 319//319
f 318//318 319//319 318//318
f 318//318 319//319 320//320
f 318//318 320//320 318//318
f 318//318 320//320 321//321
f 318//318 321//321 318//318
f 318//318 321//321 322//322
f 318//318 322//322 323//323
f 323//323 322//322 324//324
f 323//323 324//324 323//323
f 323//323 324//324 325//325
f 323//323 325//325 326//326
f 326//326 325//325 327//327
f 326//326 327//327 326//326
f 326//326 327//327 328//328
f 326//326 328//328 329//329
f 329//329 328//328 330//330
f 329//329 330//330 329//329
f 329//329 330//330 331//331
f 329//329 331//331 329//329
f 329//329 331//331 332//332
f 329//329 332//332 329//329
f 329//329 332//332 333//333
f 329//329 333//333 329//329
f 329//329 333//333 334//334
f 329//329 334//334 329//329
f 329//329 334//334 335//335
f 329//329 335//335 336//336
f 336//336 335//335 337//337
f 336//336 337//337 336//336
f 336//336 337//337 338//338
f 336//336 338//338 339//339
f 339//339 338//338 340//340
f 339//339 340//340 339//339
f 339//339 340//340 341//341
f 339//339 341//341 339//339
f 339//339 341//341 342//342
f 339//339 342//342 339//339
f 339//339 342//342 343//343
f 339//339 343//343 344//344
f 344//344 343//343 345//345
f 344//344 345//345 344//344
f 344//344 345//345 346//346
f 344//344 346//346 344//344
f 344//344 346//346 347//347
f 344//344 347//347 283//283
f 283//283 347//347 348//348
f 283//283 348//348 283//283
f 283//283 348//348 349//349
f 283//283 349//349 283//283
f 283//283 349//349 350//350
f 283//283 350//350 283//283
f 283//283 350//350 351//351
f 283//283 351//351 283//283
f 283//283 351//351 352//352
f 283//283 352//352 353//353
f 353//353 352//352 354//354
f 353//353 354//354 353//353
f 353//353 354//354 355//355
f 353//353 355//355 356//356
f 356//356 355//355 356//356
f 356//356 356//356 318//318
f 318//318 356//356 318//318
f 318//318 318//318 297//297
f 297//297 318//318 323//323
f 297//297 323//323 326//326
f 326//326 323//323 326//326
f 326//326 326//326 283//283
f 283//283 326//326 283//283
f 283//283 283//283 282//282
f 282//282 283//283 353//353
f 282//282 353//353 353//353
f 353//353 353//353 283//283
f 353//353 283//283 283//283
f 283//283 283//283 284//284
f 283//283 284//284 344//344
f 344//344 284//284 284//284
f 344//344 284//284 339//339
f 339//339 284//284 284//284
f 339//339 284//284 336//336
f 336//336 284//284 291//291
f 336//336 291//291 329//329
f 329//329 291//291 292//292
f 329//329 292//292 326//326
f 326//326 292//292 297//297
f 326//326 297//297 297//297
f 297//297 297//297 357//357
f 297//297 357//357 357//357
f 357//357 357//357 358//358
f 357//357 358//358 353//353
f 353//353 358//358 358//358
f 353//353 358//358 359//359
f 359//359 358//358 360//360
f 359//359 360//360 359//359
f 359//359 360//360 361//361
f 359//359 361//361 362//362
f 362//362 361//361 363//363
f 362//362 363//363 362//362
f 362//362 363//363 364//364
f 362//362 364//364 362//362
f 362//362 364//364 365//365
f 362//362 365//365 366//366
f 366//366 365//365 367//367
f 366//366 367//367 366//366
f 366//366 367//367 368//368
f 366//366 368//368 366//366
f 366//366 368//368 369//369
f 366//366 369//369 366//366
f 366//366 369//369 370//370
f 366//366 370//370 366//366
f 366//366 370//370 371//371
f 366//366 371//371 366//366
f 366//366 371//371 372//372
f 366//366 372//372 366//366
f 366//366 372//372 373//373
f 366//366 373//373 366//366
f 366//366 373//373 374//374
f 366//366 374//374 366//366
f 366//366 374//374 375//375
f 366//366 375//375 376//376
f 376//376 375//375 377//377
f 376//376 377//377 378//378
f 378//378 377//377 377//377
f 378//378 377//377 379//379
f 379//379 377//377 380//380
f 379//379 380//380 379//379
f 379//379 380//380 381//381
f 379//379 381//381 382//382
f 382//382 381//381 383//383
f 382//382 383//383 384//384
f 384//384 383//383 383//383
f 384//384 383//383 385//385
f 385//385 383//383 386//386
f 385//385 386//386 385//385
f 385//385 386//386 387//387
f 385//385 387//387 388//388
f 388//388 387//387 387//387
f 388//388 387//387 389//389
f 389//389 387//387 387//387
f 389//389 387//387 390//390
f 390//390 387//387 387//387
f 390//390 387//387 391//391
f 391//391 387//387 392//392
f 391//391 392//392 393//393
f 393//393 392//392 392//392
f 393//393 392//392 394//394
f 394//394 392//392 392//392
f 394//394 392//392 395//395
f 395//395 392//392 396//396
f 395//395 396//396 397//397
f 397//397 396//396 396//396
f 397//397 396//396 398//398
f 398//398 396//396 399//399
f 398//398 399//399 400//400
f 400//400 399//399 399//399
f 400//400 399//399 401//401
f 401//401 399//399 402//402
f 401//401 402//402 401//401
f 401//401 402//402 403//403
f 401//401 403//403 404//404
f 404//404 403//403 404//404
f 404//404 404//404 405//405
f 405//405 404//404 405//405
f 405//405 405//405 406//406
f 406//406 405//405 396//396
f 406//406 396//396 407//407
f 407//407 396//396 408//408
f 407//407 408//408 409//409
f 409//409 408//408 408//408
f 409//409 408//408 410//410
f 410//410 408//408 408//408
f 410//410 408//408 411//411
f 411//411 408//408 412//412
f 411//411 412//412 413//413
f 413//413 412//412 414//414
f 413//413 414//414 414//414
f 414//414 414//414 415//415
f 414//414 415//415 415//415
f 415//415 415//415 416//416
f 415//415 416//416 417//417
f 417//417 416//416 416//416
f 417//417 416//416 418//418
f 418//418 416//416 412//412
f 418//418 412//412 419//419
f 419//419 412//412 408//408
f 419//419 408//408 420//420
f 420//420 408//408 408//408
f 420//420 408//408 421//421
f 421//421 408//408 408//408
f 421//421 408//408 422//422
f 422//422 408//408 392//392
f 422//422 392//392 423//423
f 423//423 392//392 392//392
f 423//423 392//392 424//424
f 424//424 392//392 392//392
f 424//424 392//392 425//425
f 425//425 392//392 392//392
f 425//425 392//392 426//426
f 426//426 392//392 387//387
f 426//426 387//387 427//427
f 427//427 387//387 387//387
f 427//427 387//387 428//428
f 428//428 387//387 387//387
f 428//428 387//387 429//429
f 429//429 387//387 386//386
f 429//429 386//386 386//386
f 386//386 386//386 396//396
f 386//386 396//396 396//396
f 396//396 396//396 392//392
f 396//396 392//392 408//408
f 408//408 392//392 408//408
f 408//408 408//408 430//430
f 430//430 408//408 430//430
f 430//430 430//430 431//431
f 431//431 430//430 432//432
f 431//431 432//432 433//433
f 433//433 432//432 434//434
f 433//433 434//434 433//433
f 433//433 434//434 435//435
f 433//433 435//435 433//433
f 433//433 435//435 436//436
f 433//433 436//436 437//437
f 437//437 436//436 438//438
f 437//437 438//438 438//438
f 438//438 438//438 439//439
f 438//438 439//439 439//439
f 439//439 439//439 433//433
f 439//439 433//433 440//440
f 440//440 433//433 441//441
f 440//440 441//441 442//442
f 442//442 441//441 442//442
f 442//442 442//442 443//443
f 443//443 442//442 443//443
f 443//443 443//443 444//444
f 444//444 443//443 441//441
f 444//444 441//441 444//444
f 444//444 441//441 433//433
f 444//444 433//433 445//445
f 445//445 433//433 437//437
f 445//445 437//437 446//446
f 446//446 437//437 447//447
f 446//446 447//447 448//448
f 448//448 447//447 448//448
f 448//448 448//448 447//447
f 447//447 448//448 447//447
f 447//447 447//447 449//449
f 449//449 447//447 437//437
f 449//449 437//437 450//450
f 450//450 437//437 437//437
f 450//450 437//437 451//451
f 451//451 437//437 437//437
f 451//451 437//437 452//452
f 452//452 437//437 453//453
f 452//452 453//453 454//454
f 454//454 453//453 454//454
f 454//454 454//454 437//437
f 437//437 454//454 437//437
f 437//437 437//437 453//453
f 453//453 437//437 438//438
f 453//453 438//438 453//453
f 453//453 438//438 455//455
f 453//453 455//455 453//453
f 453//453 455//455 456//456
f 453//453 456//456 453//453
f 453//453 456//456 457//457
f 453//453 457//457 458//458
f 458//458 457//457 457//457
f 458//458 457//457 459//459
f 459//459 457//457 457//457
f 459//459 457//457 460//460
f 460//460 457//457 461//461
f 460//460 461//461 462//462
f 462//462 461//461 463//463
f 462//462 463//463 462//462
f 462//462 463//463 464//464
f 462//462 464//464 465//465
f 465//465 464//464 466//466
f 465//465 466//466 465//465
f 465//465 466//466 467//467
f 465//465 467//467 465//465
f 465//465 467//467 468//468
f 465//465 468//468 469//469
f 469//469 468//468 469//469
f 469//469 469//469 460//460
f 460//460 469//469 460//460
f 460//460 460//460 470//470
f 470//470 460//460 462//462
f 470//470 462//462 471//471
f 471//471 462//462 471//471
f 471//471 471//471 458//458
f 458//458 471//471 458//458
f 458//458 458//458 453//453
f 453//453 458//458 472//472
f 453//453 472//472 453//453
f 453//453 472//472 473//473
f 453//453 473//473 453//453
f 453//453 473//473 474//474
f 453//453 474//474 453//453
f 453//453 474//474 475//475
f 453//453 475//475 476//476
f 476//476 475//475 477//477
f 476//476 477//477 478//478
f 478//478 477//477 478//478
f 478//478 478//478 476//476
f 476//476 478//478 476//476
f 476//476 476//476 453//453
f 453//453 476//476 454//454
f 453//453 454//454 454//454
f 454//454 454//454 479//479
f 454//454 479//479 479//479
f 479//479 479//479 480//480
f 479//479 480//480 481//481
f 481//481 480//480 480//480
f 481//481 480//480 482//482
f 482//482 480//480 480//480
f 482//482 480//480 483//483
f 483//483 480//480 480//480
f 483//483 480//480 484//484
f 484//484 480//480 485//485
f 484//484 485//485 486//486
f 486//486 485//485 485//485
f 486//486 485//485 487//487
f 487//487 485//485 488//488
f 487//487 488//488 489//489
f 489//489 488//488 488//488
f 489//489 488//488 490//490
f 490//490 488//488 488//488
f 490//490 488//488 491//491
f 491//491 488//488 488//488
f 491//491 488//488 492//492
f 492//492 488//488 488//488
f 492//492 488//488 493//493
f 493//493 488//488 488//488
f 493//493 488//488 494//494
f 494//494 488//488 488//488
f 494//494 488//488 495//495
f 495//495 488//488 488//488
f 495//495 488//488 496//496
f 496//496 488//488 497//497
f 496//496 497//497 498//498
f 498//498 497//497 499//499
f 498//498 499//499 500//500
f 500//500 499//499 500//500
f 500//500 500//500 479//479
f 479//479 500//500 479//479
f 479//479 479//479 480//480
f 480//480 479//479 501//501
f 480//480 501//501 300//300
f 300//300 501//501 298//298
f 300//300 298//298 298//298
f 298//298 298//298 300//300
f 298//298 300//300 300//300
f 300//300 300//300 289//289
f 300//300 289//289 480//480
f 480//480 289//289 289//289
f 480//480 289//289 485//485
f 485//485 289//289 281//281
f 485//485 281//281 488//488
f 488//488 281//281 502//502
f 488//488 502//502 497//497
f 497//497 502//502 497//497
f 497//497 497//497 281//281
f 281//281 497//497 281//281
f 281//281 281//281 502//502
f 502//502 281//281 282//282
f 502//502 282//282 503//503
f 503//503 282//282 353//353
f 503//503 353//353 503//503
f 503//503 353//353 359//359
f 503//503 359//359 504//504
f 504//504 359//359 362//362
f 504//504 362//362 504//504
f 504//504 362//362 366//366
f 504//504 366//366 504//504
f 504//504 366//366 505//505
f 504//504 505//505 503//503
f 503//503 505//505 506//506
f 503//503 506//506 507//507
f 507//507 506//506 508//508
f 507//507 508//508 497//497
f 497//497 508//508 508//508
f 497//497 508//508 509//509
f 509//509 508//508 508//508
f 509//509 508//508 510//510
f 510//510 508//508 511//511
f 510//510 511//511 512//512
f 512//512 511//511 505//505
f 512//512 505//505 513//513
f 513//513 505//505 366//366
f 513//513 366//366 366//366
f 366//366 366//366 503//503
f 366//366 503//503 503//503
f 503//503 503//503 507//507
f 503//503 507//507 502//502
f 502//502 507//507 497//497
f 502//502 497//497 497//497
f 497//497 497//497 508//508
f 497//497 508//508 508//508
f 508//508 508//508 506//506
f 508//508 506//506 511//511
f 511//511 506//506 505//505
f 511//511 505//505 505//505
f 505//505 505//505 513//513
f 505//505 513//513 513//513
f 513//513 513//513 514//514
f 513//513 514//514 512//512
f 512//512 514//514 514//514
f 512//512 514//514 510//510
f 510//510 514//514 515//515
f 510//510 515//515 510//510
f 510//510 515//515 516//516
f 510//510 516//516 510//510
f 510//510 516//516 517//517
f 510//510 517//517 510//510
f 510//510 517//517 518//518
f 510//510 518//518 509//509
f 509//509 518//518 519//519
f 509//509 519//519 509//509
f 509//509 519//519 520//520
f 509//509 520//520 509//509
f 509//509 520//520 521//521
f 509//509 521//521 522//522
f 522//522 521//521 521//521
f 522//522 521//521 523//523
f 523//523 521//521 521//521
f 523//523 521//521 524//524
f 524//524 521//521 521//521
f 524//524 521//521 525//525
f 525//525 521//521 521//521
f 525//525 521//521 526//526
f 526//526 521//521 527//527
f 526//526 527//527 526//526
f 526//526 527//527 528//528
f 526//526 528//528 529//529
f 529//529 528//528 530//530
f 529//529 530//530 529//529
f 529//529 530//530 531//531
f 529//529 531//531 529//529
f 529//529 531//531 532//532
f 529//529 532//532 533//533
f 533//533 532//532 534//534
f 533//533 534//534 533//533
f 533//533 534//534 535//535
f 533//533 535//535 536//536
f 536//536 535//535 537//537
f 536//536 537//537 537//537
f 537//537 537//537 518//518
f 537//537 518//518 518//518
f 518//518 518//518 538//538
f 518//518 538//538 519//519
f 519//519 538//538 519//519
f 519//519 519//519 522//522
f 522//522 519//519 522//522
f 522//522 522//522 509//509
f 509//509 522//522 539//539
f 509//509 539//539 539//539
f 539//539 539//539 526//526
f 539//539 526//526 526//526
f 526//526 526//526 529//529
f 526//526 529//529 540//540
f 540//540 529//529 540//540
f 540//540 540//540 541//541
f 541//541 540//540 541//541
f 541//541 541//541 528//528
f 528//528 541//541 530//530
f 528//528 530//530 530//530
f 530//530 530//530 536//536
f 530//530 536//536 536//536
f 536//536 536//536 542//542
f 536//536 542//542 533//533
f 533//533 542//542 543//543
f 533//533 543//543 533//533
f 533//533 543//543 544//544
f 533//533 544//544 533//533
f 533//533 544//544 545//545
f 533//533 545//545 533//533
f 533//533 545//545 546//546
f 533//533 546//546 533//533
f 533//533 546//546 547//547
f 533//533 547//547 529//529
f 529//529 547//547 548//548
f 529//529 548//548 548//548
f 548//548 548//548 543//543
f 548//548 543//543 543//543
f 543//543 543//543 542//542
f 543//543 542//542 549//549
f 549//549 542//542 550//550
f 549//549 550//550 551//551
f 551//551 550//550 552//552
f 551//551 552//552 553//553
f 553//553 552//552 554//554
f 553//553 554//554 554//554
f 554//554 554//554 555//555
f 554//554 555//555 555//555
f 555//555 555//555 556//556
f 555//555 556//556 557//557
f 557//557 556//556 558//558
f 557//557 558//558 559//559
f 559//559 558//558 560//560
f 559//559 560//560 561//561
f 561//561 560//560 562//562
f 561//561 562//562 563//563
f 563//563 562//562 562//562
f 563//563 562//562 564//564
f 564//564 562//562 565//565
f 564//564 565//565 564//564
f 564//564 565//565 566//566
f 564//564 566//566 564//564
f 564//564 566//566 567//567
f 564//564 567//567 568//568
f 568//568 567//567 569//569
f 568//568 569//569 568//568
f 568//568 569//569 570//570
f 568//568 570//570 568//568
f 568//568 570//570 571//571
f 568//568 571//571 572//572
f 572//572 571//571 572//572
f 572//572 572//572 559//559
f 559//559 572//572 559//559
f 559//559 559//559 557//557
f 557//557 559//559 573//573
f 557//557 573//573 574//574
f 574//574 573//573 574//574
f 574//574 574//574 575//575
f 575//575 574//574 575//575
f 575//575 575//575 568//568
f 568//568 575//575 576//576
f 568//568 576//576 568//568
f 568//568 576//576 577//577
f 568//568 577//577 578//578
f 578//578 577//577 579//579
f 578//578 579//579 580//580
f 580//580 579//579 581//581
f 580//580 581//581 582//582
f 582//582 581//581 583//583
f 582//582 583//583 583//583
f 583//583 583//583 578//578
f 583//583 578//578 578//578
f 578//578 578//578 584//584
f 578//578 584//584 568//568
f 568//568 584//584 585//585
f 568//568 585//585 568//568
f 568//568 585//585 586//586
f 568//568 586//586 564//564
f 564//564 586//586 587//587
f 564//564 587//587 587//587
f 587//587 587//587 588//588
f 587//587 588//588 588//588
f 588//588 588//588 589//589
f 588//588 589//589 564//564
f 564//564 589//589 590//590
f 564//564 590//590 591//591
f 591//591 590//590 592//592
f 591//591 592//592 592//592
f 592//592 592//592 591//591
f 592//592 591//591 591//591
f 591//591 591//591 593//593
f 591//591 593//593 564//564
f 564//564 593//593 593//593
f 564//564 593//593 563//563
f 563//563 593//593 594//594
f 563//563 594//594 595//595
f 595//595 594//594 596//596
f 595//595 596//596 596//596
f 596//596 596//596 597//597
f 596//596 597//597 597//597
f 597//597 597//597 598//598
f 597//597 598//598 599//599
f 599//599 598//598 600//600
f 599//599 600//600 599//599
f 599//599 600//600 601//601
f 599//599 601//601 602//602
f 602//602 601//601 603//603
f 602//602 603//603 602//602
f 602//602 603//603 604//604
f 602//602 604//604 602//602
f 602//602 604//604 605//605
f 602//602 605//605 606//606
f 606//606 605//605 607//607
f 606//606 607//607 606//606
f 606//606 607//607 608//608
f 606//606 608//608 609//609
f 609//609 608//608 610//610
f 609//609 610//610 609//609
f 609//609 610//610 611//611
f 609//609 611//611 609//609
f 609//609 611//611 612//612
f 609//609 612//612 613//613
f 613//613 612//612 614//614
f 613//613 614//614 613//613
f 613//613 614//614 615//615
f 613//613 615//615 613//613
f 613//613 615//615 616//616
f 613//613 616//616 617//617
f 617//617 616//616 618//618
f 617//617 618//618 617//617
f 617//617 618//618 619//619
f 617//617 619//619 617//617
f 617//617 619//619 620//620
f 617//617 620//620 617//617
f 617//617 620//620 621//621
f 617//617 621//621 622//622
f 622//622 621//621 623//623
f 622//622 623//623 623//623
f 623//623 623//623 622//622
f 623//623 622//622 622//622
f 622//622 622//622 624//624
f 622//622 624//624 617//617
f 617//617 624//624 624//624
f 617//617 624//624 613//613
f 613//613 624//624 624//624
f 613//613 624//624 625//625
f 625//625 624//624 626//626
f 625//625 626//626 625//625
f 625//625 626//626 627//627
f 625//625 627//627 625//625
f 625//625 627//627 628//628
f 625//625 628//628 625//625
f 625//625 628//628 629//629
f 625//625 629//629 630//630
f 630//630 629//629 631//631
f 630//630 631//631 632//632
f 632//632 631//631 633//633
f 632//632 633//633 634//634
f 634//634 633//633 635//635
f 634//634 635//635 634//634
f 634//634 635//635 636//636
f 634//634 636//636 637//637
f 637//637 636//636 637//637
f 637//637 637//637 631//631
f 631//631 637//637 631//631
f 631//631 631//631 633//633
f 633//633 631//631 629//629
f 633//633 629//629 638//638
f 638//638 629//629 629//629
f 638//638 629//629 639//639
f 639//639 629//629 629//629
f 639//639 629//629 640//640
f 640//640 629//629 629//629
f 640//640 629//629 641//641
f 641//641 629//629 629//629
f 641//641 629//629 642//642
f 642//642 629//629 629//629
f 642//642 629//629 643//643
f 643//643 629//629 644//644
f 643//643 644//644 645//645
f 645//645 644//644 644//644
f 645//645 644//644 646//646
f 646//646 644//644 644//644
f 646//646 644//644 647//647
f 647//647 644//644 644//644
f 647//647 644//644 648//648
f 648//648 644//644 649//649
f 648//648 649//649 628//628
f 628//628 649//649 649//649
f 628//628 649//649 629//629
f 629//629 649//649 644//644
f 629//629 644//644 644//644
f 644//644 644//644 635//635
f 644//644 635//635 635//635
f 635//635 635//635 633//633
f 635//635 633//633 638//638
f 638//638 633//633 638//638
f 638//638 638//638 628//628
f 628//628 638//638 628//628
f 628//628 628//628 648//648
f 648//648 628//628 627//627
f 648//648 627//627 648//648
f 648//648 627//627 650//650
f 648//648 650//650 648//648
f 648//648 650//650 651//651
f 648//648 651//651 648//648
f 648//648 651//651 652//652
f 648//648 652//652 647//647
f 647//647 652//652 653//653
f 647//647 653//653 647//647
f 647//647 653//653 654//654
f 647//647 654//654 655//655
f 655//655 654//654 656//656
f 655//655 656//656 655//655
f 655//655 656//656 657//657
f 655//655 657//657 658//658
f 658//658 657//657 659//659
f 658//658 659//659 660//660
f 660//660 659//659 661//661
f 660//660 661//661 660//660
f 660//660 661//661 662//662
f 660//660 662//662 663//663
f 663//663 662//662 664//664
f 663//663 664//664 664//664
f 664//664 664//664 658//658
f 664//664 658//658 658//658
f 658//658 658//658 665//665
f 658//658 665//665 655//655
f 655//655 665//665 666//666
f 655//655 666//666 647//647
f 647//647 666//666 667//667
f 647//647 667//667 668//668
f 668//668 667//667 668//668
f 668//668 668//668 669//669
f 669//669 668//668 669//669
f 669//669 669//669 670//670
f 670//670 669//669 671//671
f 670//670 671//671 672//672
f 672//672 671//671 673//673
f 672//672 673//673 663//663
f 663//663 673//673 673//673
f 663//663 673//673 660//660
f 660//660 673//673 673//673
f 660//660 673//673 674//674
f 674//674 673//673 673//673
f 674//674 673//673 675//675
f 675//675 673//673 676//676
f 675//675 676//676 677//677
f 677//677 676//676 677//677
f 677//677 677//677 673//673
f 673//673 677//677 673//673
f 673//673 673//673 676//676
f 676//676 673//673 671//671
f 676//676 671//671 678//678
f 678//678 671//671 671//671
f 678//678 671//671 679//679
f 679//679 671//671 680//680
f 679//679 680//680 681//681
f 681//681 680//680 680//680
f 681//681 680//680 682//682
f 682//682 680//680 680//680
f 682//682 680//680 683//683
f 683//683 680//680 684//684
f 683//683 684//684 683//683
f 683//683 684//684 685//685
f 683//683 685//685 686//686
f 686//686 685//685 687//687
f 686//686 687//687 688//688
f 688//688 687//687 688//688
f 688//688 688//688 689//689
f 689//689 688//688 689//689
f 689//689 689//689 690//690
f 690//690 689//689 676//676
f 690//690 676//676 691//691
f 691//691 676//676 676//676
f 691//691 676//676 692//692
f 692//692 676//676 678//678
f 692//692 678//678 678//678
f 678//678 678//678 684//684
f 678//678 684//684 684//684
f 684//684 684//684 680//680
f 684//684 680//680 693//693
f 693//693 680//680 680//680
f 693//693 680//680 694//694
f 694//694 680//680 695//695
f 694//694 695//695 696//696
f 696//696 695//695 697//697
f 696//696 697//697 698//698
f 698//698 697//697 699//699
f 698//698 699//699 699//699
f 699//699 699//699 680//680
f 699//699 680//680 680//680
f 680//680 680//680 700//700
f 680//680 700//700 695//695
f 695//695 700//700 700//700
f 695//695 700//700 701//701
f 701//701 700//700 700//700
f 701//701 700//700 702//702
f 702//702 700//700 703//703
f 702//702 703//703 703//703
f 703//703 703//703 704//704
f 703//703 704//704 704//704
f 704//704 704//704 705//705
f 704//704 705//705 706//706
f 706//706 705//705 707//707
f 706//706 707//707 708//708
f 708//708 707//707 709//709
f 708//708 709//709 708//708
f 708//708 709//709 710//710
f 708//708 710//710 711//711
f 711//711 710//710 710//710
f 711//711 710//710 712//712
f 712//712 710//710 713//713
f 712//712 713//713 714//714
f 714//714 713//713 715//715
f 714//714 715//715 716//716
f 716//716 715//715 715//715
f 716//716 715//715 717//717
f 717//717 715//715 715//715
f 717//717 715//715 718//718
f 718//718 715//715 719//719
f 718//718 719//719 718//718
f 718//718 719//719 720//720
f 718//718 720//720 718//718
f 718//718 720//720 721//721
f 718//718 721//721 722//722
f 722//722 721//721 722//722
f 722//722 722//722 713//713
f 713//713 722//722 713//713
f 713//713 713//713 715//715
f 715//715 713//713 723//723
f 715//715 723//723 724//724
f 724//724 723//723 725//725
f 724//724 725//725 725//725
f 725//725 725//725 724//724
f 725//725 724//724 724//724
f 724//724 724//724 726//726
f 724//724 726//726 715//715
f 715//715 726//726 719//719
f 715//715 719//719 719//719
f 719//719 719//719 717//717
f 719//719 717//717 717//717
f 717//717 717//717 718//718
f 717//717 718//718 727//727
f 727//727 718//718 718//718
f 727//727 718//718 728//728
f 728//728 718//718 729//729
f 728//728 729//729 730//730
f 730//730 729//729 729//729
f 730//730 729//729 731//731
f 731//731 729//729 729//729
f 731//731 729//729 732//732
f 732//732 729//729 733//733
f 732//732 733//733 734//734
f 734//734 733//733 733//733
f 734//734 733//733 735//735
f 735//735 733//733 736//736
f 735//735 736//736 735//735
f 735//735 736//736 737//737
f 735//735 737//737 738//738
f 738//738 737//737 737//737
f 738//738 737//737 739//739
f 739//739 737//737 740//740
f 739//739 740//740 741//741
f 741//741 740//740 742//742
f 741//741 742//742 743//743
f 743//743 742//742 744//744
f 743//743 744//744 743//743
f 743//743 744//744 745//745
f 743//743 745//745 743//743
f 743//743 745//745 746//746
f 743//743 746//746 747//747
f 747//747 746//746 748//748
f 747//747 748//748 749//749
f 749//749 748//748 750//750
f 749//749 750//750 749//749
f 749//749 750//750 751//751
f 749//749 751//751 749//749
f 749//749 751//751 752//752
f 749//749 752//752 753//753
f 753//753 752//752 754//754
f 753//753 754//754 753//753
f 753//753 754//754 755//755
f 753//753 755//755 756//756
f 756//756 755//755 757//757
f 756//756 757//757 756//756
f 756//756 757//757 758//758
f 756//756 758//758 756//756
f 756//756 758//758 759//759
f 756//756 759//759 756//756
f 756//756 759//759 760//760
f 756//756 760//760 756//756
f 756//756 760//760 761//761
f 756//756 761//761 756//756
f 756//756 761//761 762//762
f 756//756 762//762 763//763
f 763//763 762//762 764//764
f 763//763 764//764 763//763
f 763//763 764//764 765//765
f 763//763 765//765 763//763
f 763//763 765//765 766//766
f 763//763 766//766 763//763
f 763//763 766//766 767//767
f 763//763 767//767 768//768
f 768//768 767//767 769//769
f 768//768 769//769 768//768
f 768//768 769//769 770//770
f 768//768 770//770 768//768
f 768//768 770//770 771//771
f 768//768 771//771 768//768
f 768//768 771//771 772//772
f 768//768 772//772 768//768
f 768//768 772//772 773//773
f 768//768 773//773 768//768
f 768//768 773//773 774//774
f 768//768 774//774 775//775
f 775//775 774//774 776//776
f 775//775 776//776 775//775
f 775//775 776//776 777//777
f 775//775 777//777 778//778
f 778//778 777//777 779//779
f 778//778 779//779 778//778
f 778//778 779//779 780//780
f 778//778 780//780 778//778
f 778//778 780//780 781//781
f 778//778 781//781 778//778
f 778//778 781//781 782//782
f 778//778 782//782 778//778
f 778//778 782//782 783//783
f 778//778 783//783 778//778
f 778//778 783//783 784//784
f 778//778 784//784 785//785
f 785//785 784//784 786//786
f 785//785 786//786 785//785
f 785//785 786//786 787//787
f 785//785 787//787 788//788
f 788//788 787//787 789//789
f 788//788 789//789 788//788
f 788//788 789//789 790//790
f 788//788 790//790 788//788
f 788//788 790//790 791//791
f 788//788 791//791 788//788
f 788//788 791//791 792//792
f 788//788 792//792 793//793
f 793//793 792//792 794//794
f 793//793 794//794 793//793
f 793//793 794//794 795//795
f 793//793 795//795 793//793
f 793//793 795//795 796//796
f 793//793 796//796 793//793
f 793//793 796//796 797//797
f 793//793 797//797 793//793
f 793//793 797//797 798//798
f 793//793 798//798 799//799
f 799//799 798//798 800//800
f 799//799 800//800 799//799
f 799//799 800//800 801//801
f 799//799 801//801 799//799
f 799//799 801//801 802//802
f 799//799 802//802 799//799
f 799//799 802//802 803//803
f 799//799 803//803 804//804
f 804//804 803//803 805//805
f 804//804 805//805 804//804
f 804//804 805//805 806//806
f 804//804 806//806 807//807
f 807//807 806//806 807//807
f 807//807 807//807 804//804
f 804//804 807//807 804//804
f 804//804 804//804 799//799
f 799//799 804//804 808//808
f 799//799 808//808 799//799
f 799//799 808//808 809//809
f 799//799 809//809 799//799
f 799//799 809//809 810//810
f 799//799 810//810 793//793
f 793//793 810//810 811//811
f 793//793 811//811 788//788
f 788//788 811//811 811//811
f 788//788 811//811 785//785
f 785//785 811//811 812//812
f 785//785 812//812 785//785
f 785//785 812//812 813//813
f 785//785 813//813 778//778
f 778//778 813//813 814//814
f 778//778 814//814 775//775
f 775//775 814//814 815//815
f 775//775 815//815 768//768
f 768//768 815//815 816//816
f 768//768 816//816 763//763
f 763//763 816//816 763//763
f 763//763 763//763 816//816
f 816//816 763//763 816//816
f 816//816 816//816 817//817
f 817//817 816//816 815//815
f 817//817 815//815 818//818
f 818//818 815//815 814//814
f 818//818 814//814 819//819
f 819//819 814//814 813//813
f 819//819 813//813 820//820
f 820//820 813//813 813//813
f 820//820 813//813 821//821
f 821//821 813//813 812//812
f 821//821 812//812 822//822
f 822//822 812//812 811//811
f 822//822 811//811 822//822
f 822//822 811//811 810//810
f 822//822 810//810 823//823
f 823//823 810//810 824//824
f 823//823 824//824 825//825
f 825//825 824//824 826//826
f 825//825 826//826 825//825
f 825//825 826//826 54//54
f 825//825 54//54 825//825
f 825//825 54//54 50//50
f 825//825 50//50 827//827
f 827//827 50//50 49//49
f 827//827 49//49 49//49
f 49//49 49//49 827//827
f 49//49 827//827 827//827
f 827//827 827//827 828//828
f 827//827 828//828 825//825
f 825//825 828//828 828//828
f 825//825 828//828 823//823
f 823//823 828//828 829//829
f 823//823 829//829 830//830
f 830//830 829//829 831//831
f 830//830 831//831 822//822
f 822//822 831//831 831//831
f 822//822 831//831 821//821
f 821//821 831//831 832//832
f 821//821 832//832 820//820
f 820//820 832//832 833//833
f 820//820 833//833 819//819
f 819//819 833//833 834//834
f 819//819 834//834 818//818
f 818//818 834//834 835//835
f 818//818 835//835 817//817
f 817//817 835//835 836//836
f 817//817 836//836 816//816
f 816//816 836//836 837//837
f 816//816 837//837 763//763
f 763//763 837//837 838//838
f 763//763 838//838 756//756
f 756//756 838//838 839//839
f 756//756 839//839 753//753
f 753//753 839//839 839//839
f 753//753 839//839 749//749
f 749//749 839//839 840//840
f 749//749 840//840 747//747
f 747//747 840//840 841//841
f 747//747 841//841 743//743
f 743//743 841//841 842//842
f 743//743 842//842 843//843
f 843//843 842//842 844//844
f 843//843 844//844 843//843
f 843//843 844//844 845//845
f 843//843 845//845 843//843
f 843//843 845//845 846//846
f 843//843 846//846 843//843
f 843//843 846//846 847//847
f 843//843 847//847 743//743
f 743//743 847//847 741//741
f 743//743 741//741 741//741
f 741//741 741//741 830//830
f 741//741 830//830 830//830
f 830//830 830//830 822//822
f 830//830 822//822 823//823
f 823//823 822//822 823//823
f 823//823 823//823 844//844
f 844//844 823//823 844//844
f 844//844 844//844 848//848
f 848//848 844//844 842//842
f 848//848 842//842 848//848
f 848//848 842//842 849//849
f 848//848 849//849 850//850
f 850//850 849//849 849//849
f 850//850 849//849 851//851
f 851//851 849//849 849//849
f 851//851 849//849 852//852
f 852//852 849//849 853//853
f 852//852 853//853 854//854
f 854//854 853//853 853//853
f 854//854 853//853 855//855
f 855//855 853//853 853//853
f 855//855 853//853 856//856
f 856//856 853//853 853//853
f 856//856 853//853 857//857
f 857//857 853//853 858//858
f 857//857 858//858 857//857
f 857//857 858//858 704//704
f 857//857 704//704 706//706
f 706//706 704//704 706//706
f 706//706 706//706 859//859
f 859//859 706//706 859//859
f 859//859 859//859 860//860
f 860//860 859//859 858//858
f 860//860 858//858 860//860
f 860//860 858//858 853//853
f 860//860 853//853 861//861
f 861//861 853//853 853//853
f 861//861 853//853 862//862
f 862//862 853//853 849//849
f 862//862 849//849 863//863
f 863//863 849//849 842//842
f 863//863 842//842 863//863
f 863//863 842//842 841//841
f 863//863 841//841 864//864
f 864//864 841//841 865//865
f 864//864 865//865 865//865
f 865//865 865//865 864//864
f 865//865 864//864 864//864
f 864//864 864//864 866//866
f 864//864 866//866 863//863
f 863//863 866//866 867//867
f 863//863 867//867 863//863
f 863//863 867//867 868//868
f 863//863 868//868 869//869
f 869//869 868//868 870//870
f 869//869 870//870 869//869
f 869//869 870//870 871//871
f 869//869 871//871 869//869
f 869//869 871//871 861//861
f 869//869 861//861 869//869
f 869//869 861//861 862//862
f 869//869 862//862 863//863
f 863//863 862//862 863//863
f 863//863 863//863 870//870
f 870//870 863//863 870//870
f 870//870 870//870 872//872
f 872//872 870//870 868//868
f 872//872 868//868 872//872
f 872//872 868//868 867//867
f 872//872 867//867 873//873
f 873//873 867//867 866//866
f 873//873 866//866 874//874
f 874//874 866//866 866//866
f 874//874 866//866 875//875
f 875//875 866//866 876//876
f 875//875 876//876 877//877
f 877//877 876//876 877//877
f 877//877 877//877 870//870
f 870//870 877//877 870//870
f 870//870 870//870 878//878
f 878//878 870//870 872//872
f 878//878 872//872 872//872
f 872//872 872//872 873//873
f 872//872 873//873 873//873
f 873//873 873//873 874//874
f 873//873 874//874 872//872
f 872//872 874//874 879//879
f 872//872 879//879 878//878
f 878//878 879//879 879//879
f 878//878 879//879 880//880
f 880//880 879//879 879//879
f 880//880 879//879 881//881
f 881//881 879//879 882//882
f 881//881 882//882 837//837
f 837//837 882//882 882//882
f 837//837 882//882 838//838
f 838//838 882//882 875//875
f 838//838 875//875 839//839
f 839//839 875//875 840//840
f 839//839 840//840 840//840
f 840//840 840//840 875//875
f 840//840 875//875 875//875
f 875//875 875//875 882//882
f 875//875 882//882 874//874
f 874//874 882//882 879//879
f 874//874 879//879 879//879
f 879//879 879//879 837//837
f 879//879 837//837 837//837
f 837//837 837//837 836//836
f 837//837 836//836 881//881
f 881//881 836//836 883//883
f 881//881 883//883 880//880
f 880//880 883//883 835//835
f 880//880 835//835 884//884
f 884//884 835//835 834//834
f 884//884 834//834 834//834
f 834//834 834//834 836//836
f 834//834 836//836 836//836
f 836//836 836//836 835//835
f 836//836 835//835 883//883
f 883//883 835//835 883//883
f 883//883 883//883 884//884
f 884//884 883//883 884//884
f 884//884 884//884 880//880
f 880//880 884//884 885//885
f 880//880 885//885 878//878
f 878//878 885//885 886//886
f 878//878 886//886 887//887
f 887//887 886//886 888//888
f 887//887 888//888 871//871
f 871//871 888//888 888//888
f 871//871 888//888 861//861
f 861//861 888//888 888//888
f 861//861 888//888 860//860
f 860//860 888//888 889//889
f 860//860 889//889 890//890
f 890//890 889//889 890//890
f 890//890 890//890 885//885
f 885//885 890//890 885//885
f 885//885 885//885 886//886
f 886//886 885//885 884//884
f 886//886 884//884 884//884
f 884//884 884//884 889//889
f 884//884 889//889 889//889
f 889//889 889//889 888//888
f 889//889 888//888 891//891
f 891//891 888//888 888//888
f 891//891 888//888 892//892
f 892//892 888//888 888//888
f 892//892 888//888 893//893
f 893//893 888//888 888//888
f 893//893 888//888 894//894
f 894//894 888//888 888//888
f 894//894 888//888 895//895
f 895//895 888//888 888//888
f 895//895 888//888 896//896
f 896//896 888//888 888//888
f 896//896 888//888 897//897
f 897//897 888//888 888//888
f 897//897 888//888 898//898
f 898//898 888//888 899//899
f 898//898 899//899 900//900
f 900//900 899//899 901//901
f 900//900 901//901 902//902
f 902//902 901//901 902//902
f 902//902 902//902 899//899
f 899//899 902//902 899//899
f 899//899 899//899 886//886
f 886//886 899//899 888//888
f 886//886 888//888 888//888
f 888//888 888//888 901//901
f 888//888 901//901 901//901
f 901//901 901//901 899//899
f 901//901 899//899 903//903
f 903//903 899//899 899//899
f 903//903 899//899 904//904
f 904//904 899//899 899//899
f 904//904 899//899 905//905
f 905//905 899//899 906//906
f 905//905 906//906 907//907
f 907//907 906//906 908//908
f 907//907 908//908 908//908
f 908//908 908//908 909//909
f 908//908 909//909 909//909
f 909//909 909//909 906//906
f 909//909 906//906 910//910
f 910//910 906//906 906//906
f 910//910 906//906 911//911
f 911//911 906//906 899//899
f 911//911 899//899 912//912
f 912//912 899//899 899//899
f 912//912 899//899 913//913
f 913//913 899//899 914//914
f 913//913 914//914 915//915
f 915//915 914//914 914//914
f 915//915 914//914 916//916
f 916//916 914//914 917//917
f 916//916 917//917 917//917
f 917//917 917//917 912//912
f 917//917 912//912 912//912
f 912//912 912//912 918//918
f 912//912 918//918 911//911
f 911//911 918//918 919//919
f 911//911 919//919 920//920
f 920//920 919//919 921//921
f 920//920 921//921 922//922
f 922//922 921//921 923//923
f 922//922 923//923 923//923
f 923//923 923//923 899//899
f 923//923 899//899 899//899
f 899//899 899//899 924//924
f 899//899 924//924 914//914
f 914//914 924//924 924//924
f 914//914 924//924 925//925
f 925//925 924//924 924//924
f 925//925 924//924 926//926
f 926//926 924//924 924//924
f 926//926 924//924 927//927
f 927//927 924//924 924//924
f 927//927 924//924 928//928
f 928//928 924//924 924//924
f 928//928 924//924 929//929
f 929//929 924//924 930//930
f 929//929 930//930 931//931
f 931//931 930//930 930//930
f 931//931 930//930 932//932
f 932//932 930//930 930//930
f 932//932 930//930 933//933
f 933//933 930//930 934//934
f 933//933 934//934 935//935
f 935//935 934//934 934//934
f 935//935 934//934 936//936
f 936//936 934//934 937//937
f 936//936 937//937 938//938
f 938//938 937//937 939//939
f 938//938 939//939 940//940
f 940//940 939//939 939//939
f 940//940 939//939 941//941
f 941//941 939//939 939//939
f 941//941 939//939 942//942
f 942//942 939//939 943//943
f 942//942 943//943 944//944
f 944//944 943//943 944//944
f 944//944 944//944 945//945
f 945//945 944//944 945//945
f 945//945 945//945 937//937
f 937//937 945//945 946//946
f 937//937 946//946 937//937
f 937//937 946//946 947//947
f 937//937 947//947 937//937
f 937//937 947//947 948//948
f 937//937 948//948 937//937
f 937//937 948//948 949//949
f 937//937 949//949 939//939
f 939//939 949//949 950//950
f 939//939 950//950 943//943
f 943//943 950//950 943//943
f 943//943 943//943 951//951
f 951//951 943//943 951//951
f 951//951 951//951 952//952
f 952//952 951//951 937//937
f 952//952 937//937 953//953
f 953//953 937//937 934//934
f 953//953 934//934 954//954
f 954//954 934//934 930//930
f 954//954 930//930 955//955
f 955//955 930//930 924//924
f 955//955 924//924 924//924
f 924//924 924//924 955//955
f 924//924 955//955 955//955
f 955//955 955//955 956//956
f 955//955 956//956 954//954
f 954//954 956//956 956//956
f 954//954 956//956 953//953
f 953//953 956//956 956//956
f 953//953 956//956 957//957
f 957//957 956//956 956//956
f 957//957 956//956 958//958
f 958//958 956//956 956//956
f 958//958 956//956 831//831
f 831//831 956//956 956//956
f 831//831 956//956 832//832
f 832//832 956//956 955//955
f 832//832 955//955 833//833
f 833//833 955//955 959//959
f 833//833 959//959 834//834
f 834//834 959//959 960//960
f 834//834 960//960 884//884
f 884//884 960//960 924//924
f 884//884 924//924 886//886
f 886//886 924//924 899//899
f 886//886 899//899 899//899
f 899//899 899//899 955//955
f 899//899 955//955 955//955
f 955//955 955//955 924//924
f 955//955 924//924 959//959
f 959//959 924//924 960//960
f 959//959 960//960 960//960
f 960//960 960//960 831//831
f 960//960 831//831 831//831
f 831//831 831//831 829//829
f 831//831 829//829 958//958
f 958//958 829//829 961//961
f 958//958 961//961 957//957
f 957//957 961//961 962//962
f 957//957 962//962 953//953
f 953//953 962//962 963//963
f 953//953 963//963 952//952
f 952//952 963//963 963//963
f 952//952 963//963 964//964
f 964//964 963//963 963//963
f 964//964 963//963 965//965
f 965//965 963//963 966//966
f 965//965 966//966 967//967
f 967//967 966//966 968//968
f 967//967 968//968 967//967
f 967//967 968//968 969//969
f 967//967 969//969 970//970
f 970//970 969//969 969//969
f 970//970 969//969 971//971
f 971//971 969//969 972//972
f 971//971 972//972 973//973
f 973//973 972//972 974//974
f 973//973 974//974 975//975
f 975//975 974//974 976//976
f 975//975 976//976 975//975
f 975//975 976//976 977//977
f 975//975 977//977 978//978
f 978//978 977//977 979//979
f 978//978 979//979 980//980
f 980//980 979//979 979//979
f 980//980 979//979 981//981
f 981//981 979//979 982//982
f 981//981 982//982 983//983
f 983//983 982//982 982//982
f 983//983 982//982 984//984
f 984//984 982//982 982//982
f 984//984 982//982 985//985
f 985//985 982//982 982//982
f 985//985 982//982 986//986
f 986//986 982//982 982//982
f 986//986 982//982 987//987
f 987//987 982//982 988//988
f 987//987 988//988 987//987
f 987//987 988//988 989//989
f 987//987 989//989 987//987
f 987//987 989//989 990//990
f 987//987 990//990 987//987
f 987//987 990//990 991//991
f 987//987 991//991 992//992
f 992//992 991//991 993//993
f 992//992 993//993 993//993
f 993//993 993//993 973//973
f 993//993 973//973 973//973
f 973//973 973//973 975//975
f 973//973 975//975 994//994
f 994//994 975//975 994//994
f 994//994 994//994 987//987
f 987//987 994//994 987//987
f 987//987 987//987 995//995
f 995//995 987//987 992//992
f 995//995 992//992 996//996
f 996//996 992//992 992//992
f 996//996 992//992 997//997
f 997//997 992//992 992//992
f 997//997 992//992 998//998
f 998//998 992//992 999//999
f 998//998 999//999 1000//1000
f 1000//1000 999//999 1000//1000
f 1000//1000 1000//1000 996//996
f 996//996 1000//1000 996//996
f 996//996 996//996 995//995
f 995//995 996//996 1001//1001
f 995//995 1001//1001 1001//1001
f 1001//1001 1001//1001 49//49
f 1001//1001 49//49 49//49
f 49//49 49//49 1002//1002
f 49//49 1002//1002 827//827
f 827//827 1002//1002 999//999
f 827//827 999//999 1003//1003
f 1003//1003 999//999 992//992
f 1003//1003 992//992 992//992
f 992//992 992//992 49//49
f 992//992 49//49 49//49
f 49//49 49//49 44//44
f 49//49 44//44 1002//1002
f 1002//1002 44//44 1004//1004
f 1002//1002 1004//1004 1005//1005
f 1005//1005 1004//1004 1006//1006
f 1005//1005 1006//1006 1007//1007
f 1007//1007 1006//1006 1007//1007
f 1007//1007 1007//1007 44//44
f 44//44 1007//1007 44//44
f 44//44 44//44 1004//1004
f 1004//1004 44//44 43//43
f 1004//1004 43//43 1008//1008
f 1008//1008 43//43 43//43
f 1008//1008 43//43 1009//1009
f 1009//1009 43//43 42//42
f 1009//1009 42//42 1010//1010
f 1010//1010 42//42 88//88
f 1010//1010 88//88 1011//1011
f 1011//1011 88//88 88//88
f 1011//1011 88//88 1012//1012
f 1012//1012 88//88 89//89
f 1012//1012 89//89 1013//1013
f 1013//1013 89//89 90//90
f 1013//1013 90//90 91//91
f 91//91 90//90 91//91
f 91//91 91//91 1008//1008
f 1008//1008 91//91 1008//1008
f 1008//1008 1008//1008 1004//1004
f 1004//1004 1008//1008 1006//1006
f 1004//1004 1006//1006 1006//1006
f 1006//1006 1006//1006 1010//1010
f 1006//1006 1010//1010 1010//1010
f 1010//1010 1010//1010 1011//1011
f 1010//1010 1011//1011 1009//1009
f 1009//1009 1011//1011 1009//1009
f 1009//1009 1009//1009 1013//1013
f 1013//1013 1009//1009 1013//1013
f 1013//1013 1013//1013 1012//1012
f 1012//1012 1013//1013 1014//1014
f 1012//1012 1014//1014 1015//1015
f 1015//1015 1014//1014 1016//1016
f 1015//1015 1016//1016 1015//1015
f 1015//1015 1016//1016 1017//1017
f 1015//1015 1017//1017 1015//1015
f 1015//1015 1017//1017 1018//1018
f 1015//1015 1018//1018 1011//1011
f 1011//1011 1018//1018 1019//1019
f 1011//1011 1019//1019 1009//1009
f 1009//1009 1019//1019 1020//1020
f 1009//1009 1020//1020 1008//1008
f 1008//1008 1020//1020 1008//1008
f 1008//1008 1008//1008 1015//1015
f 1015//1015 1008//1008 1015//1015
f 1015//1015 1015//1015 1012//1012
f 1012//1012 1015//1015 1011//1011
f 1012//1012 1011//1011 1011//1011
f 1011//1011 1011//1011 1021//1021
f 1011//1011 1021//1021 1021//1021
f 1021//1021 1021//1021 1022//1022
f 1021//1021 1022//1022 1023//1023
f 1023//1023 1022//1022 1022//1022
f 1023//1023 1022//1022 1017//1017
f 1017//1017 1022//1022 1022//1022
f 1017//1017 1022//1022 1018//1018
f 1018//1018 1022//1022 1024//1024
f 1018//1018 1024//1024 1018//1018
f 1018//1018 1024//1024 1025//1025
f 1018//1018 1025//1025 1019//1019
f 1019//1019 1025//1025 1020//1020
f 1019//1019 1020//1020 1020//1020
f 1020//1020 1020//1020 1026//1026
f 1020//1020 1026//1026 1026//1026
f 1026//1026 1026//1026 1027//1027
f 1026//1026 1027//1027 1022//1022
f 1022//1022 1027//1027 1027//1027
f 1022//1022 1027//1027 1024//1024
f 1024//1024 1027//1027 1028//1028
f 1024//1024 1028//1028 1024//1024
f 1024//1024 1028//1028 1029//1029
f 1024//1024 1029//1029 1030//1030
f 1030//1030 1029//1029 1029//1029
f 1030//1030 1029//1029 1031//1031
f 1031//1031 1029//1029 1032//1032
f 1031//1031 1032//1032 1031//1031
f 1031//1031 1032//1032 1033//1033
f 1031//1031 1033//1033 1031//1031
f 1031//1031 1033//1033 1034//1034
f 1031//1031 1034//1034 1031//1031
f 1031//1031 1034//1034 1035//1035
f 1031//1031 1035//1035 1031//1031
f 1031//1031 1035//1035 1036//1036
f 1031//1031 1036//1036 1031//1031
f 1031//1031 1036//1036 1037//1037
f 1031//1031 1037//1037 1031//1031
f 1031//1031 1037//1037 1038//1038
f 1031//1031 1038//1038 1039//1039
f 1039//1039 1038//1038 1040//1040
f 1039//1039 1040//1040 1040//1040
f 1040//1040 1040//1040 1027//1027
f 1040//1040 1027//1027 1027//1027
f 1027//1027 1027//1027 1041//1041
f 1027//1027 1041//1041 1028//1028
f 1028//1028 1041//1041 1028//1028
f 1028//1028 1028//1028 1030//1030
f 1030//1030 1028//1028 1030//1030
f 1030//1030 1030//1030 1024//1024
f 1024//1024 1030//1030 1025//1025
f 1024//1024 1025//1025 1025//1025
f 1025//1025 1025//1025 1042//1042
f 1025//1025 1042//1042 1042//1042
f 1042//1042 1042//1042 1043//1043
f 1042//1042 1043//1043 1039//1039
f 1039//1039 1043//1043 1043//1043
f 1039//1039 1043//1043 1031//1031
f 1031//1031 1043//1043 1044//1044
f 1031//1031 1044//1044 1045//1045
f 1045//1045 1044//1044 1046//1046
f 1045//1045 1046//1046 1031//1031
f 1031//1031 1046//1046 1047//1047
f 1031//1031 1047//1047 1048//1048
f 1048//1048 1047//1047 1049//1049
f 1048//1048 1049//1049 1049//1049
f 1049//1049 1049//1049 1046//1046
f 1049//1049 1046//1046 1046//1046
f 1046//1046 1046//1046 1044//1044
f 1046//1046 1044//1044 1043//1043
f 1043//1043 1044//1044 1043//1043
f 1043//1043 1043//1043 1050//1050
f 1050//1050 1043//1043 1050//1050
f 1050//1050 1050//1050 1048//1048
f 1048//1048 1050//1050 1051//1051
f 1048//1048 1051//1051 1031//1031
f 1031//1031 1051//1051 1051//1051
f 1031//1031 1051//1051 1052//1052
f 1052//1052 1051//1051 1051//1051
f 1052//1052 1051//1051 1053//1053
f 1053//1053 1051//1051 1054//1054
f 1053//1053 1054//1054 1055//1055
f 1055//1055 1054//1054 1056//1056
f 1055//1055 1056//1056 1056//1056
f 1056//1056 1056//1056 1057//1057
f 1056//1056 1057//1057 1057//1057
f 1057//1057 1057//1057 1054//1054
f 1057//1057 1054//1054 1051//1051
f 1051//1051 1054//1054 1051//1051
f 1051//1051 1051//1051 1058//1058
f 1058//1058 1051//1051 1058//1058
f 1058//1058 1058//1058 1053//1053
f 1053//1053 1058//1058 1059//1059
f 1053//1053 1059//1059 1053//1053
f 1053//1053 1059//1059 1060//1060
f 1053//1053 1060//1060 1053//1053
f 1053//1053 1060//1060 1061//1061
f 1053//1053 1061//1061 1053//1053
f 1053//1053 1061//1061 1062//1062
f 1053//1053 1062//1062 1053//1053
f 1053//1053 1062//1062 1063//1063
f 1053//1053 1063//1063 1053//1053
f 1053//1053 1063//1063 1064//1064
f 1053//1053 1064//1064 1053//1053
f 1053//1053 1064//1064 1065//1065
f 1053//1053 1065//1065 1053//1053
f 1053//1053 1065//1065 1066//1066
f 1053//1053 1066//1066 1053//1053
f 1053//1053 1066//1066 1067//1067
f 1053//1053 1067//1067 1053//1053
f 1053//1053 1067//1067 1068//1068
f 1053//1053 1068//1068 1069//1069
f 1069//1069 1068//1068 1052//1052
f 1069//1069 1052//1052 1053//1053
f 1053//1053 1052//1052 1053//1053
f 1053//1053 1053//1053 1052//1052
f 1052//1052 1053//1053 1052//1052
f 1052//1052 1052//1052 1070//1070
f 1070//1070 1052//1052 1071//1071
f 1070//1070 1071//1071 1070//1070
f 1070//1070 1071//1071 1072//1072
f 1070//1070 1072//1072 1070//1070
f 1070//1070 1072//1072 1073//1073
f 1070//1070 1073//1073 1070//1070
f 1070//1070 1073//1073 1074//1074
f 1070//1070 1074//1074 1070//1070
f 1070//1070 1074//1074 1075//1075
f 1070//1070 1075//1075 1070//1070
f 1070//1070 1075//1075 1076//1076
f 1070//1070 1076//1076 1070//1070
f 1070//1070 1076//1076 1077//1077
f 1070//1070 1077//1077 1070//1070
f 1070//1070 1077//1077 1078//1078
f 1070//1070 1078//1078 1070//1070
f 1070//1070 1078//1078 1079//1079
f 1070//1070 1079//1079 1070//1070
f 1070//1070 1079//1079 1080//1080
f 1070//1070 1080//1080 1070//1070
f 1070//1070 1080//1080 1081//1081
f 1070//1070 1081//1081 1070//1070
f 1070//1070 1081//1081 1082//1082
f 1070//1070 1082//1082 1070//1070
f 1070//1070 1082//1082 1083//1083
f 1070//1070 1083//1083 1070//1070
f 1070//1070 1083//1083 1084//1084
f 1070//1070 1084//1084 1085//1085
f 1085//1085 1084//1084 1084//1084
f 1085//1085 1084//1084 1086//1086
f 1086//1086 1084//1084 1084//1084
f 1086//1086 1084//1084 1087//1087
f 1087//1087 1084//1084 1084//1084
f 1087//1087 1084//1084 1088//1088
f 1088//1088 1084//1084 1084//1084
f 1088//1088 1084//1084 1089//1089
f 1089//1089 1084//1084 1090//1090
f 1089//1089 1090//1090 1090//1090
f 1090//1090 1090//1090 1091//1091
f 1090//1090 1091//1091 1091//1091
f 1091//1091 1091//1091 1092//1092
f 1091//1091 1092//1092 1070//1070
f 1070//1070 1092//1092 1093//1093
f 1070//1070 1093//1093 1070//1070
f 1070//1070 1093//1093 1094//1094
f 1070//1070 1094//1094 1031//1031
f 1031//1031 1094//1094 1095//1095
f 1031//1031 1095//1095 1031//1031
f 1031//1031 1095//1095 1096//1096
f 1031//1031 1096//1096 1031//1031
f 1031//1031 1096//1096 1097//1097
f 1031//1031 1097//1097 1031//1031
f 1031//1031 1097//1097 1098//1098
f 1031//1031 1098//1098 1031//1031
f 1031//1031 1098//1098 1099//1099
f 1031//1031 1099//1099 1031//1031
f 1031//1031 1099//1099 1100//1100
f 1031//1031 1100//1100 1031//1031
f 1031//1031 1100//1100 1101//1101
f 1031//1031 1101//1101 1102//1102
f 1102//1102 1101//1101 1103//1103
f 1102//1102 1103//1103 1104//1104
f 1104//1104 1103//1103 1103//1103
f 1104//1104 1103//1103 1105//1105
f 1105//1105 1103//1103 1106//1106
f 1105//1105 1106//1106 1107//1107
f 1107//1107 1106//1106 1107//1107
f 1107//1107 1107//1107 1102//1102
f 1102//1102 1107//1107 1102//1102
f 1102//1102 1102//1102 1031//1031
f 1031//1031 1102//1102 1108//1108
f 1031//1031 1108//1108 1109//1109
f 1109//1109 1108//1108 1110//1110
f 1109//1109 1110//1110 1109//1109
f 1109//1109 1110//1110 1111//1111
f 1109//1109 1111//1111 1112//1112
f 1112//1112 1111//1111 1113//1113
f 1112//1112 1113//1113 1114//1114
f 1114//1114 1113//1113 1115//1115
f 1114//1114 1115//1115 1116//1116
f 1116//1116 1115//1115 1117//1117
f 1116//1116 1117//1117 1117//1117
f 1117//1117 1117//1117 1109//1109
f 1117//1117 1109//1109 1109//1109
f 1109//1109 1109//1109 1112//1112
f 1109//1109 1112//1112 1118//1118
f 1118//1118 1112//1112 1118//1118
f 1118//1118 1118//1118 1119//1119
f 1119//1119 1118//1118 1119//1119
f 1119//1119 1119//1119 1120//1120
f 1120//1120 1119//1119 1121//1121
f 1120//1120 1121//1121 1120//1120
f 1120//1120 1121//1121 1122//1122
f 1120//1120 1122//1122 1120//1120
f 1120//1120 1122//1122 1114//1114
f 1120//1120 1114//1114 1120//1120
f 1120//1120 1114//1114 1116//1116
f 1120//1120 1116//1116 1123//1123
f 1123//1123 1116//1116 1124//1124
f 1123//1123 1124//1124 1125//1125
f 1125//1125 1124//1124 1125//1125
f 1125//1125 1125//1125 1123//1123
f 1123//1123 1125//1125 1123//1123
f 1123//1123 1123//1123 1120//1120
f 1120//1120 1123//1123 1126//1126
f 1120//1120 1126//1126 1120//1120
f 1120//1120 1126//1126 1127//1127
f 1120//1120 1127//1127 1120//1120
f 1120//1120 1127//1127 1128//1128
f 1120//1120 1128//1128 1120//1120
f 1120//1120 1128//1128 1129//1129
f 1120//1120 1129//1129 1130//1130
f 1130//1130 1129//1129 1129//1129
f 1130//1130 1129//1129 1131//1131
f 1131//1131 1129//1129 1129//1129
f 1131//1131 1129//1129 1132//1132
f 1132//1132 1129//1129 1133//1133
f 1132//1132 1133//1133 1134//1134
f 1134//1134 1133//1133 1135//1135
f 1134//1134 1135//1135 1136//1136
f 1136//1136 1135//1135 1137//1137
f 1136//1136 1137//1137 1137//1137
f 1137//1137 1137//1137 1120//1120
f 1137//1137 1120//1120 1120//1120
f 1120//1120 1120//1120 1130//1130
f 1120//1120 1130//1130 1138//1138
f 1138//1138 1130//1130 1139//1139
f 1138//1138 1139//1139 1138//1138
f 1138//1138 1139//1139 1140//1140
f 1138//1138 1140//1140 1141//1141
f 1141//1141 1140//1140 1142//1142
f 1141//1141 1142//1142 1141//1141
f 1141//1141 1142//1142 1143//1143
f 1141//1141 1143//1143 1141//1141
f 1141//1141 1143//1143 1144//1144
f 1141//1141 1144//1144 1141//1141
f 1141//1141 1144//1144 1145//1145
f 1141//1141 1145//1145 1146//1146
f 1146//1146 1145//1145 1146//1146
f 1146//1146 1146//1146 1142//1142
f 1142//1142 1146//1146 1142//1142
f 1142//1142 1142//1142 1147//1147
f 1147//1147 1142//1142 1140//1140
f 1147//1147 1140//1140 1148//1148
f 1148//1148 1140//1140 1139//1139
f 1148//1148 1139//1139 1149//1149
f 1149//1149 1139//1139 1139//1139
f 1149//1149 1139//1139 1150//1150
f 1150//1150 1139//1139 1139//1139
f 1150//1150 1139//1139 1151//1151
f 1151//1151 1139//1139 1152//1152
f 1151//1151 1152//1152 1153//1153
f 1153//1153 1152//1152 1152//1152
f 1153//1153 1152//1152 1154//1154
f 1154//1154 1152//1152 1152//1152
f 1154//1154 1152//1152 1155//1155
f 1155//1155 1152//1152 1152//1152
f 1155//1155 1152//1152 1156//1156
f 1156//1156 1152//1152 1152//1152
f 1156//1156 1152//1152 1157//1157
f 1157//1157 1152//1152 1139//1139
f 1157//1157 1139//1139 1158//1158
f 1158//1158 1139//1139 1139//1139
f 1158//1158 1139//1139 1159//1159
f 1159//1159 1139//1139 1130//1130
f 1159//1159 1130//1130 1159//1159
f 1159//1159 1130//1130 1160//1160
f 1159//1159 1160//1160 1161//1161
f 1161//1161 1160//1160 1162//1162
f 1161//1161 1162//1162 1161//1161
f 1161//1161 1162//1162 1163//1163
f 1161//1161 1163//1163 1161//1161
f 1161//1161 1163//1163 1164//1164
f 1161//1161 1164//1164 1159//1159
f 1159//1159 1164//1164 1165//1165
f 1159//1159 1165//1165 1159//1159
f 1159//1159 1165//1165 1166//1166
f 1159//1159 1166//1166 1158//1158
f 1158//1158 1166//1166 1166//1166
f 1158//1158 1166//1166 1157//1157
f 1157//1157 1166//1166 1166//1166
f 1157//1157 1166//1166 1167//1167
f 1167//1167 1166//1166 1166//1166
f 1167//1167 1166//1166 1168//1168
f 1168//1168 1166//1166 1165//1165
f 1168//1168 1165//1165 1169//1169
f 1169//1169 1165//1165 1164//1164
f 1169//1169 1164//1164 1164//1164
f 1164//1164 1164//1164 1147//1147
f 1164//1164 1147//1147 1147//1147
f 1147//1147 1147//1147 1148//1148
f 1147//1147 1148//1148 1170//1170
f 1170//1170 1148//1148 1148//1148
f 1170//1170 1148//1148 1171//1171
f 1171//1171 1148//1148 1149//1149
f 1171//1171 1149//1149 1149//1149
f 1149//1149 1149//1149 1172//1172
f 1149//1149 1172//1172 1172//1172
f 1172//1172 1172//1172 1162//1162
f 1172//1172 1162//1162 1160//1160
f 1160//1160 1162//1162 1160//1160
f 1160//1160 1160//1160 1167//1167
f 1167//1167 1160//1160 1167//1167
f 1167//1167 1167//1167 1173//1173
f 1173//1173 1167//1167 1168//1168
f 1173//1173 1168//1168 1174//1174
f 1174//1174 1168//1168 1168//1168
f 1174//1174 1168//1168 1175//1175
f 1175//1175 1168//1168 1169//1169
f 1175//1175 1169//1169 1169//1169
f 1169//1169 1169//1169 1173//1173
f 1169//1169 1173//1173 1173//1173
f 1173//1173 1173//1173 1176//1176
f 1173//1173 1176//1176 1167//1167
f 1167//1167 1176//1176 1176//1176
f 1167//1167 1176//1176 1157//1157
f 1157//1157 1176//1176 1177//1177
f 1157//1157 1177//1177 1178//1178
f 1178//1178 1177//1177 1179//1179
f 1178//1178 1179//1179 1156//1156
f 1156//1156 1179//1179 1180//1180
f 1156//1156 1180//1180 1181//1181
f 1181//1181 1180//1180 1180//1180
f 1181//1181 1180//1180 1182//1182
f 1182//1182 1180//1180 1030//1030
f 1182//1182 1030//1030 1183//1183
f 1183//1183 1030//1030 1030//1030
f 1183//1183 1030//1030 1184//1184
f 1184//1184 1030//1030 1030//1030
f 1184//1184 1030//1030 1185//1185
f 1185//1185 1030//1030 1030//1030
f 1185//1185 1030//1030 1186//1186
f 1186//1186 1030//1030 1030//1030
f 1186//1186 1030//1030 1187//1187
f 1187//1187 1030//1030 1030//1030
f 1187//1187 1030//1030 1188//1188
f 1188//1188 1030//1030 1030//1030
f 1188//1188 1030//1030 1189//1189
f 1189//1189 1030//1030 1030//1030
f 1189//1189 1030//1030 1190//1190
f 1190//1190 1030//1030 1030//1030
f 1190//1190 1030//1030 1191//1191
f 1191//1191 1030//1030 1109//1109
f 1191//1191 1109//1109 1192//1192
f 1192//1192 1109//1109 1118//1118
f 1192//1192 1118//1118 1118//1118
f 1118//1118 1118//1118 1157//1157
f 1118//1118 1157//1157 1157//1157
f 1157//1157 1157//1157 1178//1178
f 1157//1157 1178//1178 1156//1156
f 1156//1156 1178//1178 1156//1156
f 1156//1156 1156//1156 1030//1030
f 1030//1030 1156//1156 1030//1030
f 1030//1030 1030//1030 1109//1109
f 1109//1109 1030//1030 1031//1031
f 1109//1109 1031//1031 1031//1031
f 1031//1031 1031//1031 1070//1070
f 1031//1031 1070//1070 1070//1070
f 1070//1070 1070//1070 1031//1031
f 1070//1070 1031//1031 1052//1052
f 1052//1052 1031//1031 1052//1052
f 1052//1052 1052//1052 1091//1091
f 1091//1091 1052//1052 1091//1091
f 1091//1091 1091//1091 1193//1193
f 1193//1193 1091//1091 1070//1070
f 1193//1193 1070//1070 1193//1193
f 1193//1193 1070//1070 1194//1194
f 1193//1193 1194//1194 1195//1195
f 1195//1195 1194//1194 1194//1194
f 1195//1195 1194//1194 1196//1196
f 1196//1196 1194//1194 1194//1194
f 1196//1196 1194//1194 1197//1197
f 1197//1197 1194//1194 1194//1194
f 1197//1197 1194//1194 1198//1198
f 1198//1198 1194//1194 1194//1194
f 1198//1198 1194//1194 1199//1199
f 1199//1199 1194//1194 1194//1194
f 1199//1199 1194//1194 1200//1200
f 1200//1200 1194//1194 1194//1194
f 1200//1200 1194//1194 1201//1201
f 1201//1201 1194//1194 1202//1202
f 1201//1201 1202//1202 1203//1203
f 1203//1203 1202//1202 1202//1202
f 1203//1203 1202//1202 1204//1204
f 1204//1204 1202//1202 1205//1205
f 1204//1204 1205//1205 1206//1206
f 1206//1206 1205//1205 1205//1205
f 1206//1206 1205//1205 1207//1207
f 1207//1207 1205//1205 1205//1205
f 1207//1207 1205//1205 1208//1208
f 1208//1208 1205//1205 1205//1205
f 1208//1208 1205//1205 1209//1209
f 1209//1209 1205//1205 1205//1205
f 1209//1209 1205//1205 1210//1210
f 1210//1210 1205//1205 1211//1211
f 1210//1210 1211//1211 1210//1210
f 1210//1210 1211//1211 1212//1212
f 1210//1210 1212//1212 1213//1213
f 1213//1213 1212//1212 1212//1212
f 1213//1213 1212//1212 1214//1214
f 1214//1214 1212//1212 1215//1215
f 1214//1214 1215//1215 1216//1216
f 1216//1216 1215//1215 1217//1217
f 1216//1216 1217//1217 1218//1218
f 1218//1218 1217//1217 1219//1219
f 1218//1218 1219//1219 1220//1220
f 1220//1220 1219//1219 1219//1219
f 1220//1220 1219//1219 1221//1221
f 1221//1221 1219//1219 1222//1222
f 1221//1221 1222//1222 1221//1221
f 1221//1221 1222//1222 1223//1223
f 1221//1221 1223//1223 1221//1221
f 1221//1221 1223//1223 1224//1224
f 1221//1221 1224//1224 1225//1225
f 1225//1225 1224//1224 1226//1226
f 1225//1225 1226//1226 1227//1227
f 1227//1227 1226//1226 1228//1228
f 1227//1227 1228//1228 1227//1227
f 1227//1227 1228//1228 1229//1229
f 1227//1227 1229//1229 1230//1230
f 1230//1230 1229//1229 1231//1231
f 1230//1230 1231//1231 1230//1230
f 1230//1230 1231//1231 1232//1232
f 1230//1230 1232//1232 1230//1230
f 1230//1230 1232//1232 1233//1233
f 1230//1230 1233//1233 1230//1230
f 1230//1230 1233//1233 1234//1234
f 1230//1230 1234//1234 1235//1235
f 1235//1235 1234//1234 1234//1234
f 1235//1235 1234//1234 1236//1236
f 1236//1236 1234//1234 1234//1234
f 1236//1236 1234//1234 1237//1237
f 1237//1237 1234//1234 1238//1238
f 1237//1237 1238//1238 1239//1239
f 1239//1239 1238//1238 1240//1240
f 1239//1239 1240//1240 1241//1241
f 1241//1241 1240//1240 1242//1242
f 1241//1241 1242//1242 1241//1241
f 1241//1241 1242//1242 1243//1243
f 1241//1241 1243//1243 1244//1244
f 1244//1244 1243//1243 1243//1243
f 1244//1244 1243//1243 1245//1245
f 1245//1245 1243//1243 1243//1243
f 1245//1245 1243//1243 1246//1246
f 1246//1246 1243//1243 1243//1243
f 1246//1246 1243//1243 1247//1247
f 1247//1247 1243//1243 1248//1248
f 1247//1247 1248//1248 1247//1247
f 1247//1247 1248//1248 1249//1249
f 1247//1247 1249//1249 1247//1247
f 1247//1247 1249//1249 1250//1250
f 1247//1247 1250//1250 1247//1247
f 1247//1247 1250//1250 1251//1251
f 1247//1247 1251//1251 1247//1247
f 1247//1247 1251//1251 1252//1252
f 1247//1247 1252//1252 1253//1253
f 1253//1253 1252//1252 1254//1254
f 1253//1253 1254//1254 1253//1253
f 1253//1253 1254//1254 1255//1255
f 1253//1253 1255//1255 1253//1253
f 1253//1253 1255//1255 1256//1256
f 1253//1253 1256//1256 1253//1253
f 1253//1253 1256//1256 1257//1257
f 1253//1253 1257//1257 1253//1253
f 1253//1253 1257//1257 1258//1258
f 1253//1253 1258//1258 1205//1205
f 1205//1205 1258//1258 1211//1211
f 1205//1205 1211//1211 1211//1211
f 1211//1211 1211//1211 1259//1259
f 1211//1211 1259//1259 1259//1259
f 1259//1259 1259//1259 1202//1202
f 1259//1259 1202//1202 1194//1194
f 1194//1194 1202//1202 1194//1194
f 1194//1194 1194//1194 1260//1260
f 1260//1260 1194//1194 1260//1260
f 1260//1260 1260//1260 1227//1227
f 1227//1227 1260//1260 1225//1225
f 1227//1227 1225//1225 1225//1225
f 1225//1225 1225//1225 1202//1202
f 1225//1225 1202//1202 1202//1202
f 1202//1202 1202//1202 1261//1261
f 1202//1202 1261//1261 1205//1205
f 1205//1205 1261//1261 1262//1262
f 1205//1205 1262//1262 1253//1253
f 1253//1253 1262//1262 1263//1263
f 1253//1253 1263//1263 1247//1247
f 1247//1247 1263//1263 1247//1247
f 1247//1247 1247//1247 1264//1264
f 1264//1264 1247//1247 1264//1264
f 1264//1264 1264//1264 1261//1261
f 1261//1261 1264//1264 1265//1265
f 1261//1261 1265//1265 1261//1261
f 1261//1261 1265//1265 1266//1266
f 1261//1261 1266//1266 1261//1261
f 1261//1261 1266//1266 1267//1267
f 1261//1261 1267//1267 1262//1262
f 1262//1262 1267//1267 1268//1268
f 1262//1262 1268//1268 1263//1263
f 1263//1263 1268//1268 1263//1263
f 1263//1263 1263//1263 1264//1264
f 1264//1264 1263//1263 1264//1264
f 1264//1264 1264//1264 1265//1265
f 1265//1265 1264//1264 1269//1269
f 1265//1265 1269//1269 1265//1265
f 1265//1265 1269//1269 1270//1270
f 1265//1265 1270//1270 1265//1265
f 1265//1265 1270//1270 1271//1271
f 1265//1265 1271//1271 1266//1266
f 1266//1266 1271//1271 1272//1272
f 1266//1266 1272//1272 1267//1267
f 1267//1267 1272//1272 1273//1273
f 1267//1267 1273//1273 1268//1268
f 1268//1268 1273//1273 1274//1274
f 1268//1268 1274//1274 1268//1268
f 1268//1268 1274//1274 1275//1275
f 1268//1268 1275//1275 1263//1263
f 1263//1263 1275//1275 1276//1276
f 1263//1263 1276//1276 1247//1247
f 1247//1247 1276//1276 1277//1277
f 1247//1247 1277//1277 1278//1278
f 1278//1278 1277//1277 1279//1279
f 1278//1278 1279//1279 1280//1280
f 1280//1280 1279//1279 1280//1280
f 1280//1280 1280//1280 1246//1246
f 1246//1246 1280//1280 1246//1246
f 1246//1246 1246//1246 1278//1278
f 1278//1278 1246//1246 1247//1247
f 1278//1278 1247//1247 1247//1247
f 1247//1247 1247//1247 1279//1279
f 1247//1247 1279//1279 1279//1279
f 1279//1279 1279//1279 1277//1277
f 1279//1279 1277//1277 1281//1281
f 1281//1281 1277//1277 1277//1277
f 1281//1281 1277//1277 1282//1282
f 1282//1282 1277//1277 1277//1277
f 1282//1282 1277//1277 1283//1283
f 1283//1283 1277//1277 1277//1277
f 1283//1283 1277//1277 1284//1284
f 1284//1284 1277//1277 1277//1277
f 1284//1284 1277//1277 1285//1285
f 1285//1285 1277//1277 1277//1277
f 1285//1285 1277//1277 1286//1286
f 1286//1286 1277//1277 1287//1287
f 1286//1286 1287//1287 1288//1288
f 1288//1288 1287//1287 1289//1289
f 1288//1288 1289//1289 1290//1290
f 1290//1290 1289//1289 1290//1290
f 1290//1290 1290//1290 1289//1289
f 1289//1289 1290//1290 1289//1289
f 1289//1289 1289//1289 1291//1291
f 1291//1291 1289//1289 1287//1287
f 1291//1291 1287//1287 1292//1292
f 1292//1292 1287//1287 1287//1287
f 1292//1292 1287//1287 1293//1293
f 1293//1293 1287//1287 1287//1287
f 1293//1293 1287//1287 1294//1294
f 1294//1294 1287//1287 1287//1287
f 1294//1294 1287//1287 1295//1295
f 1295//1295 1287//1287 1296//1296
f 1295//1295 1296//1296 1297//1297
f 1297//1297 1296//1296 1296//1296
f 1297//1297 1296//1296 1298//1298
f 1298//1298 1296//1296 1296//1296
f 1298//1298 1296//1296 1299//1299
f 1299//1299 1296//1296 1300//1300
f 1299//1299 1300//1300 1301//1301
f 1301//1301 1300//1300 1302//1302
f 1301//1301 1302//1302 1301//1301
f 1301//1301 1302//1302 1303//1303
f 1301//1301 1303//1303 1304//1304
f 1304//1304 1303//1303 1305//1305
f 1304//1304 1305//1305 1305//1305
f 1305//1305 1305//1305 1300//1300
f 1305//1305 1300//1300 1300//1300
f 1300//1300 1300//1300 1296//1296
f 1300//1300 1296//1296 1306//1306
f 1306//1306 1296//1296 1296//1296
f 1306//1306 1296//1296 1307//1307
f 1307//1307 1296//1296 1296//1296
f 1307//1307 1296//1296 1308//1308
f 1308//1308 1296//1296 1287//1287
f 1308//1308 1287//1287 1309//1309
f 1309//1309 1287//1287 1287//1287
f 1309//1309 1287//1287 1310//1310
f 1310//1310 1287//1287 1311//1311
f 1310//1310 1311//1311 1312//1312
f 1312//1312 1311//1311 1311//1311
f 1312//1312 1311//1311 1313//1313
f 1313//1313 1311//1311 1311//1311
f 1313//1313 1311//1311 1314//1314
f 1314//1314 1311//1311 1311//1311
f 1314//1314 1311//1311 1315//1315
f 1315//1315 1311//1311 1311//1311
f 1315//1315 1311//1311 1316//1316
f 1316//1316 1311//1311 1311//1311
f 1316//1316 1311//1311 1317//1317
f 1317//1317 1311//1311 1311//1311
f 1317//1317 1311//1311 1318//1318
f 1318//1318 1311//1311 1311//1311
f 1318//1318 1311//1311 1319//1319
f 1319//1319 1311//1311 1320//1320
f 1319//1319 1320//1320 1321//1321
f 1321//1321 1320//1320 1320//1320
f 1321//1321 1320//1320 1322//1322
f 1322//1322 1320//1320 1320//1320
f 1322//1322 1320//1320 1323//1323
f 1323//1323 1320//1320 1320//1320
f 1323//1323 1320//1320 1324//1324
f 1324//1324 1320//1320 1325//1325
f 1324//1324 1325//1325 1326//1326
f 1326//1326 1325//1325 1325//1325
f 1326//1326 1325//1325 1327//1327
f 1327//1327 1325//1325 1328//1328
f 1327//1327 1328//1328 1328//1328
f 1328//1328 1328//1328 1272//1272
f 1328//1328 1272//1272 1272//1272
f 1272//1272 1272//1272 1329//1329
f 1272//1272 1329//1329 1273//1273
f 1273//1273 1329//1329 1274//1274
f 1273//1273 1274//1274 1274//1274
f 1274//1274 1274//1274 148//148
f 1274//1274 148//148 148//148
f 148//148 148//148 1330//1330
f 148//148 1330//1330 1331//1331
f 1331//1331 1330//1330 1332//1332
f 1331//1331 1332//1332 1333//1333
f 1333//1333 1332//1332 1332//1332
f 1333//1333 1332//1332 1334//1334
f 1334//1334 1332//1332 1335//1335
f 1334//1334 1335//1335 1336//1336
f 1336//1336 1335//1335 1320//1320
f 1336//1336 1320//1320 1336//1336
f 1336//1336 1320//1320 1337//1337
f 1336//1336 1337//1337 1336//1336
f 1336//1336 1337//1337 1338//1338
f 1336//1336 1338//1338 1336//1336
f 1336//1336 1338//1338 1339//1339
f 1336//1336 1339//1339 1336//1336
f 1336//1336 1339//1339 1340//1340
f 1336//1336 1340//1340 1334//1334
f 1334//1334 1340//1340 1341//1341
f 1334//1334 1341//1341 1333//1333
f 1333//1333 1341//1341 116//116
f 1333//1333 116//116 1333//1333
f 1333//1333 116//116 138//138
f 1333//1333 138//138 1331//1331
f 1331//1331 138//138 148//148
f 1331//1331 148//148 148//148
f 148//148 148//148 1320//1320
f 148//148 1320//1320 1320//1320
f 1320//1320 1320//1320 1335//1335
f 1320//1320 1335//1335 1325//1325
f 1325//1325 1335//1335 1332//1332
f 1325//1325 1332//1332 1330//1330
f 1330//1330 1332//1332 1330//1330
f 1330//1330 1330//1330 116//116
f 116//116 1330//1330 116//116
f 116//116 116//116 115//115
f 115//115 116//116 1341//1341
f 115//115 1341//1341 1342//1342
f 1342//1342 1341//1341 1343//1343
f 1342//1342 1343//1343 1344//1344
f 1344//1344 1343//1343 1343//1343
f 1344//1344 1343//1343 1345//1345
f 1345//1345 1343//1343 1343//1343
f 1345//1345 1343//1343 1339//1339
f 1339//1339 1343//1343 1343//1343
f 1339//1339 1343//1343 1340//1340
f 1340//1340 1343//1343 1341//1341
f 1340//1340 1341//1341 1341//1341
f 1341//1341 1341//1341 1342//1342
f 1341//1341 1342//1342 1342//1342
f 1342//1342 1342//1342 114//114
f 1342//1342 114//114 115//115
f 115//115 114//114 115//115
f 115//115 115//115 1344//1344
f 1344//1344 115//115 1344//1344
f 1344//1344 1344//1344 1342//1342
f 1342//1342 1344//1344 1346//1346
f 1342//1342 1346//1346 1347//1347
f 1347//1347 1346//1346 1346//1346
f 1347//1347 1346//1346 1348//1348
f 1348//1348 1346//1346 1346//1346
f 1348//1348 1346//1346 1349//1349
f 1349//1349 1346//1346 1346//1346
f 1349//1349 1346//1346 1350//1350
f 1350//1350 1346//1346 1351//1351
f 1350//1350 1351//1351 1352//1352
f 1352//1352 1351//1351 1353//1353
f 1352//1352 1353//1353 1274//1274
f 1274//1274 1353//1353 1275//1275
f 1274//1274 1275//1275 1275//1275
f 1275//1275 1275//1275 1346//1346
f 1275//1275 1346//1346 1346//1346
f 1346//1346 1346//1346 1344//1344
f 1346//1346 1344//1344 1351//1351
f 1351//1351 1344//1344 1345//1345
f 1351//1351 1345//1345 1353//1353
f 1353//1353 1345//1345 1353//1353
f 1353//1353 1353//1353 1274//1274
f 1274//1274 1353//1353 1274//1274
f 1274//1274 1274//1274 1352//1352
f 1352//1352 1274//1274 1329//1329
f 1352//1352 1329//1329 1354//1354
f 1354//1354 1329//1329 1355//1355
f 1354//1354 1355//1355 1354//1354
f 1354//1354 1355//1355 1356//1356
f 1354//1354 1356//1356 1354//1354
f 1354//1354 1356//1356 1357//1357
f 1354//1354 1357//1357 1350//1350
f 1350//1350 1357//1357 1349//1349
f 1350//1350 1349//1349 1349//1349
f 1349//1349 1349//1349 1352//1352
f 1349//1349 1352//1352 1352//1352
f 1352//1352 1352//1352 1354//1354
f 1352//1352 1354//1354 1350//1350
f 1350//1350 1354//1354 1350//1350
f 1350//1350 1350//1350 1329//1329
f 1329//1329 1350//1350 1329//1329
f 1329//1329 1329//1329 1355//1355
f 1355//1355 1329//1329 1272//1272
f 1355//1355 1272//1272 1358//1358
f 1358//1358 1272//1272 1359//1359
f 1358//1358 1359//1359 1360//1360
f 1360//1360 1359//1359 1359//1359
f 1360//1360 1359//1359 1361//1361
f 1361//1361 1359//1359 1271//1271
f 1361//1361 1271//1271 1362//1362
f 1362//1362 1271//1271 1363//1363
f 1362//1362 1363//1363 1364//1364
f 1364//1364 1363//1363 1365//1365
f 1364//1364 1365//1365 1366//1366
f 1366//1366 1365//1365 1366//1366
f 1366//1366 1366//1366 1359//1359
f 1359//1359 1366//1366 1359//1359
f 1359//1359 1359//1359 1271//1271
f 1271//1271 1359//1359 1272//1272
f 1271//1271 1272//1272 1272//1272
f 1272//1272 1272//1272 1271//1271
f 1272//1272 1271//1271 1271//1271
f 1271//1271 1271//1271 1270//1270
f 1271//1271 1270//1270 1363//1363
f 1363//1363 1270//1270 1270//1270
f 1363//1363 1270//1270 1365//1365
f 1365//1365 1270//1270 1367//1367
f 1365//1365 1367//1367 1368//1368
f 1368//1368 1367//1367 1269//1269
f 1368//1368 1269//1269 1368//1368
f 1368//1368 1269//1269 1369//1369
f 1368//1368 1369//1369 1370//1370
f 1370//1370 1369//1369 1369//1369
f 1370//1370 1369//1369 1371//1371
f 1371//1371 1369//1369 1369//1369
f 1371//1371 1369//1369 1372//1372
f 1372//1372 1369//1369 1373//1373
f 1372//1372 1373//1373 1372//1372
f 1372//1372 1373//1373 1374//1374
f 1372//1372 1374//1374 1375//1375
f 1375//1375 1374//1374 1375//1375
f 1375//1375 1375//1375 1270//1270
f 1270//1270 1375//1375 1270//1270
f 1270//1270 1270//1270 1367//1367
f 1367//1367 1270//1270 1269//1269
f 1367//1367 1269//1269 1269//1269
f 1269//1269 1269//1269 1373//1373
f 1269//1269 1373//1373 1373//1373
f 1373//1373 1373//1373 1369//1369
f 1373//1373 1369//1369 1376//1376
f 1376//1376 1369//1369 1376//1376
f 1376//1376 1376//1376 1372//1372
f 1372//1372 1376//1376 1372//1372
f 1372//1372 1372//1372 1371//1371
f 1371//1371 1372//1372 1377//1377
f 1371//1371 1377//1377 1378//1378
f 1378//1378 1377//1377 1377//1377
f 1378//1378 1377//1377 1379//1379
f 1379//1379 1377//1377 1377//1377
f 1379//1379 1377//1377 1380//1380
f 1380//1380 1377//1377 1377//1377
f 1380//1380 1377//1377 1381//1381
f 1381//1381 1377//1377 1377//1377
f 1381//1381 1377//1377 1382//1382
f 1382//1382 1377//1377 1377//1377
f 1382//1382 1377//1377 1383//1383
f 1383//1383 1377//1377 1377//1377
f 1383//1383 1377//1377 1384//1384
f 1384//1384 1377//1377 1377//1377
f 1384//1384 1377//1377 1385//1385
f 1385//1385 1377//1377 1386//1386
f 1385//1385 1386//1386 1387//1387
f 1387//1387 1386//1386 1386//1386
f 1387//1387 1386//1386 1388//1388
f 1388//1388 1386//1386 1386//1386
f 1388//1388 1386//1386 1389//1389
f 1389//1389 1386//1386 1390//1390
f 1389//1389 1390//1390 1391//1391
f 1391//1391 1390//1390 1390//1390
f 1391//1391 1390//1390 1392//1392
f 1392//1392 1390//1390 1393//1393
f 1392//1392 1393//1393 1394//1394
f 1394//1394 1393//1393 1393//1393
f 1394//1394 1393//1393 1395//1395
f 1395//1395 1393//1393 1393//1393
f 1395//1395 1393//1393 1396//1396
f 1396//1396 1393//1393 1397//1397
f 1396//1396 1397//1397 1398//1398
f 1398//1398 1397//1397 1397//1397
f 1398//1398 1397//1397 1399//1399
f 1399//1399 1397//1397 1397//1397
f 1399//1399 1397//1397 1400//1400
f 1400//1400 1397//1397 1397//1397
f 1400//1400 1397//1397 1401//1401
f 1401//1401 1397//1397 1402//1402
f 1401//1401 1402//1402 1402//1402
f 1402//1402 1402//1402 1370//1370
f 1402//1402 1370//1370 1370//1370
f 1370//1370 1370//1370 1371//1371
f 1370//1370 1371//1371 1378//1378
f 1378//1378 1371//1371 1378//1378
f 1378//1378 1378//1378 1386//1386
f 1386//1386 1378//1378 1386//1386
f 1386//1386 1386//1386 1390//1390
f 1390//1390 1386//1386 1403//1403
f 1390//1390 1403//1403 1404//1404
f 1404//1404 1403//1403 1404//1404
f 1404//1404 1404//1404 1400//1400
f 1400//1400 1404//1404 1400//1400
f 1400//1400 1400//1400 1399//1399
f 1399//1399 1400//1400 1405//1405
f 1399//1399 1405//1405 1406//1406
f 1406//1406 1405//1405 1405//1405
f 1406//1406 1405//1405 1407//1407
f 1407//1407 1405//1405 1405//1405
f 1407//1407 1405//1405 1408//1408
f 1408//1408 1405//1405 1409//1409
f 1408//1408 1409//1409 1410//1410
f 1410//1410 1409//1409 1410//1410
f 1410//1410 1410//1410 1411//1411
f 1411//1411 1410//1410 1411//1411
f 1411//1411 1411//1411 1412//1412
f 1412//1412 1411//1411 1413//1413
f 1412//1412 1413//1413 1414//1414
f 1414//1414 1413//1413 1415//1415
f 1414//1414 1415//1415 1415//1415
f 1415//1415 1415//1415 1365//1365
f 1415//1415 1365//1365 1365//1365
f 1365//1365 1365//1365 1368//1368
f 1365//1365 1368//1368 1416//1416
f 1416//1416 1368//1368 1370//1370
f 1416//1416 1370//1370 1370//1370
f 1370//1370 1370//1370 1414//1414
f 1370//1370 1414//1414 1414//1414
f 1414//1414 1414//1414 1417//1417
f 1414//1414 1417//1417 1412//1412
f 1412//1412 1417//1417 1417//1417
f 1412//1412 1417//1417 1418//1418
f 1418//1418 1417//1417 1417//1417
f 1418//1418 1417//1417 1419//1419
f 1419//1419 1417//1417 1417//1417
f 1419//1419 1417//1417 1420//1420
f 1420//1420 1417//1417 1414//1414
f 1420//1420 1414//1414 1007//1007
f 1007//1007 1414//1414 1414//1414
f 1007//1007 1414//1414 1421//1421
f 1421//1421 1414//1414 1414//1414
f 1421//1421 1414//1414 1422//1422
f 1422//1422 1414//1414 1414//1414
f 1422//1422 1414//1414 1423//1423
f 1423//1423 1414//1414 1424//1424
f 1423//1423 1424//1424 1424//1424
f 1424//1424 1424//1424 1425//1425
f 1424//1424 1425//1425 1425//1425
f 1425//1425 1425//1425 1426//1426
f 1425//1425 1426//1426 1427//1427
f 1427//1427 1426//1426 1428//1428
f 1427//1427 1428//1428 1429//1429
f 1429//1429 1428//1428 1428//1428
f 1429//1429 1428//1428 1430//1430
f 1430//1430 1428//1428 1431//1431
f 1430//1430 1431//1431 1431//1431
f 1431//1431 1431//1431 1426//1426
f 1431//1431 1426//1426 1426//1426
f 1426//1426 1426//1426 1418//1418
f 1426//1426 1418//1418 1428//1428
f 1428//1428 1418//1418 1432//1432
f 1428//1428 1432//1432 1433//1433
f 1433//1433 1432//1432 1432//1432
f 1433//1433 1432//1432 1434//1434
f 1434//1434 1432//1432 1432//1432
f 1434//1434 1432//1432 1435//1435
f 1435//1435 1432//1432 1432//1432
f 1435//1435 1432//1432 1436//1436
f 1436//1436 1432//1432 1432//1432
f 1436//1436 1432//1432 1437//1437
f 1437//1437 1432//1432 1432//1432
f 1437//1437 1432//1432 1438//1438
f 1438//1438 1432//1432 1432//1432
f 1438//1438 1432//1432 1439//1439
f 1439//1439 1432//1432 1432//1432
f 1439//1439 1432//1432 1440//1440
f 1440//1440 1432//1432 1432//1432
f 1440//1440 1432//1432 1441//1441
f 1441//1441 1432//1432 1442//1442
f 1441//1441 1442//1442 1443//1443
f 1443//1443 1442//1442 1443//1443
f 1443//1443 1443//1443 1444//1444
f 1444//1444 1443//1443 1444//1444
f 1444//1444 1444//1444 1445//1445
f 1445//1445 1444//1444 1428//1428
f 1445//1445 1428//1428 1446//1446
f 1446//1446 1428//1428 1428//1428
f 1446//1446 1428//1428 1447//1447
f 1447//1447 1428//1428 1433//1433
f 1447//1447 1433//1433 1433//1433
f 1433//1433 1433//1433 1448//1448
f 1433//1433 1448//1448 1448//1448
f 1448//1448 1448//1448 1442//1442
f 1448//1448 1442//1442 1449//1449
f 1449//1449 1442//1442 1432//1432
f 1449//1449 1432//1432 1450//1450
f 1450//1450 1432//1432 1451//1451
f 1450//1450 1451//1451 1450//1450
f 1450//1450 1451//1451 1452//1452
f 1450//1450 1452//1452 1449//1449
f 1449//1449 1452//1452 1449//1449
f 1449//1449 1449//1449 1419//1419
f 1419//1419 1449//1449 1419//1419
f 1419//1419 1419//1419 1418//1418
f 1418//1418 1419//1419 1453//1453
f 1418//1418 1453//1453 1432//1432
f 1432//1432 1453//1453 1432//1432
f 1432//1432 1432//1432 1454//1454
f 1454//1454 1432//1432 1454//1454
f 1454//1454 1454//1454 1455//1455
f 1455//1455 1454//1454 1456//1456
f 1455//1455 1456//1456 1455//1455
f 1455//1455 1456//1456 1432//1432
f 1455//1455 1432//1432 1457//1457
f 1457//1457 1432//1432 1457//1457
f 1457//1457 1457//1457 1454//1454
f 1454//1454 1457//1457 1454//1454
f 1454//1454 1454//1454 1456//1456
f 1456//1456 1454//1454 1458//1458
f 1456//1456 1458//1458 1456//1456
f 1456//1456 1458//1458 1459//1459
f 1456//1456 1459//1459 1456//1456
f 1456//1456 1459//1459 1460//1460
f 1456//1456 1460//1460 1461//1461
f 1461//1461 1460//1460 1462//1462
f 1461//1461 1462//1462 1461//1461
f 1461//1461 1462//1462 1463//1463
f 1461//1461 1463//1463 1464//1464
f 1464//1464 1463//1463 1465//1465
f 1464//1464 1465//1465 1464//1464
f 1464//1464 1465//1465 1466//1466
f 1464//1464 1466//1466 1464//1464
f 1464//1464 1466//1466 1467//1467
f 1464//1464 1467//1467 1468//1468
f 1468//1468 1467//1467 1469//1469
f 1468//1468 1469//1469 1468//1468
f 1468//1468 1469//1469 1470//1470
f 1468//1468 1470//1470 1471//1471
f 1471//1471 1470//1470 1472//1472
f 1471//1471 1472//1472 1473//1473
f 1473//1473 1472//1472 1474//1474
f 1473//1473 1474//1474 1475//1475
f 1475//1475 1474//1474 1476//1476
f 1475//1475 1476//1476 1477//1477
f 1477//1477 1476//1476 1478//1478
f 1477//1477 1478//1478 1479//1479
f 1479//1479 1478//1478 1478//1478
f 1479//1479 1478//1478 1480//1480
f 1480//1480 1478//1478 1481//1481
f 1480//1480 1481//1481 1480//1480
f 1480//1480 1481//1481 1482//1482
f 1480//1480 1482//1482 1483//1483
f 1483//1483 1482//1482 1484//1484
f 1483//1483 1484//1484 1485//1485
f 1485//1485 1484//1484 1486//1486
f 1485//1485 1486//1486 1485//1485
f 1485//1485 1486//1486 1487//1487
f 1485//1485 1487//1487 1485//1485
f 1485//1485 1487//1487 1488//1488
f 1485//1485 1488//1488 1485//1485
f 1485//1485 1488//1488 1489//1489
f 1485//1485 1489//1489 1490//1490
f 1490//1490 1489//1489 1491//1491
f 1490//1490 1491//1491 1490//1490
f 1490//1490 1491//1491 1492//1492
f 1490//1490 1492//1492 1490//1490
f 1490//1490 1492//1492 1493//1493
f 1490//1490 1493//1493 1490//1490
f 1490//1490 1493//1493 1494//1494
f 1490//1490 1494//1494 1495//1495
f 1495//1495 1494//1494 1496//1496
f 1495//1495 1496//1496 1495//1495
f 1495//1495 1496//1496 1497//1497
f 1495//1495 1497//1497 1453//1453
f 1453//1453 1497//1497 1498//1498
f 1453//1453 1498//1498 1453//1453
f 1453//1453 1498//1498 1499//1499
f 1453//1453 1499//1499 1453//1453
f 1453//1453 1499//1499 1500//1500
f 1453//1453 1500//1500 1453//1453
f 1453//1453 1500//1500 1457//1457
f 1453//1453 1457//1457 1432//1432
f 1432//1432 1457//1457 1432//1432
f 1432//1432 1432//1432 1467//1467
f 1467//1467 1432//1432 1467//1467
f 1467//1467 1467//1467 1469//1469
f 1469//1469 1467//1467 1501//1501
f 1469//1469 1501//1501 1501//1501
f 1501//1501 1501//1501 1483//1483
f 1501//1501 1483//1483 1483//1483
f 1483//1483 1483//1483 1502//1502
f 1483//1483 1502//1502 1480//1480
f 1480//1480 1502//1502 1480//1480
f 1480//1480 1480//1480 1453//1453
f 1453//1453 1480//1480 1453//1453
f 1453//1453 1453//1453 1495//1495
f 1495//1495 1453//1453 1419//1419
f 1495//1495 1419//1419 1503//1503
f 1503//1503 1419//1419 1504//1504
f 1503//1503 1504//1504 1503//1503
f 1503//1503 1504//1504 1505//1505
f 1503//1503 1505//1505 1490//1490
f 1490//1490 1505//1505 1506//1506
f 1490//1490 1506//1506 1485//1485
f 1485//1485 1506//1506 1506//1506
f 1485//1485 1506//1506 1483//1483
f 1483//1483 1506//1506 1507//1507
f 1483//1483 1507//1507 1502//1502
f 1502//1502 1507//1507 1507//1507
f 1502//1502 1507//1507 1508//1508
f 1508//1508 1507//1507 1507//1507
f 1508//1508 1507//1507 1509//1509
f 1509//1509 1507//1507 1507//1507
f 1509//1509 1507//1507 1510//1510
f 1510//1510 1507//1507 1507//1507
f 1510//1510 1507//1507 1511//1511
f 1511//1511 1507//1507 1507//1507
f 1511//1511 1507//1507 1512//1512
f 1512//1512 1507//1507 1507//1507
f 1512//1512 1507//1507 1513//1513
f 1513//1513 1507//1507 1514//1514
f 1513//1513 1514//1514 1515//1515
f 1515//1515 1514//1514 1514//1514
f 1515//1515 1514//1514 1516//1516
f 1516//1516 1514//1514 622//622
f 1516//1516 622//622 1517//1517
f 1517//1517 622//622 622//622
f 1517//1517 622//622 1518//1518
f 1518//1518 622//622 623//623
f 1518//1518 623//623 1519//1519
f 1519//1519 623//623 1520//1520
f 1519//1519 1520//1520 1521//1521
f 1521//1521 1520//1520 1520//1520
f 1521//1521 1520//1520 1522//1522
f 1522//1522 1520//1520 1523//1523
f 1522//1522 1523//1523 1524//1524
f 1524//1524 1523//1523 1525//1525
f 1524//1524 1525//1525 1524//1524
f 1524//1524 1525//1525 1526//1526
f 1524//1524 1526//1526 1527//1527
f 1527//1527 1526//1526 1528//1528
f 1527//1527 1528//1528 1528//1528
f 1528//1528 1528//1528 1495//1495
f 1528//1528 1495//1495 1495//1495
f 1495//1495 1495//1495 1503//1503
f 1495//1495 1503//1503 1490//1490
f 1490//1490 1503//1503 1490//1490
f 1490//1490 1490//1490 1420//1420
f 1420//1420 1490//1490 1420//1420
f 1420//1420 1420//1420 1419//1419
f 1419//1419 1420//1420 1504//1504
f 1419//1419 1504//1504 1504//1504
f 1504//1504 1504//1504 1518//1518
f 1504//1504 1518//1518 1518//1518
f 1518//1518 1518//1518 1519//1519
f 1518//1518 1519//1519 1529//1529
f 1529//1529 1519//1519 1529//1529
f 1529//1529 1529//1529 1530//1530
f 1530//1530 1529//1529 1530//1530
f 1530//1530 1530//1530 1531//1531
f 1531//1531 1530//1530 622//622
f 1531//1531 622//622 1532//1532
f 1532//1532 622//622 1514//1514
f 1532//1532 1514//1514 1533//1533
f 1533//1533 1514//1514 1507//1507
f 1533//1533 1507//1507 1534//1534
f 1534//1534 1507//1507 1507//1507
f 1534//1534 1507//1507 1535//1535
f 1535//1535 1507//1507 1507//1507
f 1535//1535 1507//1507 1536//1536
f 1536//1536 1507//1507 1507//1507
f 1536//1536 1507//1507 1537//1537
f 1537//1537 1507//1507 1538//1538
f 1537//1537 1538//1538 1539//1539
f 1539//1539 1538//1538 1538//1538
f 1539//1539 1538//1538 1540//1540
f 1540//1540 1538//1538 1538//1538
f 1540//1540 1538//1538 1541//1541
f 1541//1541 1538//1538 1538//1538
f 1541//1541 1538//1538 1542//1542
f 1542//1542 1538//1538 1538//1538
f 1542//1542 1538//1538 1543//1543
f 1543//1543 1538//1538 1538//1538
f 1543//1543 1538//1538 1544//1544
f 1544//1544 1538//1538 1538//1538
f 1544//1544 1538//1538 1545//1545
f 1545//1545 1538//1538 1546//1546
f 1545//1545 1546//1546 1547//1547
f 1547//1547 1546//1546 1546//1546
f 1547//1547 1546//1546 1548//1548
f 1548//1548 1546//1546 1546//1546
f 1548//1548 1546//1546 1549//1549
f 1549//1549 1546//1546 1164//1164
f 1549//1549 1164//1164 1549//1549
f 1549//1549 1164//1164 1163//1163
f 1549//1549 1163//1163 1550//1550
f 1550//1550 1163//1163 1163//1163
f 1550//1550 1163//1163 1551//1551
f 1551//1551 1163//1163 1163//1163
f 1551//1551 1163//1163 1552//1552
f 1552//1552 1163//1163 1163//1163
f 1552//1552 1163//1163 1553//1553
f 1553//1553 1163//1163 1163//1163
f 1553//1553 1163//1163 1554//1554
f 1554//1554 1163//1163 1163//1163
f 1554//1554 1163//1163 1555//1555
f 1555//1555 1163//1163 1162//1162
f 1555//1555 1162//1162 1556//1556
f 1556//1556 1162//1162 1162//1162
f 1556//1556 1162//1162 1557//1557
f 1557//1557 1162//1162 1162//1162
f 1557//1557 1162//1162 1558//1558
f 1558//1558 1162//1162 1162//1162
f 1558//1558 1162//1162 1559//1559
f 1559//1559 1162//1162 1162//1162
f 1559//1559 1162//1162 1560//1560
f 1560//1560 1162//1162 1162//1162
f 1560//1560 1162//1162 1561//1561
f 1561//1561 1162//1162 1162//1162
f 1561//1561 1162//1162 1562//1562
f 1562//1562 1162//1162 1162//1162
f 1562//1562 1162//1162 1563//1563
f 1563//1563 1162//1162 1564//1564
f 1563//1563 1564//1564 1565//1565
f 1565//1565 1564//1564 1564//1564
f 1565//1565 1564//1564 1566//1566
f 1566//1566 1564//1564 1564//1564
f 1566//1566 1564//1564 1567//1567
f 1567//1567 1564//1564 1564//1564
f 1567//1567 1564//1564 1568//1568
f 1568//1568 1564//1564 1569//1569
f 1568//1568 1569//1569 1570//1570
f 1570//1570 1569//1569 1570//1570
f 1570//1570 1570//1570 1571//1571
f 1571//1571 1570//1570 1571//1571
f 1571//1571 1571//1571 1572//1572
f 1572//1572 1571//1571 1573//1573
f 1572//1572 1573//1573 1574//1574
f 1574//1574 1573//1573 1573//1573
f 1574//1574 1573//1573 1575//1575
f 1575//1575 1573//1573 1573//1573
f 1575//1575 1573//1573 1576//1576
f 1576//1576 1573//1573 1573//1573
f 1576//1576 1573//1573 1172//1172
f 1172//1172 1573//1573 1573//1573
f 1172//1172 1573//1573 1162//1162
f 1162//1162 1573//1573 1573//1573
f 1162//1162 1573//1573 1564//1564
f 1564//1564 1573//1573 1573//1573
f 1564//1564 1573//1573 1569//1569
f 1569//1569 1573//1573 1577//1577
f 1569//1569 1577//1577 1569//1569
f 1569//1569 1577//1577 1578//1578
f 1569//1569 1578//1578 1569//1569
f 1569//1569 1578//1578 1579//1579
f 1569//1569 1579//1579 1569//1569
f 1569//1569 1579//1579 1580//1580
f 1569//1569 1580//1580 1581//1581
f 1581//1581 1580//1580 1582//1582
f 1581//1581 1582//1582 1583//1583
f 1583//1583 1582//1582 1584//1584
f 1583//1583 1584//1584 1585//1585
f 1585//1585 1584//1584 1586//1586
f 1585//1585 1586//1586 1586//1586
f 1586//1586 1586//1586 1587//1587
f 1586//1586 1587//1587 1587//1587
f 1587//1587 1587//1587 1577//1577
f 1587//1587 1577//1577 1573//1573
f 1573//1573 1577//1577 1573//1573
f 1573//1573 1573//1573 1581//1581
f 1581//1581 1573//1573 1581//1581
f 1581//1581 1581//1581 1569//1569
f 1569//1569 1581//1581 1588//1588
f 1569//1569 1588//1588 1569//1569
f 1569//1569 1588//1588 1589//1589
f 1569//1569 1589//1589 1570//1570
f 1570//1570 1589//1589 1590//1590
f 1570//1570 1590//1590 1570//1570
f 1570//1570 1590//1590 1591//1591
f 1570//1570 1591//1591 1592//1592
f 1592//1592 1591//1591 1593//1593
f 1592//1592 1593//1593 1593//1593
f 1593//1593 1593//1593 827//827
f 1593//1593 827//827 827//827
f 827//827 827//827 1003//1003
f 827//827 1003//1003 828//828
f 828//828 1003//1003 1003//1003
f 828//828 1003//1003 829//829
f 829//829 1003//1003 1594//1594
f 829//829 1594//1594 961//961
f 961//961 1594//1594 1595//1595
f 961//961 1595//1595 961//961
f 961//961 1595//1595 1596//1596
f 961//961 1596//1596 961//961
f 961//961 1596//1596 1597//1597
f 961//961 1597//1597 961//961
f 961//961 1597//1597 1598//1598
f 961//961 1598//1598 962//962
f 962//962 1598//1598 1599//1599
f 962//962 1599//1599 962//962
f 962//962 1599//1599 1600//1600
f 962//962 1600//1600 962//962
f 962//962 1600//1600 1601//1601
f 962//962 1601//1601 962//962
f 962//962 1601//1601 1602//1602
f 962//962 1602//1602 963//963
f 963//963 1602//1602 1603//1603
f 963//963 1603//1603 963//963
f 963//963 1603//1603 1604//1604
f 963//963 1604//1604 966//966
f 966//966 1604//1604 966//966
f 966//966 966//966 1595//1595
f 1595//1595 966//966 1595//1595
f 1595//1595 1595//1595 1605//1605
f 1605//1605 1595//1595 1594//1594
f 1605//1605 1594//1594 1606//1606
f 1606//1606 1594//1594 1594//1594
f 1606//1606 1594//1594 1607//1607
f 1607//1607 1594//1594 1594//1594
f 1607//1607 1594//1594 1608//1608
f 1608//1608 1594//1594 1594//1594
f 1608//1608 1594//1594 1609//1609
f 1609//1609 1594//1594 1003//1003
f 1609//1609 1003//1003 1610//1610
f 1610//1610 1003//1003 992//992
f 1610//1610 992//992 1611//1611
f 1611//1611 992//992 992//992
f 1611//1611 992//992 1612//1612
f 1612//1612 992//992 992//992
f 1612//1612 992//992 1613//1613
f 1613//1613 992//992 993//993
f 1613//1613 993//993 1614//1614
f 1614//1614 993//993 1614//1614
f 1614//1614 1614//1614 1615//1615
f 1615//1615 1614//1614 1615//1615
f 1615//1615 1615//1615 808//808
f 808//808 1615//1615 1616//1616
f 808//808 1616//1616 808//808
f 808//808 1616//1616 1617//1617
f 808//808 1617//1617 808//808
f 808//808 1617//1617 1618//1618
f 808//808 1618//1618 808//808
f 808//808 1618//1618 1619//1619
f 808//808 1619//1619 808//808
f 808//808 1619//1619 1620//1620
f 808//808 1620//1620 809//809
f 809//809 1620//1620 809//809
f 809//809 809//809 1621//1621
f 1621//1621 809//809 1621//1621
f 1621//1621 1621//1621 1622//1622
f 1622//1622 1621//1621 1623//1623
f 1622//1622 1623//1623 1623//1623
f 1623//1623 1623//1623 1624//1624
f 1623//1623 1624//1624 1624//1624
f 1624//1624 1624//1624 1625//1625
f 1624//1624 1625//1625 1626//1626
f 1626//1626 1625//1625 125//125
f 1626//1626 125//125 1626//1626
f 1626//1626 125//125 1627//1627
f 1626//1626 1627//1627 1628//1628
f 1628//1628 1627//1627 1628//1628
f 1628//1628 1628//1628 1625//1625
f 1625//1625 1628//1628 1625//1625
f 1625//1625 1625//1625 125//125
f 125//125 1625//1625 1629//1629
f 125//125 1629//1629 319//319
f 319//319 1629//1629 319//319
f 319//319 319//319 1630//1630
f 1630//1630 319//319 1630//1630
f 1630//1630 1630//1630 1631//1631
f 1631//1631 1630//1630 1632//1632
f 1631//1631 1632//1632 1633//1633
f 1633//1633 1632//1632 1633//1633
f 1633//1633 1633//1633 1634//1634
f 1634//1634 1633//1633 1634//1634
f 1634//1634 1634//1634 1635//1635
f 1635//1635 1634//1634 1636//1636
f 1635//1635 1636//1636 1635//1635
f 1635//1635 1636//1636 1637//1637
f 1635//1635 1637//1637 1635//1635
f 1635//1635 1637//1637 1638//1638
f 1635//1635 1638//1638 1635//1635
f 1635//1635 1638//1638 1639//1639
f 1635//1635 1639//1639 1635//1635
f 1635//1635 1639//1639 1640//1640
f 1635//1635 1640//1640 1641//1641
f 1641//1641 1640//1640 1642//1642
f 1641//1641 1642//1642 1641//1641
f 1641//1641 1642//1642 1643//1643
f 1641//1641 1643//1643 1641//1641
f 1641//1641 1643//1643 1644//1644
f 1641//1641 1644//1644 1641//1641
f 1641//1641 1644//1644 1645//1645
f 1641//1641 1645//1645 1646//1646
f 1646//1646 1645//1645 1172//1172
f 1646//1646 1172//1172 1647//1647
f 1647//1647 1172//1172 1647//1647
f 1647//1647 1647//1647 1645//1645
f 1645//1645 1647//1647 1645//1645
f 1645//1645 1645//1645 1172//1172
f 1172//1172 1645//1645 1648//1648
f 1172//1172 1648//1648 1576//1576
f 1576//1576 1648//1648 1649//1649
f 1576//1576 1649//1649 1649//1649
f 1649//1649 1649//1649 1635//1635
f 1649//1649 1635//1635 1635//1635
f 1635//1635 1635//1635 1650//1650
f 1635//1635 1650//1650 1634//1634
f 1634//1634 1650//1650 1650//1650
f 1634//1634 1650//1650 1651//1651
f 1651//1651 1650//1650 1652//1652
f 1651//1651 1652//1652 1653//1653
f 1653//1653 1652//1652 1653//1653
f 1653//1653 1653//1653 1650//1650
f 1650//1650 1653//1653 1650//1650
f 1650//1650 1650//1650 1652//1652
f 1652//1652 1650//1650 1654//1654
f 1652//1652 1654//1654 1655//1655
f 1655//1655 1654//1654 1655//1655
f 1655//1655 1655//1655 1656//1656
f 1656//1656 1655//1655 1656//1656
f 1656//1656 1656//1656 1657//1657
f 1657//1657 1656//1656 1658//1658
f 1657//1657 1658//1658 1659//1659
f 1659//1659 1658//1658 1658//1658
f 1659//1659 1658//1658 1660//1660
f 1660//1660 1658//1658 1658//1658
f 1660//1660 1658//1658 1661//1661
f 1661//1661 1658//1658 1658//1658
f 1661//1661 1658//1658 1662//1662
f 1662//1662 1658//1658 1663//1663
f 1662//1662 1663//1663 1664//1664
f 1664//1664 1663//1663 1663//1663
f 1664//1664 1663//1663 1665//1665
f 1665//1665 1663//1663 1663//1663
f 1665//1665 1663//1663 1666//1666
f 1666//1666 1663//1663 1663//1663
f 1666//1666 1663//1663 1667//1667
f 1667//1667 1663//1663 1663//1663
f 1667//1667 1663//1663 1668//1668
f 1668//1668 1663//1663 1669//1669
f 1668//1668 1669//1669 1669//1669
f 1669//1669 1669//1669 1670//1670
f 1669//1669 1670//1670 1670//1670
f 1670//1670 1670//1670 1671//1671
f 1670//1670 1671//1671 1672//1672
f 1672//1672 1671//1671 1671//1671
f 1672//1672 1671//1671 1673//1673
f 1673//1673 1671//1671 1674//1674
f 1673//1673 1674//1674 1673//1673
f 1673//1673 1674//1674 1675//1675
f 1673//1673 1675//1675 1673//1673
f 1673//1673 1675//1675 1676//1676
f 1673//1673 1676//1676 1677//1677
f 1677//1677 1676//1676 1678//1678
f 1677//1677 1678//1678 1678//1678
f 1678//1678 1678//1678 1679//1679
f 1678//1678 1679//1679 1679//1679
f 1679//1679 1679//1679 1673//1673
f 1679//1679 1673//1673 1680//1680
f 1680//1680 1673//1673 1677//1677
f 1680//1680 1677//1677 1677//1677
f 1677//1677 1677//1677 1673//1673
f 1677//1677 1673//1673 1673//1673
f 1673//1673 1673//1673 1681//1681
f 1673//1673 1681//1681 1672//1672
f 1672//1672 1681//1681 1682//1682
f 1672//1672 1682//1682 1682//1682
f 1682//1682 1682//1682 1670//1670
f 1682//1682 1670//1670 1670//1670
f 1670//1670 1670//1670 1672//1672
f 1670//1670 1672//1672 1683//1683
f 1683//1683 1672//1672 1684//1684
f 1683//1683 1684//1684 1685//1685
f 1685//1685 1684//1684 1686//1686
f 1685//1685 1686//1686 1686//1686
f 1686//1686 1686//1686 1672//1672
f 1686//1686 1672//1672 1672//1672
f 1672//1672 1672//1672 1687//1687
f 1672//1672 1687//1687 1684//1684
f 1684//1684 1687//1687 1688//1688
f 1684//1684 1688//1688 1689//1689
f 1689//1689 1688//1688 1690//1690
f 1689//1689 1690//1690 1690//1690
f 1690//1690 1690//1690 1689//1689
f 1690//1690 1689//1689 1689//1689
f 1689//1689 1689//1689 1691//1691
f 1689//1689 1691//1691 1684//1684
f 1684//1684 1691//1691 1692//1692
f 1684//1684 1692//1692 1684//1684
f 1684//1684 1692//1692 1693//1693
f 1684//1684 1693//1693 1686//1686
f 1686//1686 1693//1693 1694//1694
f 1686//1686 1694//1694 1695//1695
f 1695//1695 1694//1694 1696//1696
f 1695//1695 1696//1696 1696//1696
f 1696//1696 1696//1696 1697//1697
f 1696//1696 1697//1697 1697//1697
f 1697//1697 1697//1697 1698//1698
f 1697//1697 1698//1698 1699//1699
f 1699//1699 1698//1698 1700//1700
f 1699//1699 1700//1700 1700//1700
f 1700//1700 1700//1700 1701//1701
f 1700//1700 1701//1701 1701//1701
f 1701//1701 1701//1701 169//169
f 1701//1701 169//169 1702//1702
f 1702//1702 169//169 169//169
f 1702//1702 169//169 1703//1703
f 1703//1703 169//169 166//166
f 1703//1703 166//166 166//166
f 166//166 166//166 170//170
f 166//166 170//170 170//170
f 170//170 170//170 169//169
f 170//170 169//169 1704//1704
f 1704//1704 169//169 1705//1705
f 1704//1704 1705//1705 1706//1706
f 1706//1706 1705//1705 1706//1706
f 1706//1706 1706//1706 1707//1707
f 1707//1707 1706//1706 1707//1707
f 1707//1707 1707//1707 1708//1708
f 1708//1708 1707//1707 1701//1701
f 1708//1708 1701//1701 166//166
f 166//166 1701//1701 166//166
f 166//166 166//166 1707//1707
f 1707//1707 166//166 1707//1707
f 1707//1707 1707//1707 1701//1701
f 1701//1701 1707//1707 1709//1709
f 1701//1701 1709//1709 169//169
f 169//169 1709//1709 1709//1709
f 169//169 1709//1709 1705//1705
f 1705//1705 1709//1709 1709//1709
f 1705//1705 1709//1709 1710//1710
f 1710//1710 1709//1709 1709//1709
f 1710//1710 1709//1709 1711//1711
f 1711//1711 1709//1709 1709//1709
f 1711//1711 1709//1709 1712//1712
f 1712//1712 1709//1709 1713//1713
f 1712//1712 1713//1713 1713//1713
f 1713//1713 1713//1713 165//165
f 1713//1713 165//165 165//165
f 165//165 165//165 188//188
f 165//165 188//188 166//166
f 166//166 188//188 188//188
f 166//166 188//188 1708//1708
f 1708//1708 188//188 188//188
f 1708//1708 188//188 1714//1714
f 1714//1714 188//188 1715//1715
f 1714//1714 1715//1715 1714//1714
f 1714//1714 1715//1715 1716//1716
f 1714//1714 1716//1716 1714//1714
f 1714//1714 1716//1716 1717//1717
f 1714//1714 1717//1717 1714//1714
f 1714//1714 1717//1717 1718//1718
f 1714//1714 1718//1718 1719//1719
f 1719//1719 1718//1718 1719//1719
f 1719//1719 1719//1719 1720//1720
f 1720//1720 1719//1719 1720//1720
f 1720//1720 1720//1720 1721//1721
f 1721//1721 1720//1720 1722//1722
f 1721//1721 1722//1722 1723//1723
f 1723//1723 1722//1722 1723//1723
f 1723//1723 1723//1723 1724//1724
f 1724//1724 1723//1723 1724//1724
f 1724//1724 1724//1724 1725//1725
f 1725//1725 1724//1724 1461//1461
f 1725//1725 1461//1461 1726//1726
f 1726//1726 1461//1461 1727//1727
f 1726//1726 1727//1727 1728//1728
f 1728//1728 1727//1727 1729//1729
f 1728//1728 1729//1729 1730//1730
f 1730//1730 1729//1729 1731//1731
f 1730//1730 1731//1731 1732//1732
f 1732//1732 1731//1731 1733//1733
f 1732//1732 1733//1733 1733//1733
f 1733//1733 1733//1733 1461//1461
f 1733//1733 1461//1461 1461//1461
f 1461//1461 1461//1461 1464//1464
f 1461//1461 1464//1464 1727//1727
f 1727//1727 1464//1464 1734//1734
f 1727//1727 1734//1734 1735//1735
f 1735//1735 1734//1734 1736//1736
f 1735//1735 1736//1736 1736//1736
f 1736//1736 1736//1736 1729//1729
f 1736//1736 1729//1729 1729//1729
f 1729//1729 1729//1729 1727//1727
f 1729//1729 1727//1727 1737//1737
f 1737//1737 1727//1727 1735//1735
f 1737//1737 1735//1735 1735//1735
f 1735//1735 1735//1735 1464//1464
f 1735//1735 1464//1464 1464//1464
f 1464//1464 1464//1464 1468//1468
f 1464//1464 1468//1468 1734//1734
f 1734//1734 1468//1468 1738//1738
f 1734//1734 1738//1738 1734//1734
f 1734//1734 1738//1738 1739//1739
f 1734//1734 1739//1739 1734//1734
f 1734//1734 1739//1739 1740//1740
f 1734//1734 1740//1740 1741//1741
f 1741//1741 1740//1740 1742//1742
f 1741//1741 1742//1742 1743//1743
f 1743//1743 1742//1742 1744//1744
f 1743//1743 1744//1744 1743//1743
f 1743//1743 1744//1744 1745//1745
f 1743//1743 1745//1745 1743//1743
f 1743//1743 1745//1745 1746//1746
f 1743//1743 1746//1746 1743//1743
f 1743//1743 1746//1746 1747//1747
f 1743//1743 1747//1747 1743//1743
f 1743//1743 1747//1747 1748//1748
f 1743//1743 1748//1748 1749//1749
f 1749//1749 1748//1748 1750//1750
f 1749//1749 1750//1750 1751//1751
f 1751//1751 1750//1750 1752//1752
f 1751//1751 1752//1752 1752//1752
f 1752//1752 1752//1752 1736//1736
f 1752//1752 1736//1736 1736//1736
f 1736//1736 1736//1736 1734//1734
f 1736//1736 1734//1734 1753//1753
f 1753//1753 1734//1734 1741//1741
f 1753//1753 1741//1741 1754//1754
f 1754//1754 1741//1741 1754//1754
f 1754//1754 1754//1754 1743//1743
f 1743//1743 1754//1754 1743//1743
f 1743//1743 1743//1743 1755//1755
f 1755//1755 1743//1743 1749//1749
f 1755//1755 1749//1749 1749//1749
f 1749//1749 1749//1749 1751//1751
f 1749//1749 1751//1751 1751//1751
f 1751//1751 1751//1751 1756//1756
f 1751//1751 1756//1756 1749//1749
f 1749//1749 1756//1756 1756//1756
f 1749//1749 1756//1756 1757//1757
f 1757//1757 1756//1756 1756//1756
f 1757//1757 1756//1756 1758//1758
f 1758//1758 1756//1756 1756//1756
f 1758//1758 1756//1756 1759//1759
f 1759//1759 1756//1756 1756//1756
f 1759//1759 1756//1756 1760//1760
f 1760//1760 1756//1756 1761//1761
f 1760//1760 1761//1761 1762//1762
f 1762//1762 1761//1761 1761//1761
f 1762//1762 1761//1761 1763//1763
f 1763//1763 1761//1761 1764//1764
f 1763//1763 1764//1764 1765//1765
f 1765//1765 1764//1764 1765//1765
f 1765//1765 1765//1765 1764//1764
f 1764//1764 1765//1765 1764//1764
f 1764//1764 1764//1764 1766//1766
f 1766//1766 1764//1764 1761//1761
f 1766//1766 1761//1761 1767//1767
f 1767//1767 1761//1761 1761//1761
f 1767//1767 1761//1761 1768//1768
f 1768//1768 1761//1761 1769//1769
f 1768//1768 1769//1769 1770//1770
f 1770//1770 1769//1769 1769//1769
f 1770//1770 1769//1769 1771//1771
f 1771//1771 1769//1769 1769//1769
f 1771//1771 1769//1769 1772//1772
f 1772//1772 1769//1769 1773//1773
f 1772//1772 1773//1773 1774//1774
f 1774//1774 1773//1773 1775//1775
f 1774//1774 1775//1775 1774//1774
f 1774//1774 1775//1775 1776//1776
f 1774//1774 1776//1776 1777//1777
f 1777//1777 1776//1776 1778//1778
f 1777//1777 1778//1778 1779//1779
f 1779//1779 1778//1778 1780//1780
f 1779//1779 1780//1780 1781//1781
f 1781//1781 1780//1780 1782//1782
f 1781//1781 1782//1782 1783//1783
f 1783//1783 1782//1782 1783//1783
f 1783//1783 1783//1783 1761//1761
f 1761//1761 1783//1783 1761//1761
f 1761//1761 1761//1761 1769//1769
f 1769//1769 1761//1761 1756//1756
f 1769//1769 1756//1756 1773//1773
f 1773//1773 1756//1756 1751//1751
f 1773//1773 1751//1751 1784//1784
f 1784//1784 1751//1751 1751//1751
f 1784//1784 1751//1751 1785//1785
f 1785//1785 1751//1751 1751//1751
f 1785//1785 1751//1751 1786//1786
f 1786//1786 1751//1751 1751//1751
f 1786//1786 1751//1751 1787//1787
f 1787//1787 1751//1751 1751//1751
f 1787//1787 1751//1751 1788//1788
f 1788//1788 1751//1751 1752//1752
f 1788//1788 1752//1752 1789//1789
f 1789//1789 1752//1752 1752//1752
f 1789//1789 1752//1752 1790//1790
f 1790//1790 1752//1752 1791//1791
f 1790//1790 1791//1791 1791//1791
f 1791//1791 1791//1791 1775//1775
f 1791//1791 1775//1775 1775//1775
f 1775//1775 1775//1775 1773//1773
f 1775//1775 1773//1773 1792//1792
f 1792//1792 1773//1773 1773//1773
f 1792//1792 1773//1773 1793//1793
f 1793//1793 1773//1773 1784//1784
f 1793//1793 1784//1784 1784//1784
f 1784//1784 1784//1784 1794//1794
f 1784//1784 1794//1794 1794//1794
f 1794//1794 1794//1794 1795//1795
f 1794//1794 1795//1795 1796//1796
f 1796//1796 1795//1795 1797//1797
f 1796//1796 1797//1797 1796//1796
f 1796//1796 1797//1797 1798//1798
f 1796//1796 1798//1798 1799//1799
f 1799//1799 1798//1798 1800//1800
f 1799//1799 1800//1800 1800//1800
f 1800//1800 1800//1800 1801//1801
f 1800//1800 1801//1801 1801//1801
f 1801//1801 1801//1801 1802//1802
f 1801//1801 1802//1802 1803//1803
f 1803//1803 1802//1802 1802//1802
f 1803//1803 1802//1802 1804//1804
f 1804//1804 1802//1802 1805//1805
f 1804//1804 1805//1805 1806//1806
f 1806//1806 1805//1805 1807//1807
f 1806//1806 1807//1807 1806//1806
f 1806//1806 1807//1807 1808//1808
f 1806//1806 1808//1808 1806//1806
f 1806//1806 1808//1808 1809//1809
f 1806//1806 1809//1809 1810//1810
f 1810//1810 1809//1809 1811//1811
f 1810//1810 1811//1811 1811//1811
f 1811//1811 1811//1811 1802//1802
f 1811//1811 1802//1802 1802//1802
f 1802//1802 1802//1802 1812//1812
f 1802//1802 1812//1812 1805//1805
f 1805//1805 1812//1812 1805//1805
f 1805//1805 1805//1805 1804//1804
f 1804//1804 1805//1805 1804//1804
f 1804//1804 1804//1804 1813//1813
f 1813//1813 1804//1804 1806//1806
f 1813//1813 1806//1806 1814//1814
f 1814//1814 1806//1806 1810//1810
f 1814//1814 1810//1810 1815//1815
f 1815//1815 1810//1810 1815//1815
f 1815//1815 1815//1815 1816//1816
f 1816//1816 1815//1815 1816//1816
f 1816//1816 1816//1816 1817//1817
f 1817//1817 1816//1816 1677//1677
f 1817//1817 1677//1677 1817//1817
f 1817//1817 1677//1677 1678//1678
f 1817//1817 1678//1678 1818//1818
f 1818//1818 1678//1678 1818//1818
f 1818//1818 1818//1818 1819//1819
f 1819//1819 1818//1818 1819//1819
f 1819//1819 1819//1819 1820//1820
f 1820//1820 1819//1819 1821//1821
f 1820//1820 1821//1821 1820//1820
f 1820//1820 1821//1821 1822//1822
f 1820//1820 1822//1822 1823//1823
f 1823//1823 1822//1822 1823//1823
f 1823//1823 1823//1823 1824//1824
f 1824//1824 1823//1823 1824//1824
f 1824//1824 1824//1824 1825//1825
f 1825//1825 1824//1824 1826//1826
f 1825//1825 1826//1826 1827//1827
f 1827//1827 1826//1826 1828//1828
f 1827//1827 1828//1828 1829//1829
f 1829//1829 1828//1828 1828//1828
f 1829//1829 1828//1828 1830//1830
f 1830//1830 1828//1828 1831//1831
f 1830//1830 1831//1831 1831//1831
f 1831//1831 1831//1831 1826//1826
f 1831//1831 1826//1826 1826//1826
f 1826//1826 1826//1826 1832//1832
f 1826//1826 1832//1832 1828//1828
f 1828//1828 1832//1832 1832//1832
f 1828//1828 1832//1832 1833//1833
f 1833//1833 1832//1832 1834//1834
f 1833//1833 1834//1834 1835//1835
f 1835//1835 1834//1834 1836//1836
f 1835//1835 1836//1836 1837//1837
f 1837//1837 1836//1836 1836//1836
f 1837//1837 1836//1836 1838//1838
f 1838//1838 1836//1836 1839//1839
f 1838//1838 1839//1839 1838//1838
f 1838//1838 1839//1839 1840//1840
f 1838//1838 1840//1840 1841//1841
f 1841//1841 1840//1840 1842//1842
f 1841//1841 1842//1842 1843//1843
f 1843//1843 1842//1842 1842//1842
f 1843//1843 1842//1842 1844//1844
f 1844//1844 1842//1842 1842//1842
f 1844//1844 1842//1842 1845//1845
f 1845//1845 1842//1842 1842//1842
f 1845//1845 1842//1842 1846//1846
f 1846//1846 1842//1842 1847//1847
f 1846//1846 1847//1847 1848//1848
f 1848//1848 1847//1847 1848//1848
f 1848//1848 1848//1848 1849//1849
f 1849//1849 1848//1848 1849//1849
f 1849//1849 1849//1849 1850//1850
f 1850//1850 1849//1849 1851//1851
f 1850//1850 1851//1851 1852//1852
f 1852//1852 1851//1851 1852//1852
f 1852//1852 1852//1852 1853//1853
f 1853//1853 1852//1852 1853//1853
f 1853//1853 1853//1853 1854//1854
f 1854//1854 1853//1853 1855//1855
f 1854//1854 1855//1855 1856//1856
f 1856//1856 1855//1855 1856//1856
f 1856//1856 1856//1856 1857//1857
f 1857//1857 1856//1856 1857//1857
f 1857//1857 1857//1857 1858//1858
f 1858//1858 1857//1857 1859//1859
f 1858//1858 1859//1859 1859//1859
f 1859//1859 1859//1859 1860//1860
f 1859//1859 1860//1860 1860//1860
f 1860//1860 1860//1860 1861//1861
f 1860//1860 1861//1861 1862//1862
f 1862//1862 1861//1861 1863//1863
f 1862//1862 1863//1863 1863//1863
f 1863//1863 1863//1863 1864//1864
f 1863//1863 1864//1864 1864//1864
f 1864//1864 1864//1864 1865//1865
f 1864//1864 1865//1865 1866//1866
f 1866//1866 1865//1865 1866//1866
f 1866//1866 1866//1866 1867//1867
f 1867//1867 1866//1866 1867//1867
f 1867//1867 1867//1867 1868//1868
f 1868//1868 1867//1867 1869//1869
f 1868//1868 1869//1869 1870//1870
f 1870//1870 1869//1869 1871//1871
f 1870//1870 1871//1871 1872//1872
f 1872//1872 1871//1871 1871//1871
f 1872//1872 1871//1871 1873//1873
f 1873//1873 1871//1871 1874//1874
f 1873//1873 1874//1874 1875//1875
f 1875//1875 1874//1874 1875//1875
f 1875//1875 1875//1875 1872//1872
f 1872//1872 1875//1875 1872//1872
f 1872//1872 1872//1872 1870//1870
f 1870//1870 1872//1872 1876//1876
f 1870//1870 1876//1876 1870//1870
f 1870//1870 1876//1876 1877//1877
f 1870//1870 1877//1877 1870//1870
f 1870//1870 1877//1877 1878//1878
f 1870//1870 1878//1878 1879//1879
f 1879//1879 1878//1878 1880//1880
f 1879//1879 1880//1880 1879//1879
f 1879//1879 1880//1880 1881//1881
f 1879//1879 1881//1881 1882//1882
f 1882//1882 1881//1881 1881//1881
f 1882//1882 1881//1881 1883//1883
f 1883//1883 1881//1881 1884//1884
f 1883//1883 1884//1884 1884//1884
f 1884//1884 1884//1884 1879//1879
f 1884//1884 1879//1879 1879//1879
f 1879//1879 1879//1879 1885//1885
f 1879//1879 1885//1885 1870//1870
f 1870//1870 1885//1885 1886//1886
f 1870//1870 1886//1886 1870//1870
f 1870//1870 1886//1886 1887//1887
f 1870//1870 1887//1887 1870//1870
f 1870//1870 1887//1887 1888//1888
f 1870//1870 1888//1888 1870//1870
f 1870//1870 1888//1888 1889//1889
f 1870//1870 1889//1889 1868//1868
f 1868//1868 1889//1889 1890//1890
f 1868//1868 1890//1890 733//733
f 733//733 1890//1890 1891//1891
f 733//733 1891//1891 733//733
f 733//733 1891//1891 1892//1892
f 733//733 1892//1892 733//733
f 733//733 1892//1892 1893//1893
f 733//733 1893//1893 733//733
f 733//733 1893//1893 1894//1894
f 733//733 1894//1894 736//736
f 736//736 1894//1894 736//736
f 736//736 736//736 733//733
f 733//733 736//736 733//733
f 733//733 733//733 1868//1868
f 1868//1868 733//733 729//729
f 1868//1868 729//729 1895//1895
f 1895//1895 729//729 729//729
f 1895//1895 729//729 1896//1896
f 1896//1896 729//729 729//729
f 1896//1896 729//729 1897//1897
f 1897//1897 729//729 729//729
f 1897//1897 729//729 1898//1898
f 1898//1898 729//729 718//718
f 1898//1898 718//718 1899//1899
f 1899//1899 718//718 718//718
f 1899//1899 718//718 1900//1900
f 1900//1900 718//718 718//718
f 1900//1900 718//718 1901//1901
f 1901//1901 718//718 722//722
f 1901//1901 722//722 1902//1902
f 1902//1902 722//722 722//722
f 1902//1902 722//722 1903//1903
f 1903//1903 722//722 722//722
f 1903//1903 722//722 1904//1904
f 1904//1904 722//722 1905//1905
f 1904//1904 1905//1905 1906//1906
f 1906//1906 1905//1905 1907//1907
f 1906//1906 1907//1907 1908//1908
f 1908//1908 1907//1907 1908//1908
f 1908//1908 1908//1908 1895//1895
f 1895//1895 1908//1908 1895//1895
f 1895//1895 1895//1895 1868//1868
f 1868//1868 1895//1895 1909//1909
f 1868//1868 1909//1909 1910//1910
f 1910//1910 1909//1909 1910//1910
f 1910//1910 1910//1910 1903//1903
f 1903//1903 1910//1910 1903//1903
f 1903//1903 1903//1903 1902//1902
f 1902//1902 1903//1903 1911//1911
f 1902//1902 1911//1911 1912//1912
f 1912//1912 1911//1911 1911//1911
f 1912//1912 1911//1911 1913//1913
f 1913//1913 1911//1911 1911//1911
f 1913//1913 1911//1911 1914//1914
f 1914//1914 1911//1911 1911//1911
f 1914//1914 1911//1911 1915//1915
f 1915//1915 1911//1911 1916//1916
f 1915//1915 1916//1916 1917//1917
f 1917//1917 1916//1916 1918//1918
f 1917//1917 1918//1918 1917//1917
f 1917//1917 1918//1918 1919//1919
f 1917//1917 1919//1919 1920//1920
f 1920//1920 1919//1919 1921//1921
f 1920//1920 1921//1921 1920//1920
f 1920//1920 1921//1921 1922//1922
f 1920//1920 1922//1922 1923//1923
f 1923//1923 1922//1922 1924//1924
f 1923//1923 1924//1924 1925//1925
f 1925//1925 1924//1924 1926//1926
f 1925//1925 1926//1926 1925//1925
f 1925//1925 1926//1926 1927//1927
f 1925//1925 1927//1927 1928//1928
f 1928//1928 1927//1927 1929//1929
f 1928//1928 1929//1929 1928//1928
f 1928//1928 1929//1929 1930//1930
f 1928//1928 1930//1930 1931//1931
f 1931//1931 1930//1930 1932//1932
f 1931//1931 1932//1932 1931//1931
f 1931//1931 1932//1932 1933//1933
f 1931//1931 1933//1933 1931//1931
f 1931//1931 1933//1933 1934//1934
f 1931//1931 1934//1934 1931//1931
f 1931//1931 1934//1934 1935//1935
f 1931//1931 1935//1935 1936//1936
f 1936//1936 1935//1935 1937//1937
f 1936//1936 1937//1937 1937//1937
f 1937//1937 1937//1937 1938//1938
f 1937//1937 1938//1938 1938//1938
f 1938//1938 1938//1938 1939//1939
f 1938//1938 1939//1939 1936//1936
f 1936//1936 1939//1939 1940//1940
f 1936//1936 1940//1940 1931//1931
f 1931//1931 1940//1940 1931//1931
f 1931//1931 1931//1931 1941//1941
f 1941//1941 1931//1931 1941//1941
f 1941//1941 1941//1941 1931//1931
f 1931//1931 1941//1941 1942//1942
f 1931//1931 1942//1942 1931//1931
f 1931//1931 1942//1942 1943//1943
f 1931//1931 1943//1943 1931//1931
f 1931//1931 1943//1943 1944//1944
f 1931//1931 1944//1944 1931//1931
f 1931//1931 1944//1944 1945//1945
f 1931//1931 1945//1945 1931//1931
f 1931//1931 1945//1945 1946//1946
f 1931//1931 1946//1946 1928//1928
f 1928//1928 1946//1946 1947//1947
f 1928//1928 1947//1947 1928//1928
f 1928//1928 1947//1947 1948//1948
f 1928//1928 1948//1948 1949//1949
f 1949//1949 1948//1948 1950//1950
f 1949//1949 1950//1950 1949//1949
f 1949//1949 1950//1950 1951//1951
f 1949//1949 1951//1951 1952//1952
f 1952//1952 1951//1951 1951//1951
f 1952//1952 1951//1951 1953//1953
f 1953//1953 1951//1951 1954//1954
f 1953//1953 1954//1954 1955//1955
f 1955//1955 1954//1954 1954//1954
f 1955//1955 1954//1954 1956//1956
f 1956//1956 1954//1954 1957//1957
f 1956//1956 1957//1957 1958//1958
f 1958//1958 1957//1957 1957//1957
f 1958//1958 1957//1957 1959//1959
f 1959//1959 1957//1957 1960//1960
f 1959//1959 1960//1960 1959//1959
f 1959//1959 1960//1960 1961//1961
f 1959//1959 1961//1961 1962//1962
f 1962//1962 1961//1961 1963//1963
f 1962//1962 1963//1963 1964//1964
f 1964//1964 1963//1963 1964//1964
f 1964//1964 1964//1964 1952//1952
f 1952//1952 1964//1964 1952//1952
f 1952//1952 1952//1952 1949//1949
f 1949//1949 1952//1952 1965//1965
f 1949//1949 1965//1965 1949//1949
f 1949//1949 1965//1965 1966//1966
f 1949//1949 1966//1966 1949//1949
f 1949//1949 1966//1966 1967//1967
f 1949//1949 1967//1967 1928//1928
f 1928//1928 1967//1967 1967//1967
f 1928//1928 1967//1967 1925//1925
f 1925//1925 1967//1967 1968//1968
f 1925//1925 1968//1968 1923//1923
f 1923//1923 1968//1968 1923//1923
f 1923//1923 1923//1923 1969//1969
f 1969//1969 1923//1923 1969//1969
f 1969//1969 1969//1969 1962//1962
f 1962//1962 1969//1969 1959//1959
f 1962//1962 1959//1959 1959//1959
f 1959//1959 1959//1959 1967//1967
f 1959//1959 1967//1967 1967//1967
f 1967//1967 1967//1967 1970//1970
f 1967//1967 1970//1970 1968//1968
f 1968//1968 1970//1970 1968//1968
f 1968//1968 1968//1968 1971//1971
f 1971//1971 1968//1968 1971//1971
f 1971//1971 1971//1971 1972//1972
f 1972//1972 1971//1971 1973//1973
f 1972//1972 1973//1973 1973//1973
f 1973//1973 1973//1973 92//92
f 1973//1973 92//92 92//92
f 92//92 92//92 93//93
f 92//92 93//93 1974//1974
f 1974//1974 93//93 94//94
f 1974//1974 94//94 94//94
f 94//94 94//94 1974//1974
f 94//94 1974//1974 1974//1974
f 1974//1974 1974//1974 1975//1975
f 1974//1974 1975//1975 92//92
f 92//92 1975//1975 1975//1975
f 92//92 1975//1975 1976//1976
f 1976//1976 1975//1975 1977//1977
f 1976//1976 1977//1977 1013//1013
f 1013//1013 1977//1977 1978//1978
f 1013//1013 1978//1978 1014//1014
f 1014//1014 1978//1978 1979//1979
f 1014//1014 1979//1979 1980//1980
f 1980//1980 1979//1979 1981//1981
f 1980//1980 1981//1981 1366//1366
f 1366//1366 1981//1981 1366//1366
f 1366//1366 1366//1366 1014//1014
f 1014//1014 1366//1366 1014//1014
f 1014//1014 1014//1014 1016//1016
f 1016//1016 1014//1014 1980//1980
f 1016//1016 1980//1980 1016//1016
f 1016//1016 1980//1980 1982//1982
f 1016//1016 1982//1982 1983//1983
f 1983//1983 1982//1982 1984//1984
f 1983//1983 1984//1984 1985//1985
f 1985//1985 1984//1984 1986//1986
f 1985//1985 1986//1986 1987//1987
f 1987//1987 1986//1986 1987//1987
f 1987//1987 1987//1987 1988//1988
f 1988//1988 1987//1987 1988//1988
f 1988//1988 1988//1988 1989//1989
f 1989//1989 1988//1988 1986//1986
f 1989//1989 1986//1986 1990//1990
f 1990//1990 1986//1986 1984//1984
f 1990//1990 1984//1984 1984//1984
f 1984//1984 1984//1984 1984//1984
f 1984//1984 1984//1984 1984//1984
f 1984//1984 1984//1984 1982//1982
f 1984//1984 1982//1982 1991//1991
f 1991//1991 1982//1982 1980//1980
f 1991//1991 1980//1980 1992//1992
f 1992//1992 1980//1980 1366//1366
f 1992//1992 1366//1366 1993//1993
f 1993//1993 1366//1366 1365//1365
f 1993//1993 1365//1365 1993//1993
f 1993//1993 1365//1365 1416//1416
f 1993//1993 1416//1416 1994//1994
f 1994//1994 1416//1416 1370//1370
f 1994//1994 1370//1370 1370//1370
f 1370//1370 1370//1370 1992//1992
f 1370//1370 1992//1992 1992//1992
f 1992//1992 1992//1992 1993//1993
f 1992//1992 1993//1993 1995//1995
f 1995//1995 1993//1993 1993//1993
f 1995//1995 1993//1993 1996//1996
f 1996//1996 1993//1993 1994//1994
f 1996//1996 1994//1994 1994//1994
f 1994//1994 1994//1994 1992//1992
f 1994//1994 1992//1992 1992//1992
f 1992//1992 1992//1992 1995//1995
f 1992//1992 1995//1995 1991//1991
f 1991//1991 1995//1995 1997//1997
f 1991//1991 1997//1997 1998//1998
f 1998//1998 1997//1997 1999//1999
f 1998//1998 1999//1999 1990//1990
f 1990//1990 1999//1999 1999//1999
f 1990//1990 1999//1999 2000//2000
f 2000//2000 1999//1999 2001//2001
f 2000//2000 2001//2001 2002//2002
f 2002//2002 2001//2001 2003//2003
f 2002//2002 2003//2003 2004//2004
f 2004//2004 2003//2003 2003//2003
f 2004//2004 2003//2003 2005//2005
f 2005//2005 2003//2003 2003//2003
f 2005//2005 2003//2003 2006//2006
f 2006//2006 2003//2003 2003//2003
f 2006//2006 2003//2003 2007//2007
f 2007//2007 2003//2003 2003//2003
f 2007//2007 2003//2003 2008//2008
f 2008//2008 2003//2003 2009//2009
f 2008//2008 2009//2009 2010//2010
f 2010//2010 2009//2009 2009//2009
f 2010//2010 2009//2009 2011//2011
f 2011//2011 2009//2009 2009//2009
f 2011//2011 2009//2009 2012//2012
f 2012//2012 2009//2009 2013//2013
f 2012//2012 2013//2013 2014//2014
f 2014//2014 2013//2013 2013//2013
f 2014//2014 2013//2013 2015//2015
f 2015//2015 2013//2013 2013//2013
f 2015//2015 2013//2013 2016//2016
f 2016//2016 2013//2013 2013//2013
f 2016//2016 2013//2013 2017//2017
f 2017//2017 2013//2013 2018//2018
f 2017//2017 2018//2018 2019//2019
f 2019//2019 2018//2018 2018//2018
f 2019//2019 2018//2018 2020//2020
f 2020//2020 2018//2018 2018//2018
f 2020//2020 2018//2018 2021//2021
f 2021//2021 2018//2018 2018//2018
f 2021//2021 2018//2018 2022//2022
f 2022//2022 2018//2018 2023//2023
f 2022//2022 2023//2023 2024//2024
f 2024//2024 2023//2023 2025//2025
f 2024//2024 2025//2025 2026//2026
f 2026//2026 2025//2025 2025//2025
f 2026//2026 2025//2025 2027//2027
f 2027//2027 2025//2025 2025//2025
f 2027//2027 2025//2025 2028//2028
f 2028//2028 2025//2025 2025//2025
f 2028//2028 2025//2025 2029//2029
f 2029//2029 2025//2025 2025//2025
f 2029//2029 2025//2025 2030//2030
f 2030//2030 2025//2025 2031//2031
f 2030//2030 2031//2031 2032//2032
f 2032//2032 2031//2031 2031//2031
f 2032//2032 2031//2031 2033//2033
f 2033//2033 2031//2031 2031//2031
f 2033//2033 2031//2031 2034//2034
f 2034//2034 2031//2031 2025//2025
f 2034//2034 2025//2025 2034//2034
f 2034//2034 2025//2025 2023//2023
f 2034//2034 2023//2023 2035//2035
f 2035//2035 2023//2023 2018//2018
f 2035//2035 2018//2018 2036//2036
f 2036//2036 2018//2018 2013//2013
f 2036//2036 2013//2013 2037//2037
f 2037//2037 2013//2013 2009//2009
f 2037//2037 2009//2009 2038//2038
f 2038//2038 2009//2009 2003//2003
f 2038//2038 2003//2003 2038//2038
f 2038//2038 2003//2003 2001//2001
f 2038//2038 2001//2001 2039//2039
f 2039//2039 2001//2001 1997//1997
f 2039//2039 1997//1997 2040//2040
f 2040//2040 1997//1997 1995//1995
f 2040//2040 1995//1995 1995//1995
f 1995//1995 1995//1995 1991//1991
f 1995//1995 1991//1991 1991//1991
f 1991//1991 1991//1991 1998//1998
f 1991//1991 1998//1998 1984//1984
f 1984//1984 1998//1998 1990//1990
f 1984//1984 1990//1990 1990//1990
f 1990//1990 1990//1990 1999//1999
f 1990//1990 1999//1999 1999//1999
f 1999//1999 1999//1999 1997//1997
f 1999//1999 1997//1997 2001//2001
f 2001//2001 1997//1997 2001//2001
f 2001//2001 2001//2001 2040//2040
f 2040//2040 2001//2001 2040//2040
f 2040//2040 2040//2040 2039//2039
f 2039//2039 2040//2040 2041//2041
f 2039//2039 2041//2041 2038//2038
f 2038//2038 2041//2041 2041//2041
f 2038//2038 2041//2041 2037//2037
f 2037//2037 2041//2041 2042//2042
f 2037//2037 2042//2042 2037//2037
f 2037//2037 2042//2042 2043//2043
f 2037//2037 2043//2043 2036//2036
f 2036//2036 2043//2043 2044//2044
f 2036//2036 2044//2044 2035//2035
f 2035//2035 2044//2044 2045//2045
f 2035//2035 2045//2045 2046//2046
f 2046//2046 2045//2045 2047//2047
f 2046//2046 2047//2047 2046//2046
f 2046//2046 2047//2047 2048//2048
f 2046//2046 2048//2048 2034//2034
f 2034//2034 2048//2048 2033//2033
f 2034//2034 2033//2033 2033//2033
f 2033//2033 2033//2033 2035//2035
f 2033//2033 2035//2035 2035//2035
f 2035//2035 2035//2035 2046//2046
f 2035//2035 2046//2046 2034//2034
f 2034//2034 2046//2046 2034//2034
f 2034//2034 2034//2034 2047//2047
f 2047//2047 2034//2034 2047//2047
f 2047//2047 2047//2047 2049//2049
f 2049//2049 2047//2047 2045//2045
f 2049//2049 2045//2045 2049//2049
f 2049//2049 2045//2045 2044//2044
f 2049//2049 2044//2044 2050//2050
f 2050//2050 2044//2044 2043//2043
f 2050//2050 2043//2043 2051//2051
f 2051//2051 2043//2043 2052//2052
f 2051//2051 2052//2052 2051//2051
f 2051//2051 2052//2052 2041//2041
f 2051//2051 2041//2041 2051//2051
f 2051//2051 2041//2041 2040//2040
f 2051//2051 2040//2040 2051//2051
f 2051//2051 2040//2040 1995//1995
f 2051//2051 1995//1995 2051//2051
f 2051//2051 1995//1995 1996//1996
f 2051//2051 1996//1996 2053//2053
f 2053//2053 1996//1996 1994//1994
f 2053//2053 1994//1994 2054//2054
f 2054//2054 1994//1994 1370//1370
f 2054//2054 1370//1370 1370//1370
f 1370//1370 1370//1370 2054//2054
f 1370//1370 2054//2054 2054//2054
f 2054//2054 2054//2054 2055//2055
f 2054//2054 2055//2055 2053//2053
f 2053//2053 2055//2055 2055//2055
f 2053//2053 2055//2055 2051//2051
f 2051//2051 2055//2055 2056//2056
f 2051//2051 2056//2056 2050//2050
f 2050//2050 2056//2056 2050//2050
f 2050//2050 2050//2050 2056//2056
f 2056//2056 2050//2050 2056//2056
f 2056//2056 2056//2056 2057//2057
f 2057//2057 2056//2056 2055//2055
f 2057//2057 2055//2055 2057//2057
f 2057//2057 2055//2055 2054//2054
f 2057//2057 2054//2054 2058//2058
f 2058//2058 2054//2054 2054//2054
f 2058//2058 2054//2054 2059//2059
f 2059//2059 2054//2054 2054//2054
f 2059//2059 2054//2054 2060//2060
f 2060//2060 2054//2054 2061//2061
f 2060//2060 2061//2061 2062//2062
f 2062//2062 2061//2061 2061//2061
f 2062//2062 2061//2061 2063//2063
f 2063//2063 2061//2061 2061//2061
f 2063//2063 2061//2061 2064//2064
f 2064//2064 2061//2061 2061//2061
f 2064//2064 2061//2061 2065//2065
f 2065//2065 2061//2061 2061//2061
f 2065//2065 2061//2061 2066//2066
f 2066//2066 2061//2061 2067//2067
f 2066//2066 2067//2067 2068//2068
f 2068//2068 2067//2067 2069//2069
f 2068//2068 2069//2069 2070//2070
f 2070//2070 2069//2069 2071//2071
f 2070//2070 2071//2071 2071//2071
f 2071//2071 2071//2071 2067//2067
f 2071//2071 2067//2067 2067//2067
f 2067//2067 2067//2067 2061//2061
f 2067//2067 2061//2061 2072//2072
f 2072//2072 2061//2061 2061//2061
f 2072//2072 2061//2061 2073//2073
f 2073//2073 2061//2061 2074//2074
f 2073//2073 2074//2074 2075//2075
f 2075//2075 2074//2074 2074//2074
f 2075//2075 2074//2074 2076//2076
f 2076//2076 2074//2074 1378//1378
f 2076//2076 1378//1378 2077//2077
f 2077//2077 1378//1378 1378//1378
f 2077//2077 1378//1378 2078//2078
f 2078//2078 1378//1378 1378//1378
f 2078//2078 1378//1378 2079//2079
f 2079//2079 1378//1378 1378//1378
f 2079//2079 1378//1378 2080//2080
f 2080//2080 1378//1378 1378//1378
f 2080//2080 1378//1378 2081//2081
f 2081//2081 1378//1378 1379//1379
f 2081//2081 1379//1379 1379//1379
f 1379//1379 1379//1379 2061//2061
f 1379//1379 2061//2061 2061//2061
f 2061//2061 2061//2061 2054//2054
f 2061//2061 2054//2054 2074//2074
f 2074//2074 2054//2054 1370//1370
f 2074//2074 1370//1370 1378//1378
f 1378//1378 1370//1370 1378//1378
f 1378//1378 1378//1378 2082//2082
f 2082//2082 1378//1378 2082//2082
f 2082//2082 2082//2082 2083//2083
f 2083//2083 2082//2082 1360//1360
f 2083//2083 1360//1360 1361//1361
f 1361//1361 1360//1360 1361//1361
f 1361//1361 1361//1361 1360//1360
f 1360//1360 1361//1361 1360//1360
f 1360//1360 1360//1360 1358//1358
f 1358//1358 1360//1360 2082//2082
f 1358//1358 2082//2082 1358//1358
f 1358//1358 2082//2082 2084//2084
f 1358//1358 2084//2084 1358//1358
f 1358//1358 2084//2084 2085//2085
f 1358//1358 2085//2085 1355//1355
f 1355//1355 2085//2085 2086//2086
f 1355//1355 2086//2086 1356//1356
f 1356//1356 2086//2086 2087//2087
f 1356//1356 2087//2087 1357//1357
f 1357//1357 2087//2087 2088//2088
f 1357//1357 2088//2088 1349//1349
f 1349//1349 2088//2088 1349//1349
f 1349//1349 1349//1349 2088//2088
f 2088//2088 1349//1349 2088//2088
f 2088//2088 2088//2088 2089//2089
f 2089//2089 2088//2088 2087//2087
f 2089//2089 2087//2087 2089//2089
f 2089//2089 2087//2087 2086//2086
f 2089//2089 2086//2086 2090//2090
f 2090//2090 2086//2086 2086//2086
f 2090//2090 2086//2086 2091//2091
f 2091//2091 2086//2086 2085//2085
f 2091//2091 2085//2085 2092//2092
f 2092//2092 2085//2085 2093//2093
f 2092//2092 2093//2093 2094//2094
f 2094//2094 2093//2093 2093//2093
f 2094//2094 2093//2093 2095//2095
f 2095//2095 2093//2093 2084//2084
f 2095//2095 2084//2084 2082//2082
f 2082//2082 2084//2084 2082//2082
f 2082//2082 2082//2082 2093//2093
f 2093//2093 2082//2082 2093//2093
f 2093//2093 2093//2093 2084//2084
f 2084//2084 2093//2093 2085//2085
f 2084//2084 2085//2085 2085//2085
f 2085//2085 2085//2085 2094//2094
f 2085//2085 2094//2094 2094//2094
f 2094//2094 2094//2094 2096//2096
f 2094//2094 2096//2096 2092//2092
f 2092//2092 2096//2096 2097//2097
f 2092//2092 2097//2097 2091//2091
f 2091//2091 2097//2097 2098//2098
f 2091//2091 2098//2098 2090//2090
f 2090//2090 2098//2098 2099//2099
f 2090//2090 2099//2099 2100//2100
f 2100//2100 2099//2099 2101//2101
f 2100//2100 2101//2101 2100//2100
f 2100//2100 2101//2101 2102//2102
f 2100//2100 2102//2102 2089//2089
f 2089//2089 2102//2102 2088//2088
f 2089//2089 2088//2088 2088//2088
f 2088//2088 2088//2088 2100//2100
f 2088//2088 2100//2100 2100//2100
f 2100//2100 2100//2100 2089//2089
f 2100//2100 2089//2089 2090//2090
f 2090//2090 2089//2089 2090//2090
f 2090//2090 2090//2090 2097//2097
f 2097//2097 2090//2090 2097//2097
f 2097//2097 2097//2097 2098//2098
f 2098//2098 2097//2097 2103//2103
f 2098//2098 2103//2103 2104//2104
f 2104//2104 2103//2103 2105//2105
f 2104//2104 2105//2105 2106//2106
f 2106//2106 2105//2105 2107//2107
f 2106//2106 2107//2107 2107//2107
f 2107//2107 2107//2107 2098//2098
f 2107//2107 2098//2098 2098//2098
f 2098//2098 2098//2098 2104//2104
f 2098//2098 2104//2104 2099//2099
f 2099//2099 2104//2104 2108//2108
f 2099//2099 2108//2108 2101//2101
f 2101//2101 2108//2108 2109//2109
f 2101//2101 2109//2109 2110//2110
f 2110//2110 2109//2109 2111//2111
f 2110//2110 2111//2111 2112//2112
f 2112//2112 2111//2111 2112//2112
f 2112//2112 2112//2112 2104//2104
f 2104//2104 2112//2112 2104//2104
f 2104//2104 2104//2104 2108//2108
f 2108//2108 2104//2104 2106//2106
f 2108//2108 2106//2106 2113//2113
f 2113//2113 2106//2106 2114//2114
f 2113//2113 2114//2114 2113//2113
f 2113//2113 2114//2114 2115//2115
f 2113//2113 2115//2115 2113//2113
f 2113//2113 2115//2115 2111//2111
f 2113//2113 2111//2111 2113//2113
f 2113//2113 2111//2111 2109//2109
f 2113//2113 2109//2109 2108//2108
f 2108//2108 2109//2109 2108//2108
f 2108//2108 2108//2108 2101//2101
f 2101//2101 2108//2108 2101//2101
f 2101//2101 2101//2101 2102//2102
f 2102//2102 2101//2101 2110//2110
f 2102//2102 2110//2110 2110//2110
f 2110//2110 2110//2110 2106//2106
f 2110//2110 2106//2106 2106//2106
f 2106//2106 2106//2106 2107//2107
f 2106//2106 2107//2107 2114//2114
f 2114//2114 2107//2107 2116//2116
f 2114//2114 2116//2116 2117//2117
f 2117//2117 2116//2116 2118//2118
f 2117//2117 2118//2118 2117//2117
f 2117//2117 2118//2118 2119//2119
f 2117//2117 2119//2119 2117//2117
f 2117//2117 2119//2119 2120//2120
f 2117//2117 2120//2120 2115//2115
f 2115//2115 2120//2120 2111//2111
f 2115//2115 2111//2111 2111//2111
f 2111//2111 2111//2111 2115//2115
f 2111//2111 2115//2115 2115//2115
f 2115//2115 2115//2115 2114//2114
f 2115//2115 2114//2114 2117//2117
f 2117//2117 2114//2114 2117//2117
f 2117//2117 2117//2117 2107//2107
f 2107//2107 2117//2117 2107//2107
f 2107//2107 2107//2107 2116//2116
f 2116//2116 2107//2107 2121//2121
f 2116//2116 2121//2121 2122//2122
f 2122//2122 2121//2121 2123//2123
f 2122//2122 2123//2123 2124//2124
f 2124//2124 2123//2123 2123//2123
f 2124//2124 2123//2123 2125//2125
f 2125//2125 2123//2123 2123//2123
f 2125//2125 2123//2123 2126//2126
f 2126//2126 2123//2123 2127//2127
f 2126//2126 2127//2127 2128//2128
f 2128//2128 2127//2127 2127//2127
f 2128//2128 2127//2127 2129//2129
f 2129//2129 2127//2127 2105//2105
f 2129//2129 2105//2105 2129//2129
f 2129//2129 2105//2105 2103//2103
f 2129//2129 2103//2103 2129//2129
f 2129//2129 2103//2103 2097//2097
f 2129//2129 2097//2097 2130//2130
f 2130//2130 2097//2097 2097//2097
f 2130//2130 2097//2097 2131//2131
f 2131//2131 2097//2097 2096//2096
f 2131//2131 2096//2096 2132//2132
f 2132//2132 2096//2096 2094//2094
f 2132//2132 2094//2094 2133//2133
f 2133//2133 2094//2094 2095//2095
f 2133//2133 2095//2095 2134//2134
f 2134//2134 2095//2095 2082//2082
f 2134//2134 2082//2082 2135//2135
f 2135//2135 2082//2082 2082//2082
f 2135//2135 2082//2082 2136//2136
f 2136//2136 2082//2082 2083//2083
f 2136//2136 2083//2083 2136//2136
f 2136//2136 2083//2083 1977//1977
f 2136//2136 1977//1977 2136//2136
f 2136//2136 1977//1977 1975//1975
f 2136//2136 1975//1975 2135//2135
f 2135//2135 1975//1975 1974//1974
f 2135//2135 1974//1974 2137//2137
f 2137//2137 1974//1974 94//94
f 2137//2137 94//94 94//94
f 94//94 94//94 2116//2116
f 94//94 2116//2116 2116//2116
f 2116//2116 2116//2116 2122//2122
f 2116//2116 2122//2122 2118//2118
f 2118//2118 2122//2122 2124//2124
f 2118//2118 2124//2124 2124//2124
f 2124//2124 2124//2124 2107//2107
f 2124//2124 2107//2107 2107//2107
f 2107//2107 2107//2107 2105//2105
f 2107//2107 2105//2105 2121//2121
f 2121//2121 2105//2105 2127//2127
f 2121//2121 2127//2127 2123//2123
f 2123//2123 2127//2127 2123//2123
f 2123//2123 2123//2123 2135//2135
f 2135//2135 2123//2123 2135//2135
f 2135//2135 2135//2135 2134//2134
f 2134//2134 2135//2135 2137//2137
f 2134//2134 2137//2137 2138//2138
f 2138//2138 2137//2137 94//94
f 2138//2138 94//94 2138//2138
f 2138//2138 94//94 95//95
f 2138//2138 95//95 2138//2138
f 2138//2138 95//95 96//96
f 2138//2138 96//96 2139//2139
f 2139//2139 96//96 2140//2140
f 2139//2139 2140//2140 2139//2139
f 2139//2139 2140//2140 2141//2141
f 2139//2139 2141//2141 2132//2132
f 2132//2132 2141//2141 2131//2131
f 2132//2132 2131//2131 2131//2131
f 2131//2131 2131//2131 2134//2134
f 2131//2131 2134//2134 2134//2134
f 2134//2134 2134//2134 2138//2138
f 2134//2134 2138//2138 2133//2133
f 2133//2133 2138//2138 2139//2139
f 2133//2133 2139//2139 2132//2132
f 2132//2132 2139//2139 2132//2132
f 2132//2132 2132//2132 96//96
f 96//96 2132//2132 96//96
f 96//96 96//96 2140//2140
f 2140//2140 96//96 97//97
f 2140//2140 97//97 2142//2142
f 2142//2142 97//97 98//98
f 2142//2142 98//98 98//98
f 98//98 98//98 2142//2142
f 98//98 2142//2142 2142//2142
f 2142//2142 2142//2142 2143//2143
f 2142//2142 2143//2143 2140//2140
f 2140//2140 2143//2143 2143//2143
f 2140//2140 2143//2143 2141//2141
f 2141//2141 2143//2143 2144//2144
f 2141//2141 2144//2144 2131//2131
f 2131//2131 2144//2144 2144//2144
f 2131//2131 2144//2144 2130//2130
f 2130//2130 2144//2144 2145//2145
f 2130//2130 2145//2145 2129//2129
f 2129//2129 2145//2145 2145//2145
f 2129//2129 2145//2145 2128//2128
f 2128//2128 2145//2145 2145//2145
f 2128//2128 2145//2145 2146//2146
f 2146//2146 2145//2145 2145//2145
f 2146//2146 2145//2145 2147//2147
f 2147//2147 2145//2145 2144//2144
f 2147//2147 2144//2144 2147//2147
f 2147//2147 2144//2144 2143//2143
f 2147//2147 2143//2143 2148//2148
f 2148//2148 2143//2143 2142//2142
f 2148//2148 2142//2142 2149//2149
f 2149//2149 2142//2142 98//98
f 2149//2149 98//98 2149//2149
f 2149//2149 98//98 99//99
f 2149//2149 99//99 2150//2150
f 2150//2150 99//99 100//100
f 2150//2150 100//100 100//100
f 100//100 100//100 2150//2150
f 100//100 2150//2150 2150//2150
f 2150//2150 2150//2150 2151//2151
f 2150//2150 2151//2151 2149//2149
f 2149//2149 2151//2151 2151//2151
f 2149//2149 2151//2151 2148//2148
f 2148//2148 2151//2151 2152//2152
f 2148//2148 2152//2152 2147//2147
f 2147//2147 2152//2152 2152//2152
f 2147//2147 2152//2152 2146//2146
f 2146//2146 2152//2152 2153//2153
f 2146//2146 2153//2153 2154//2154
f 2154//2154 2153//2153 2155//2155
f 2154//2154 2155//2155 2154//2154
f 2154//2154 2155//2155 2156//2156
f 2154//2154 2156//2156 2126//2126
f 2126//2126 2156//2156 2125//2125
f 2126//2126 2125//2125 2125//2125
f 2125//2125 2125//2125 2146//2146
f 2125//2125 2146//2146 2146//2146
f 2146//2146 2146//2146 2154//2154
f 2146//2146 2154//2154 2128//2128
f 2128//2128 2154//2154 2126//2126
f 2128//2128 2126//2126 2126//2126
f 2126//2126 2126//2126 2155//2155
f 2126//2126 2155//2155 2155//2155
f 2155//2155 2155//2155 2153//2153
f 2155//2155 2153//2153 2157//2157
f 2157//2157 2153//2153 2152//2152
f 2157//2157 2152//2152 2157//2157
f 2157//2157 2152//2152 2151//2151
f 2157//2157 2151//2151 2158//2158
f 2158//2158 2151//2151 2150//2150
f 2158//2158 2150//2150 2159//2159
f 2159//2159 2150//2150 100//100
f 2159//2159 100//100 100//100
f 100//100 100//100 2159//2159
f 100//100 2159//2159 2159//2159
f 2159//2159 2159//2159 2160//2160
f 2159//2159 2160//2160 2158//2158
f 2158//2158 2160//2160 2160//2160
f 2158//2158 2160//2160 2157//2157
f 2157//2157 2160//2160 2161//2161
f 2157//2157 2161//2161 2157//2157
f 2157//2157 2161//2161 2162//2162
f 2157//2157 2162//2162 2155//2155
f 2155//2155 2162//2162 2163//2163
f 2155//2155 2163//2163 2156//2156
f 2156//2156 2163//2163 2164//2164
f 2156//2156 2164//2164 2125//2125
f 2125//2125 2164//2164 2165//2165
f 2125//2125 2165//2165 2124//2124
f 2124//2124 2165//2165 2166//2166
f 2124//2124 2166//2166 2118//2118
f 2118//2118 2166//2166 2118//2118
f 2118//2118 2118//2118 2159//2159
f 2159//2159 2118//2118 2159//2159
f 2159//2159 2159//2159 2160//2160
f 2160//2160 2159//2159 2167//2167
f 2160//2160 2167//2167 2161//2161
f 2161//2161 2167//2167 2161//2161
f 2161//2161 2161//2161 2166//2166
f 2166//2166 2161//2161 2166//2166
f 2166//2166 2166//2166 2168//2168
f 2168//2168 2166//2166 2165//2165
f 2168//2168 2165//2165 2169//2169
f 2169//2169 2165//2165 2164//2164
f 2169//2169 2164//2164 2170//2170
f 2170//2170 2164//2164 2163//2163
f 2170//2170 2163//2163 2171//2171
f 2171//2171 2163//2163 2162//2162
f 2171//2171 2162//2162 2172//2172
f 2172//2172 2162//2162 2161//2161
f 2172//2172 2161//2161 2173//2173
f 2173//2173 2161//2161 2167//2167
f 2173//2173 2167//2167 2174//2174
f 2174//2174 2167//2167 2159//2159
f 2174//2174 2159//2159 2175//2175
f 2175//2175 2159//2159 2176//2176
f 2175//2175 2176//2176 2177//2177
f 2177//2177 2176//2176 101//101
f 2177//2177 101//101 2177//2177
f 2177//2177 101//101 102//102
f 2177//2177 102//102 2177//2177
f 2177//2177 102//102 103//103
f 2177//2177 103//103 2178//2178
f 2178//2178 103//103 131//131
f 2178//2178 131//131 2179//2179
f 2179//2179 131//131 131//131
f 2179//2179 131//131 2180//2180
f 2180//2180 131//131 132//132
f 2180//2180 132//132 2181//2181
f 2181//2181 132//132 132//132
f 2181//2181 132//132 2182//2182
f 2182//2182 132//132 107//107
f 2182//2182 107//107 2183//2183
f 2183//2183 107//107 108//108
f 2183//2183 108//108 2184//2184
f 2184//2184 108//108 109//109
f 2184//2184 109//109 2185//2185
f 2185//2185 109//109 110//110
f 2185//2185 110//110 2185//2185
f 2185//2185 110//110 111//111
f 2185//2185 111//111 2186//2186
f 2186//2186 111//111 111//111
f 2186//2186 111//111 2187//2187
f 2187//2187 111//111 112//112
f 2187//2187 112//112 2188//2188
f 2188//2188 112//112 113//113
f 2188//2188 113//113 2188//2188
f 2188//2188 113//113 114//114
f 2188//2188 114//114 2188//2188
f 2188//2188 114//114 1348//1348
f 2188//2188 1348//1348 2189//2189
f 2189//2189 1348//1348 1349//1349
f 2189//2189 1349//1349 2189//2189
f 2189//2189 1349//1349 2088//2088
f 2189//2189 2088//2088 2189//2189
f 2189//2189 2088//2088 2102//2102
f 2189//2189 2102//2102 2190//2190
f 2190//2190 2102//2102 2110//2110
f 2190//2190 2110//2110 2191//2191
f 2191//2191 2110//2110 2192//2192
f 2191//2191 2192//2192 2191//2191
f 2191//2191 2192//2192 2186//2186
f 2191//2191 2186//2186 2191//2191
f 2191//2191 2186//2186 2187//2187
f 2191//2191 2187//2187 2190//2190
f 2190//2190 2187//2187 2187//2187
f 2190//2190 2187//2187 2189//2189
f 2189//2189 2187//2187 2188//2188
f 2189//2189 2188//2188 2188//2188
f 2188//2188 2188//2188 2159//2159
f 2188//2188 2159//2159 2159//2159
f 2159//2159 2159//2159 100//100
f 2159//2159 100//100 2176//2176
f 2176//2176 100//100 101//101
f 2176//2176 101//101 101//101
f 101//101 101//101 2110//2110
f 101//101 2110//2110 2110//2110
f 2110//2110 2110//2110 2112//2112
f 2110//2110 2112//2112 2192//2192
f 2192//2192 2112//2112 2193//2193
f 2192//2192 2193//2193 2185//2185
f 2185//2185 2193//2193 2194//2194
f 2185//2185 2194//2194 2184//2184
f 2184//2184 2194//2194 2184//2184
f 2184//2184 2184//2184 2185//2185
f 2185//2185 2184//2184 2185//2185
f 2185//2185 2185//2185 2192//2192
f 2192//2192 2185//2185 2186//2186
f 2192//2192 2186//2186 2186//2186
f 2186//2186 2186//2186 2194//2194
f 2186//2186 2194//2194 2194//2194
f 2194//2194 2194//2194 2193//2193
f 2194//2194 2193//2193 2195//2195
f 2195//2195 2193//2193 2112//2112
f 2195//2195 2112//2112 2195//2195
f 2195//2195 2112//2112 2111//2111
f 2195//2195 2111//2111 2196//2196
f 2196//2196 2111//2111 2120//2120
f 2196//2196 2120//2120 2120//2120
f 2120//2120 2120//2120 2196//2196
f 2120//2120 2196//2196 2196//2196
f 2196//2196 2196//2196 2197//2197
f 2196//2196 2197//2197 2195//2195
f 2195//2195 2197//2197 2197//2197
f 2195//2195 2197//2197 2194//2194
f 2194//2194 2197//2197 2198//2198
f 2194//2194 2198//2198 2184//2184
f 2184//2184 2198//2198 2198//2198
f 2184//2184 2198//2198 2183//2183
f 2183//2183 2198//2198 2199//2199
f 2183//2183 2199//2199 2182//2182
f 2182//2182 2199//2199 2200//2200
f 2182//2182 2200//2200 2181//2181
f 2181//2181 2200//2200 2200//2200
f 2181//2181 2200//2200 2201//2201
f 2201//2201 2200//2200 2200//2200
f 2201//2201 2200//2200 2202//2202
f 2202//2202 2200//2200 2199//2199
f 2202//2202 2199//2199 2203//2203
f 2203//2203 2199//2199 2198//2198
f 2203//2203 2198//2198 2203//2203
f 2203//2203 2198//2198 2197//2197
f 2203//2203 2197//2197 2203//2203
f 2203//2203 2197//2197 2196//2196
f 2203//2203 2196//2196 2202//2202
f 2202//2202 2196//2196 2202//2202
f 2202//2202 2202//2202 2201//2201
f 2201//2201 2202//2202 2201//2201
f 2201//2201 2201//2201 2181//2181
f 2181//2181 2201//2201 2204//2204
f 2181//2181 2204//2204 2180//2180
f 2180//2180 2204//2204 2205//2205
f 2180//2180 2205//2205 2179//2179
f 2179//2179 2205//2205 2206//2206
f 2179//2179 2206//2206 2178//2178
f 2178//2178 2206//2206 2207//2207
f 2178//2178 2207//2207 2177//2177
f 2177//2177 2207//2207 2208//2208
f 2177//2177 2208//2208 2175//2175
f 2175//2175 2208//2208 2208//2208
f 2175//2175 2208//2208 2174//2174
f 2174//2174 2208//2208 2208//2208
f 2174//2174 2208//2208 2209//2209
f 2209//2209 2208//2208 2208//2208
f 2209//2209 2208//2208 2210//2210
f 2210//2210 2208//2208 2207//2207
f 2210//2210 2207//2207 2211//2211
f 2211//2211 2207//2207 2206//2206
f 2211//2211 2206//2206 2212//2212
f 2212//2212 2206//2206 2205//2205
f 2212//2212 2205//2205 2213//2213
f 2213//2213 2205//2205 2204//2204
f 2213//2213 2204//2204 2204//2204
f 2204//2204 2204//2204 2213//2213
f 2204//2204 2213//2213 2213//2213
f 2213//2213 2213//2213 2214//2214
f 2213//2213 2214//2214 2212//2212
f 2212//2212 2214//2214 2214//2214
f 2212//2212 2214//2214 2211//2211
f 2211//2211 2214//2214 2215//2215
f 2211//2211 2215//2215 2210//2210
f 2210//2210 2215//2215 2216//2216
f 2210//2210 2216//2216 2209//2209
f 2209//2209 2216//2216 2209//2209
f 2209//2209 2209//2209 2204//2204
f 2204//2204 2209//2209 2204//2204
f 2204//2204 2204//2204 2213//2213
f 2213//2213 2204//2204 2217//2217
f 2213//2213 2217//2217 2213//2213
f 2213//2213 2217//2217 2218//2218
f 2213//2213 2218//2218 2214//2214
f 2214//2214 2218//2218 2219//2219
f 2214//2214 2219//2219 2215//2215
f 2215//2215 2219//2219 2220//2220
f 2215//2215 2220//2220 2216//2216
f 2216//2216 2220//2220 2216//2216
f 2216//2216 2216//2216 2204//2204
f 2204//2204 2216//2216 2204//2204
f 2204//2204 2204//2204 2217//2217
f 2217//2217 2204//2204 2201//2201
f 2217//2217 2201//2201 2221//2221
f 2221//2221 2201//2201 2202//2202
f 2221//2221 2202//2202 2222//2222
f 2222//2222 2202//2202 2202//2202
f 2222//2222 2202//2202 2223//2223
f 2223//2223 2202//2202 2202//2202
f 2223//2223 2202//2202 2224//2224
f 2224//2224 2202//2202 2196//2196
f 2224//2224 2196//2196 2225//2225
f 2225//2225 2196//2196 2120//2120
f 2225//2225 2120//2120 2225//2225
f 2225//2225 2120//2120 2119//2119
f 2225//2225 2119//2119 2226//2226
f 2226//2226 2119//2119 2227//2227
f 2226//2226 2227//2227 2228//2228
f 2228//2228 2227//2227 2229//2229
f 2228//2228 2229//2229 2230//2230
f 2230//2230 2229//2229 2166//2166
f 2230//2230 2166//2166 2231//2231
f 2231//2231 2166//2166 2166//2166
f 2231//2231 2166//2166 2232//2232
f 2232//2232 2166//2166 2168//2168
f 2232//2232 2168//2168 2233//2233
f 2233//2233 2168//2168 2169//2169
f 2233//2233 2169//2169 2234//2234
f 2234//2234 2169//2169 2170//2170
f 2234//2234 2170//2170 2235//2235
f 2235//2235 2170//2170 2171//2171
f 2235//2235 2171//2171 2235//2235
f 2235//2235 2171//2171 2172//2172
f 2235//2235 2172//2172 2235//2235
f 2235//2235 2172//2172 2236//2236
f 2235//2235 2236//2236 2235//2235
f 2235//2235 2236//2236 2237//2237
f 2235//2235 2237//2237 2234//2234
f 2234//2234 2237//2237 2238//2238
f 2234//2234 2238//2238 2233//2233
f 2233//2233 2238//2238 2239//2239
f 2233//2233 2239//2239 2232//2232
f 2232//2232 2239//2239 2240//2240
f 2232//2232 2240//2240 2231//2231
f 2231//2231 2240//2240 2231//2231
f 2231//2231 2231//2231 2225//2225
f 2225//2225 2231//2231 2225//2225
f 2225//2225 2225//2225 2224//2224
f 2224//2224 2225//2225 2226//2226
f 2224//2224 2226//2226 2226//2226
f 2226//2226 2226//2226 2119//2119
f 2226//2226 2119//2119 2119//2119
f 2119//2119 2119//2119 2118//2118
f 2119//2119 2118//2118 2227//2227
f 2227//2227 2118//2118 2118//2118
f 2227//2227 2118//2118 2229//2229
f 2229//2229 2118//2118 2166//2166
f 2229//2229 2166//2166 2166//2166
f 2166//2166 2166//2166 2240//2240
f 2166//2166 2240//2240 2240//2240
f 2240//2240 2240//2240 2239//2239
f 2240//2240 2239//2239 2241//2241
f 2241//2241 2239//2239 2238//2238
f 2241//2241 2238//2238 2238//2238
f 2238//2238 2238//2238 2230//2230
f 2238//2238 2230//2230 2230//2230
f 2230//2230 2230//2230 2231//2231
f 2230//2230 2231//2231 2242//2242
f 2242//2242 2231//2231 2231//2231
f 2242//2242 2231//2231 2243//2243
f 2243//2243 2231//2231 2240//2240
f 2243//2243 2240//2240 2244//2244
f 2244//2244 2240//2240 2241//2241
f 2244//2244 2241//2241 2241//2241
f 2241//2241 2241//2241 2230//2230
f 2241//2241 2230//2230 2230//2230
f 2230//2230 2230//2230 2242//2242
f 2230//2230 2242//2242 2228//2228
f 2228//2228 2242//2242 2245//2245
f 2228//2228 2245//2245 2228//2228
f 2228//2228 2245//2245 2246//2246
f 2228//2228 2246//2246 2226//2226
f 2226//2226 2246//2246 2246//2246
f 2226//2226 2246//2246 2224//2224
f 2224//2224 2246//2246 2246//2246
f 2224//2224 2246//2246 2223//2223
f 2223//2223 2246//2246 2247//2247
f 2223//2223 2247//2247 2222//2222
f 2222//2222 2247//2247 2248//2248
f 2222//2222 2248//2248 2221//2221
f 2221//2221 2248//2248 2221//2221
f 2221//2221 2221//2221 2246//2246
f 2246//2246 2221//2221 2246//2246
f 2246//2246 2246//2246 2247//2247
f 2247//2247 2246//2246 2249//2249
f 2247//2247 2249//2249 2247//2247
f 2247//2247 2249//2249 2250//2250
f 2247//2247 2250//2250 2248//2248
f 2248//2248 2250//2250 2248//2248
f 2248//2248 2248//2248 2246//2246
f 2246//2246 2248//2248 2246//2246
f 2246//2246 2246//2246 2249//2249
f 2249//2249 2246//2246 2245//2245
f 2249//2249 2245//2245 2251//2251
f 2251//2251 2245//2245 2242//2242
f 2251//2251 2242//2242 2252//2252
f 2252//2252 2242//2242 2243//2243
f 2252//2252 2243//2243 2243//2243
f 2243//2243 2243//2243 2249//2249
f 2243//2243 2249//2249 2249//2249
f 2249//2249 2249//2249 2251//2251
f 2249//2249 2251//2251 2253//2253
f 2253//2253 2251//2251 2251//2251
f 2253//2253 2251//2251 2254//2254
f 2254//2254 2251//2251 2252//2252
f 2254//2254 2252//2252 2252//2252
f 2252//2252 2252//2252 2249//2249
f 2252//2252 2249//2249 2249//2249
f 2249//2249 2249//2249 2253//2253
f 2249//2249 2253//2253 2250//2250
f 2250//2250 2253//2253 2255//2255
f 2250//2250 2255//2255 2256//2256
f 2256//2256 2255//2255 2257//2257
f 2256//2256 2257//2257 2258//2258
f 2258//2258 2257//2257 2259//2259
f 2258//2258 2259//2259 2217//2217
f 2217//2217 2259//2259 2260//2260
f 2217//2217 2260//2260 2218//2218
f 2218//2218 2260//2260 2260//2260
f 2218//2218 2260//2260 2261//2261
f 2261//2261 2260//2260 2260//2260
f 2261//2261 2260//2260 2262//2262
f 2262//2262 2260//2260 2259//2259
f 2262//2262 2259//2259 2263//2263
f 2263//2263 2259//2259 2257//2257
f 2263//2263 2257//2257 2264//2264
f 2264//2264 2257//2257 2255//2255
f 2264//2264 2255//2255 2265//2265
f 2265//2265 2255//2255 2253//2253
f 2265//2265 2253//2253 2265//2265
f 2265//2265 2253//2253 2254//2254
f 2265//2265 2254//2254 2266//2266
f 2266//2266 2254//2254 2254//2254
f 2266//2266 2254//2254 2267//2267
f 2267//2267 2254//2254 2252//2252
f 2267//2267 2252//2252 2267//2267
f 2267//2267 2252//2252 2243//2243
f 2267//2267 2243//2243 2267//2267
f 2267//2267 2243//2243 2268//2268
f 2267//2267 2268//2268 2267//2267
f 2267//2267 2268//2268 2269//2269
f 2267//2267 2269//2269 2266//2266
f 2266//2266 2269//2269 2269//2269
f 2266//2266 2269//2269 2270//2270
f 2270//2270 2269//2269 2271//2271
f 2270//2270 2271//2271 2270//2270
f 2270//2270 2271//2271 2272//2272
f 2270//2270 2272//2272 2270//2270
f 2270//2270 2272//2272 2273//2273
f 2270//2270 2273//2273 2266//2266
f 2266//2266 2273//2273 2274//2274
f 2266//2266 2274//2274 2265//2265
f 2265//2265 2274//2274 2274//2274
f 2265//2265 2274//2274 2264//2264
f 2264//2264 2274//2274 2275//2275
f 2264//2264 2275//2275 2263//2263
f 2263//2263 2275//2275 2276//2276
f 2263//2263 2276//2276 2262//2262
f 2262//2262 2276//2276 2262//2262
f 2262//2262 2262//2262 2250//2250
f 2250//2250 2262//2262 2250//2250
f 2250//2250 2250//2250 2248//2248
f 2248//2248 2250//2250 2256//2256
f 2248//2248 2256//2256 2221//2221
f 2221//2221 2256//2256 2258//2258
f 2221//2221 2258//2258 2217//2217
f 2217//2217 2258//2258 2217//2217
f 2217//2217 2217//2217 2268//2268
f 2268//2268 2217//2217 2268//2268
f 2268//2268 2268//2268 2269//2269
f 2269//2269 2268//2268 2271//2271
f 2269//2269 2271//2271 2271//2271
f 2271//2271 2271//2271 2276//2276
f 2271//2271 2276//2276 2276//2276
f 2276//2276 2276//2276 2275//2275
f 2276//2276 2275//2275 2277//2277
f 2277//2277 2275//2275 2274//2274
f 2277//2277 2274//2274 2278//2278
f 2278//2278 2274//2274 2273//2273
f 2278//2278 2273//2273 2273//2273
f 2273//2273 2273//2273 2278//2278
f 2273//2273 2278//2278 2278//2278
f 2278//2278 2278//2278 2279//2279
f 2278//2278 2279//2279 2277//2277
f 2277//2277 2279//2279 2279//2279
f 2277//2277 2279//2279 2276//2276
f 2276//2276 2279//2279 2280//2280
f 2276//2276 2280//2280 2262//2262
f 2262//2262 2280//2280 2280//2280
f 2262//2262 2280//2280 2261//2261
f 2261//2261 2280//2280 2280//2280
f 2261//2261 2280//2280 2281//2281
f 2281//2281 2280//2280 2280//2280
f 2281//2281 2280//2280 2282//2282
f 2282//2282 2280//2280 2279//2279
f 2282//2282 2279//2279 2283//2283
f 2283//2283 2279//2279 2279//2279
f 2283//2283 2279//2279 2284//2284
f 2284//2284 2279//2279 2285//2285
f 2284//2284 2285//2285 2286//2286
f 2286//2286 2285//2285 2285//2285
f 2286//2286 2285//2285 2287//2287
f 2287//2287 2285//2285 2285//2285
f 2287//2287 2285//2285 2288//2288
f 2288//2288 2285//2285 2278//2278
f 2288//2288 2278//2278 2273//2273
f 2273//2273 2278//2278 2273//2273
f 2273//2273 2273//2273 2278//2278
f 2278//2278 2273//2273 2278//2278
f 2278//2278 2278//2278 2279//2279
f 2279//2279 2278//2278 2285//2285
f 2279//2279 2285//2285 2285//2285
f 2285//2285 2285//2285 2286//2286
f 2285//2285 2286//2286 2286//2286
f 2286//2286 2286//2286 2289//2289
f 2286//2286 2289//2289 2284//2284
f 2284//2284 2289//2289 2290//2290
f 2284//2284 2290//2290 2283//2283
f 2283//2283 2290//2290 2291//2291
f 2283//2283 2291//2291 2282//2282
f 2282//2282 2291//2291 2292//2292
f 2282//2282 2292//2292 2281//2281
f 2281//2281 2292//2292 2281//2281
f 2281//2281 2281//2281 2292//2292
f 2292//2292 2281//2281 2292//2292
f 2292//2292 2292//2292 2293//2293
f 2293//2293 2292//2292 2291//2291
f 2293//2293 2291//2291 2294//2294
f 2294//2294 2291//2291 2290//2290
f 2294//2294 2290//2290 2295//2295
f 2295//2295 2290//2290 2289//2289
f 2295//2295 2289//2289 2296//2296
f 2296//2296 2289//2289 2286//2286
f 2296//2296 2286//2286 2297//2297
f 2297//2297 2286//2286 2287//2287
f 2297//2297 2287//2287 2287//2287
f 2287//2287 2287//2287 2298//2298
f 2287//2287 2298//2298 2298//2298
f 2298//2298 2298//2298 2299//2299
f 2298//2298 2299//2299 2297//2297
f 2297//2297 2299//2299 2299//2299
f 2297//2297 2299//2299 2296//2296
f 2296//2296 2299//2299 2300//2300
f 2296//2296 2300//2300 2296//2296
f 2296//2296 2300//2300 2301//2301
f 2296//2296 2301//2301 2295//2295
f 2295//2295 2301//2301 2302//2302
f 2295//2295 2302//2302 2303//2303
f 2303//2303 2302//2302 2304//2304
f 2303//2303 2304//2304 2303//2303
f 2303//2303 2304//2304 2305//2305
f 2303//2303 2305//2305 2306//2306
f 2306//2306 2305//2305 2307//2307
f 2306//2306 2307//2307 2308//2308
f 2308//2308 2307//2307 2309//2309
f 2308//2308 2309//2309 2308//2308
f 2308//2308 2309//2309 2310//2310
f 2308//2308 2310//2310 2311//2311
f 2311//2311 2310//2310 2312//2312
f 2311//2311 2312//2312 2311//2311
f 2311//2311 2312//2312 2313//2313
f 2311//2311 2313//2313 2314//2314
f 2314//2314 2313//2313 2315//2315
f 2314//2314 2315//2315 2314//2314
f 2314//2314 2315//2315 2316//2316
f 2314//2314 2316//2316 2317//2317
f 2317//2317 2316//2316 2318//2318
f 2317//2317 2318//2318 2317//2317
f 2317//2317 2318//2318 2319//2319
f 2317//2317 2319//2319 2320//2320
f 2320//2320 2319//2319 2321//2321
f 2320//2320 2321//2321 2320//2320
f 2320//2320 2321//2321 2322//2322
f 2320//2320 2322//2322 2323//2323
f 2323//2323 2322//2322 2324//2324
f 2323//2323 2324//2324 2323//2323
f 2323//2323 2324//2324 2325//2325
f 2323//2323 2325//2325 2323//2323
f 2323//2323 2325//2325 2326//2326
f 2323//2323 2326//2326 2327//2327
f 2327//2327 2326//2326 2328//2328
f 2327//2327 2328//2328 2327//2327
f 2327//2327 2328//2328 2329//2329
f 2327//2327 2329//2329 2330//2330
f 2330//2330 2329//2329 2331//2331
f 2330//2330 2331//2331 2330//2330
f 2330//2330 2331//2331 2332//2332
f 2330//2330 2332//2332 2330//2330
f 2330//2330 2332//2332 2333//2333
f 2330//2330 2333//2333 2334//2334
f 2334//2334 2333//2333 2335//2335
f 2334//2334 2335//2335 2334//2334
f 2334//2334 2335//2335 2336//2336
f 2334//2334 2336//2336 2334//2334
f 2334//2334 2336//2336 2337//2337
f 2334//2334 2337//2337 2338//2338
f 2338//2338 2337//2337 2339//2339
f 2338//2338 2339//2339 2340//2340
f 2340//2340 2339//2339 2341//2341
f 2340//2340 2341//2341 2340//2340
f 2340//2340 2341//2341 2342//2342
f 2340//2340 2342//2342 2340//2340
f 2340//2340 2342//2342 2343//2343
f 2340//2340 2343//2343 2344//2344
f 2344//2344 2343//2343 2345//2345
f 2344//2344 2345//2345 2344//2344
f 2344//2344 2345//2345 2346//2346
f 2344//2344 2346//2346 2347//2347
f 2347//2347 2346//2346 2348//2348
f 2347//2347 2348//2348 2347//2347
f 2347//2347 2348//2348 2349//2349
f 2347//2347 2349//2349 2350//2350
f 2350//2350 2349//2349 2351//2351
f 2350//2350 2351//2351 2350//2350
f 2350//2350 2351//2351 2352//2352
f 2350//2350 2352//2352 2353//2353
f 2353//2353 2352//2352 2354//2354
f 2353//2353 2354//2354 2353//2353
f 2353//2353 2354//2354 2355//2355
f 2353//2353 2355//2355 2356//2356
f 2356//2356 2355//2355 2357//2357
f 2356//2356 2357//2357 2356//2356
f 2356//2356 2357//2357 2358//2358
f 2356//2356 2358//2358 2297//2297
f 2297//2297 2358//2358 2298//2298
f 2297//2297 2298//2298 2298//2298
f 2298//2298 2298//2298 2297//2297
f 2298//2298 2297//2297 2297//2297
f 2297//2297 2297//2297 2287//2287
f 2297//2297 2287//2287 2356//2356
f 2356//2356 2287//2287 2287//2287
f 2356//2356 2287//2287 2353//2353
f 2353//2353 2287//2287 2288//2288
f 2353//2353 2288//2288 2353//2353
f 2353//2353 2288//2288 2273//2273
f 2353//2353 2273//2273 2350//2350
f 2350//2350 2273//2273 2272//2272
f 2350//2350 2272//2272 2359//2359
f 2359//2359 2272//2272 2271//2271
f 2359//2359 2271//2271 2360//2360
f 2360//2360 2271//2271 2361//2361
f 2360//2360 2361//2361 2360//2360
f 2360//2360 2361//2361 2362//2362
f 2360//2360 2362//2362 2360//2360
f 2360//2360 2362//2362 2363//2363
f 2360//2360 2363//2363 2364//2364
f 2364//2364 2363//2363 2347//2347
f 2364//2364 2347//2347 2364//2364
f 2364//2364 2347//2347 2350//2350
f 2364//2364 2350//2350 2364//2364
f 2364//2364 2350//2350 2359//2359
f 2364//2364 2359//2359 2360//2360
f 2360//2360 2359//2359 2360//2360
f 2360//2360 2360//2360 2271//2271
f 2271//2271 2360//2360 2271//2271
f 2271//2271 2271//2271 2361//2361
f 2361//2361 2271//2271 2268//2268
f 2361//2361 2268//2268 2268//2268
f 2268//2268 2268//2268 2347//2347
f 2268//2268 2347//2347 2347//2347
f 2347//2347 2347//2347 2363//2363
f 2347//2347 2363//2363 2344//2344
f 2344//2344 2363//2363 2363//2363
f 2344//2344 2363//2363 2340//2340
f 2340//2340 2363//2363 2362//2362
f 2340//2340 2362//2362 2365//2365
f 2365//2365 2362//2362 2366//2366
f 2365//2365 2366//2366 2367//2367
f 2367//2367 2366//2366 2366//2366
f 2367//2367 2366//2366 2368//2368
f 2368//2368 2366//2366 2369//2369
f 2368//2368 2369//2369 2370//2370
f 2370//2370 2369//2369 2369//2369
f 2370//2370 2369//2369 2371//2371
f 2371//2371 2369//2369 2361//2361
f 2371//2371 2361//2361 2371//2371
f 2371//2371 2361//2361 2268//2268
f 2371//2371 2268//2268 2372//2372
f 2372//2372 2268//2268 2268//2268
f 2372//2372 2268//2268 2373//2373
f 2373//2373 2268//2268 2243//2243
f 2373//2373 2243//2243 2373//2373
f 2373//2373 2243//2243 2244//2244
f 2373//2373 2244//2244 2374//2374
f 2374//2374 2244//2244 2241//2241
f 2374//2374 2241//2241 2375//2375
f 2375//2375 2241//2241 2238//2238
f 2375//2375 2238//2238 2376//2376
f 2376//2376 2238//2238 2237//2237
f 2376//2376 2237//2237 2237//2237
f 2237//2237 2237//2237 2340//2340
f 2237//2237 2340//2340 2340//2340
f 2340//2340 2340//2340 2365//2365
f 2340//2340 2365//2365 2338//2338
f 2338//2338 2365//2365 2365//2365
f 2338//2338 2365//2365 2334//2334
f 2334//2334 2365//2365 2367//2367
f 2334//2334 2367//2367 2367//2367
f 2367//2367 2367//2367 2362//2362
f 2367//2367 2362//2362 2362//2362
f 2362//2362 2362//2362 2361//2361
f 2362//2362 2361//2361 2366//2366
f 2366//2366 2361//2361 2369//2369
f 2366//2366 2369//2369 2369//2369
f 2369//2369 2369//2369 2372//2372
f 2369//2369 2372//2372 2372//2372
f 2372//2372 2372//2372 2373//2373
f 2372//2372 2373//2373 2374//2374
f 2374//2374 2373//2373 2374//2374
f 2374//2374 2374//2374 2376//2376
f 2376//2376 2374//2374 2376//2376
f 2376//2376 2376//2376 2375//2375
f 2375//2375 2376//2376 2377//2377
f 2375//2375 2377//2377 2378//2378
f 2378//2378 2377//2377 2379//2379
f 2378//2378 2379//2379 2378//2378
f 2378//2378 2379//2379 2380//2380
f 2378//2378 2380//2380 2378//2378
f 2378//2378 2380//2380 2374//2374
f 2378//2378 2374//2374 2375//2375
f 2375//2375 2374//2374 2375//2375
f 2375//2375 2375//2375 2376//2376
f 2376//2376 2375//2375 2376//2376
f 2376//2376 2376//2376 2377//2377
f 2377//2377 2376//2376 2381//2381
f 2377//2377 2381//2381 2377//2377
f 2377//2377 2381//2381 2382//2382
f 2377//2377 2382//2382 2379//2379
f 2379//2379 2382//2382 2379//2379
f 2379//2379 2379//2379 2376//2376
f 2376//2376 2379//2379 2376//2376
f 2376//2376 2376//2376 2381//2381
f 2381//2381 2376//2376 2237//2237
f 2381//2381 2237//2237 2383//2383
f 2383//2383 2237//2237 2236//2236
f 2383//2383 2236//2236 2384//2384
f 2384//2384 2236//2236 2172//2172
f 2384//2384 2172//2172 2384//2384
f 2384//2384 2172//2172 2173//2173
f 2384//2384 2173//2173 2385//2385
f 2385//2385 2173//2173 2174//2174
f 2385//2385 2174//2174 2385//2385
f 2385//2385 2174//2174 2209//2209
f 2385//2385 2209//2209 2386//2386
f 2386//2386 2209//2209 2216//2216
f 2386//2386 2216//2216 2387//2387
f 2387//2387 2216//2216 2220//2220
f 2387//2387 2220//2220 2388//2388
f 2388//2388 2220//2220 2220//2220
f 2388//2388 2220//2220 2389//2389
f 2389//2389 2220//2220 2219//2219
f 2389//2389 2219//2219 2390//2390
f 2390//2390 2219//2219 2218//2218
f 2390//2390 2218//2218 2390//2390
f 2390//2390 2218//2218 2261//2261
f 2390//2390 2261//2261 2390//2390
f 2390//2390 2261//2261 2281//2281
f 2390//2390 2281//2281 2391//2391
f 2391//2391 2281//2281 2292//2292
f 2391//2391 2292//2292 2392//2392
f 2392//2392 2292//2292 2293//2293
f 2392//2392 2293//2293 2293//2293
f 2293//2293 2293//2293 2390//2390
f 2293//2293 2390//2390 2390//2390
f 2390//2390 2390//2390 2391//2391
f 2390//2390 2391//2391 2389//2389
f 2389//2389 2391//2391 2393//2393
f 2389//2389 2393//2393 2388//2388
f 2388//2388 2393//2393 2393//2393
f 2388//2388 2393//2393 2394//2394
f 2394//2394 2393//2393 2395//2395
f 2394//2394 2395//2395 2396//2396
f 2396//2396 2395//2395 2395//2395
f 2396//2396 2395//2395 2397//2397
f 2397//2397 2395//2395 2293//2293
f 2397//2397 2293//2293 2294//2294
f 2294//2294 2293//2293 2294//2294
f 2294//2294 2294//2294 2391//2391
f 2391//2391 2294//2294 2391//2391
f 2391//2391 2391//2391 2393//2393
f 2393//2393 2391//2391 2392//2392
f 2393//2393 2392//2392 2395//2395
f 2395//2395 2392//2392 2293//2293
f 2395//2395 2293//2293 2293//2293
f 2293//2293 2293//2293 2396//2396
f 2293//2293 2396//2396 2396//2396
f 2396//2396 2396//2396 2398//2398
f 2396//2396 2398//2398 2394//2394
f 2394//2394 2398//2398 2398//2398
f 2394//2394 2398//2398 2388//2388
f 2388//2388 2398//2398 2398//2398
f 2388//2388 2398//2398 2387//2387
f 2387//2387 2398//2398 2398//2398
f 2387//2387 2398//2398 2386//2386
f 2386//2386 2398//2398 2399//2399
f 2386//2386 2399//2399 2386//2386
f 2386//2386 2399//2399 2400//2400
f 2386//2386 2400//2400 2385//2385
f 2385//2385 2400//2400 2400//2400
f 2385//2385 2400//2400 2384//2384
f 2384//2384 2400//2400 2401//2401
f 2384//2384 2401//2401 2383//2383
f 2383//2383 2401//2401 2401//2401
f 2383//2383 2401//2401 2381//2381
f 2381//2381 2401//2401 2402//2402
f 2381//2381 2402//2402 2381//2381
f 2381//2381 2402//2402 2403//2403
f 2381//2381 2403//2403 2382//2382
f 2382//2382 2403//2403 2404//2404
f 2382//2382 2404//2404 2382//2382
f 2382//2382 2404//2404 2405//2405
f 2382//2382 2405//2405 2379//2379
f 2379//2379 2405//2405 2406//2406
f 2379//2379 2406//2406 2380//2380
f 2380//2380 2406//2406 2407//2407
f 2380//2380 2407//2407 2408//2408
f 2408//2408 2407//2407 2370//2370
f 2408//2408 2370//2370 2408//2408
f 2408//2408 2370//2370 2371//2371
f 2408//2408 2371//2371 2408//2408
f 2408//2408 2371//2371 2372//2372
f 2408//2408 2372//2372 2408//2408
f 2408//2408 2372//2372 2374//2374
f 2408//2408 2374//2374 2380//2380
f 2380//2380 2374//2374 2380//2380
f 2380//2380 2380//2380 2402//2402
f 2402//2402 2380//2380 2402//2402
f 2402//2402 2402//2402 2400//2400
f 2400//2400 2402//2402 2401//2401
f 2400//2400 2401//2401 2401//2401
f 2401//2401 2401//2401 2407//2407
f 2401//2401 2407//2407 2407//2407
f 2407//2407 2407//2407 2409//2409
f 2407//2407 2409//2409 2370//2370
f 2370//2370 2409//2409 2368//2368
f 2370//2370 2368//2368 2368//2368
f 2368//2368 2368//2368 2409//2409
f 2368//2368 2409//2409 2409//2409
f 2409//2409 2409//2409 2407//2407
f 2409//2409 2407//2407 2410//2410
f 2410//2410 2407//2407 2406//2406
f 2410//2410 2406//2406 2411//2411
f 2411//2411 2406//2406 2405//2405
f 2411//2411 2405//2405 2412//2412
f 2412//2412 2405//2405 2404//2404
f 2412//2412 2404//2404 2413//2413
f 2413//2413 2404//2404 2404//2404
f 2413//2413 2404//2404 2414//2414
f 2414//2414 2404//2404 2403//2403
f 2414//2414 2403//2403 2415//2415
f 2415//2415 2403//2403 2402//2402
f 2415//2415 2402//2402 2416//2416
f 2416//2416 2402//2402 2400//2400
f 2416//2416 2400//2400 2417//2417
f 2417//2417 2400//2400 2418//2418
f 2417//2417 2418//2418 2419//2419
f 2419//2419 2418//2418 2398//2398
f 2419//2419 2398//2398 2420//2420
f 2420//2420 2398//2398 2396//2396
f 2420//2420 2396//2396 2420//2420
f 2420//2420 2396//2396 2397//2397
f 2420//2420 2397//2397 2421//2421
f 2421//2421 2397//2397 2294//2294
f 2421//2421 2294//2294 2421//2421
f 2421//2421 2294//2294 2295//2295
f 2421//2421 2295//2295 2422//2422
f 2422//2422 2295//2295 2303//2303
f 2422//2422 2303//2303 2423//2423
f 2423//2423 2303//2303 2306//2306
f 2423//2423 2306//2306 2424//2424
f 2424//2424 2306//2306 2308//2308
f 2424//2424 2308//2308 2308//2308
f 2308//2308 2308//2308 2415//2415
f 2308//2308 2415//2415 2415//2415
f 2415//2415 2415//2415 2416//2416
f 2415//2415 2416//2416 2417//2417
f 2417//2417 2416//2416 2417//2417
f 2417//2417 2417//2417 2400//2400
f 2400//2400 2417//2417 2400//2400
f 2400//2400 2400//2400 2418//2418
f 2418//2418 2400//2400 2399//2399
f 2418//2418 2399//2399 2398//2398
f 2398//2398 2399//2399 2398//2398
f 2398//2398 2398//2398 2424//2424
f 2424//2424 2398//2398 2424//2424
f 2424//2424 2424//2424 2423//2423
f 2423//2423 2424//2424 2425//2425
f 2423//2423 2425//2425 2422//2422
f 2422//2422 2425//2425 2425//2425
f 2422//2422 2425//2425 2421//2421
f 2421//2421 2425//2425 2425//2425
f 2421//2421 2425//2425 2420//2420
f 2420//2420 2425//2425 2425//2425
f 2420//2420 2425//2425 2419//2419
f 2419//2419 2425//2425 2426//2426
f 2419//2419 2426//2426 2417//2417
f 2417//2417 2426//2426 2424//2424
f 2417//2417 2424//2424 2427//2427
f 2427//2427 2424//2424 2308//2308
f 2427//2427 2308//2308 2428//2428
f 2428//2428 2308//2308 2311//2311
f 2428//2428 2311//2311 2428//2428
f 2428//2428 2311//2311 2314//2314
f 2428//2428 2314//2314 2413//2413
f 2413//2413 2314//2314 2429//2429
f 2413//2413 2429//2429 2412//2412
f 2412//2412 2429//2429 2412//2412
f 2412//2412 2412//2412 2425//2425
f 2425//2425 2412//2412 2425//2425
f 2425//2425 2425//2425 2426//2426
f 2426//2426 2425//2425 2424//2424
f 2426//2426 2424//2424 2424//2424
f 2424//2424 2424//2424 2417//2417
f 2424//2424 2417//2417 2417//2417
f 2417//2417 2417//2417 2427//2427
f 2417//2417 2427//2427 2415//2415
f 2415//2415 2427//2427 2427//2427
f 2415//2415 2427//2427 2414//2414
f 2414//2414 2427//2427 2428//2428
f 2414//2414 2428//2428 2413//2413
f 2413//2413 2428//2428 2413//2413
f 2413//2413 2413//2413 2314//2314
f 2314//2314 2413//2413 2314//2314
f 2314//2314 2314//2314 2429//2429
f 2429//2429 2314//2314 2317//2317
f 2429//2429 2317//2317 2429//2429
f 2429//2429 2317//2317 2320//2320
f 2429//2429 2320//2320 2430//2430
f 2430//2430 2320//2320 2431//2431
f 2430//2430 2431//2431 2430//2430
f 2430//2430 2431//2431 2432//2432
f 2430//2430 2432//2432 2411//2411
f 2411//2411 2432//2432 2432//2432
f 2411//2411 2432//2432 2410//2410
f 2410//2410 2432//2432 2433//2433
f 2410//2410 2433//2433 2409//2409
f 2409//2409 2433//2433 2434//2434
f 2409//2409 2434//2434 2368//2368
f 2368//2368 2434//2434 2434//2434
f 2368//2368 2434//2434 2367//2367
f 2367//2367 2434//2434 2435//2435
f 2367//2367 2435//2435 2334//2334
f 2334//2334 2435//2435 2435//2435
f 2334//2334 2435//2435 2330//2330
f 2330//2330 2435//2435 2435//2435
f 2330//2330 2435//2435 2327//2327
f 2327//2327 2435//2435 2436//2436
f 2327//2327 2436//2436 2437//2437
f 2437//2437 2436//2436 2433//2433
f 2437//2437 2433//2433 2437//2437
f 2437//2437 2433//2433 2432//2432
f 2437//2437 2432//2432 2437//2437
f 2437//2437 2432//2432 2431//2431
f 2437//2437 2431//2431 2323//2323
f 2323//2323 2431//2431 2320//2320
f 2323//2323 2320//2320 2320//2320
f 2320//2320 2320//2320 2429//2429
f 2320//2320 2429//2429 2429//2429
f 2429//2429 2429//2429 2430//2430
f 2429//2429 2430//2430 2412//2412
f 2412//2412 2430//2430 2411//2411
f 2412//2412 2411//2411 2411//2411
f 2411//2411 2411//2411 2435//2435
f 2411//2411 2435//2435 2435//2435
f 2435//2435 2435//2435 2434//2434
f 2435//2435 2434//2434 2436//2436
f 2436//2436 2434//2434 2433//2433
f 2436//2436 2433//2433 2433//2433
f 2433//2433 2433//2433 2323//2323
f 2433//2433 2323//2323 2323//2323
f 2323//2323 2323//2323 2327//2327
f 2323//2323 2327//2327 2437//2437
f 2437//2437 2327//2327 2437//2437
f 2437//2437 2437//2437 2438//2438
f 2438//2438 2437//2437 2438//2438
f 2438//2438 2438//2438 2439//2439
f 2439//2439 2438//2438 2440//2440
f 2439//2439 2440//2440 2440//2440
f 2440//2440 2440//2440 2441//2441
f 2440//2440 2441//2441 2441//2441
f 2441//2441 2441//2441 2442//2442
f 2441//2441 2442//2442 2443//2443
f 2443//2443 2442//2442 2444//2444
f 2443//2443 2444//2444 2443//2443
f 2443//2443 2444//2444 2445//2445
f 2443//2443 2445//2445 2443//2443
f 2443//2443 2445//2445 2446//2446
f 2443//2443 2446//2446 2447//2447
f 2447//2447 2446//2446 2447//2447
f 2447//2447 2447//2447 1977//1977
f 1977//1977 2447//2447 1977//1977
f 1977//1977 1977//1977 1978//1978
f 1978//1978 1977//1977 2083//2083
f 1978//1978 2083//2083 1978//1978
f 1978//1978 2083//2083 1361//1361
f 1978//1978 1361//1361 1979//1979
f 1979//1979 1361//1361 1979//1979
f 1979//1979 1979//1979 1176//1176
f 1176//1176 1979//1979 1176//1176
f 1176//1176 1176//1176 2448//2448
f 2448//2448 1176//1176 1173//1173
f 2448//2448 1173//1173 2449//2449
f 2449//2449 1173//1173 2450//2450
f 2449//2449 2450//2450 1420//1420
f 1420//1420 2450//2450 2450//2450
f 1420//1420 2450//2450 1504//1504
f 1504//1504 2450//2450 2450//2450
f 1504//1504 2450//2450 1174//1174
f 1174//1174 2450//2450 1173//1173
f 1174//1174 1173//1173 1173//1173
f 1173//1173 1173//1173 1420//1420
f 1173//1173 1420//1420 1420//1420
f 1420//1420 1420//1420 1007//1007
f 1420//1420 1007//1007 2449//2449
f 2449//2449 1007//1007 2451//2451
f 2449//2449 2451//2451 2448//2448
f 2448//2448 2451//2451 2452//2452
f 2448//2448 2452//2452 1177//1177
f 1177//1177 2452//2452 1179//1179
f 1177//1177 1179//1179 1179//1179
f 1179//1179 1179//1179 2448//2448
f 1179//1179 2448//2448 2448//2448
f 2448//2448 2448//2448 1177//1177
f 2448//2448 1177//1177 1176//1176
f 1176//1176 1177//1177 1176//1176
f 1176//1176 1176//1176 1007//1007
f 1007//1007 1176//1176 1007//1007
f 1007//1007 1007//1007 2451//2451
f 2451//2451 1007//1007 1006//1006
f 2451//2451 1006//1006 2453//2453
f 2453//2453 1006//1006 1008//1008
f 2453//2453 1008//1008 2454//2454
f 2454//2454 1008//1008 1020//1020
f 2454//2454 1020//1020 2452//2452
f 2452//2452 1020//1020 1020//1020
f 2452//2452 1020//1020 1179//1179
f 1179//1179 1020//1020 1025//1025
f 1179//1179 1025//1025 1180//1180
f 1180//1180 1025//1025 1030//1030
f 1180//1180 1030//1030 1030//1030
f 1030//1030 1030//1030 2453//2453
f 1030//1030 2453//2453 2453//2453
f 2453//2453 2453//2453 2454//2454
f 2453//2453 2454//2454 2451//2451
f 2451//2451 2454//2454 2452//2452
f 2451//2451 2452//2452 2452//2452
f 2452//2452 2452//2452 276//276
f 2452//2452 276//276 276//276
f 276//276 276//276 2455//2455
f 276//276 2455//2455 189//189
f 189//189 2455//2455 2456//2456
f 189//189 2456//2456 187//187
f 187//187 2456//2456 2457//2457
f 187//187 2457//2457 187//187
f 187//187 2457//2457 2458//2458
f 187//187 2458//2458 2459//2459
f 2459//2459 2458//2458 2458//2458
f 2459//2459 2458//2458 2460//2460
f 2460//2460 2458//2458 2458//2458
f 2460//2460 2458//2458 2461//2461
f 2461//2461 2458//2458 2462//2462
f 2461//2461 2462//2462 2461//2461
f 2461//2461 2462//2462 2455//2455
f 2461//2461 2455//2455 2463//2463
f 2463//2463 2455//2455 2455//2455
f 2463//2463 2455//2455 2464//2464
f 2464//2464 2455//2455 2455//2455
f 2464//2464 2455//2455 2465//2465
f 2465//2465 2455//2455 276//276
f 2465//2465 276//276 2465//2465
f 2465//2465 276//276 191//191
f 2465//2465 191//191 223//223
f 223//223 191//191 221//221
f 223//223 221//221 221//221
f 221//221 221//221 2456//2456
f 221//221 2456//2456 2456//2456
f 2456//2456 2456//2456 2455//2455
f 2456//2456 2455//2455 2457//2457
f 2457//2457 2455//2455 2457//2457
f 2457//2457 2457//2457 187//187
f 187//187 2457//2457 187//187
f 187//187 187//187 198//198
f 198//198 187//187 2459//2459
f 198//198 2459//2459 2459//2459
f 2459//2459 2459//2459 223//223
f 2459//2459 223//223 223//223
f 223//223 223//223 226//226
f 223//223 226//226 2465//2465
f 2465//2465 226//226 226//226
f 2465//2465 226//226 2464//2464
f 2464//2464 226//226 228//228
f 2464//2464 228//228 2463//2463
f 2463//2463 228//228 233//233
f 2463//2463 233//233 2463//2463
f 2463//2463 233//233 2466//2466
f 2463//2463 2466//2466 2467//2467
f 2467//2467 2466//2466 2468//2468
f 2467//2467 2468//2468 2467//2467
f 2467//2467 2468//2468 2469//2469
f 2467//2467 2469//2469 2467//2467
f 2467//2467 2469//2469 2470//2470
f 2467//2467 2470//2470 2467//2467
f 2467//2467 2470//2470 2471//2471
f 2467//2467 2471//2471 2467//2467
f 2467//2467 2471//2471 2472//2472
f 2467//2467 2472//2472 2461//2461
f 2461//2461 2472//2472 2473//2473
f 2461//2461 2473//2473 2461//2461
f 2461//2461 2473//2473 2474//2474
f 2461//2461 2474//2474 2460//2460
f 2460//2460 2474//2474 2475//2475
f 2460//2460 2475//2475 2460//2460
f 2460//2460 2475//2475 2476//2476
f 2460//2460 2476//2476 2460//2460
f 2460//2460 2476//2476 2477//2477
f 2460//2460 2477//2477 2459//2459
f 2459//2459 2477//2477 2478//2478
f 2459//2459 2478//2478 198//198
f 198//198 2478//2478 2479//2479
f 198//198 2479//2479 198//198
f 198//198 2479//2479 2480//2480
f 198//198 2480//2480 198//198
f 198//198 2480//2480 2481//2481
f 198//198 2481//2481 198//198
f 198//198 2481//2481 2482//2482
f 198//198 2482//2482 2483//2483
f 2483//2483 2482//2482 2484//2484
f 2483//2483 2484//2484 2483//2483
f 2483//2483 2484//2484 2485//2485
f 2483//2483 2485//2485 2486//2486
f 2486//2486 2485//2485 2487//2487
f 2486//2486 2487//2487 2488//2488
f 2488//2488 2487//2487 2489//2489
f 2488//2488 2489//2489 2490//2490
f 2490//2490 2489//2489 2491//2491
f 2490//2490 2491//2491 2492//2492
f 2492//2492 2491//2491 2493//2493
f 2492//2492 2493//2493 2493//2493
f 2493//2493 2493//2493 2463//2463
f 2493//2493 2463//2463 2463//2463
f 2463//2463 2463//2463 2467//2467
f 2463//2463 2467//2467 2461//2461
f 2461//2461 2467//2467 2461//2461
f 2461//2461 2461//2461 2486//2486
f 2486//2486 2461//2461 2486//2486
f 2486//2486 2486//2486 2483//2483
f 2483//2483 2486//2486 2494//2494
f 2483//2483 2494//2494 2495//2495
f 2495//2495 2494//2494 2494//2494
f 2495//2495 2494//2494 2496//2496
f 2496//2496 2494//2494 2497//2497
f 2496//2496 2497//2497 2497//2497
f 2497//2497 2497//2497 2495//2495
f 2497//2497 2495//2495 2495//2495
f 2495//2495 2495//2495 2498//2498
f 2495//2495 2498//2498 2483//2483
f 2483//2483 2498//2498 2499//2499
f 2483//2483 2499//2499 2483//2483
f 2483//2483 2499//2499 2500//2500
f 2483//2483 2500//2500 198//198
f 198//198 2500//2500 2500//2500
f 198//198 2500//2500 2501//2501
f 2501//2501 2500//2500 2500//2500
f 2501//2501 2500//2500 2502//2502
f 2502//2502 2500//2500 2500//2500
f 2502//2502 2500//2500 2503//2503
f 2503//2503 2500//2500 2500//2500
f 2503//2503 2500//2500 2504//2504
f 2504//2504 2500//2500 2505//2505
f 2504//2504 2505//2505 2505//2505
f 2505//2505 2505//2505 2506//2506
f 2505//2505 2506//2506 2506//2506
f 2506//2506 2506//2506 2507//2507
f 2506//2506 2507//2507 2508//2508
f 2508//2508 2507//2507 2509//2509
f 2508//2508 2509//2509 2509//2509
f 2509//2509 2509//2509 2510//2510
f 2509//2509 2510//2510 2510//2510
f 2510//2510 2510//2510 2511//2511
f 2510//2510 2511//2511 2512//2512
f 2512//2512 2511//2511 2513//2513
f 2512//2512 2513//2513 2513//2513
f 2513//2513 2513//2513 2514//2514
f 2513//2513 2514//2514 2514//2514
f 2514//2514 2514//2514 2515//2515
f 2514//2514 2515//2515 2516//2516
f 2516//2516 2515//2515 2517//2517
f 2516//2516 2517//2517 2518//2518
f 2518//2518 2517//2517 2519//2519
f 2518//2518 2519//2519 2520//2520
f 2520//2520 2519//2519 2520//2520
f 2520//2520 2520//2520 943//943
f 943//943 2520//2520 943//943
f 943//943 943//943 944//944
f 944//944 943//943 2521//2521
f 944//944 2521//2521 2522//2522
f 2522//2522 2521//2521 2523//2523
f 2522//2522 2523//2523 2524//2524
f 2524//2524 2523//2523 2523//2523
f 2524//2524 2523//2523 2525//2525
f 2525//2525 2523//2523 2526//2526
f 2525//2525 2526//2526 2526//2526
f 2526//2526 2526//2526 2521//2521
f 2526//2526 2521//2521 2521//2521
f 2521//2521 2521//2521 2527//2527
f 2521//2521 2527//2527 2523//2523
f 2523//2523 2527//2527 2528//2528
f 2523//2523 2528//2528 2523//2523
f 2523//2523 2528//2528 2529//2529
f 2523//2523 2529//2529 2530//2530
f 2530//2530 2529//2529 2531//2531
f 2530//2530 2531//2531 2530//2530
f 2530//2530 2531//2531 2532//2532
f 2530//2530 2532//2532 2530//2530
f 2530//2530 2532//2532 2533//2533
f 2530//2530 2533//2533 2530//2530
f 2530//2530 2533//2533 1911//1911
f 2530//2530 1911//1911 2523//2523
f 2523//2523 1911//1911 1911//1911
f 2523//2523 1911//1911 2526//2526
f 2526//2526 1911//1911 1911//1911
f 2526//2526 1911//1911 2534//2534
f 2534//2534 1911//1911 1911//1911
f 2534//2534 1911//1911 2535//2535
f 2535//2535 1911//1911 1911//1911
f 2535//2535 1911//1911 2536//2536
f 2536//2536 1911//1911 1911//1911
f 2536//2536 1911//1911 2537//2537
f 2537//2537 1911//1911 1911//1911
f 2537//2537 1911//1911 2538//2538
f 2538//2538 1911//1911 2539//2539
f 2538//2538 2539//2539 2540//2540
f 2540//2540 2539//2539 2540//2540
f 2540//2540 2540//2540 2539//2539
f 2539//2539 2540//2540 2539//2539
f 2539//2539 2539//2539 2541//2541
f 2541//2541 2539//2539 1911//1911
f 2541//2541 1911//1911 2541//2541
f 2541//2541 1911//1911 1903//1903
f 2541//2541 1903//1903 2542//2542
f 2542//2542 1903//1903 2543//2543
f 2542//2542 2543//2543 2542//2542
f 2542//2542 2543//2543 2544//2544
f 2542//2542 2544//2544 2545//2545
f 2545//2545 2544//2544 2545//2545
f 2545//2545 2545//2545 2533//2533
f 2533//2533 2545//2545 2533//2533
f 2533//2533 2533//2533 1911//1911
f 1911//1911 2533//2533 2546//2546
f 1911//1911 2546//2546 1916//1916
f 1916//1916 2546//2546 1916//1916
f 1916//1916 1916//1916 2547//2547
f 2547//2547 1916//1916 2547//2547
f 2547//2547 2547//2547 2548//2548
f 2548//2548 2547//2547 2549//2549
f 2548//2548 2549//2549 2549//2549
f 2549//2549 2549//2549 2550//2550
f 2549//2549 2550//2550 2550//2550
f 2550//2550 2550//2550 2551//2551
f 2550//2550 2551//2551 2552//2552
f 2552//2552 2551//2551 2553//2553
f 2552//2552 2553//2553 2553//2553
f 2553//2553 2553//2553 2554//2554
f 2553//2553 2554//2554 2554//2554
f 2554//2554 2554//2554 2555//2555
f 2554//2554 2555//2555 2556//2556
f 2556//2556 2555//2555 2557//2557
f 2556//2556 2557//2557 2556//2556
f 2556//2556 2557//2557 2558//2558
f 2556//2556 2558//2558 2559//2559
f 2559//2559 2558//2558 2559//2559
f 2559//2559 2559//2559 2555//2555
f 2555//2555 2559//2559 2555//2555
f 2555//2555 2555//2555 2557//2557
f 2557//2557 2555//2555 2560//2560
f 2557//2557 2560//2560 2561//2561
f 2561//2561 2560//2560 2560//2560
f 2561//2561 2560//2560 2562//2562
f 2562//2562 2560//2560 2560//2560
f 2562//2562 2560//2560 2550//2550
f 2550//2550 2560//2560 2551//2551
f 2550//2550 2551//2551 2551//2551
f 2551//2551 2551//2551 2551//2551
f 2551//2551 2551//2551 2551//2551
f 2551//2551 2551//2551 2563//2563
f 2551//2551 2563//2563 2553//2553
f 2553//2553 2563//2563 2563//2563
f 2553//2553 2563//2563 2564//2564
f 2564//2564 2563//2563 2565//2565
f 2564//2564 2565//2565 2564//2564
f 2564//2564 2565//2565 2566//2566
f 2564//2564 2566//2566 2564//2564
f 2564//2564 2566//2566 2567//2567
f 2564//2564 2567//2567 2568//2568
f 2568//2568 2567//2567 2569//2569
f 2568//2568 2569//2569 2570//2570
f 2570//2570 2569//2569 2571//2571
f 2570//2570 2571//2571 2572//2572
f 2572//2572 2571//2571 2572//2572
f 2572//2572 2572//2572 2551//2551
f 2551//2551 2572//2572 2551//2551
f 2551//2551 2551//2551 2563//2563
f 2563//2563 2551//2551 2573//2573
f 2563//2563 2573//2573 2574//2574
f 2574//2574 2573//2573 2575//2575
f 2574//2574 2575//2575 2574//2574
f 2574//2574 2575//2575 2576//2576
f 2574//2574 2576//2576 2574//2574
f 2574//2574 2576//2576 2577//2577
f 2574//2574 2577//2577 2574//2574
f 2574//2574 2577//2577 2578//2578
f 2574//2574 2578//2578 2579//2579
f 2579//2579 2578//2578 2579//2579
f 2579//2579 2579//2579 2580//2580
f 2580//2580 2579//2579 2580//2580
f 2580//2580 2580//2580 2581//2581
f 2581//2581 2580//2580 2563//2563
f 2581//2581 2563//2563 2582//2582
f 2582//2582 2563//2563 2563//2563
f 2582//2582 2563//2563 2583//2583
f 2583//2583 2563//2563 2563//2563
f 2583//2583 2563//2563 2584//2584
f 2584//2584 2563//2563 2574//2574
f 2584//2584 2574//2574 2585//2585
f 2585//2585 2574//2574 2585//2585
f 2585//2585 2585//2585 2578//2578
f 2578//2578 2585//2585 2578//2578
f 2578//2578 2578//2578 2586//2586
f 2586//2586 2578//2578 2577//2577
f 2586//2586 2577//2577 2586//2586
f 2586//2586 2577//2577 2587//2587
f 2586//2586 2587//2587 2588//2588
f 2588//2588 2587//2587 2589//2589
f 2588//2588 2589//2589 2588//2588
f 2588//2588 2589//2589 2590//2590
f 2588//2588 2590//2590 2588//2588
f 2588//2588 2590//2590 2591//2591
f 2588//2588 2591//2591 2592//2592
f 2592//2592 2591//2591 2593//2593
f 2592//2592 2593//2593 2594//2594
f 2594//2594 2593//2593 2594//2594
f 2594//2594 2594//2594 2591//2591
f 2591//2591 2594//2594 2591//2591
f 2591//2591 2591//2591 2593//2593
f 2593//2593 2591//2591 2595//2595
f 2593//2593 2595//2595 2596//2596
f 2596//2596 2595//2595 2597//2597
f 2596//2596 2597//2597 2597//2597
f 2597//2597 2597//2597 2579//2579
f 2597//2597 2579//2579 2579//2579
f 2579//2579 2579//2579 2598//2598
f 2579//2579 2598//2598 2574//2574
f 2574//2574 2598//2598 2598//2598
f 2574//2574 2598//2598 2599//2599
f 2599//2599 2598//2598 2600//2600
f 2599//2599 2600//2600 2599//2599
f 2599//2599 2600//2600 2601//2601
f 2599//2599 2601//2601 2599//2599
f 2599//2599 2601//2601 2602//2602
f 2599//2599 2602//2602 2603//2603
f 2603//2603 2602//2602 2604//2604
f 2603//2603 2604//2604 2605//2605
f 2605//2605 2604//2604 2606//2606
f 2605//2605 2606//2606 2605//2605
f 2605//2605 2606//2606 2607//2607
f 2605//2605 2607//2607 2608//2608
f 2608//2608 2607//2607 2607//2607
f 2608//2608 2607//2607 2609//2609
f 2609//2609 2607//2607 2610//2610
f 2609//2609 2610//2610 2611//2611
f 2611//2611 2610//2610 2611//2611
f 2611//2611 2611//2611 2608//2608
f 2608//2608 2611//2611 2608//2608
f 2608//2608 2608//2608 2605//2605
f 2605//2605 2608//2608 2612//2612
f 2605//2605 2612//2612 2613//2613
f 2613//2613 2612//2612 2614//2614
f 2613//2613 2614//2614 2613//2613
f 2613//2613 2614//2614 2615//2615
f 2613//2613 2615//2615 2613//2613
f 2613//2613 2615//2615 2616//2616
f 2613//2613 2616//2616 2613//2613
f 2613//2613 2616//2616 2617//2617
f 2613//2613 2617//2617 2613//2613
f 2613//2613 2617//2617 2618//2618
f 2613//2613 2618//2618 2619//2619
f 2619//2619 2618//2618 2619//2619
f 2619//2619 2619//2619 2620//2620
f 2620//2620 2619//2619 2620//2620
f 2620//2620 2620//2620 2613//2613
f 2613//2613 2620//2620 2605//2605
f 2613//2613 2605//2605 2605//2605
f 2605//2605 2605//2605 2605//2605
f 2605//2605 2605//2605 2605//2605
f 2605//2605 2605//2605 2621//2621
f 2605//2605 2621//2621 2603//2603
f 2603//2603 2621//2621 2622//2622
f 2603//2603 2622//2622 2599//2599
f 2599//2599 2622//2622 2623//2623
f 2599//2599 2623//2623 2599//2599
f 2599//2599 2623//2623 2624//2624
f 2599//2599 2624//2624 2599//2599
f 2599//2599 2624//2624 2625//2625
f 2599//2599 2625//2625 2599//2599
f 2599//2599 2625//2625 2626//2626
f 2599//2599 2626//2626 2574//2574
f 2574//2574 2626//2626 2585//2585
f 2574//2574 2585//2585 2585//2585
f 2585//2585 2585//2585 2622//2622
f 2585//2585 2622//2622 2622//2622
f 2622//2622 2622//2622 2621//2621
f 2622//2622 2621//2621 2627//2627
f 2627//2627 2621//2621 2627//2627
f 2627//2627 2627//2627 2623//2623
f 2623//2623 2627//2627 2623//2623
f 2623//2623 2623//2623 2628//2628
f 2628//2628 2623//2623 2622//2622
f 2628//2628 2622//2622 2629//2629
f 2629//2629 2622//2622 2630//2630
f 2629//2629 2630//2630 2630//2630
f 2630//2630 2630//2630 2631//2631
f 2630//2630 2631//2631 2631//2631
f 2631//2631 2631//2631 2632//2632
f 2631//2631 2632//2632 2633//2633
f 2633//2633 2632//2632 2634//2634
f 2633//2633 2634//2634 2635//2635
f 2635//2635 2634//2634 2636//2636
f 2635//2635 2636//2636 2637//2637
f 2637//2637 2636//2636 2638//2638
f 2637//2637 2638//2638 2639//2639
f 2639//2639 2638//2638 2639//2639
f 2639//2639 2639//2639 2638//2638
f 2638//2638 2639//2639 2638//2638
f 2638//2638 2638//2638 2640//2640
f 2640//2640 2638//2638 2636//2636
f 2640//2640 2636//2636 2636//2636
f 2636//2636 2636//2636 2641//2641
f 2636//2636 2641//2641 2641//2641
f 2641//2641 2641//2641 2642//2642
f 2641//2641 2642//2642 2643//2643
f 2643//2643 2642//2642 2644//2644
f 2643//2643 2644//2644 2644//2644
f 2644//2644 2644//2644 2645//2645
f 2644//2644 2645//2645 2645//2645
f 2645//2645 2645//2645 2646//2646
f 2645//2645 2646//2646 2647//2647
f 2647//2647 2646//2646 2647//2647
f 2647//2647 2647//2647 2648//2648
f 2648//2648 2647//2647 2648//2648
f 2648//2648 2648//2648 2649//2649
f 2649//2649 2648//2648 626//626
f 2649//2649 626//626 2650//2650
f 2650//2650 626//626 626//626
f 2650//2650 626//626 2651//2651
f 2651//2651 626//626 626//626
f 2651//2651 626//626 2652//2652
f 2652//2652 626//626 624//624
f 2652//2652 624//624 2653//2653
f 2653//2653 624//624 624//624
f 2653//2653 624//624 2654//2654
f 2654//2654 624//624 624//624
f 2654//2654 624//624 2655//2655
f 2655//2655 624//624 2656//2656
f 2655//2655 2656//2656 2657//2657
f 2657//2657 2656//2656 2658//2658
f 2657//2657 2658//2658 2659//2659
f 2659//2659 2658//2658 2660//2660
f 2659//2659 2660//2660 2661//2661
f 2661//2661 2660//2660 2662//2662
f 2661//2661 2662//2662 2663//2663
f 2663//2663 2662//2662 2663//2663
f 2663//2663 2663//2663 2656//2656
f 2656//2656 2663//2663 2656//2656
f 2656//2656 2656//2656 2664//2664
f 2664//2664 2656//2656 624//624
f 2664//2664 624//624 2665//2665
f 2665//2665 624//624 624//624
f 2665//2665 624//624 2666//2666
f 2666//2666 624//624 624//624
f 2666//2666 624//624 1530//1530
f 1530//1530 624//624 622//622
f 1530//1530 622//622 622//622
f 622//622 622//622 2667//2667
f 622//622 2667//2667 2667//2667
f 2667//2667 2667//2667 2668//2668
f 2667//2667 2668//2668 2669//2669
f 2669//2669 2668//2668 2668//2668
f 2669//2669 2668//2668 2670//2670
f 2670//2670 2668//2668 2668//2668
f 2670//2670 2668//2668 2671//2671
f 2671//2671 2668//2668 2668//2668
f 2671//2671 2668//2668 2672//2672
f 2672//2672 2668//2668 2673//2673
f 2672//2672 2673//2673 2674//2674
f 2674//2674 2673//2673 2675//2675
f 2674//2674 2675//2675 2675//2675
f 2675//2675 2675//2675 2674//2674
f 2675//2675 2674//2674 2674//2674
f 2674//2674 2674//2674 2676//2676
f 2674//2674 2676//2676 2672//2672
f 2672//2672 2676//2676 2677//2677
f 2672//2672 2677//2677 2678//2678
f 2678//2678 2677//2677 2679//2679
f 2678//2678 2679//2679 2680//2680
f 2680//2680 2679//2679 2676//2676
f 2680//2680 2676//2676 2681//2681
f 2681//2681 2676//2676 2682//2682
f 2681//2681 2682//2682 2681//2681
f 2681//2681 2682//2682 2678//2678
f 2681//2681 2678//2678 2680//2680
f 2680//2680 2678//2678 2680//2680
f 2680//2680 2680//2680 2677//2677
f 2677//2677 2680//2680 2677//2677
f 2677//2677 2677//2677 2679//2679
f 2679//2679 2677//2677 2676//2676
f 2679//2679 2676//2676 2676//2676
f 2676//2676 2676//2676 2676//2676
f 2676//2676 2676//2676 2676//2676
f 2676//2676 2676//2676 2683//2683
f 2676//2676 2683//2683 2682//2682
f 2682//2682 2683//2683 2684//2684
f 2682//2682 2684//2684 2685//2685
f 2685//2685 2684//2684 2686//2686
f 2685//2685 2686//2686 2687//2687
f 2687//2687 2686//2686 2688//2688
f 2687//2687 2688//2688 2689//2689
f 2689//2689 2688//2688 2690//2690
f 2689//2689 2690//2690 2685//2685
f 2685//2685 2690//2690 2691//2691
f 2685//2685 2691//2691 2685//2685
f 2685//2685 2691//2691 2692//2692
f 2685//2685 2692//2692 2685//2685
f 2685//2685 2692//2692 2693//2693
f 2685//2685 2693//2693 2685//2685
f 2685//2685 2693//2693 2694//2694
f 2685//2685 2694//2694 2685//2685
f 2685//2685 2694//2694 2695//2695
f 2685//2685 2695//2695 2685//2685
f 2685//2685 2695//2695 2696//2696
f 2685//2685 2696//2696 2685//2685
f 2685//2685 2696//2696 2697//2697
f 2685//2685 2697//2697 2685//2685
f 2685//2685 2697//2697 2698//2698
f 2685//2685 2698//2698 2685//2685
f 2685//2685 2698//2698 2699//2699
f 2685//2685 2699//2699 2682//2682
f 2682//2682 2699//2699 2700//2700
f 2682//2682 2700//2700 2701//2701
f 2701//2701 2700//2700 2702//2702
f 2701//2701 2702//2702 2702//2702
f 2702//2702 2702//2702 2683//2683
f 2702//2702 2683//2683 2683//2683
f 2683//2683 2683//2683 2688//2688
f 2683//2683 2688//2688 2684//2684
f 2684//2684 2688//2688 2686//2686
f 2684//2684 2686//2686 2686//2686
f 2686//2686 2686//2686 2689//2689
f 2686//2686 2689//2689 2689//2689
f 2689//2689 2689//2689 2685//2685
f 2689//2689 2685//2685 2687//2687
f 2687//2687 2685//2685 2687//2687
f 2687//2687 2687//2687 2701//2701
f 2701//2701 2687//2687 2701//2701
f 2701//2701 2701//2701 2682//2682
f 2682//2682 2701//2701 2703//2703
f 2682//2682 2703//2703 2704//2704
f 2704//2704 2703//2703 2705//2705
f 2704//2704 2705//2705 2704//2704
f 2704//2704 2705//2705 2706//2706
f 2704//2704 2706//2706 2704//2704
f 2704//2704 2706//2706 2707//2707
f 2704//2704 2707//2707 2682//2682
f 2682//2682 2707//2707 2708//2708
f 2682//2682 2708//2708 2709//2709
f 2709//2709 2708//2708 2710//2710
f 2709//2709 2710//2710 2709//2709
f 2709//2709 2710//2710 2711//2711
f 2709//2709 2711//2711 2682//2682
f 2682//2682 2711//2711 2712//2712
f 2682//2682 2712//2712 2682//2682
f 2682//2682 2712//2712 2713//2713
f 2682//2682 2713//2713 2682//2682
f 2682//2682 2713//2713 2714//2714
f 2682//2682 2714//2714 2715//2715
f 2715//2715 2714//2714 2715//2715
f 2715//2715 2715//2715 2707//2707
f 2707//2707 2715//2715 2707//2707
f 2707//2707 2707//2707 2708//2708
f 2708//2708 2707//2707 2710//2710
f 2708//2708 2710//2710 2710//2710
f 2710//2710 2710//2710 2682//2682
f 2710//2710 2682//2682 2682//2682
f 2682//2682 2682//2682 1373//1373
f 2682//2682 1373//1373 2678//2678
f 2678//2678 1373//1373 1376//1376
f 2678//2678 1376//1376 2716//2716
f 2716//2716 1376//1376 2716//2716
f 2716//2716 2716//2716 2717//2717
f 2717//2717 2716//2716 2717//2717
f 2717//2717 2717//2717 2718//2718
f 2718//2718 2717//2717 2719//2719
f 2718//2718 2719//2719 2718//2718
f 2718//2718 2719//2719 2720//2720
f 2718//2718 2720//2720 2718//2718
f 2718//2718 2720//2720 2721//2721
f 2718//2718 2721//2721 2718//2718
f 2718//2718 2721//2721 2722//2722
f 2718//2718 2722//2722 2723//2723
f 2723//2723 2722//2722 2724//2724
f 2723//2723 2724//2724 2723//2723
f 2723//2723 2724//2724 2725//2725
f 2723//2723 2725//2725 2723//2723
f 2723//2723 2725//2725 2726//2726
f 2723//2723 2726//2726 2723//2723
f 2723//2723 2726//2726 2727//2727
f 2723//2723 2727//2727 2723//2723
f 2723//2723 2727//2727 2728//2728
f 2723//2723 2728//2728 2723//2723
f 2723//2723 2728//2728 2729//2729
f 2723//2723 2729//2729 2730//2730
f 2730//2730 2729//2729 2731//2731
f 2730//2730 2731//2731 2730//2730
f 2730//2730 2731//2731 2732//2732
f 2730//2730 2732//2732 2733//2733
f 2733//2733 2732//2732 2733//2733
f 2733//2733 2733//2733 2730//2730
f 2730//2730 2733//2733 2730//2730
f 2730//2730 2730//2730 2723//2723
f 2723//2723 2730//2730 2734//2734
f 2723//2723 2734//2734 2723//2723
f 2723//2723 2734//2734 2735//2735
f 2723//2723 2735//2735 2718//2718
f 2718//2718 2735//2735 2718//2718
f 2718//2718 2718//2718 2736//2736
f 2736//2736 2718//2718 2736//2736
f 2736//2736 2736//2736 2737//2737
f 2737//2737 2736//2736 2738//2738
f 2737//2737 2738//2738 2739//2739
f 2739//2739 2738//2738 2740//2740
f 2739//2739 2740//2740 2739//2739
f 2739//2739 2740//2740 2741//2741
f 2739//2739 2741//2741 2737//2737
f 2737//2737 2741//2741 2737//2737
f 2737//2737 2737//2737 2736//2736
f 2736//2736 2737//2737 2736//2736
f 2736//2736 2736//2736 2742//2742
f 2742//2742 2736//2736 2737//2737
f 2742//2742 2737//2737 2743//2743
f 2743//2743 2737//2737 2744//2744
f 2743//2743 2744//2744 2745//2745
f 2745//2745 2744//2744 2746//2746
f 2745//2745 2746//2746 2747//2747
f 2747//2747 2746//2746 2746//2746
f 2747//2747 2746//2746 2748//2748
f 2748//2748 2746//2746 2749//2749
f 2748//2748 2749//2749 2750//2750
f 2750//2750 2749//2749 2751//2751
f 2750//2750 2751//2751 2752//2752
f 2752//2752 2751//2751 2751//2751
f 2752//2752 2751//2751 2740//2740
f 2740//2740 2751//2751 2753//2753
f 2740//2740 2753//2753 2741//2741
f 2741//2741 2753//2753 2753//2753
f 2741//2741 2753//2753 2737//2737
f 2737//2737 2753//2753 2751//2751
f 2737//2737 2751//2751 2754//2754
f 2754//2754 2751//2751 2749//2749
f 2754//2754 2749//2749 2754//2754
f 2754//2754 2749//2749 2746//2746
f 2754//2754 2746//2746 2737//2737
f 2737//2737 2746//2746 2744//2744
f 2737//2737 2744//2744 2744//2744
f 2744//2744 2744//2744 2755//2755
f 2744//2744 2755//2755 2755//2755
f 2755//2755 2755//2755 2756//2756
f 2755//2755 2756//2756 2757//2757
f 2757//2757 2756//2756 2758//2758
f 2757//2757 2758//2758 2758//2758
f 2758//2758 2758//2758 136//136
f 2758//2758 136//136 136//136
f 136//136 136//136 317//317
f 136//136 317//317 135//135
f 135//135 317//317 2759//2759
f 135//135 2759//2759 2760//2760
f 2760//2760 2759//2759 2761//2761
f 2760//2760 2761//2761 2760//2760
f 2760//2760 2761//2761 2762//2762
f 2760//2760 2762//2762 2763//2763
f 2763//2763 2762//2762 2763//2763
f 2763//2763 2763//2763 317//317
f 317//317 2763//2763 317//317
f 317//317 317//317 2759//2759
f 2759//2759 317//317 316//316
f 2759//2759 316//316 2764//2764
f 2764//2764 316//316 316//316
f 2764//2764 316//316 2765//2765
f 2765//2765 316//316 316//316
f 2765//2765 316//316 2766//2766
f 2766//2766 316//316 315//315
f 2766//2766 315//315 315//315
f 315//315 315//315 2761//2761
f 315//315 2761//2761 2761//2761
f 2761//2761 2761//2761 2759//2759
f 2761//2761 2759//2759 2767//2767
f 2767//2767 2759//2759 2764//2764
f 2767//2767 2764//2764 2764//2764
f 2764//2764 2764//2764 2768//2768
f 2764//2764 2768//2768 2768//2768
f 2768//2768 2768//2768 2769//2769
f 2768//2768 2769//2769 2770//2770
f 2770//2770 2769//2769 2770//2770
f 2770//2770 2770//2770 144//144
f 144//144 2770//2770 144//144
f 144//144 144//144 2771//2771
f 2771//2771 144//144 2772//2772
f 2771//2771 2772//2772 2771//2771
f 2771//2771 2772//2772 2773//2773
f 2771//2771 2773//2773 2771//2771
f 2771//2771 2773//2773 2774//2774
f 2771//2771 2774//2774 2771//2771
f 2771//2771 2774//2774 2775//2775
f 2771//2771 2775//2775 2771//2771
f 2771//2771 2775//2775 2776//2776
f 2771//2771 2776//2776 2777//2777
f 2777//2777 2776//2776 2778//2778
f 2777//2777 2778//2778 2777//2777
f 2777//2777 2778//2778 2779//2779
f 2777//2777 2779//2779 2777//2777
f 2777//2777 2779//2779 2780//2780
f 2777//2777 2780//2780 2777//2777
f 2777//2777 2780//2780 2781//2781
f 2777//2777 2781//2781 2782//2782
f 2782//2782 2781//2781 2783//2783
f 2782//2782 2783//2783 2783//2783
f 2783//2783 2783//2783 2771//2771
f 2783//2783 2771//2771 2771//2771
f 2771//2771 2771//2771 2777//2777
f 2771//2771 2777//2777 144//144
f 144//144 2777//2777 2777//2777
f 144//144 2777//2777 156//156
f 156//156 2777//2777 2782//2782
f 156//156 2782//2782 197//197
f 197//197 2782//2782 197//197
f 197//197 197//197 2784//2784
f 2784//2784 197//197 2784//2784
f 2784//2784 2784//2784 2785//2785
f 2785//2785 2784//2784 2786//2786
f 2785//2785 2786//2786 2786//2786
f 2786//2786 2786//2786 2787//2787
f 2786//2786 2787//2787 2787//2787
f 2787//2787 2787//2787 2788//2788
f 2787//2787 2788//2788 2789//2789
f 2789//2789 2788//2788 2789//2789
f 2789//2789 2789//2789 2790//2790
f 2790//2790 2789//2789 2790//2790
f 2790//2790 2790//2790 2791//2791
f 2791//2791 2790//2790 2792//2792
f 2791//2791 2792//2792 2793//2793
f 2793//2793 2792//2792 2794//2794
f 2793//2793 2794//2794 2793//2793
f 2793//2793 2794//2794 2795//2795
f 2793//2793 2795//2795 2793//2793
f 2793//2793 2795//2795 2796//2796
f 2793//2793 2796//2796 2797//2797
f 2797//2797 2796//2796 2798//2798
f 2797//2797 2798//2798 2799//2799
f 2799//2799 2798//2798 2799//2799
f 2799//2799 2799//2799 2791//2791
f 2791//2791 2799//2799 2791//2791
f 2791//2791 2791//2791 2800//2800
f 2800//2800 2791//2791 2793//2793
f 2800//2800 2793//2793 2801//2801
f 2801//2801 2793//2793 2793//2793
f 2801//2801 2793//2793 2802//2802
f 2802//2802 2793//2793 2793//2793
f 2802//2802 2793//2793 2803//2803
f 2803//2803 2793//2793 173//173
f 2803//2803 173//173 173//173
f 173//173 173//173 2793//2793
f 173//173 2793//2793 2793//2793
f 2793//2793 2793//2793 2797//2797
f 2793//2793 2797//2797 2804//2804
f 2804//2804 2797//2797 2805//2805
f 2804//2804 2805//2805 2804//2804
f 2804//2804 2805//2805 2806//2806
f 2804//2804 2806//2806 2804//2804
f 2804//2804 2806//2806 2807//2807
f 2804//2804 2807//2807 2804//2804
f 2804//2804 2807//2807 2808//2808
f 2804//2804 2808//2808 151//151
f 151//151 2808//2808 2809//2809
f 151//151 2809//2809 2810//2810
f 2810//2810 2809//2809 2811//2811
f 2810//2810 2811//2811 2811//2811
f 2811//2811 2811//2811 151//151
f 2811//2811 151//151 151//151
f 151//151 151//151 168//168
f 151//151 168//168 2804//2804
f 2804//2804 168//168 168//168
f 2804//2804 168//168 2793//2793
f 2793//2793 168//168 173//173
f 2793//2793 173//173 173//173
f 173//173 173//173 650//650
f 173//173 650//650 650//650
f 650//650 650//650 627//627
f 650//650 627//627 2812//2812
f 2812//2812 627//627 627//627
f 2812//2812 627//627 2648//2648
f 2648//2648 627//627 626//626
f 2648//2648 626//626 626//626
f 626//626 626//626 2813//2813
f 626//626 2813//2813 2813//2813
f 2813//2813 2813//2813 2814//2814
f 2813//2813 2814//2814 2815//2815
f 2815//2815 2814//2814 2816//2816
f 2815//2815 2816//2816 2817//2817
f 2817//2817 2816//2816 2818//2818
f 2817//2817 2818//2818 2819//2819
f 2819//2819 2818//2818 2819//2819
f 2819//2819 2819//2819 2820//2820
f 2820//2820 2819//2819 2820//2820
f 2820//2820 2820//2820 2821//2821
f 2821//2821 2820//2820 2822//2822
f 2821//2821 2822//2822 2823//2823
f 2823//2823 2822//2822 2823//2823
f 2823//2823 2823//2823 2822//2822
f 2822//2822 2823//2823 2822//2822
f 2822//2822 2822//2822 2824//2824
f 2824//2824 2822//2822 2820//2820
f 2824//2824 2820//2820 2824//2824
f 2824//2824 2820//2820 2825//2825
f 2824//2824 2825//2825 2824//2824
f 2824//2824 2825//2825 2826//2826
f 2824//2824 2826//2826 2827//2827
f 2827//2827 2826//2826 2828//2828
f 2827//2827 2828//2828 2827//2827
f 2827//2827 2828//2828 2829//2829
f 2827//2827 2829//2829 2830//2830
f 2830//2830 2829//2829 2831//2831
f 2830//2830 2831//2831 2832//2832
f 2832//2832 2831//2831 2833//2833
f 2832//2832 2833//2833 2833//2833
f 2833//2833 2833//2833 2830//2830
f 2833//2833 2830//2830 2830//2830
f 2830//2830 2830//2830 2832//2832
f 2830//2830 2832//2832 2827//2827
f 2827//2827 2832//2832 2832//2832
f 2827//2827 2832//2832 2834//2834
f 2834//2834 2832//2832 2835//2835
f 2834//2834 2835//2835 2834//2834
f 2834//2834 2835//2835 2836//2836
f 2834//2834 2836//2836 2834//2834
f 2834//2834 2836//2836 2837//2837
f 2834//2834 2837//2837 514//514
f 514//514 2837//2837 515//515
f 514//514 515//515 515//515
f 515//515 515//515 2835//2835
f 515//515 2835//2835 2835//2835
f 2835//2835 2835//2835 2832//2832
f 2835//2835 2832//2832 2838//2838
f 2838//2838 2832//2832 2838//2838
f 2838//2838 2838//2838 514//514
f 514//514 2838//2838 514//514
f 514//514 514//514 2834//2834
f 2834//2834 514//514 513//513
f 2834//2834 513//513 2827//2827
f 2827//2827 513//513 2839//2839
f 2827//2827 2839//2839 2840//2840
f 2840//2840 2839//2839 2841//2841
f 2840//2840 2841//2841 2822//2822
f 2822//2822 2841//2841 2841//2841
f 2822//2822 2841//2841 2823//2823
f 2823//2823 2841//2841 2841//2841
f 2823//2823 2841//2841 2842//2842
f 2842//2842 2841//2841 2843//2843
f 2842//2842 2843//2843 2843//2843
f 2843//2843 2843//2843 513//513
f 2843//2843 513//513 513//513
f 513//513 513//513 366//366
f 513//513 366//366 2839//2839
f 2839//2839 366//366 2841//2841
f 2839//2839 2841//2841 2841//2841
f 2841//2841 2841//2841 2827//2827
f 2841//2841 2827//2827 2827//2827
f 2827//2827 2827//2827 2840//2840
f 2827//2827 2840//2840 2844//2844
f 2844//2844 2840//2840 2845//2845
f 2844//2844 2845//2845 2845//2845
f 2845//2845 2845//2845 2846//2846
f 2845//2845 2846//2846 2846//2846
f 2846//2846 2846//2846 366//366
f 2846//2846 366//366 2847//2847
f 2847//2847 366//366 376//376
f 2847//2847 376//376 376//376
f 376//376 376//376 2848//2848
f 376//376 2848//2848 2848//2848
f 2848//2848 2848//2848 2849//2849
f 2848//2848 2849//2849 2850//2850
f 2850//2850 2849//2849 2851//2851
f 2850//2850 2851//2851 2851//2851
f 2851//2851 2851//2851 1507//1507
f 2851//2851 1507//1507 1507//1507
f 1507//1507 1507//1507 1506//1506
f 1507//1507 1506//1506 1538//1538
f 1538//1538 1506//1506 2852//2852
f 1538//1538 2852//2852 1546//1546
f 1546//1546 2852//2852 2853//2853
f 1546//1546 2853//2853 1164//1164
f 1164//1164 2853//2853 2853//2853
f 1164//1164 2853//2853 1169//1169
f 1169//1169 2853//2853 2854//2854
f 1169//1169 2854//2854 1175//1175
f 1175//1175 2854//2854 1504//1504
f 1175//1175 1504//1504 1174//1174
f 1174//1174 1504//1504 1174//1174
f 1174//1174 1174//1174 1506//1506
f 1506//1506 1174//1174 1506//1506
f 1506//1506 1506//1506 2852//2852
f 2852//2852 1506//1506 1505//1505
f 2852//2852 1505//1505 2854//2854
f 2854//2854 1505//1505 1504//1504
f 2854//2854 1504//1504 1504//1504
f 1504//1504 1504//1504 2854//2854
f 1504//1504 2854//2854 2854//2854
f 2854//2854 2854//2854 2853//2853
f 2854//2854 2853//2853 2852//2852
f 2852//2852 2853//2853 2852//2852
f 2852//2852 2852//2852 2855//2855
f 2855//2855 2852//2852 2855//2855
f 2855//2855 2855//2855 2856//2856
f 2856//2856 2855//2855 2857//2857
f 2856//2856 2857//2857 2856//2856
f 2856//2856 2857//2857 2858//2858
f 2856//2856 2858//2858 2859//2859
f 2859//2859 2858//2858 2858//2858
f 2859//2859 2858//2858 2860//2860
f 2860//2860 2858//2858 2858//2858
f 2860//2860 2858//2858 2861//2861
f 2861//2861 2858//2858 2858//2858
f 2861//2861 2858//2858 2862//2862
f 2862//2862 2858//2858 2863//2863
f 2862//2862 2863//2863 2864//2864
f 2864//2864 2863//2863 2863//2863
f 2864//2864 2863//2863 2865//2865
f 2865//2865 2863//2863 2863//2863
f 2865//2865 2863//2863 2866//2866
f 2866//2866 2863//2863 2867//2867
f 2866//2866 2867//2867 2868//2868
f 2868//2868 2867//2867 2867//2867
f 2868//2868 2867//2867 2869//2869
f 2869//2869 2867//2867 2867//2867
f 2869//2869 2867//2867 2870//2870
f 2870//2870 2867//2867 2867//2867
f 2870//2870 2867//2867 2871//2871
f 2871//2871 2867//2867 2872//2872
f 2871//2871 2872//2872 2873//2873
f 2873//2873 2872//2872 2874//2874
f 2873//2873 2874//2874 2873//2873
f 2873//2873 2874//2874 2875//2875
f 2873//2873 2875//2875 2876//2876
f 2876//2876 2875//2875 2877//2877
f 2876//2876 2877//2877 2877//2877
f 2877//2877 2877//2877 2872//2872
f 2877//2877 2872//2872 2872//2872
f 2872//2872 2872//2872 2867//2867
f 2872//2872 2867//2867 2878//2878
f 2878//2878 2867//2867 2867//2867
f 2878//2878 2867//2867 2879//2879
f 2879//2879 2867//2867 2867//2867
f 2879//2879 2867//2867 2880//2880
f 2880//2880 2867//2867 2867//2867
f 2880//2880 2867//2867 2881//2881
f 2881//2881 2867//2867 2882//2882
f 2881//2881 2882//2882 2883//2883
f 2883//2883 2882//2882 2884//2884
f 2883//2883 2884//2884 2885//2885
f 2885//2885 2884//2884 2886//2886
f 2885//2885 2886//2886 2887//2887
f 2887//2887 2886//2886 2886//2886
f 2887//2887 2886//2886 2888//2888
f 2888//2888 2886//2886 2886//2886
f 2888//2888 2886//2886 2056//2056
f 2056//2056 2886//2886 2884//2884
f 2056//2056 2884//2884 2889//2889
f 2889//2889 2884//2884 2890//2890
f 2889//2889 2890//2890 2889//2889
f 2889//2889 2890//2890 2891//2891
f 2889//2889 2891//2891 2892//2892
f 2892//2892 2891//2891 2893//2893
f 2892//2892 2893//2893 2894//2894
f 2894//2894 2893//2893 2895//2895
f 2894//2894 2895//2895 2896//2896
f 2896//2896 2895//2895 2897//2897
f 2896//2896 2897//2897 2898//2898
f 2898//2898 2897//2897 2899//2899
f 2898//2898 2899//2899 2900//2900
f 2900//2900 2899//2899 2900//2900
f 2900//2900 2900//2900 2867//2867
f 2867//2867 2900//2900 2867//2867
f 2867//2867 2867//2867 2882//2882
f 2882//2882 2867//2867 2863//2863
f 2882//2882 2863//2863 2863//2863
f 2863//2863 2863//2863 2056//2056
f 2863//2863 2056//2056 2056//2056
f 2056//2056 2056//2056 2889//2889
f 2056//2056 2889//2889 2050//2050
f 2050//2050 2889//2889 2889//2889
f 2050//2050 2889//2889 2049//2049
f 2049//2049 2889//2889 2892//2892
f 2049//2049 2892//2892 2047//2047
f 2047//2047 2892//2892 2047//2047
f 2047//2047 2047//2047 2899//2899
f 2899//2899 2047//2047 2899//2899
f 2899//2899 2899//2899 2901//2901
f 2901//2901 2899//2899 2897//2897
f 2901//2901 2897//2897 2901//2901
f 2901//2901 2897//2897 2902//2902
f 2901//2901 2902//2902 2903//2903
f 2903//2903 2902//2902 2904//2904
f 2903//2903 2904//2904 2905//2905
f 2905//2905 2904//2904 2906//2906
f 2905//2905 2906//2906 2907//2907
f 2907//2907 2906//2906 2908//2908
f 2907//2907 2908//2908 2909//2909
f 2909//2909 2908//2908 2909//2909
f 2909//2909 2909//2909 2902//2902
f 2902//2902 2909//2909 2902//2902
f 2902//2902 2902//2902 2904//2904
f 2904//2904 2902//2902 2910//2910
f 2904//2904 2910//2910 2904//2904
f 2904//2904 2910//2910 2858//2858
f 2904//2904 2858//2858 2906//2906
f 2906//2906 2858//2858 2857//2857
f 2906//2906 2857//2857 2908//2908
f 2908//2908 2857//2857 2908//2908
f 2908//2908 2908//2908 2902//2902
f 2902//2902 2908//2908 2902//2902
f 2902//2902 2902//2902 2910//2910
f 2910//2910 2902//2902 2897//2897
f 2910//2910 2897//2897 2910//2910
f 2910//2910 2897//2897 2911//2911
f 2910//2910 2911//2911 2910//2910
f 2910//2910 2911//2911 2912//2912
f 2910//2910 2912//2912 2913//2913
f 2913//2913 2912//2912 2914//2914
f 2913//2913 2914//2914 2863//2863
f 2863//2863 2914//2914 2882//2882
f 2863//2863 2882//2882 2882//2882
f 2882//2882 2882//2882 2910//2910
f 2882//2882 2910//2910 2910//2910
f 2910//2910 2910//2910 2913//2913
f 2910//2910 2913//2913 2858//2858
f 2858//2858 2913//2913 2863//2863
f 2858//2858 2863//2863 2863//2863
f 2863//2863 2863//2863 2915//2915
f 2863//2863 2915//2915 2915//2915
f 2915//2915 2915//2915 2916//2916
f 2915//2915 2916//2916 2857//2857
f 2857//2857 2916//2916 2916//2916
f 2857//2857 2916//2916 2908//2908
f 2908//2908 2916//2916 2917//2917
f 2908//2908 2917//2917 2918//2918
f 2918//2918 2917//2917 2919//2919
f 2918//2918 2919//2919 2920//2920
f 2920//2920 2919//2919 2920//2920
f 2920//2920 2920//2920 2921//2921
f 2921//2921 2920//2920 2921//2921
f 2921//2921 2921//2921 2922//2922
f 2922//2922 2921//2921 2923//2923
f 2922//2922 2923//2923 2924//2924
f 2924//2924 2923//2923 2925//2925
f 2924//2924 2925//2925 2924//2924
f 2924//2924 2925//2925 2926//2926
f 2924//2924 2926//2926 538//538
f 538//538 2926//2926 2927//2927
f 538//538 2927//2927 538//538
f 538//538 2927//2927 2928//2928
f 538//538 2928//2928 519//519
f 519//519 2928//2928 2929//2929
f 519//519 2929//2929 2929//2929
f 2929//2929 2929//2929 2930//2930
f 2929//2929 2930//2930 2930//2930
f 2930//2930 2930//2930 2931//2931
f 2930//2930 2931//2931 2932//2932
f 2932//2932 2931//2931 2933//2933
f 2932//2932 2933//2933 2934//2934
f 2934//2934 2933//2933 2935//2935
f 2934//2934 2935//2935 2935//2935
f 2935//2935 2935//2935 2932//2932
f 2935//2935 2932//2932 2932//2932
f 2932//2932 2932//2932 2934//2934
f 2932//2932 2934//2934 2936//2936
f 2936//2936 2934//2934 2937//2937
f 2936//2936 2937//2937 2937//2937
f 2937//2937 2937//2937 2938//2938
f 2937//2937 2938//2938 2938//2938
f 2938//2938 2938//2938 2939//2939
f 2938//2938 2939//2939 2940//2940
f 2940//2940 2939//2939 2941//2941
f 2940//2940 2941//2941 2941//2941
f 2941//2941 2941//2941 2942//2942
f 2941//2941 2942//2942 2942//2942
f 2942//2942 2942//2942 2943//2943
f 2942//2942 2943//2943 2944//2944
f 2944//2944 2943//2943 2945//2945
f 2944//2944 2945//2945 2945//2945
f 2945//2945 2945//2945 2946//2946
f 2945//2945 2946//2946 2946//2946
f 2946//2946 2946//2946 2947//2947
f 2946//2946 2947//2947 2466//2466
f 2466//2466 2947//2947 2948//2948
f 2466//2466 2948//2948 2468//2468
f 2468//2468 2948//2948 2468//2468
f 2468//2468 2468//2468 2949//2949
f 2949//2949 2468//2468 2949//2949
f 2949//2949 2949//2949 2950//2950
f 2950//2950 2949//2949 2951//2951
f 2950//2950 2951//2951 2950//2950
f 2950//2950 2951//2951 233//233
f 2950//2950 233//233 2952//2952
f 2952//2952 233//233 236//236
f 2952//2952 236//236 236//236
f 236//236 236//236 2953//2953
f 236//236 2953//2953 2953//2953
f 2953//2953 2953//2953 2954//2954
f 2953//2953 2954//2954 2955//2955
f 2955//2955 2954//2954 2954//2954
f 2955//2955 2954//2954 2956//2956
f 2956//2956 2954//2954 2957//2957
f 2956//2956 2957//2957 2956//2956
f 2956//2956 2957//2957 2958//2958
f 2956//2956 2958//2958 2959//2959
f 2959//2959 2958//2958 2958//2958
f 2959//2959 2958//2958 2960//2960
f 2960//2960 2958//2958 2958//2958
f 2960//2960 2958//2958 2961//2961
f 2961//2961 2958//2958 2962//2962
f 2961//2961 2962//2962 2962//2962
f 2962//2962 2962//2962 2963//2963
f 2962//2962 2963//2963 2963//2963
f 2963//2963 2963//2963 2964//2964
f 2963//2963 2964//2964 2965//2965
f 2965//2965 2964//2964 2966//2966
f 2965//2965 2966//2966 2965//2965
f 2965//2965 2966//2966 2967//2967
f 2965//2965 2967//2967 2968//2968
f 2968//2968 2967//2967 2969//2969
f 2968//2968 2969//2969 2968//2968
f 2968//2968 2969//2969 2970//2970
f 2968//2968 2970//2970 2971//2971
f 2971//2971 2970//2970 2972//2972
f 2971//2971 2972//2972 2971//2971
f 2971//2971 2972//2972 2973//2973
f 2971//2971 2973//2973 2974//2974
f 2974//2974 2973//2973 2975//2975
f 2974//2974 2975//2975 2976//2976
f 2976//2976 2975//2975 2977//2977
f 2976//2976 2977//2977 2978//2978
f 2978//2978 2977//2977 2978//2978
f 2978//2978 2978//2978 2973//2973
f 2973//2973 2978//2978 2973//2973
f 2973//2973 2973//2973 2975//2975
f 2975//2975 2973//2973 2979//2979
f 2975//2975 2979//2979 2980//2980
f 2980//2980 2979//2979 2981//2981
f 2980//2980 2981//2981 2982//2982
f 2982//2982 2981//2981 2983//2983
f 2982//2982 2983//2983 2983//2983
f 2983//2983 2983//2983 2968//2968
f 2983//2983 2968//2968 2968//2968
f 2968//2968 2968//2968 2984//2984
f 2968//2968 2984//2984 2965//2965
f 2965//2965 2984//2984 1227//1227
f 2965//2965 1227//1227 2965//2965
f 2965//2965 1227//1227 1230//1230
f 2965//2965 1230//1230 2965//2965
f 2965//2965 1230//1230 2985//2985
f 2965//2965 2985//2985 2963//2963
f 2963//2963 2985//2985 2985//2985
f 2963//2963 2985//2985 2986//2986
f 2986//2986 2985//2985 2985//2985
f 2986//2986 2985//2985 2987//2987
f 2987//2987 2985//2985 2985//2985
f 2987//2987 2985//2985 2988//2988
f 2988//2988 2985//2985 2985//2985
f 2988//2988 2985//2985 2989//2989
f 2989//2989 2985//2985 2985//2985
f 2989//2989 2985//2985 2990//2990
f 2990//2990 2985//2985 2985//2985
f 2990//2990 2985//2985 2991//2991
f 2991//2991 2985//2985 2985//2985
f 2991//2991 2985//2985 2992//2992
f 2992//2992 2985//2985 2985//2985
f 2992//2992 2985//2985 2993//2993
f 2993//2993 2985//2985 2985//2985
f 2993//2993 2985//2985 2994//2994
f 2994//2994 2985//2985 2985//2985
f 2994//2994 2985//2985 2995//2995
f 2995//2995 2985//2985 2996//2996
f 2995//2995 2996//2996 2997//2997
f 2997//2997 2996//2996 2996//2996
f 2997//2997 2996//2996 2998//2998
f 2998//2998 2996//2996 2996//2996
f 2998//2998 2996//2996 2999//2999
f 2999//2999 2996//2996 2996//2996
f 2999//2999 2996//2996 3000//3000
f 3000//3000 2996//2996 3001//3001
f 3000//3000 3001//3001 3002//3002
f 3002//3002 3001//3001 3002//3002
f 3002//3002 3002//3002 1227//1227
f 1227//1227 3002//3002 1227//1227
f 1227//1227 1227//1227 1260//1260
f 1260//1260 1227//1227 2984//2984
f 1260//1260 2984//2984 2984//2984
f 2984//2984 2984//2984 3001//3001
f 2984//2984 3001//3001 3001//3001
f 3001//3001 3001//3001 2996//2996
f 3001//3001 2996//2996 3003//3003
f 3003//3003 2996//2996 2996//2996
f 3003//3003 2996//2996 3004//3004
f 3004//3004 2996//2996 2985//2985
f 3004//3004 2985//2985 3005//3005
f 3005//3005 2985//2985 2985//2985
f 3005//3005 2985//2985 3006//3006
f 3006//3006 2985//2985 2985//2985
f 3006//3006 2985//2985 3007//3007
f 3007//3007 2985//2985 1230//1230
f 3007//3007 1230//1230 3008//3008
f 3008//3008 1230//1230 1230//1230
f 3008//3008 1230//1230 3009//3009
f 3009//3009 1230//1230 1230//1230
f 3009//3009 1230//1230 3010//3010
f 3010//3010 1230//1230 1235//1235
f 3010//3010 1235//1235 1235//1235
f 1235//1235 1235//1235 3011//3011
f 1235//1235 3011//3011 3011//3011
f 3011//3011 3011//3011 3012//3012
f 3011//3011 3012//3012 3013//3013
f 3013//3013 3012//3012 3014//3014
f 3013//3013 3014//3014 3013//3013
f 3013//3013 3014//3014 3015//3015
f 3013//3013 3015//3015 3001//3001
f 3001//3001 3015//3015 3016//3016
f 3001//3001 3016//3016 3002//3002
f 3002//3002 3016//3016 3017//3017
f 3002//3002 3017//3017 3002//3002
f 3002//3002 3017//3017 3018//3018
f 3002//3002 3018//3018 3019//3019
f 3019//3019 3018//3018 3020//3020
f 3019//3019 3020//3020 3020//3020
f 3020//3020 3020//3020 3017//3017
f 3020//3020 3017//3017 3017//3017
f 3017//3017 3017//3017 3016//3016
f 3017//3017 3016//3016 3021//3021
f 3021//3021 3016//3016 3022//3022
f 3021//3021 3022//3022 3023//3023
f 3023//3023 3022//3022 3023//3023
f 3023//3023 3023//3023 3002//3002
f 3002//3002 3023//3023 3002//3002
f 3002//3002 3002//3002 3024//3024
f 3024//3024 3002//3002 3019//3019
f 3024//3024 3019//3019 3025//3025
f 3025//3025 3019//3019 3019//3019
f 3025//3025 3019//3019 3026//3026
f 3026//3026 3019//3019 3019//3019
f 3026//3026 3019//3019 3027//3027
f 3027//3027 3019//3019 3019//3019
f 3027//3027 3019//3019 3028//3028
f 3028//3028 3019//3019 3019//3019
f 3028//3028 3019//3019 3029//3029
f 3029//3029 3019//3019 3030//3030
f 3029//3029 3030//3030 3029//3029
f 3029//3029 3030//3030 3031//3031
f 3029//3029 3031//3031 3029//3029
f 3029//3029 3031//3031 3032//3032
f 3029//3029 3032//3032 3029//3029
f 3029//3029 3032//3032 3033//3033
f 3029//3029 3033//3033 3034//3034
f 3034//3034 3033//3033 3035//3035
f 3034//3034 3035//3035 3036//3036
f 3036//3036 3035//3035 3035//3035
f 3036//3036 3035//3035 3037//3037
f 3037//3037 3035//3035 3038//3038
f 3037//3037 3038//3038 3039//3039
f 3039//3039 3038//3038 3040//3040
f 3039//3039 3040//3040 3041//3041
f 3041//3041 3040//3040 3042//3042
f 3041//3041 3042//3042 3041//3041
f 3041//3041 3042//3042 3043//3043
f 3041//3041 3043//3043 3041//3041
f 3041//3041 3043//3043 3044//3044
f 3041//3041 3044//3044 3045//3045
f 3045//3045 3044//3044 3046//3046
f 3045//3045 3046//3046 3045//3045
f 3045//3045 3046//3046 3047//3047
f 3045//3045 3047//3047 3048//3048
f 3048//3048 3047//3047 3048//3048
f 3048//3048 3048//3048 3039//3039
f 3039//3039 3048//3048 3039//3039
f 3039//3039 3039//3039 3049//3049
f 3049//3049 3039//3039 3041//3041
f 3049//3049 3041//3041 3050//3050
f 3050//3050 3041//3041 3041//3041
f 3050//3050 3041//3041 3051//3051
f 3051//3051 3041//3041 3045//3045
f 3051//3051 3045//3045 3045//3045
f 3045//3045 3045//3045 3052//3052
f 3045//3045 3052//3052 3052//3052
f 3052//3052 3052//3052 3053//3053
f 3052//3052 3053//3053 3054//3054
f 3054//3054 3053//3053 3055//3055
f 3054//3054 3055//3055 3056//3056
f 3056//3056 3055//3055 3057//3057
f 3056//3056 3057//3057 3056//3056
f 3056//3056 3057//3057 3058//3058
f 3056//3056 3058//3058 3059//3059
f 3059//3059 3058//3058 3058//3058
f 3059//3059 3058//3058 3060//3060
f 3060//3060 3058//3058 3061//3061
f 3060//3060 3061//3061 3062//3062
f 3062//3062 3061//3061 3061//3061
f 3062//3062 3061//3061 3063//3063
f 3063//3063 3061//3061 3061//3061
f 3063//3063 3061//3061 3064//3064
f 3064//3064 3061//3061 3065//3065
f 3064//3064 3065//3065 3066//3066
f 3066//3066 3065//3065 3065//3065
f 3066//3066 3065//3065 3067//3067
f 3067//3067 3065//3065 3065//3065
f 3067//3067 3065//3065 3068//3068
f 3068//3068 3065//3065 3065//3065
f 3068//3068 3065//3065 3069//3069
f 3069//3069 3065//3065 3070//3070
f 3069//3069 3070//3070 3071//3071
f 3071//3071 3070//3070 3070//3070
f 3071//3071 3070//3070 3072//3072
f 3072//3072 3070//3070 3070//3070
f 3072//3072 3070//3070 3073//3073
f 3073//3073 3070//3070 3070//3070
f 3073//3073 3070//3070 3074//3074
f 3074//3074 3070//3070 3070//3070
f 3074//3074 3070//3070 3075//3075
f 3075//3075 3070//3070 3070//3070
f 3075//3075 3070//3070 3076//3076
f 3076//3076 3070//3070 3070//3070
f 3076//3076 3070//3070 3077//3077
f 3077//3077 3070//3070 3070//3070
f 3077//3077 3070//3070 3078//3078
f 3078//3078 3070//3070 3070//3070
f 3078//3078 3070//3070 3079//3079
f 3079//3079 3070//3070 3065//3065
f 3079//3079 3065//3065 3080//3080
f 3080//3080 3065//3065 3065//3065
f 3080//3080 3065//3065 3081//3081
f 3081//3081 3065//3065 3065//3065
f 3081//3081 3065//3065 3082//3082
f 3082//3082 3065//3065 3065//3065
f 3082//3082 3065//3065 3083//3083
f 3083//3083 3065//3065 3065//3065
f 3083//3083 3065//3065 3084//3084
f 3084//3084 3065//3065 3085//3085
f 3084//3084 3085//3085 3086//3086
f 3086//3086 3085//3085 3087//3087
f 3086//3086 3087//3087 3088//3088
f 3088//3088 3087//3087 3089//3089
f 3088//3088 3089//3089 3090//3090
f 3090//3090 3089//3089 3089//3089
f 3090//3090 3089//3089 3091//3091
f 3091//3091 3089//3089 3092//3092
f 3091//3091 3092//3092 3091//3091
f 3091//3091 3092//3092 3093//3093
f 3091//3091 3093//3093 3091//3091
f 3091//3091 3093//3093 3094//3094
f 3091//3091 3094//3094 3095//3095
f 3095//3095 3094//3094 3095//3095
f 3095//3095 3095//3095 3058//3058
f 3058//3058 3095//3095 3058//3058
f 3058//3058 3058//3058 3061//3061
f 3061//3061 3058//3058 3096//3096
f 3061//3061 3096//3096 3061//3061
f 3061//3061 3096//3096 3097//3097
f 3061//3061 3097//3097 3065//3065
f 3065//3065 3097//3097 3098//3098
f 3065//3065 3098//3098 3065//3065
f 3065//3065 3098//3098 3099//3099
f 3065//3065 3099//3099 3065//3065
f 3065//3065 3099//3099 3100//3100
f 3065//3065 3100//3100 3065//3065
f 3065//3065 3100//3100 3101//3101
f 3065//3065 3101//3101 3085//3085
f 3085//3085 3101//3101 3085//3085
f 3085//3085 3085//3085 3102//3102
f 3102//3102 3085//3085 3102//3102
f 3102//3102 3102//3102 3103//3103
f 3103//3103 3102//3102 3104//3104
f 3103//3103 3104//3104 3103//3103
f 3103//3103 3104//3104 3105//3105
f 3103//3103 3105//3105 3103//3103
f 3103//3103 3105//3105 3106//3106
f 3103//3103 3106//3106 3107//3107
f 3107//3107 3106//3106 3106//3106
f 3107//3107 3106//3106 3108//3108
f 3108//3108 3106//3106 3106//3106
f 3108//3108 3106//3106 3109//3109
f 3109//3109 3106//3106 3106//3106
f 3109//3109 3106//3106 3110//3110
f 3110//3110 3106//3106 3111//3111
f 3110//3110 3111//3111 3112//3112
f 3112//3112 3111//3111 3112//3112
f 3112//3112 3112//3112 3106//3106
f 3106//3106 3112//3112 3106//3106
f 3106//3106 3106//3106 3111//3111
f 3111//3111 3106//3106 3113//3113
f 3111//3111 3113//3113 3113//3113
f 3113//3113 3113//3113 3056//3056
f 3113//3113 3056//3056 3056//3056
f 3056//3056 3056//3056 3114//3114
f 3056//3056 3114//3114 3054//3054
f 3054//3054 3114//3114 3115//3115
f 3054//3054 3115//3115 3054//3054
f 3054//3054 3115//3115 3116//3116
f 3054//3054 3116//3116 3052//3052
f 3052//3052 3116//3116 3116//3116
f 3052//3052 3116//3116 3117//3117
f 3117//3117 3116//3116 3118//3118
f 3117//3117 3118//3118 3117//3117
f 3117//3117 3118//3118 3119//3119
f 3117//3117 3119//3119 3120//3120
f 3120//3120 3119//3119 3119//3119
f 3120//3120 3119//3119 3121//3121
f 3121//3121 3119//3119 3119//3119
f 3121//3121 3119//3119 3122//3122
f 3122//3122 3119//3119 3119//3119
f 3122//3122 3119//3119 3123//3123
f 3123//3123 3119//3119 3119//3119
f 3123//3123 3119//3119 3124//3124
f 3124//3124 3119//3119 975//975
f 3124//3124 975//975 978//978
f 978//978 975//975 978//978
f 978//978 978//978 975//975
f 975//975 978//978 975//975
f 975//975 975//975 994//994
f 994//994 975//975 3119//3119
f 994//994 3119//3119 3125//3125
f 3125//3125 3119//3119 3119//3119
f 3125//3125 3119//3119 3126//3126
f 3126//3126 3119//3119 3119//3119
f 3126//3126 3119//3119 3127//3127
f 3127//3127 3119//3119 3118//3118
f 3127//3127 3118//3118 3118//3118
f 3118//3118 3118//3118 3128//3128
f 3118//3118 3128//3128 3128//3128
f 3128//3128 3128//3128 3129//3129
f 3128//3128 3129//3129 3130//3130
f 3130//3130 3129//3129 3130//3130
f 3130//3130 3130//3130 526//526
f 526//526 3130//3130 526//526
f 526//526 526//526 525//525
f 525//525 526//526 3131//3131
f 525//525 3131//3131 3132//3132
f 3132//3132 3131//3131 3133//3133
f 3132//3132 3133//3133 3133//3133
f 3133//3133 3133//3133 3134//3134
f 3133//3133 3134//3134 3134//3134
f 3134//3134 3134//3134 3135//3135
f 3134//3134 3135//3135 3136//3136
f 3136//3136 3135//3135 3137//3137
f 3136//3136 3137//3137 3138//3138
f 3138//3138 3137//3137 3138//3138
f 3138//3138 3138//3138 3139//3139
f 3139//3139 3138//3138 3139//3139
f 3139//3139 3139//3139 3140//3140
f 3140//3140 3139//3139 3141//3141
f 3140//3140 3141//3141 3141//3141
f 3141//3141 3141//3141 3142//3142
f 3141//3141 3142//3142 3142//3142
f 3142//3142 3142//3142 3143//3143
f 3142//3142 3143//3143 3144//3144
f 3144//3144 3143//3143 3144//3144
f 3144//3144 3144//3144 3145//3145
f 3145//3145 3144//3144 3145//3145
f 3145//3145 3145//3145 3146//3146
f 3146//3146 3145//3145 3147//3147
f 3146//3146 3147//3147 3146//3146
f 3146//3146 3147//3147 3148//3148
f 3146//3146 3148//3148 3146//3146
f 3146//3146 3148//3148 3149//3149
f 3146//3146 3149//3149 3146//3146
f 3146//3146 3149//3149 3150//3150
f 3146//3146 3150//3150 3151//3151
f 3151//3151 3150//3150 3151//3151
f 3151//3151 3151//3151 3152//3152
f 3152//3152 3151//3151 3152//3152
f 3152//3152 3152//3152 3153//3153
f 3153//3153 3152//3152 3154//3154
f 3153//3153 3154//3154 3153//3153
f 3153//3153 3154//3154 3155//3155
f 3153//3153 3155//3155 3153//3153
f 3153//3153 3155//3155 3156//3156
f 3153//3153 3156//3156 3153//3153
f 3153//3153 3156//3156 3157//3157
f 3153//3153 3157//3157 3153//3153
f 3153//3153 3157//3157 3158//3158
f 3153//3153 3158//3158 3153//3153
f 3153//3153 3158//3158 3159//3159
f 3153//3153 3159//3159 3153//3153
f 3153//3153 3159//3159 3160//3160
f 3153//3153 3160//3160 3161//3161
f 3161//3161 3160//3160 3162//3162
f 3161//3161 3162//3162 3163//3163
f 3163//3163 3162//3162 3162//3162
f 3163//3163 3162//3162 3164//3164
f 3164//3164 3162//3162 3165//3165
f 3164//3164 3165//3165 3166//3166
f 3166//3166 3165//3165 3166//3166
f 3166//3166 3166//3166 3167//3167
f 3167//3167 3166//3166 3167//3167
f 3167//3167 3167//3167 3168//3168
f 3168//3168 3167//3167 3169//3169
f 3168//3168 3169//3169 3168//3168
f 3168//3168 3169//3169 3170//3170
f 3168//3168 3170//3170 3168//3168
f 3168//3168 3170//3170 3171//3171
f 3168//3168 3171//3171 3168//3168
f 3168//3168 3171//3171 3172//3172
f 3168//3168 3172//3172 3173//3173
f 3173//3173 3172//3172 3174//3174
f 3173//3173 3174//3174 3175//3175
f 3175//3175 3174//3174 3176//3176
f 3175//3175 3176//3176 3177//3177
f 3177//3177 3176//3176 3176//3176
f 3177//3177 3176//3176 3178//3178
f 3178//3178 3176//3176 3174//3174
f 3178//3178 3174//3174 3179//3179
f 3179//3179 3174//3174 3180//3180
f 3179//3179 3180//3180 3177//3177
f 3177//3177 3180//3180 3181//3181
f 3177//3177 3181//3181 3177//3177
f 3177//3177 3181//3181 3182//3182
f 3177//3177 3182//3182 3183//3183
f 3183//3183 3182//3182 3183//3183
f 3183//3183 3183//3183 3168//3168
f 3168//3168 3183//3183 3168//3168
f 3168//3168 3168//3168 3184//3184
f 3184//3184 3168//3168 3173//3173
f 3184//3184 3173//3173 3173//3173
f 3173//3173 3173//3173 3173//3173
f 3173//3173 3173//3173 3173//3173
f 3173//3173 3173//3173 3175//3175
f 3173//3173 3175//3175 3185//3185
f 3185//3185 3175//3175 3175//3175
f 3185//3185 3175//3175 3186//3186
f 3186//3186 3175//3175 3175//3175
f 3186//3186 3175//3175 3187//3187
f 3187//3187 3175//3175 3177//3177
f 3187//3187 3177//3177 3177//3177
f 3177//3177 3177//3177 3178//3178
f 3177//3177 3178//3178 3178//3178
f 3178//3178 3178//3178 3179//3179
f 3178//3178 3179//3179 3177//3177
f 3177//3177 3179//3179 3177//3177
f 3177//3177 3177//3177 3185//3185
f 3185//3185 3177//3177 3185//3185
f 3185//3185 3185//3185 3188//3188
f 3188//3188 3185//3185 3189//3189
f 3188//3188 3189//3189 3190//3190
f 3190//3190 3189//3189 3191//3191
f 3190//3190 3191//3191 3192//3192
f 3192//3192 3191//3191 3191//3191
f 3192//3192 3191//3191 3186//3186
f 3186//3186 3191//3191 3193//3193
f 3186//3186 3193//3193 3185//3185
f 3185//3185 3193//3193 3194//3194
f 3185//3185 3194//3194 3189//3189
f 3189//3189 3194//3194 3193//3193
f 3189//3189 3193//3193 3193//3193
f 3193//3193 3193//3193 3190//3190
f 3193//3193 3190//3190 3190//3190
f 3190//3190 3190//3190 3192//3192
f 3190//3190 3192//3192 3195//3195
f 3195//3195 3192//3192 3195//3195
f 3195//3195 3195//3195 3196//3196
f 3196//3196 3195//3195 3196//3196
f 3196//3196 3196//3196 3194//3194
f 3194//3194 3196//3196 3197//3197
f 3194//3194 3197//3197 3198//3198
f 3198//3198 3197//3197 3198//3198
f 3198//3198 3198//3198 3199//3199
f 3199//3199 3198//3198 3199//3199
f 3199//3199 3199//3199 3200//3200
f 3200//3200 3199//3199 3201//3201
f 3200//3200 3201//3201 3202//3202
f 3202//3202 3201//3201 3201//3201
f 3202//3202 3201//3201 3203//3203
f 3203//3203 3201//3201 3204//3204
f 3203//3203 3204//3204 3205//3205
f 3205//3205 3204//3204 3205//3205
f 3205//3205 3205//3205 3206//3206
f 3206//3206 3205//3205 3206//3206
f 3206//3206 3206//3206 3207//3207
f 3207//3207 3206//3206 3208//3208
f 3207//3207 3208//3208 3208//3208
f 3208//3208 3208//3208 3209//3209
f 3208//3208 3209//3209 3209//3209
f 3209//3209 3209//3209 3210//3210
f 3209//3209 3210//3210 3211//3211
f 3211//3211 3210//3210 3211//3211
f 3211//3211 3211//3211 3212//3212
f 3212//3212 3211//3211 3212//3212
f 3212//3212 3212//3212 3213//3213
f 3213//3213 3212//3212 3214//3214
f 3213//3213 3214//3214 3215//3215
f 3215//3215 3214//3214 3215//3215
f 3215//3215 3215//3215 1338//1338
f 1338//1338 3215//3215 1338//1338
f 1338//1338 1338//1338 3216//3216
f 3216//3216 1338//1338 1311//1311
f 3216//3216 1311//1311 3216//3216
f 3216//3216 1311//1311 1287//1287
f 3216//3216 1287//1287 3216//3216
f 3216//3216 1287//1287 1277//1277
f 3216//3216 1277//1277 3216//3216
f 3216//3216 1277//1277 1276//1276
f 3216//3216 1276//1276 3217//3217
f 3217//3217 1276//1276 1275//1275
f 3217//3217 1275//1275 3217//3217
f 3217//3217 1275//1275 1353//1353
f 3217//3217 1353//1353 3217//3217
f 3217//3217 1353//1353 1345//1345
f 3217//3217 1345//1345 3218//3218
f 3218//3218 1345//1345 1339//1339
f 3218//3218 1339//1339 3218//3218
f 3218//3218 1339//1339 1338//1338
f 3218//3218 1338//1338 3217//3217
f 3217//3217 1338//1338 3216//3216
f 3217//3217 3216//3216 3216//3216
f 3216//3216 3216//3216 3219//3219
f 3216//3216 3219//3219 3219//3219
f 3219//3219 3219//3219 3220//3220
f 3219//3219 3220//3220 3221//3221
f 3221//3221 3220//3220 3222//3222
f 3221//3221 3222//3222 3221//3221
f 3221//3221 3222//3222 3223//3223
f 3221//3221 3223//3223 3224//3224
f 3224//3224 3223//3223 3225//3225
f 3224//3224 3225//3225 3224//3224
f 3224//3224 3225//3225 3226//3226
f 3224//3224 3226//3226 3227//3227
f 3227//3227 3226//3226 3226//3226
f 3227//3227 3226//3226 3228//3228
f 3228//3228 3226//3226 3229//3229
f 3228//3228 3229//3229 3229//3229
f 3229//3229 3229//3229 3230//3230
f 3229//3229 3230//3230 3230//3230
f 3230//3230 3230//3230 3231//3231
f 3230//3230 3231//3231 3232//3232
f 3232//3232 3231//3231 3233//3233
f 3232//3232 3233//3233 3232//3232
f 3232//3232 3233//3233 3234//3234
f 3232//3232 3234//3234 3235//3235
f 3235//3235 3234//3234 3236//3236
f 3235//3235 3236//3236 3237//3237
f 3237//3237 3236//3236 3236//3236
f 3237//3237 3236//3236 3238//3238
f 3238//3238 3236//3236 3239//3239
f 3238//3238 3239//3239 3238//3238
f 3238//3238 3239//3239 3240//3240
f 3238//3238 3240//3240 3238//3238
f 3238//3238 3240//3240 3241//3241
f 3238//3238 3241//3241 3238//3238
f 3238//3238 3241//3241 3242//3242
f 3238//3238 3242//3242 3238//3238
f 3238//3238 3242//3242 3243//3243
f 3238//3238 3243//3243 3244//3244
f 3244//3244 3243//3243 3245//3245
f 3244//3244 3245//3245 3244//3244
f 3244//3244 3245//3245 3246//3246
f 3244//3244 3246//3246 3247//3247
f 3247//3247 3246//3246 3246//3246
f 3247//3247 3246//3246 3248//3248
f 3248//3248 3246//3246 3249//3249
f 3248//3248 3249//3249 3249//3249
f 3249//3249 3249//3249 3232//3232
f 3249//3249 3232//3232 3232//3232
f 3232//3232 3232//3232 3235//3235
f 3232//3232 3235//3235 3250//3250
f 3250//3250 3235//3235 3250//3250
f 3250//3250 3250//3250 3247//3247
f 3247//3247 3250//3250 3247//3247
f 3247//3247 3247//3247 3244//3244
f 3244//3244 3247//3247 3251//3251
f 3244//3244 3251//3251 3251//3251
f 3251//3251 3251//3251 3237//3237
f 3251//3251 3237//3237 3237//3237
f 3237//3237 3237//3237 3238//3238
f 3237//3237 3238//3238 3252//3252
f 3252//3252 3238//3238 3253//3253
f 3252//3252 3253//3253 3254//3254
f 3254//3254 3253//3253 3253//3253
f 3254//3254 3253//3253 3255//3255
f 3255//3255 3253//3253 3256//3256
f 3255//3255 3256//3256 3256//3256
f 3256//3256 3256//3256 3257//3257
f 3256//3256 3257//3257 3257//3257
f 3257//3257 3257//3257 3253//3253
f 3257//3257 3253//3253 3258//3258
f 3258//3258 3253//3253 3238//3238
f 3258//3258 3238//3238 3259//3259
f 3259//3259 3238//3238 3238//3238
f 3259//3259 3238//3238 3260//3260
f 3260//3260 3238//3238 3238//3238
f 3260//3260 3238//3238 3261//3261
f 3261//3261 3238//3238 3238//3238
f 3261//3261 3238//3238 3262//3262
f 3262//3262 3238//3238 3263//3263
f 3262//3262 3263//3263 3262//3262
f 3262//3262 3263//3263 3264//3264
f 3262//3262 3264//3264 3265//3265
f 3265//3265 3264//3264 3264//3264
f 3265//3265 3264//3264 3266//3266
f 3266//3266 3264//3264 3267//3267
f 3266//3266 3267//3267 3266//3266
f 3266//3266 3267//3267 3268//3268
f 3266//3266 3268//3268 3266//3266
f 3266//3266 3268//3268 3269//3269
f 3266//3266 3269//3269 3270//3270
f 3270//3270 3269//3269 3271//3271
f 3270//3270 3271//3271 3271//3271
f 3271//3271 3271//3271 3263//3263
f 3271//3271 3263//3263 3263//3263
f 3263//3263 3263//3263 3238//3238
f 3263//3263 3238//3238 3272//3272
f 3272//3272 3238//3238 3273//3273
f 3272//3272 3273//3273 3274//3274
f 3274//3274 3273//3273 3275//3275
f 3274//3274 3275//3275 3275//3275
f 3275//3275 3275//3275 3276//3276
f 3275//3275 3276//3276 3276//3276
f 3276//3276 3276//3276 3277//3277
f 3276//3276 3277//3277 3278//3278
f 3278//3278 3277//3277 3279//3279
f 3278//3278 3279//3279 3279//3279
f 3279//3279 3279//3279 3280//3280
f 3279//3279 3280//3280 3280//3280
f 3280//3280 3280//3280 3281//3281
f 3280//3280 3281//3281 3282//3282
f 3282//3282 3281//3281 3283//3283
f 3282//3282 3283//3283 3284//3284
f 3284//3284 3283//3283 3283//3283
f 3284//3284 3283//3283 3285//3285
f 3285//3285 3283//3283 3283//3283
f 3285//3285 3283//3283 3286//3286
f 3286//3286 3283//3283 3283//3283
f 3286//3286 3283//3283 3287//3287
f 3287//3287 3283//3283 3283//3283
f 3287//3287 3283//3283 3288//3288
f 3288//3288 3283//3283 3289//3289
f 3288//3288 3289//3289 3289//3289
f 3289//3289 3289//3289 3284//3284
f 3289//3289 3284//3284 3284//3284
f 3284//3284 3284//3284 3290//3290
f 3284//3284 3290//3290 3282//3282
f 3282//3282 3290//3290 3291//3291
f 3282//3282 3291//3291 3291//3291
f 3291//3291 3291//3291 3292//3292
f 3291//3291 3292//3292 3292//3292
f 3292//3292 3292//3292 3293//3293
f 3292//3292 3293//3293 3294//3294
f 3294//3294 3293//3293 3294//3294
f 3294//3294 3294//3294 3295//3295
f 3295//3295 3294//3294 3295//3295
f 3295//3295 3295//3295 3296//3296
f 3296//3296 3295//3295 3297//3297
f 3296//3296 3297//3297 3296//3296
f 3296//3296 3297//3297 3298//3298
f 3296//3296 3298//3298 3296//3296
f 3296//3296 3298//3298 3299//3299
f 3296//3296 3299//3299 3300//3300
f 3300//3300 3299//3299 3300//3300
f 3300//3300 3300//3300 3301//3301
f 3301//3301 3300//3300 3301//3301
f 3301//3301 3301//3301 3302//3302
f 3302//3302 3301//3301 3303//3303
f 3302//3302 3303//3303 3302//3302
f 3302//3302 3303//3303 3304//3304
f 3302//3302 3304//3304 3305//3305
f 3305//3305 3304//3304 3304//3304
f 3305//3305 3304//3304 3306//3306
f 3306//3306 3304//3304 3304//3304
f 3306//3306 3304//3304 3307//3307
f 3307//3307 3304//3304 3308//3308
f 3307//3307 3308//3308 3309//3309
f 3309//3309 3308//3308 3309//3309
f 3309//3309 3309//3309 3310//3310
f 3310//3310 3309//3309 3310//3310
f 3310//3310 3310//3310 3311//3311
f 3311//3311 3310//3310 3312//3312
f 3311//3311 3312//3312 1743//1743
f 1743//1743 3312//3312 1741//1741
f 1743//1743 1741//1741 1741//1741
f 1741//1741 1741//1741 3313//3313
f 1741//1741 3313//3313 3313//3313
f 3313//3313 3313//3313 3314//3314
f 3313//3313 3314//3314 3315//3315
f 3315//3315 3314//3314 3316//3316
f 3315//3315 3316//3316 3316//3316
f 3316//3316 3316//3316 3317//3317
f 3316//3316 3317//3317 3317//3317
f 3317//3317 3317//3317 3318//3318
f 3317//3317 3318//3318 3319//3319
f 3319//3319 3318//3318 3319//3319
f 3319//3319 3319//3319 3320//3320
f 3320//3320 3319//3319 3320//3320
f 3320//3320 3320//3320 3321//3321
f 3321//3321 3320//3320 3322//3322
f 3321//3321 3322//3322 3322//3322
f 3322//3322 3322//3322 3323//3323
f 3322//3322 3323//3323 3323//3323
f 3323//3323 3323//3323 3324//3324
f 3323//3323 3324//3324 3325//3325
f 3325//3325 3324//3324 3325//3325
f 3325//3325 3325//3325 3326//3326
f 3326//3326 3325//3325 3326//3326
f 3326//3326 3326//3326 3327//3327
f 3327//3327 3326//3326 3328//3328
f 3327//3327 3328//3328 3327//3327
f 3327//3327 3328//3328 3329//3329
f 3327//3327 3329//3329 3330//3330
f 3330//3330 3329//3329 3331//3331
f 3330//3330 3331//3331 3330//3330
f 3330//3330 3331//3331 3332//3332
f 3330//3330 3332//3332 3330//3330
f 3330//3330 3332//3332 3333//3333
f 3330//3330 3333//3333 3330//3330
f 3330//3330 3333//3333 3334//3334
f 3330//3330 3334//3334 3330//3330
f 3330//3330 3334//3334 3326//3326
f 3330//3330 3326//3326 3327//3327
f 3327//3327 3326//3326 3327//3327
f 3327//3327 3327//3327 3335//3335
f 3335//3335 3327//3327 3335//3335
f 3335//3335 3335//3335 3329//3329
f 3329//3329 3335//3335 3336//3336
f 3329//3329 3336//3336 3329//3329
f 3329//3329 3336//3336 3337//3337
f 3329//3329 3337//3337 3331//3331
f 3331//3331 3337//3337 3338//3338
f 3331//3331 3338//3338 3339//3339
f 3339//3339 3338//3338 3340//3340
f 3339//3339 3340//3340 3340//3340
f 3340//3340 3340//3340 3331//3331
f 3340//3340 3331//3331 3331//3331
f 3331//3331 3331//3331 3339//3339
f 3331//3331 3339//3339 3332//3332
f 3332//3332 3339//3339 3341//3341
f 3332//3332 3341//3341 3342//3342
f 3342//3342 3341//3341 3343//3343
f 3342//3342 3343//3343 3344//3344
f 3344//3344 3343//3343 2047//2047
f 3344//3344 2047//2047 3345//3345
f 3345//3345 2047//2047 2892//2892
f 3345//3345 2892//2892 2892//2892
f 2892//2892 2892//2892 3341//3341
f 2892//2892 3341//3341 3341//3341
f 3341//3341 3341//3341 3339//3339
f 3341//3341 3339//3339 3346//3346
f 3346//3346 3339//3339 3346//3346
f 3346//3346 3346//3346 3341//3341
f 3341//3341 3346//3346 3341//3341
f 3341//3341 3341//3341 3343//3343
f 3343//3343 3341//3341 2048//2048
f 3343//3343 2048//2048 2047//2047
f 2047//2047 2048//2048 2047//2047
f 2047//2047 2047//2047 3347//3347
f 3347//3347 2047//2047 3347//3347
f 3347//3347 3347//3347 2048//2048
f 2048//2048 3347//3347 3348//3348
f 2048//2048 3348//3348 2033//2033
f 2033//2033 3348//3348 3349//3349
f 2033//2033 3349//3349 3350//3350
f 3350//3350 3349//3349 3351//3351
f 3350//3350 3351//3351 3352//3352
f 3352//3352 3351//3351 3352//3352
f 3352//3352 3352//3352 3349//3349
f 3349//3349 3352//3352 3349//3349
f 3349//3349 3349//3349 3353//3353
f 3353//3353 3349//3349 3348//3348
f 3353//3353 3348//3348 3348//3348
f 3348//3348 3348//3348 3349//3349
f 3348//3348 3349//3349 3349//3349
f 3349//3349 3349//3349 3354//3354
f 3349//3349 3354//3354 3351//3351
f 3351//3351 3354//3354 3355//3355
f 3351//3351 3355//3355 3355//3355
f 3355//3355 3355//3355 3356//3356
f 3355//3355 3356//3356 3356//3356
f 3356//3356 3356//3356 3357//3357
f 3356//3356 3357//3357 3358//3358
f 3358//3358 3357//3357 3359//3359
f 3358//3358 3359//3359 3359//3359
f 3359//3359 3359//3359 3360//3360
f 3359//3359 3360//3360 3360//3360
f 3360//3360 3360//3360 3361//3361
f 3360//3360 3361//3361 3362//3362
f 3362//3362 3361//3361 3363//3363
f 3362//3362 3363//3363 3364//3364
f 3364//3364 3363//3363 3363//3363
f 3364//3364 3363//3363 3365//3365
f 3365//3365 3363//3363 3363//3363
f 3365//3365 3363//3363 3366//3366
f 3366//3366 3363//3363 3363//3363
f 3366//3366 3363//3363 3367//3367
f 3367//3367 3363//3363 3368//3368
f 3367//3367 3368//3368 3369//3369
f 3369//3369 3368//3368 3368//3368
f 3369//3369 3368//3368 3370//3370
f 3370//3370 3368//3368 3368//3368
f 3370//3370 3368//3368 3371//3371
f 3371//3371 3368//3368 3368//3368
f 3371//3371 3368//3368 3372//3372
f 3372//3372 3368//3368 3373//3373
f 3372//3372 3373//3373 3372//3372
f 3372//3372 3373//3373 3374//3374
f 3372//3372 3374//3374 3375//3375
f 3375//3375 3374//3374 3375//3375
f 3375//3375 3375//3375 3376//3376
f 3376//3376 3375//3375 3376//3376
f 3376//3376 3376//3376 3361//3361
f 3361//3361 3376//3376 3363//3363
f 3361//3361 3363//3363 3363//3363
f 3363//3363 3363//3363 3373//3373
f 3363//3363 3373//3373 3373//3373
f 3373//3373 3373//3373 3368//3368
f 3373//3373 3368//3368 3377//3377
f 3377//3377 3368//3368 3378//3378
f 3377//3377 3378//3378 3379//3379
f 3379//3379 3378//3378 3379//3379
f 3379//3379 3379//3379 3378//3378
f 3378//3378 3379//3379 3378//3378
f 3378//3378 3378//3378 3380//3380
f 3380//3380 3378//3378 3368//3368
f 3380//3380 3368//3368 3381//3381
f 3381//3381 3368//3368 3368//3368
f 3381//3381 3368//3368 3382//3382
f 3382//3382 3368//3368 3368//3368
f 3382//3382 3368//3368 3383//3383
f 3383//3383 3368//3368 3384//3384
f 3383//3383 3384//3384 3385//3385
f 3385//3385 3384//3384 3384//3384
f 3385//3385 3384//3384 3386//3386
f 3386//3386 3384//3384 3384//3384
f 3386//3386 3384//3384 3387//3387
f 3387//3387 3384//3384 3388//3388
f 3387//3387 3388//3388 3389//3389
f 3389//3389 3388//3388 3389//3389
f 3389//3389 3389//3389 3384//3384
f 3384//3384 3389//3389 3384//3384
f 3384//3384 3384//3384 3388//3388
f 3388//3388 3384//3384 3390//3390
f 3388//3388 3390//3390 3390//3390
f 3390//3390 3390//3390 3368//3368
f 3390//3390 3368//3368 3368//3368
f 3368//3368 3368//3368 3363//3363
f 3368//3368 3363//3363 3384//3384
f 3384//3384 3363//3363 3391//3391
f 3384//3384 3391//3391 3392//3392
f 3392//3392 3391//3391 3392//3392
f 3392//3392 3392//3392 3391//3391
f 3391//3391 3392//3392 3391//3391
f 3391//3391 3391//3391 3376//3376
f 3376//3376 3391//3391 3363//3363
f 3376//3376 3363//3363 3363//3363
f 3363//3363 3363//3363 3393//3393
f 3363//3363 3393//3393 3393//3393
f 3393//3393 3393//3393 3394//3394
f 3393//3393 3394//3394 3395//3395
f 3395//3395 3394//3394 3395//3395
f 3395//3395 3395//3395 3396//3396
f 3396//3396 3395//3395 3396//3396
f 3396//3396 3396//3396 3397//3397
f 3397//3397 3396//3396 3398//3398
f 3397//3397 3398//3398 3399//3399
f 3399//3399 3398//3398 3400//3400
f 3399//3399 3400//3400 3399//3399
f 3399//3399 3400//3400 3401//3401
f 3399//3399 3401//3401 3399//3399
f 3399//3399 3401//3401 3402//3402
f 3399//3399 3402//3402 3403//3403
f 3403//3403 3402//3402 3402//3402
f 3403//3403 3402//3402 3404//3404
f 3404//3404 3402//3402 3402//3402
f 3404//3404 3402//3402 3405//3405
f 3405//3405 3402//3402 3406//3406
f 3405//3405 3406//3406 3405//3405
f 3405//3405 3406//3406 3407//3407
f 3405//3405 3407//3407 3408//3408
f 3408//3408 3407//3407 3407//3407
f 3408//3408 3407//3407 3409//3409
f 3409//3409 3407//3407 3410//3410
f 3409//3409 3410//3410 3409//3409
f 3409//3409 3410//3410 3411//3411
f 3409//3409 3411//3411 3409//3409
f 3409//3409 3411//3411 3412//3412
f 3409//3409 3412//3412 3409//3409
f 3409//3409 3412//3412 3413//3413
f 3409//3409 3413//3413 3409//3409
f 3409//3409 3413//3413 3414//3414
f 3409//3409 3414//3414 3409//3409
f 3409//3409 3414//3414 3415//3415
f 3409//3409 3415//3415 3409//3409
f 3409//3409 3415//3415 3416//3416
f 3409//3409 3416//3416 3409//3409
f 3409//3409 3416//3416 3417//3417
f 3409//3409 3417//3417 3409//3409
f 3409//3409 3417//3417 3418//3418
f 3409//3409 3418//3418 3409//3409
f 3409//3409 3418//3418 3419//3419
f 3409//3409 3419//3419 3409//3409
f 3409//3409 3419//3419 3420//3420
f 3409//3409 3420//3420 3421//3421
f 3421//3421 3420//3420 3420//3420
f 3421//3421 3420//3420 3422//3422
f 3422//3422 3420//3420 3420//3420
f 3422//3422 3420//3420 3423//3423
f 3423//3423 3420//3420 3420//3420
f 3423//3423 3420//3420 3424//3424
f 3424//3424 3420//3420 3420//3420
f 3424//3424 3420//3420 3425//3425
f 3425//3425 3420//3420 3420//3420
f 3425//3425 3420//3420 3426//3426
f 3426//3426 3420//3420 3427//3427
f 3426//3426 3427//3427 3426//3426
f 3426//3426 3427//3427 3428//3428
f 3426//3426 3428//3428 3426//3426
f 3426//3426 3428//3428 3429//3429
f 3426//3426 3429//3429 3426//3426
f 3426//3426 3429//3429 3430//3430
f 3426//3426 3430//3430 3431//3431
f 3431//3431 3430//3430 3430//3430
f 3431//3431 3430//3430 3432//3432
f 3432//3432 3430//3430 3433//3433
f 3432//3432 3433//3433 3433//3433
f 3433//3433 3433//3433 3399//3399
f 3433//3433 3399//3399 3399//3399
f 3399//3399 3399//3399 3434//3434
f 3399//3399 3434//3434 3397//3397
f 3397//3397 3434//3434 3435//3435
f 3397//3397 3435//3435 3436//3436
f 3436//3436 3435//3435 3437//3437
f 3436//3436 3437//3437 3437//3437
f 3437//3437 3437//3437 3438//3438
f 3437//3437 3438//3438 3438//3438
f 3438//3438 3438//3438 3397//3397
f 3438//3438 3397//3397 3436//3436
f 3436//3436 3397//3397 3436//3436
f 3436//3436 3436//3436 3439//3439
f 3439//3439 3436//3436 3439//3439
f 3439//3439 3439//3439 3440//3440
f 3440//3440 3439//3439 3441//3441
f 3440//3440 3441//3441 3441//3441
f 3441//3441 3441//3441 3442//3442
f 3441//3441 3442//3442 3442//3442
f 3442//3442 3442//3442 3443//3443
f 3442//3442 3443//3443 3444//3444
f 3444//3444 3443//3443 3076//3076
f 3444//3444 3076//3076 3445//3445
f 3445//3445 3076//3076 3077//3077
f 3445//3445 3077//3077 3077//3077
f 3077//3077 3077//3077 3443//3443
f 3077//3077 3443//3443 3443//3443
f 3443//3443 3443//3443 3446//3446
f 3443//3443 3446//3446 3076//3076
f 3076//3076 3446//3446 3447//3447
f 3076//3076 3447//3447 3448//3448
f 3448//3448 3447//3447 3448//3448
f 3448//3448 3448//3448 3446//3446
f 3446//3446 3448//3448 3446//3446
f 3446//3446 3446//3446 3447//3447
f 3447//3447 3446//3446 3449//3449
f 3447//3447 3449//3449 3447//3447
f 3447//3447 3449//3449 3450//3450
f 3447//3447 3450//3450 3447//3447
f 3447//3447 3450//3450 3451//3451
f 3447//3447 3451//3451 3447//3447
f 3447//3447 3451//3451 3452//3452
f 3447//3447 3452//3452 3453//3453
f 3453//3453 3452//3452 3454//3454
f 3453//3453 3454//3454 3455//3455
f 3455//3455 3454//3454 3455//3455
f 3455//3455 3455//3455 3456//3456
f 3456//3456 3455//3455 3456//3456
f 3456//3456 3456//3456 3453//3453
f 3453//3453 3456//3456 3457//3457
f 3453//3453 3457//3457 3447//3447
f 3447//3447 3457//3457 3458//3458
f 3447//3447 3458//3458 3458//3458
f 3458//3458 3458//3458 3459//3459
f 3458//3458 3459//3459 3459//3459
f 3459//3459 3459//3459 3460//3460
f 3459//3459 3460//3460 3461//3461
f 3461//3461 3460//3460 3462//3462
f 3461//3461 3462//3462 3462//3462
f 3462//3462 3462//3462 3463//3463
f 3462//3462 3463//3463 3463//3463
f 3463//3463 3463//3463 3464//3464
f 3463//3463 3464//3464 3465//3465
f 3465//3465 3464//3464 3465//3465
f 3465//3465 3465//3465 3466//3466
f 3466//3466 3465//3465 3466//3466
f 3466//3466 3466//3466 3467//3467
f 3467//3467 3466//3466 3468//3468
f 3467//3467 3468//3468 3468//3468
f 3468//3468 3468//3468 3469//3469
f 3468//3468 3469//3469 3469//3469
f 3469//3469 3469//3469 3470//3470
f 3469//3469 3470//3470 3471//3471
f 3471//3471 3470//3470 3472//3472
f 3471//3471 3472//3472 3473//3473
f 3473//3473 3472//3472 3473//3473
f 3473//3473 3473//3473 3474//3474
f 3474//3474 3473//3473 3474//3474
f 3474//3474 3474//3474 3475//3475
f 3475//3475 3474//3474 3476//3476
f 3475//3475 3476//3476 3475//3475
f 3475//3475 3476//3476 3477//3477
f 3475//3475 3477//3477 3475//3475
f 3475//3475 3477//3477 3478//3478
f 3475//3475 3478//3478 3475//3475
f 3475//3475 3478//3478 3479//3479
f 3475//3475 3479//3479 3480//3480
f 3480//3480 3479//3479 3481//3481
f 3480//3480 3481//3481 3480//3480
f 3480//3480 3481//3481 3482//3482
f 3480//3480 3482//3482 3475//3475
f 3475//3475 3482//3482 3475//3475
f 3475//3475 3475//3475 3483//3483
f 3483//3483 3475//3475 3483//3483
f 3483//3483 3483//3483 3484//3484
f 3484//3484 3483//3483 3485//3485
f 3484//3484 3485//3485 3485//3485
f 3485//3485 3485//3485 3486//3486
f 3485//3485 3486//3486 3486//3486
f 3486//3486 3486//3486 3487//3487
f 3486//3486 3487//3487 3488//3488
f 3488//3488 3487//3487 3488//3488
f 3488//3488 3488//3488 3489//3489
f 3489//3489 3488//3488 3489//3489
f 3489//3489 3489//3489 3490//3490
f 3490//3490 3489//3489 3491//3491
f 3490//3490 3491//3491 3019//3019
f 3019//3019 3491//3491 3030//3030
f 3019//3019 3030//3030 3030//3030
f 3030//3030 3030//3030 3020//3020
f 3030//3030 3020//3020 3020//3020
f 3020//3020 3020//3020 3492//3492
f 3020//3020 3492//3492 3019//3019
f 3019//3019 3492//3492 3492//3492
f 3019//3019 3492//3492 3490//3490
f 3490//3490 3492//3492 3493//3493
f 3490//3490 3493//3493 3490//3490
f 3490//3490 3493//3493 3494//3494
f 3490//3490 3494//3494 3490//3490
f 3490//3490 3494//3494 3495//3495
f 3490//3490 3495//3495 3490//3490
f 3490//3490 3495//3495 3496//3496
f 3490//3490 3496//3496 3490//3490
f 3490//3490 3496//3496 3497//3497
f 3490//3490 3497//3497 3498//3498
f 3498//3498 3497//3497 3499//3499
f 3498//3498 3499//3499 3499//3499
f 3499//3499 3499//3499 3500//3500
f 3499//3499 3500//3500 3500//3500
f 3500//3500 3500//3500 3501//3501
f 3500//3500 3501//3501 3502//3502
f 3502//3502 3501//3501 3501//3501
f 3502//3502 3501//3501 3503//3503
f 3503//3503 3501//3501 3501//3501
f 3503//3503 3501//3501 3504//3504
f 3504//3504 3501//3501 3501//3501
f 3504//3504 3501//3501 3505//3505
f 3505//3505 3501//3501 3506//3506
f 3505//3505 3506//3506 3506//3506
f 3506//3506 3506//3506 194//194
f 3506//3506 194//194 194//194
f 194//194 194//194 207//207
f 194//194 207//207 193//193
f 193//193 207//207 211//211
f 193//193 211//211 192//192
f 192//192 211//211 219//219
f 192//192 219//219 191//191
f 191//191 219//219 221//221
f 191//191 221//221 221//221
f 221//221 221//221 3507//3507
f 221//221 3507//3507 3507//3507
f 3507//3507 3507//3507 3508//3508
f 3507//3507 3508//3508 3509//3509
f 3509//3509 3508//3508 3509//3509
f 3509//3509 3509//3509 3510//3510
f 3510//3510 3509//3509 3510//3510
f 3510//3510 3510//3510 3511//3511
f 3511//3511 3510//3510 3512//3512
f 3511//3511 3512//3512 3512//3512
f 3512//3512 3512//3512 3513//3513
f 3512//3512 3513//3513 3513//3513
f 3513//3513 3513//3513 3514//3514
f 3513//3513 3514//3514 3515//3515
f 3515//3515 3514//3514 3516//3516
f 3515//3515 3516//3516 3517//3517
f 3517//3517 3516//3516 3517//3517
f 3517//3517 3517//3517 3518//3518
f 3518//3518 3517//3517 3518//3518
f 3518//3518 3518//3518 3519//3519
f 3519//3519 3518//3518 3520//3520
f 3519//3519 3520//3520 3520//3520
f 3520//3520 3520//3520 3521//3521
f 3520//3520 3521//3521 3521//3521
f 3521//3521 3521//3521 3377//3377
f 3521//3521 3377//3377 3522//3522
f 3522//3522 3377//3377 3523//3523
f 3522//3522 3523//3523 3522//3522
f 3522//3522 3523//3523 3524//3524
f 3522//3522 3524//3524 3525//3525
f 3525//3525 3524//3524 3526//3526
f 3525//3525 3526//3526 3526//3526
f 3526//3526 3526//3526 3379//3379
f 3526//3526 3379//3379 3379//3379
f 3379//3379 3379//3379 3527//3527
f 3379//3379 3527//3527 3377//3377
f 3377//3377 3527//3527 3527//3527
f 3377//3377 3527//3527 3523//3523
f 3523//3523 3527//3527 3527//3527
f 3523//3523 3527//3527 3528//3528
f 3528//3528 3527//3527 3529//3529
f 3528//3528 3529//3529 3529//3529
f 3529//3529 3529//3529 3530//3530
f 3529//3529 3530//3530 3530//3530
f 3530//3530 3530//3530 3531//3531
f 3530//3530 3531//3531 3532//3532
f 3532//3532 3531//3531 3533//3533
f 3532//3532 3533//3533 3534//3534
f 3534//3534 3533//3533 3534//3534
f 3534//3534 3534//3534 3535//3535
f 3535//3535 3534//3534 3535//3535
f 3535//3535 3535//3535 3536//3536
f 3536//3536 3535//3535 3537//3537
f 3536//3536 3537//3537 3538//3538
f 3538//3538 3537//3537 3539//3539
f 3538//3538 3539//3539 3539//3539
f 3539//3539 3539//3539 3540//3540
f 3539//3539 3540//3540 3540//3540
f 3540//3540 3540//3540 3541//3541
f 3540//3540 3541//3541 3542//3542
f 3542//3542 3541//3541 3542//3542
f 3542//3542 3542//3542 3543//3543
f 3543//3543 3542//3542 3543//3543
f 3543//3543 3543//3543 3544//3544
f 3544//3544 3543//3543 3545//3545
f 3544//3544 3545//3545 3545//3545
f 3545//3545 3545//3545 3546//3546
f 3545//3545 3546//3546 3546//3546
f 3546//3546 3546//3546 3547//3547
f 3546//3546 3547//3547 3548//3548
f 3548//3548 3547//3547 3548//3548
f 3548//3548 3548//3548 3549//3549
f 3549//3549 3548//3548 3549//3549
f 3549//3549 3549//3549 3550//3550
f 3550//3550 3549//3549 3551//3551
f 3550//3550 3551//3551 3552//3552
f 3552//3552 3551//3551 3552//3552
f 3552//3552 3552//3552 3553//3553
f 3553//3553 3552//3552 3553//3553
f 3553//3553 3553//3553 3554//3554
f 3554//3554 3553//3553 3555//3555
f 3554//3554 3555//3555 3555//3555
f 3555//3555 3555//3555 3556//3556
f 3555//3555 3556//3556 3556//3556
f 3556//3556 3556//3556 3557//3557
f 3556//3556 3557//3557 3558//3558
f 3558//3558 3557//3557 3557//3557
f 3558//3558 3557//3557 3559//3559
f 3559//3559 3557//3557 3557//3557
f 3559//3559 3557//3557 3560//3560
f 3560//3560 3557//3557 3561//3561
f 3560//3560 3561//3561 3561//3561
f 3561//3561 3561//3561 3562//3562
f 3561//3561 3562//3562 3562//3562
f 3562//3562 3562//3562 3563//3563
f 3562//3562 3563//3563 3564//3564
f 3564//3564 3563//3563 3564//3564
f 3564//3564 3564//3564 3565//3565
f 3565//3565 3564//3564 3565//3565
f 3565//3565 3565//3565 3566//3566
f 3566//3566 3565//3565 3567//3567
f 3566//3566 3567//3567 3567//3567
f 3567//3567 3567//3567 3568//3568
f 3567//3567 3568//3568 3568//3568
f 3568//3568 3568//3568 3569//3569
f 3568//3568 3569//3569 3570//3570
f 3570//3570 3569//3569 3570//3570
f 3570//3570 3570//3570 3571//3571
f 3571//3571 3570//3570 3571//3571
f 3571//3571 3571//3571 3572//3572
f 3572//3572 3571//3571 3573//3573
f 3572//3572 3573//3573 3573//3573
f 3573//3573 3573//3573 3574//3574
f 3573//3573 3574//3574 3574//3574
f 3574//3574 3574//3574 3575//3575
f 3574//3574 3575//3575 3576//3576
f 3576//3576 3575//3575 3577//3577
f 3576//3576 3577//3577 3576//3576
f 3576//3576 3577//3577 3578//3578
f 3576//3576 3578//3578 3579//3579
f 3579//3579 3578//3578 3580//3580
f 3579//3579 3580//3580 3581//3581
f 3581//3581 3580//3580 3581//3581
f 3581//3581 3581//3581 3579//3579
f 3579//3579 3581//3581 3579//3579
f 3579//3579 3579//3579 3576//3576
f 3576//3576 3579//3579 3582//3582
f 3576//3576 3582//3582 3576//3576
f 3576//3576 3582//3582 3583//3583
f 3576//3576 3583//3583 3576//3576
f 3576//3576 3583//3583 3584//3584
f 3576//3576 3584//3584 3585//3585
f 3585//3585 3584//3584 3584//3584
f 3585//3585 3584//3584 3586//3586
f 3586//3586 3584//3584 3584//3584
f 3586//3586 3584//3584 3587//3587
f 3587//3587 3584//3584 3588//3588